source_dataset,relative_path,filename,extension,file_size,width,height,raw_class_name,is_augmented,sha256,phash,error
potato_bangladesh,Potato Leaf Disease Dataset/Healthy/aug_0_4489.jpg,aug_0_4489.jpg,.jpg,17763,224,224,Healthy,True,c618f071ee3592d85793d8c6bb6dc5c84c3fe5a2b2a176972b2b59615dce3a8a,dfac8962c29f141b,
potato_bangladesh,Potato Leaf Disease Dataset/Healthy/aug_0_4396.jpg,aug_0_4396.jpg,.jpg,17745,224,224,Healthy,True,13913af407c308b9642d6fc4b67e1a3621ee04d89bc2abb9175e623e949f634c,e4b00ed89f54e3b4,
potato_bangladesh,Potato Leaf Disease Dataset/Healthy/aug_0_7881.jpg,aug_0_7881.jpg,.jpg,16810,224,224,Healthy,True,328a059a6ecd52dd0d258d3658a78af4122a9002f3e5462330ffa55f9b440f34,f9fb8266ca2d0e03,
potato_bangladesh,Potato Leaf Disease Dataset/Healthy/aug_0_7794.jpg,aug_0_7794.jpg,.jpg,17309,224,224,Healthy,True,f1f37cc06edf5e9bdbcfcdfbc7d1239aed97181d24eca70d6b8cc7c617b1b9b1,df127b13215959ac,
potato_bangladesh,Potato Leaf Disease Dataset/Healthy/aug_0_4593.jpg,aug_0_4593.jpg,.jpg,15896,224,224,Healthy,True,abda4dc362aba098eeb684837c70e6298649479ee79859b358fb1c43b8985bd6,d74a5e9991324c79,
potato_bangladesh,Potato Leaf Disease Dataset/Healthy/aug_0_7133.jpg,aug_0_7133.jpg,.jpg,17759,224,224,Healthy,True,dce665a62f197032a88eca72887de4c5f08d04e6812254179af0d918e3a30480,d0add34ee594d612,
potato_bangladesh,Potato Leaf Disease Dataset/Healthy/aug_0_634.jpg,aug_0_634.jpg,.jpg,17895,224,224,Healthy,True,98a4810b3963c0ed663d7a81db8b48938d3b37a9fa2c331d3ce1abcb084df707,f2128e32135d7da6,
potato_bangladesh,Potato Leaf Disease Dataset/Healthy/aug_0_6835.jpg,aug_0_6835.jpg,.jpg,16327,224,224,Healthy,True,3661ff97800a30716aca806dce71668d89244aa6e17407bd1b4be5b659868e97,d0a6291e6769cccb,
potato_bangladesh,Potato Leaf Disease Dataset/Healthy/aug_0_8977.jpg,aug_0_8977.jpg,.jpg,17800,224,224,Healthy,True,5275033ceca06c1c0636e4fa7b31ea3ee5b01f5cc6008069b64c1db024a96b3d,c9b07e8bdd351168,
potato_bangladesh,Potato Leaf Disease Dataset/Healthy/aug_0_6033.jpg,aug_0_6033.jpg,.jpg,19501,224,224,Healthy,True,d0432ea3aefbfabd6785e8e70260067cfc6bd2701d5825bfc46c77535eec2fe5,8042ddee6746ceac,
potato_bangladesh,Potato Leaf Disease Dataset/Healthy/aug_0_5011.jpg,aug_0_5011.jpg,.jpg,16802,224,224,Healthy,True,5d774d339e386529237cad54331c7afaf68627e41d816652ebfbbbf3013d1bda,851f8d7fadc56220,
potato_bangladesh,Potato Leaf Disease Dataset/Healthy/aug_0_6676.jpg,aug_0_6676.jpg,.jpg,17574,224,224,Healthy,True,46871353aff4ef4f1d5440f7e585fb35ef223c914fd3a35e4c2a30e24e4154f0,afa164a776d6b300,
potato_bangladesh,Potato Leaf Disease Dataset/Healthy/aug_0_8866.jpg,aug_0_8866.jpg,.jpg,17136,224,224,Healthy,True,8bfaaf355ab8b91ff97225ab7a9e1f431ad9e798e9040d65741a6dcd517808b8,cb9346a58cafb11a,
potato_bangladesh,Potato Leaf Disease Dataset/Healthy/aug_0_6363.jpg,aug_0_6363.jpg,.jpg,17345,224,224,Healthy,True,09e94207d11827ad05716a3320c9da17cd293f4e7323349c1c5c62482575f7d8,8d29bc69a62574d6,
potato_bangladesh,Potato Leaf Disease Dataset/Healthy/aug_0_5512.jpg,aug_0_5512.jpg,.jpg,16046,224,224,Healthy,True,ac7e24d01efac453b7ad331813841b679437b8cb80d6357173e2a7d7bfa80bfd,dea01ce2cc71171f,
potato_bangladesh,Potato Leaf Disease Dataset/Healthy/aug_0_8780.jpg,aug_0_8780.jpg,.jpg,15398,224,224,Healthy,True,dcbc3cc7dd0fca338df3d64610b1ae2b2888059be97bb7394c603229b8945f91,d2b932483933d4d7,
potato_bangladesh,Potato Leaf Disease Dataset/Healthy/aug_0_6663.jpg,aug_0_6663.jpg,.jpg,18020,224,224,Healthy,True,081f5c903f0d72daf59852f94add47485c886dfe555ae14dd649d6346e407d48,965093a5a5651bf6,
potato_bangladesh,Potato Leaf Disease Dataset/Healthy/aug_0_391.jpg,aug_0_391.jpg,.jpg,17468,224,224,Healthy,True,58caab18a3513ce36968b7e578714ba0c0fd41a5994ad2c7b67ed62c41ea1eb9,daa7192bb2603cd6,
potato_bangladesh,Potato Leaf Disease Dataset/Healthy/aug_0_3017.jpg,aug_0_3017.jpg,.jpg,17227,224,224,Healthy,True,6069ce855330c01db326083900048cc3174790efa0c6d4235cb3da5e030da8f7,d4501bb2b2e46d5b,
potato_bangladesh,Potato Leaf Disease Dataset/Healthy/aug_0_2186.jpg,aug_0_2186.jpg,.jpg,16344,224,224,Healthy,True,7d8eea5b1931a5c9605d9e236a6fe801fed444d76add595598047b02240a61a8,dcd2a06c1cf4d9a3,
potato_bangladesh,Potato Leaf Disease Dataset/Healthy/aug_0_5536.jpg,aug_0_5536.jpg,.jpg,17325,224,224,Healthy,True,2ba5e070e3e17efd9a72faed5a9044f23a17d090bc36ce5627a2ba3035d39ea7,f1876698634c279b,
potato_bangladesh,Potato Leaf Disease Dataset/Healthy/aug_0_1162.jpg,aug_0_1162.jpg,.jpg,17385,224,224,Healthy,True,fe9c01f0ce2dcda479a12d147f9c00542e1b024c76c45c9031d132adf0fcab46,8ff02da28b99568d,
potato_bangladesh,Potato Leaf Disease Dataset/Healthy/aug_0_7830.jpg,aug_0_7830.jpg,.jpg,16043,224,224,Healthy,True,106ae5445c41893d6e2d16f7ece4c2f1def07a010f47fdc389af27c5464dc501,c5e8f1cd03637c91,
potato_bangladesh,Potato Leaf Disease Dataset/Healthy/aug_0_8822.jpg,aug_0_8822.jpg,.jpg,18361,224,224,Healthy,True,3ecf09ca71ec6b43bef52f3405a4b36c5bdfe2de7aec6e320c3feb8f62bde046,8be09595d06dbb92,
potato_bangladesh,Potato Leaf Disease Dataset/Healthy/aug_0_3756.jpg,aug_0_3756.jpg,.jpg,16348,224,224,Healthy,True,33241c1da75e00a48e2016d38c97272b82011da977cd8f0346eeb896de9d0e52,d4d8559b2262b99b,
potato_bangladesh,Potato Leaf Disease Dataset/Healthy/aug_0_7451.jpg,aug_0_7451.jpg,.jpg,17903,224,224,Healthy,True,3e0aa17e9c82012feaedcc2d544db7750e74d7624733f2a4a74c22998f4fe0c4,d85b51d3b22638d9,
potato_bangladesh,Potato Leaf Disease Dataset/Healthy/aug_0_9390.jpg,aug_0_9390.jpg,.jpg,16158,224,224,Healthy,True,58d7071c80db8010ced7321bea746e057cc1ac99ce9f5e4a1cd84f503f2dc2d3,ebb9f12d89581983,
potato_bangladesh,Potato Leaf Disease Dataset/Healthy/aug_0_2412.jpg,aug_0_2412.jpg,.jpg,15277,224,224,Healthy,True,e9b5eb78202bffd82a74d776120ce40bfe6973f2bc9ca328ab3c6ec8dae6a4e4,820366ec6d8be9ec,
potato_bangladesh,Potato Leaf Disease Dataset/Healthy/aug_0_2500.jpg,aug_0_2500.jpg,.jpg,17120,224,224,Healthy,True,03057d249f7eda5cd693f453e774bf289cdfb6b1008909ccda019f9320b86b16,e4dbebb78d829a00,
potato_bangladesh,Potato Leaf Disease Dataset/Healthy/aug_0_7645.jpg,aug_0_7645.jpg,.jpg,16851,224,224,Healthy,True,78b9d10d5bc4d87de62ef9af6b23c320e6dcab927ced77a060606fe4c3adba41,cf0948a9cd4a697d,
potato_bangladesh,Potato Leaf Disease Dataset/Healthy/aug_0_1022.jpg,aug_0_1022.jpg,.jpg,16369,224,224,Healthy,True,1973221c52f3fb5a4e052f9af1640c3fa26219ba348f844f7e35ca138fcbc6b1,8723662c03fb6acb,
potato_bangladesh,Potato Leaf Disease Dataset/Healthy/aug_0_1371.jpg,aug_0_1371.jpg,.jpg,17937,224,224,Healthy,True,d3d85dcdcf8945af2d588f35ea3800590d4d7bc508c2c240035107c85ba44908,88ef81373c4b6d13,
potato_bangladesh,Potato Leaf Disease Dataset/Healthy/aug_0_9547.jpg,aug_0_9547.jpg,.jpg,16979,224,224,Healthy,True,89f6c760f4a6da0e475011663ac85ef5f9eb6a2c475f4ed67ad9c1cd1575c715,aff62c09764981d9,
potato_bangladesh,Potato Leaf Disease Dataset/Healthy/aug_0_9863.jpg,aug_0_9863.jpg,.jpg,17816,224,224,Healthy,True,9421ea13600e18980f0aad52978069df5982a0f4ed119c4f7814421ad61f4005,b2c93ceddb140749,
potato_bangladesh,Potato Leaf Disease Dataset/Healthy/aug_0_6173.jpg,aug_0_6173.jpg,.jpg,16617,224,224,Healthy,True,528d1c7e18b4d7ac3861187e0590e2c3b9729d58a0ad0c4cc973a51fe4122000,fdc133b14ed2612a,
potato_bangladesh,Potato Leaf Disease Dataset/Healthy/aug_0_1826.jpg,aug_0_1826.jpg,.jpg,15462,224,224,Healthy,True,758c0817c9921783eabdd337832bd8b139573de40136d2522094a87e02458ad3,dcdd60116f02bcba,
potato_bangladesh,Potato Leaf Disease Dataset/Healthy/aug_0_7109.jpg,aug_0_7109.jpg,.jpg,17954,224,224,Healthy,True,22cdab1518ea81e4570e06f0cf383ba25478858182e6b502de03ad5028f0c03c,e29b23b9433178e6,
potato_bangladesh,Potato Leaf Disease Dataset/Healthy/aug_0_3177.jpg,aug_0_3177.jpg,.jpg,16601,224,224,Healthy,True,c2ac13e72e93fae4983269fe1a2ec04caba30dbabd1afdcb9fc6e24347a9903c,fea37454255d88c5,
potato_bangladesh,Potato Leaf Disease Dataset/Healthy/aug_0_7353.jpg,aug_0_7353.jpg,.jpg,17506,224,224,Healthy,True,b4f6ab4f9b9449f2011ece1a1ddd18bd84b39f517adca09652a429d647002664,bde6939153c422f1,
potato_bangladesh,Potato Leaf Disease Dataset/Healthy/aug_0_1237.jpg,aug_0_1237.jpg,.jpg,19178,224,224,Healthy,True,b572ae3d830038c61f33ffeab937efb7460e85dc18f9ab30b3be677ad6a6e01f,8d1f9141bda96d64,
potato_bangladesh,Potato Leaf Disease Dataset/Healthy/aug_0_4904.jpg,aug_0_4904.jpg,.jpg,17751,224,224,Healthy,True,fd16246712921b8760530da59ee77d368d26e0c3cf350fa9d0605b666680100f,a5ba00db98cbb752,
potato_bangladesh,Potato Leaf Disease Dataset/Healthy/aug_0_3259.jpg,aug_0_3259.jpg,.jpg,19211,224,224,Healthy,True,fc398805861a1051d0fd385a81abc6c51d7889deb190ce9ae4720bd967bf2a4c,af4f1f30186ac88f,
potato_bangladesh,Potato Leaf Disease Dataset/Healthy/aug_0_1053.jpg,aug_0_1053.jpg,.jpg,17540,224,224,Healthy,True,1a598d02c6036515417aef75fefdc23f16c2f3a3bd3be5602f5513aca19e3110,ae48ca6c6b9bb823,
potato_bangladesh,Potato Leaf Disease Dataset/Healthy/aug_0_407.jpg,aug_0_407.jpg,.jpg,17836,224,224,Healthy,True,07bab5f97ff9c38e79bfbacfe520412b19c9ff68eecc22e345f4422f3e90b787,f10186b3dbc35a5c,
potato_bangladesh,Potato Leaf Disease Dataset/Healthy/aug_0_9532.jpg,aug_0_9532.jpg,.jpg,16054,224,224,Healthy,True,0e5f42eed6dec786f4e9652145f70b46c0660c5eb8a4d46236579ee9b052d20f,fc5c92e1c138a6f2,
potato_bangladesh,Potato Leaf Disease Dataset/Healthy/orig_7.jpg,orig_7.jpg,.jpg,21903,224,224,Healthy,False,2fed258c8002dbd1bde479892593806f6afeaa1d222c5e93e8fc306f45447d5c,b84e5c34d4317fd0,
potato_bangladesh,Potato Leaf Disease Dataset/Healthy/aug_0_54.jpg,aug_0_54.jpg,.jpg,18448,224,224,Healthy,True,1f9972f612c17bd5ff47179ae19498fc3fc61b20e6b7d7dda0a589787ddcffe0,98eff6843798096c,
potato_bangladesh,Potato Leaf Disease Dataset/Healthy/orig_2.jpg,orig_2.jpg,.jpg,20836,224,224,Healthy,False,b275bbad5e39cf87852625c87080cd71ebe7b550bc15f18dc7caac210f87e447,f925861c06c5eead,
potato_bangladesh,Potato Leaf Disease Dataset/Healthy/aug_0_9396.jpg,aug_0_9396.jpg,.jpg,16941,224,224,Healthy,True,e16058a6259bd22ebb2465f4b1c30ff3f0218174a139be00702d1337d07d05a1,dcb1d14bc0df270c,
potato_bangladesh,Potato Leaf Disease Dataset/Healthy/aug_0_6390.jpg,aug_0_6390.jpg,.jpg,17697,224,224,Healthy,True,9cdc89a09d3b063d8563fa59707dbf37c8e824941f4668085ce2245887fdf525,fc4692b1d0c09daf,
potato_bangladesh,Potato Leaf Disease Dataset/Healthy/aug_0_1161.jpg,aug_0_1161.jpg,.jpg,17246,224,224,Healthy,True,97e764f1864a510397c8415a91dead32b6a30af411464d672c32671c730f042f,f588774d132a3cd1,
potato_bangladesh,Potato Leaf Disease Dataset/Healthy/aug_0_6693.jpg,aug_0_6693.jpg,.jpg,16610,224,224,Healthy,True,d3da97dc0db8824326e47205a73706bd483f30cafe2b4011e7abc9a42cea4d6c,d3ac3cc21e0d76a9,
potato_bangladesh,Potato Leaf Disease Dataset/Healthy/aug_0_228.jpg,aug_0_228.jpg,.jpg,16779,224,224,Healthy,True,da3df4cb70580c83637981d9baa89a18b80bbb4809ec65a1d83d7ccb13604bc4,b85c7f358c9f8288,
potato_bangladesh,Potato Leaf Disease Dataset/Healthy/aug_0_8165.jpg,aug_0_8165.jpg,.jpg,15700,224,224,Healthy,True,7ee73422c0af0a49b04f5093fec40f1ae5a33a66d2b0eaf54a54003c62931c75,8806945ec37972fd,
potato_bangladesh,Potato Leaf Disease Dataset/Healthy/aug_0_1513.jpg,aug_0_1513.jpg,.jpg,16022,224,224,Healthy,True,84f11027766229dac3f52ee5968a59fbfcb434b6d82b78172abc649532ef03ca,c9451f9bb9634e18,
potato_bangladesh,Potato Leaf Disease Dataset/Healthy/aug_0_2039.jpg,aug_0_2039.jpg,.jpg,16476,224,224,Healthy,True,6bf9449c52a75d768ff98dffc8e9d3ee3593df05a0c343a3fcea00fffbd67f97,fd5896c39911d265,
potato_bangladesh,Potato Leaf Disease Dataset/Healthy/aug_0_7686.jpg,aug_0_7686.jpg,.jpg,18793,224,224,Healthy,True,7e95a6351205734de92b8412fbf3e34575d2abde603335364c159b1ab78af69d,98b354cf60ce9f11,
potato_bangladesh,Potato Leaf Disease Dataset/Healthy/aug_0_7282.jpg,aug_0_7282.jpg,.jpg,16692,224,224,Healthy,True,f58e9195ba8d3fb1f1e4c84cd718541b39ef47f1821399a97a958f710e7d34a2,ac7ac04dcf152375,
potato_bangladesh,Potato Leaf Disease Dataset/Healthy/aug_0_7626.jpg,aug_0_7626.jpg,.jpg,17264,224,224,Healthy,True,9d7f60dff3225f0db338fe6c353f8172422f67e6f000d88b9dd9ed900ce204a8,d6ace3789393ac09,
potato_bangladesh,Potato Leaf Disease Dataset/Healthy/aug_0_6271.jpg,aug_0_6271.jpg,.jpg,15706,224,224,Healthy,True,df0215a06d60f037f3b5e7b9f0990ca70473dfa5c09956e798fc83c4957e90f6,e7b5d87132bc3412,
potato_bangladesh,Potato Leaf Disease Dataset/Healthy/aug_0_436.jpg,aug_0_436.jpg,.jpg,19444,224,224,Healthy,True,50adde58bc98cccfbc25b9b421686a8df8ad2bb434bf0a34916dbb2763af4153,fa5a4975cd658219,
potato_bangladesh,Potato Leaf Disease Dataset/Healthy/aug_0_4548.jpg,aug_0_4548.jpg,.jpg,17555,224,224,Healthy,True,ddd4b5fe30abf88ee66c91d5b5e612118b6507fad6a26603be451153db589a8d,b53432129d6cd771,
potato_bangladesh,Potato Leaf Disease Dataset/Healthy/aug_0_5362.jpg,aug_0_5362.jpg,.jpg,16274,224,224,Healthy,True,ebfd41f196d091a5193f5ddb480ed11857e4012ee1ce05041d61dc5190aa2fd8,e9e1e40d970a53cb,
potato_bangladesh,Potato Leaf Disease Dataset/Healthy/aug_0_8048.jpg,aug_0_8048.jpg,.jpg,19117,224,224,Healthy,True,7a2f612a41fbefbbf6e4cc1806048a13ade9a019fa05c21b4524631e97d143b5,b0ab9ec8be62112f,
potato_bangladesh,Potato Leaf Disease Dataset/Healthy/aug_0_4150.jpg,aug_0_4150.jpg,.jpg,18383,224,224,Healthy,True,583efb81a195dd6c7260dfc728720f14349c295d4c54071a8ef62a6cc47356df,eb84cd8d12b4e4ab,
potato_bangladesh,Potato Leaf Disease Dataset/Healthy/aug_0_7060.jpg,aug_0_7060.jpg,.jpg,19059,224,224,Healthy,True,f74b0384c3a74f076b94ae2a99955cf8418a8e2437ca86aff11506b538cc24e4,a5bec89a66f32a44,
potato_bangladesh,Potato Leaf Disease Dataset/Healthy/aug_0_6432.jpg,aug_0_6432.jpg,.jpg,17829,224,224,Healthy,True,bd970db6189af61d1bba5687d6fb657d51f90d2bc4efdf089917eb068ae18e2a,9ccea58a3e98456d,
potato_bangladesh,Potato Leaf Disease Dataset/Healthy/aug_0_9228.jpg,aug_0_9228.jpg,.jpg,17813,224,224,Healthy,True,8ddbcb9c10cc2ce32c6fe22d26e0743f621eb74ca32885e5322175198e21c55b,9c1883c3d1bae36b,
potato_bangladesh,Potato Leaf Disease Dataset/Healthy/aug_0_9415.jpg,aug_0_9415.jpg,.jpg,17473,224,224,Healthy,True,0d30e9b23d9670a59a7777b275db4788f3bc02382249fe71a784e3aba28f1302,fcba9a009b8163ed,
potato_bangladesh,Potato Leaf Disease Dataset/Healthy/aug_0_8417.jpg,aug_0_8417.jpg,.jpg,16978,224,224,Healthy,True,393e1d5b1e5e0bc0c92f900e21c6e3eff4242ac29a950183bc121eaaefb0ed49,95ee1658e5b4b21a,
potato_bangladesh,Potato Leaf Disease Dataset/Healthy/aug_0_4333.jpg,aug_0_4333.jpg,.jpg,18157,224,224,Healthy,True,b0736428634bb7f530d41f1ed1d0b95ee8ab8bab8be2377c416142bf8f7a2b08,cefa8414586c5797,
potato_bangladesh,Potato Leaf Disease Dataset/Healthy/aug_0_7865.jpg,aug_0_7865.jpg,.jpg,16427,224,224,Healthy,True,b3907396a820b91b7433f17322b041439fb26de393541578aa1f00d78b50903c,ffe4317241c74615,
potato_bangladesh,Potato Leaf Disease Dataset/Healthy/aug_0_5215.jpg,aug_0_5215.jpg,.jpg,17093,224,224,Healthy,True,75bf16b267ee3eb7d8a3c8895ca3d39a44fab6e16cd1fc1f7ab025c001e7205d,dae5104eb31926f3,
potato_bangladesh,Potato Leaf Disease Dataset/Healthy/aug_0_3129.jpg,aug_0_3129.jpg,.jpg,16892,224,224,Healthy,True,bed73fd2fd99132d767b8edda0657735a099cf6376b483d5cff2592d04fec1a4,bc61f6e44e96a416,
potato_bangladesh,Potato Leaf Disease Dataset/Healthy/aug_0_3464.jpg,aug_0_3464.jpg,.jpg,16942,224,224,Healthy,True,cf65b42d0b3bee86f5237f02fa7b2ca82689de04cdc65ec5904e0cbbb595549d,9ac195bd96656b90,
potato_bangladesh,Potato Leaf Disease Dataset/Healthy/aug_0_9283.jpg,aug_0_9283.jpg,.jpg,17618,224,224,Healthy,True,846eef047435716fdc5e506130f36d2e584c279f63af5a41a1c4d2ec60228c22,8ba01cfbcc7d7302,
potato_bangladesh,Potato Leaf Disease Dataset/Healthy/aug_0_9623.jpg,aug_0_9623.jpg,.jpg,15470,224,224,Healthy,True,f2e31740dc5ba9417a9cae106c41b189d263e44d1b7425217feb7d2c834d6fa9,d64677304929d6ab,
potato_bangladesh,Potato Leaf Disease Dataset/Healthy/aug_0_4472.jpg,aug_0_4472.jpg,.jpg,14929,224,224,Healthy,True,24c294d94c1e5a7f8df9041be29ee472d0eaabbbb67eb20dad6eed5d7273536c,98e30ea773589c95,
potato_bangladesh,Potato Leaf Disease Dataset/Healthy/aug_0_3427.jpg,aug_0_3427.jpg,.jpg,18144,224,224,Healthy,True,63b9278e04899457795fe6d36de4db5e02d0012d9d9244ca97fb6740b99e7042,f01f54194d65b3e2,
potato_bangladesh,Potato Leaf Disease Dataset/Healthy/aug_0_2606.jpg,aug_0_2606.jpg,.jpg,16362,224,224,Healthy,True,73b69c55b09853848826fbe864f350185a26e707cd716889d291403aeda01976,a875e64c9684177b,
potato_bangladesh,Potato Leaf Disease Dataset/Healthy/aug_0_5779.jpg,aug_0_5779.jpg,.jpg,16317,224,224,Healthy,True,0f5321a278f3f7909b0385eeb86ed4f444ffeb005bdc6dae4de1a27cfe3b2ebe,d66fd1f0c03ca6a1,
potato_bangladesh,Potato Leaf Disease Dataset/Healthy/aug_0_9631.jpg,aug_0_9631.jpg,.jpg,17733,224,224,Healthy,True,3429420126abb04cee807ad3c671f36dd5ad26c30c28df2a3a7cdb58487f8357,a13788b73493dae4,
potato_bangladesh,Potato Leaf Disease Dataset/Healthy/aug_0_9046.jpg,aug_0_9046.jpg,.jpg,17803,224,224,Healthy,True,e962bc4f645db7b2868eddeef5dd2d4257fcf8de0ae4fe8b59296128db702685,8486d8bb631f5d13,
potato_bangladesh,Potato Leaf Disease Dataset/Healthy/aug_0_7117.jpg,aug_0_7117.jpg,.jpg,16659,224,224,Healthy,True,671d6cad0c871e8354746d6e04ccf846b26f0d0ef3b942104b3177f7be254fdb,faae8c3b9604bca1,
potato_bangladesh,Potato Leaf Disease Dataset/Healthy/aug_0_712.jpg,aug_0_712.jpg,.jpg,17408,224,224,Healthy,True,53dfd079116a9ba7a8c7f30480ee040c6382392d6784c110e25d8f164b890948,d18adb584c3ce6a3,
potato_bangladesh,Potato Leaf Disease Dataset/Healthy/aug_0_7763.jpg,aug_0_7763.jpg,.jpg,18899,224,224,Healthy,True,f1a6d625b0168b6a755d9637ad0ac4f56e789eb94ee966e7f895d4680557b59c,b03f20dd8ec638b9,
potato_bangladesh,Potato Leaf Disease Dataset/Healthy/aug_0_2070.jpg,aug_0_2070.jpg,.jpg,17195,224,224,Healthy,True,223f9bc39a19e107eae87293633fedcfe2f7a85ac498dfb53bacc4cef2ac527e,fb0cad399ef91012,
potato_bangladesh,Potato Leaf Disease Dataset/Healthy/aug_0_347.jpg,aug_0_347.jpg,.jpg,16694,224,224,Healthy,True,9f15c33dbbda7aa914507e6646c4c6c4e5e48ba00ccfb0f992b72f82aa6d28f3,8747eda9967182d2,
potato_bangladesh,Potato Leaf Disease Dataset/Healthy/aug_0_8274.jpg,aug_0_8274.jpg,.jpg,17652,224,224,Healthy,True,191ccc3d530ffa1c516debe9f8185a1c8e0aa9c023465659700c2c30a75856c1,a7f424cf9a084dad,
potato_bangladesh,Potato Leaf Disease Dataset/Healthy/aug_0_8818.jpg,aug_0_8818.jpg,.jpg,15413,224,224,Healthy,True,ce08295a6660c31dc98a4e202655b1d62e273f0f83171f6c545bf21b1f673e13,d290d94fc0d3a756,
potato_bangladesh,Potato Leaf Disease Dataset/Healthy/aug_0_6824.jpg,aug_0_6824.jpg,.jpg,17150,224,224,Healthy,True,af0e4bcfdc9e69c6ee3d51f897a9938e3e6b6b63a2f9739c9a77bcec3df1e776,c616773263893c67,
potato_bangladesh,Potato Leaf Disease Dataset/Healthy/aug_0_214.jpg,aug_0_214.jpg,.jpg,16717,224,224,Healthy,True,5dec425ebbb0af4ccc90e9ab687635b302fb34926cfa00e6e3d4798f46890a93,a6f964926970a3d6,
potato_bangladesh,Potato Leaf Disease Dataset/Healthy/aug_0_679.jpg,aug_0_679.jpg,.jpg,17863,224,224,Healthy,True,dc2d57bb3fc35571a0534a291ccde94ac91ec4f6c62a0df349e2be130b4afc44,8daee2dd618c5538,
potato_bangladesh,Potato Leaf Disease Dataset/Healthy/aug_0_2390.jpg,aug_0_2390.jpg,.jpg,17757,224,224,Healthy,True,160238887a49a3dee6f042f6048b4c44d9433ab05c9b00e1f5eb8a4f135b6346,e122a766d6907b99,
potato_bangladesh,Potato Leaf Disease Dataset/Healthy/aug_0_5731.jpg,aug_0_5731.jpg,.jpg,16160,224,224,Healthy,True,465128de8839d60db27f890fc9c89190e1dd67c4e7a312c4267a6b7867f02093,dba018e3af283ec3,
potato_bangladesh,Potato Leaf Disease Dataset/Healthy/aug_0_6689.jpg,aug_0_6689.jpg,.jpg,17620,224,224,Healthy,True,0879ba620f51e48f697aad28ca587a4c10856852d7a065ebe5eae0f16a4a876f,cfa1394faa6322d4,
potato_bangladesh,Potato Leaf Disease Dataset/Healthy/aug_0_8071.jpg,aug_0_8071.jpg,.jpg,16708,224,224,Healthy,True,97b4cb7656f5d9fd9836372246026f825605ce461927b2d082ae88e5da77a593,ed89349c623ec7b0,
potato_bangladesh,Potato Leaf Disease Dataset/Healthy/aug_0_5989.jpg,aug_0_5989.jpg,.jpg,16136,224,224,Healthy,True,9f9ac6501070e8ca12f9be4df416557292e9faf3c79adbfc4097a8024332b633,dd5d3ea78124411f,
potato_bangladesh,Potato Leaf Disease Dataset/Healthy/aug_0_1051.jpg,aug_0_1051.jpg,.jpg,16660,224,224,Healthy,True,06ce4bfd8ffb74dc12007861b668451fbd82196a636956179dbda07315e055a6,cee05bea7093156a,
potato_bangladesh,Potato Leaf Disease Dataset/Healthy/aug_0_6003.jpg,aug_0_6003.jpg,.jpg,16452,224,224,Healthy,True,42edddeb0402bdd4aead599296bd1decd12a43bfc1dc5606730df93043460b2e,d3531fcd15e48139,
potato_bangladesh,Potato Leaf Disease Dataset/Healthy/aug_0_5986.jpg,aug_0_5986.jpg,.jpg,16807,224,224,Healthy,True,bee3e69cf210fe6ae1160257d302b9c740977e051da8ab103c19334965561879,ca46266ef49dce18,
potato_bangladesh,Potato Leaf Disease Dataset/Healthy/aug_0_2901.jpg,aug_0_2901.jpg,.jpg,16169,224,224,Healthy,True,993a5c812f44419152b509220f731c17e2bd0d8869e22f074cb13990a4e6c5b4,a7a6c0fa9989275c,
potato_bangladesh,Potato Leaf Disease Dataset/Healthy/aug_0_4815.jpg,aug_0_4815.jpg,.jpg,17445,224,224,Healthy,True,acb5f0f49421bc4b21a06ea52455310c6da2a5f0e402d37e4f9afb0566bf6a9b,8e1d24aa5f727515,
potato_bangladesh,Potato Leaf Disease Dataset/Healthy/aug_0_8931.jpg,aug_0_8931.jpg,.jpg,16064,224,224,Healthy,True,dc10d008ccb3cf3e9a02768f13d6c461330b5c88b1a5005ce7de2c64d73c21c9,89f60e58a1dfc1f0,
potato_bangladesh,Potato Leaf Disease Dataset/Healthy/aug_0_7685.jpg,aug_0_7685.jpg,.jpg,17029,224,224,Healthy,True,814744385a2d713952f729f03264ca39387d14e8c7ecdc2bdfe6f110c7e1d5eb,d8a334ab3335178d,
potato_bangladesh,Potato Leaf Disease Dataset/Healthy/aug_0_390.jpg,aug_0_390.jpg,.jpg,16829,224,224,Healthy,True,cf8e7f56724b35302b714fcaba4995c4c8ac88918f0ae3fee08c00c02df062dc,8f0c0dc44cf739bc,
potato_bangladesh,Potato Leaf Disease Dataset/Healthy/aug_0_3109.jpg,aug_0_3109.jpg,.jpg,15698,224,224,Healthy,True,fe7ff1bba831f6e4e799e3d44b54ea5aae8c4d050a7bf8bf8f4f1a864a1e29cc,c8964563dccea783,
potato_bangladesh,Potato Leaf Disease Dataset/Healthy/aug_0_3032.jpg,aug_0_3032.jpg,.jpg,18832,224,224,Healthy,True,974bab4b9153a1b3f67ccea52c9433696f20e910ba59981a3485d281d4902104,d332347c0de2a4cf,
potato_bangladesh,Potato Leaf Disease Dataset/Healthy/aug_0_9831.jpg,aug_0_9831.jpg,.jpg,17650,224,224,Healthy,True,7ad257e69eac5e8f7a387869ff1aafbf3312fd8a4ba16f57f15965c67f71040a,f7168f301c598367,
potato_bangladesh,Potato Leaf Disease Dataset/Healthy/aug_0_4514.jpg,aug_0_4514.jpg,.jpg,18950,224,224,Healthy,True,9c5c045ec385c842de544ee07b440aedc9aa3662930125bd1267721ec5710748,a7f224efd0b34c88,
potato_bangladesh,Potato Leaf Disease Dataset/Healthy/aug_0_6187.jpg,aug_0_6187.jpg,.jpg,15830,224,224,Healthy,True,63067fe2f5513f3ef645c63d62cfc2afa815ddec09f1261c9d65ec0d4bf1960b,ddb3915dc03c08f9,
potato_bangladesh,Potato Leaf Disease Dataset/Healthy/aug_0_1276.jpg,aug_0_1276.jpg,.jpg,16961,224,224,Healthy,True,6a2996257760f364e44c04f3795ace76639eaf518bbd88426fa525bbdf862d88,f9135934384e8f2b,
potato_bangladesh,Potato Leaf Disease Dataset/Healthy/aug_0_6711.jpg,aug_0_6711.jpg,.jpg,16293,224,224,Healthy,True,72492e0f824fa794055b621651472055ac925e9e6ecc4b0e2547dcb66f69e0a2,92cd3cb917e28987,
potato_bangladesh,Potato Leaf Disease Dataset/Healthy/orig_15.jpg,orig_15.jpg,.jpg,21050,224,224,Healthy,False,b4b774205b5bd072efc2b0eed3e54f7dd9211ef52532e70e10f243dc1573bd80,87452e6c995276d3,
potato_bangladesh,Potato Leaf Disease Dataset/Healthy/aug_0_6880.jpg,aug_0_6880.jpg,.jpg,17245,224,224,Healthy,True,e0f73a080b33fc617c2161119578efa9d3e21332ee0e29656d84b7abdb8caea1,af316637369a3948,
potato_bangladesh,Potato Leaf Disease Dataset/Healthy/aug_0_6100.jpg,aug_0_6100.jpg,.jpg,16562,224,224,Healthy,True,62d42cce412f0a94c2478b6dc31bca47782663c3502c6e4617bfe2faad04fa37,83dda7f983c60926,
potato_bangladesh,Potato Leaf Disease Dataset/Healthy/aug_0_3967.jpg,aug_0_3967.jpg,.jpg,15398,224,224,Healthy,True,19efda655e48abf7e349b75391d8eea06b07f2a8e13a84f4b14a13614e6d6d00,bc5ab9a312d233a3,
potato_bangladesh,Potato Leaf Disease Dataset/Healthy/aug_0_802.jpg,aug_0_802.jpg,.jpg,14994,224,224,Healthy,True,56c9e06ed5463b833338791f61c4aec74776fb6f242ccb991078ddfda4e9d4ca,fe26b0923f045e4e,
potato_bangladesh,Potato Leaf Disease Dataset/Healthy/aug_0_6817.jpg,aug_0_6817.jpg,.jpg,16487,224,224,Healthy,True,f5d757ac90919c4140ff2f4edc5d76f4c751fd4079f980a7f8f6d93ea69291ff,d489a58e3f696343,
potato_bangladesh,Potato Leaf Disease Dataset/Healthy/aug_0_7595.jpg,aug_0_7595.jpg,.jpg,16004,224,224,Healthy,True,2ec5c21461c095ea553c945f60210539c050229cd21418436cca973f407b0b1b,b537338d2c1c3273,
potato_bangladesh,Potato Leaf Disease Dataset/Healthy/aug_0_1372.jpg,aug_0_1372.jpg,.jpg,17426,224,224,Healthy,True,7d2dbda50af4050a417d8a3504ad4366be260ba3c6773908d0d66ce0021cc236,924acc31dcd0773b,
potato_bangladesh,Potato Leaf Disease Dataset/Healthy/aug_0_8423.jpg,aug_0_8423.jpg,.jpg,17121,224,224,Healthy,True,2d81e2acb433b5e623abb7dbd5dcdd83649c890047bde9ec968c2edf12c9d9eb,82fecd1bbd1b1412,
potato_bangladesh,Potato Leaf Disease Dataset/Healthy/aug_0_7708.jpg,aug_0_7708.jpg,.jpg,17482,224,224,Healthy,True,26721b5df4316eb4e2296e5f7dfb4b6ca8441d7bff148e0a255a246e432a3359,daa95d9ae104ce0f,
potato_bangladesh,Potato Leaf Disease Dataset/Healthy/aug_0_5497.jpg,aug_0_5497.jpg,.jpg,16365,224,224,Healthy,True,704893129ec37bf7258e36ec1d79109fcf1778fb0bf92bf341b40dff85ad5548,d348f82384732fb3,
potato_bangladesh,Potato Leaf Disease Dataset/Healthy/aug_0_8742.jpg,aug_0_8742.jpg,.jpg,15755,224,224,Healthy,True,2737f8eb9c250286b35453263d410193961031c2f8d0b1367dcad58342c240f5,b79db360e201ac4f,
potato_bangladesh,Potato Leaf Disease Dataset/Healthy/aug_0_3216.jpg,aug_0_3216.jpg,.jpg,17098,224,224,Healthy,True,7a5b8b1e650bb45a3135d765ebe0370d60f472c1cefa3c9d2af528956840063b,8757dc728d938199,
potato_bangladesh,Potato Leaf Disease Dataset/Healthy/aug_0_8603.jpg,aug_0_8603.jpg,.jpg,16104,224,224,Healthy,True,e8048315eb39aa14be3bd1fb2c8a4e1f9feee08509461d65cd60c4ec772ff2d9,f92ce3c2665fd082,
potato_bangladesh,Potato Leaf Disease Dataset/Healthy/aug_0_8865.jpg,aug_0_8865.jpg,.jpg,17202,224,224,Healthy,True,78f4abe82eff7db2011e47588ad139d78bca5e94d4f9d4efb2c07a1f38233b13,9e5e5ad0b2e4299a,
potato_bangladesh,Potato Leaf Disease Dataset/Healthy/aug_0_4007.jpg,aug_0_4007.jpg,.jpg,16978,224,224,Healthy,True,5a2cf37ca8bb0aad8d18ff96cd116ea6956aa06ece8a7d9b15571b5251aa2721,8afe60926d2b969c,
potato_bangladesh,Potato Leaf Disease Dataset/Healthy/aug_0_2384.jpg,aug_0_2384.jpg,.jpg,18461,224,224,Healthy,True,4aaceeaf3b73e528bf1f10ee60e6ce9cf1387eb8253ec019c36a6bc3c574a870,d9f255631d32e684,
potato_bangladesh,Potato Leaf Disease Dataset/Healthy/aug_0_5519.jpg,aug_0_5519.jpg,.jpg,18303,224,224,Healthy,True,fac2683c7ef4dd926d7493b483c20e1373712cfbb35b21ed8f800959612f1be1,9b40357b7231c766,
potato_bangladesh,Potato Leaf Disease Dataset/Healthy/aug_0_5431.jpg,aug_0_5431.jpg,.jpg,16987,224,224,Healthy,True,f350e46d7196dcbae6906216f796245fbe2cb7d300d9d03d5759b3c9bf9f3db9,e4b20cf19f98c758,
potato_bangladesh,Potato Leaf Disease Dataset/Healthy/aug_0_3670.jpg,aug_0_3670.jpg,.jpg,16579,224,224,Healthy,True,92b9d93c40a0f6d759d57a2c0e1d8bb1ea4b5524f4e086e7d8897658f8e9d483,e1f43d633a04cee4,
potato_bangladesh,Potato Leaf Disease Dataset/Healthy/aug_0_8728.jpg,aug_0_8728.jpg,.jpg,16527,224,224,Healthy,True,c936c92d33decacd9a59b74bc319f69cd3c00d69e77a6974922906ca2bcf2895,b53636129d3c1e99,
potato_bangladesh,Potato Leaf Disease Dataset/Healthy/aug_0_7187.jpg,aug_0_7187.jpg,.jpg,16474,224,224,Healthy,True,6230385f59202a59f8ddeae9a87713e2c7a21cb9469ffe4ff6f07b4b826c61a9,9d131fca05e8a6ba,
potato_bangladesh,Potato Leaf Disease Dataset/Healthy/aug_0_6701.jpg,aug_0_6701.jpg,.jpg,15772,224,224,Healthy,True,5520f1e1decb28a7c5ea58097884b0154c994787d3bdeab0270eaad9b8d3c6cb,d266d4c09ea2daf1,
potato_bangladesh,Potato Leaf Disease Dataset/Healthy/aug_0_958.jpg,aug_0_958.jpg,.jpg,17542,224,224,Healthy,True,6e77c9631d80c513b1462b7baae11db4f5cb8bdb2d4c3484966834f8cebfea80,8385b4394df90eb5,
potato_bangladesh,Potato Leaf Disease Dataset/Healthy/aug_0_758.jpg,aug_0_758.jpg,.jpg,16952,224,224,Healthy,True,d684c4d6070a5a79d56352512ba0cf02528b86ce4c2846fc2b14f1a54ed36f78,8554861bb4e97dac,
potato_bangladesh,Potato Leaf Disease Dataset/Healthy/aug_0_9374.jpg,aug_0_9374.jpg,.jpg,17605,224,224,Healthy,True,02aaa7dfffb394798f29c462364dac2963f47f1266de4e0c48e38d5dbbf8efcf,f5a663360aced81a,
potato_bangladesh,Potato Leaf Disease Dataset/Healthy/aug_0_9176.jpg,aug_0_9176.jpg,.jpg,18008,224,224,Healthy,True,bbd28382663bd90a2e50c5fb3e219bf8204fc6d50c82a50fc42108bcda5a52fe,e5896ee425cd4897,
potato_bangladesh,Potato Leaf Disease Dataset/Healthy/aug_0_2123.jpg,aug_0_2123.jpg,.jpg,17022,224,224,Healthy,True,761b72c213fbdeadf8b0ea5d449f606543c0ff5763ad81059682a4b2fdf3f469,f008b3d9cf3a4e52,
potato_bangladesh,Potato Leaf Disease Dataset/Healthy/aug_0_4678.jpg,aug_0_4678.jpg,.jpg,16230,224,224,Healthy,True,483e25648f8907073fa79b7aba403a7164e650a9afdf1c83c436c19911d12d2e,c19d66b1d18c13b7,
potato_bangladesh,Potato Leaf Disease Dataset/Healthy/aug_0_9861.jpg,aug_0_9861.jpg,.jpg,16295,224,224,Healthy,True,0841aeaeb6e5518e696806c77988b30bebf48039dc041b62c5895aea1fb4666b,9fe2315ec6546117,
potato_bangladesh,Potato Leaf Disease Dataset/Healthy/orig_6.jpg,orig_6.jpg,.jpg,21320,224,224,Healthy,False,5432c89137b654f7d34f19071485a178bf4c3dd06f20a44e70ab8778d55c588d,f061b363caa879c9,
potato_bangladesh,Potato Leaf Disease Dataset/Healthy/aug_0_3537.jpg,aug_0_3537.jpg,.jpg,17017,224,224,Healthy,True,8c0c41ad70794c53020503a06a5450e9e7d26dabe1d0efde88bba23a9ccea745,dc8037fba75aa045,
potato_bangladesh,Potato Leaf Disease Dataset/Healthy/aug_0_6004.jpg,aug_0_6004.jpg,.jpg,17475,224,224,Healthy,True,a47a7e9c1b03fd474eb3862e7ee6fb86f331a4a89b3ee0e8ff81058c1c0c8c94,e69d403ca4e1bc1f,
potato_bangladesh,Potato Leaf Disease Dataset/Healthy/aug_0_4595.jpg,aug_0_4595.jpg,.jpg,17054,224,224,Healthy,True,964c1814565f313f5dfb4a1aba3509ae865a350b0435cca1ee5fcf41facf3d47,dae5504eb69d1c26,
potato_bangladesh,Potato Leaf Disease Dataset/Healthy/aug_0_2487.jpg,aug_0_2487.jpg,.jpg,17113,224,224,Healthy,True,27ad0e37a379850572c0f3a8578e85efa295fe674a5206909f82edae13986cec,83fea60dda8158ba,
potato_bangladesh,Potato Leaf Disease Dataset/Healthy/aug_0_7434.jpg,aug_0_7434.jpg,.jpg,17113,224,224,Healthy,True,0b7c8a6fae8a6480688bcf973a2bf231ea23e3cb240d490ba13f95d08c67abf0,980f70c900edfbd3,
potato_bangladesh,Potato Leaf Disease Dataset/Healthy/aug_0_651.jpg,aug_0_651.jpg,.jpg,16134,224,224,Healthy,True,76090c407a3b69c842fcdcfa6be8288d3493b9f1e22ed77d48d52f2a80aab4e7,86ead1d5f97c0a84,
potato_bangladesh,Potato Leaf Disease Dataset/Healthy/aug_0_389.jpg,aug_0_389.jpg,.jpg,16790,224,224,Healthy,True,582001ae9c90bd05f6bf34b1d8dc5cbf7eaf0e2bb520ab9d66987e190d5ab904,a5db75e409ff8600,
potato_bangladesh,Potato Leaf Disease Dataset/Healthy/aug_0_7501.jpg,aug_0_7501.jpg,.jpg,16216,224,224,Healthy,True,0e62ee352451d3be51c4f23f9c589076a4b80e16b419cf0c0b4b978bdb90fb7d,d6763154ce2d1ca9,
potato_bangladesh,Potato Leaf Disease Dataset/Healthy/aug_0_2016.jpg,aug_0_2016.jpg,.jpg,16149,224,224,Healthy,True,fb83ab0b74347c2e73ff4c10ebb6f787d9c779cc66502082fd32098cb01389eb,b88e33eb9cc1c866,
potato_bangladesh,Potato Leaf Disease Dataset/Healthy/aug_0_3827.jpg,aug_0_3827.jpg,.jpg,14787,224,224,Healthy,True,9783cfbfd593cdb21bc42078e7e7cb46abb3a2d40a55ea5b4ba087fef4051c02,b21c89f355f58c15,
potato_bangladesh,Potato Leaf Disease Dataset/Healthy/aug_0_9425.jpg,aug_0_9425.jpg,.jpg,17004,224,224,Healthy,True,ef0de86abe8d6d0ffd647e6e18d149076a75aa7c308ecd89dc708d880cbfedf7,890f0e16cee3f18e,
potato_bangladesh,Potato Leaf Disease Dataset/Healthy/aug_0_8607.jpg,aug_0_8607.jpg,.jpg,18381,224,224,Healthy,True,52218939783d8f6c7e37f20cb6869045cffb27853e2f5dacbb9d9221610a194a,a7ed2f248e30744b,
potato_bangladesh,Potato Leaf Disease Dataset/Healthy/aug_0_9108.jpg,aug_0_9108.jpg,.jpg,17873,224,224,Healthy,True,4dd7c8070c0ea97f41bc49cbe0a5d889d80ce8072fb4fda1c9ca6054d0753feb,a17f234997c742ac,
potato_bangladesh,Potato Leaf Disease Dataset/Healthy/aug_0_6124.jpg,aug_0_6124.jpg,.jpg,18324,224,224,Healthy,True,a5ec9313a0cefd434219177f364afd315bd2367dcdf4c8f0f4a225736278aa8e,83b7c88b844875fe,
potato_bangladesh,Potato Leaf Disease Dataset/Healthy/aug_0_2698.jpg,aug_0_2698.jpg,.jpg,16310,224,224,Healthy,True,41841f0b8f92418e3ff4208e7bd480b16fa0ad0c13826e773c83758e088b9e76,f97b902548e3f816,
potato_bangladesh,Potato Leaf Disease Dataset/Healthy/aug_0_8452.jpg,aug_0_8452.jpg,.jpg,16753,224,224,Healthy,True,347f5e156f083e3f1380c071ff28d6f2540279b4624eec57747ce1bb365d8e14,dacc38bc3183c637,
potato_bangladesh,Potato Leaf Disease Dataset/Healthy/aug_0_8308.jpg,aug_0_8308.jpg,.jpg,18530,224,224,Healthy,True,d00898f3a7cb66e0a8c0baca93209abe52e85a0e0589078c78ff5d9a37a7ae58,c99ef2dc63880f38,
potato_bangladesh,Potato Leaf Disease Dataset/Healthy/aug_0_711.jpg,aug_0_711.jpg,.jpg,17158,224,224,Healthy,True,733b8d9f8b767e6367bc7101c6da9a05d7a951a4920dea2dc5dbc538b6b19aeb,8ffc404ad675d10b,
potato_bangladesh,Potato Leaf Disease Dataset/Healthy/aug_0_6594.jpg,aug_0_6594.jpg,.jpg,15536,224,224,Healthy,True,0a560e0d41b2325ab9f7a85b40e405446eee1595c8e9d46353b66d2ef62f140b,82c4861eb97a794f,
potato_bangladesh,Potato Leaf Disease Dataset/Healthy/aug_0_8195.jpg,aug_0_8195.jpg,.jpg,15392,224,224,Healthy,True,4eb7db2dee0248dda783383499b4c216323db28c19c3bdaebb803ef65947bb23,fbbe73e63c03c080,
potato_bangladesh,Potato Leaf Disease Dataset/Healthy/aug_0_9697.jpg,aug_0_9697.jpg,.jpg,15931,224,224,Healthy,True,02086c2b104f93f1c86fbf0e12f4267a62425c9979f59553ec13b29d845e69ac,d246c633d63329d3,
potato_bangladesh,Potato Leaf Disease Dataset/Healthy/aug_0_8320.jpg,aug_0_8320.jpg,.jpg,15552,224,224,Healthy,True,fb3eefb21654de5f63714957120198c52501774ad490955621d1f6e52839177e,fbf2bd21c08c361a,
potato_bangladesh,Potato Leaf Disease Dataset/Healthy/aug_0_217.jpg,aug_0_217.jpg,.jpg,16403,224,224,Healthy,True,fdbf09a7484eeb5f073acf66ce010cb812990b73900b4ba5cd418613298c7c62,8e05495a5a9e6b5b,
potato_bangladesh,Potato Leaf Disease Dataset/Healthy/aug_0_4097.jpg,aug_0_4097.jpg,.jpg,16393,224,224,Healthy,True,eae4d21512d2f96de7102ca1b2393be1e39d0bf5f0b6f85f58778b5e813bc3f1,d149cec942ff6246,
potato_bangladesh,Potato Leaf Disease Dataset/Healthy/aug_0_1569.jpg,aug_0_1569.jpg,.jpg,15518,224,224,Healthy,True,1bd3407ec93d1a797399c1e628607ca834c28d63c2afd3da59b41fe154adc8ee,f8d54358ae2a6d70,
potato_bangladesh,Potato Leaf Disease Dataset/Healthy/aug_0_5165.jpg,aug_0_5165.jpg,.jpg,16290,224,224,Healthy,True,76b619f82c91fd899e79bc410070f5019982241547cddc8ad17710b9537efe88,e4506ab5cdb79438,
potato_bangladesh,Potato Leaf Disease Dataset/Healthy/aug_0_1941.jpg,aug_0_1941.jpg,.jpg,16637,224,224,Healthy,True,2631b7862a481f2634332b59c93d862f3724fb1f41727375766109a7d37ca804,dba6584eb2991ea2,
potato_bangladesh,Potato Leaf Disease Dataset/Healthy/aug_0_740.jpg,aug_0_740.jpg,.jpg,16164,224,224,Healthy,True,8ee4284ddf83a0462fa62b5b56c7f89444ac85f5fe356f5957c424fb41ad260a,aff8d9894c864f90,
potato_bangladesh,Potato Leaf Disease Dataset/Healthy/aug_0_3851.jpg,aug_0_3851.jpg,.jpg,18158,224,224,Healthy,True,ae8783e204753c27582d998d018a8bfe7733368c476f5f1e76a1a5429587524b,e01ef49ad8562dc9,
potato_bangladesh,Potato Leaf Disease Dataset/Healthy/aug_0_5375.jpg,aug_0_5375.jpg,.jpg,17012,224,224,Healthy,True,d7601410475c122a71799a4cdcede501fa9acb06a095f7aaad9858f1f0f6676e,fb28c6c5293b3b0a,
potato_bangladesh,Potato Leaf Disease Dataset/Healthy/aug_0_2740.jpg,aug_0_2740.jpg,.jpg,16842,224,224,Healthy,True,b2fc56982e0b59dccc4c244fcae887e3425e420c7b2c8c1ebaad3ef66cf8a820,b672791c96ab8f04,
potato_bangladesh,Potato Leaf Disease Dataset/Healthy/aug_0_9178.jpg,aug_0_9178.jpg,.jpg,17363,224,224,Healthy,True,c8562a9db5cb21e261b8c17ffc400bcdea875a85514bc175b7de2c82f0b04338,f523718ee919d82c,
potato_bangladesh,Potato Leaf Disease Dataset/Healthy/aug_0_1823.jpg,aug_0_1823.jpg,.jpg,14447,224,224,Healthy,True,f041148417932af9b05e991caffed78699e660e670a8277ee15cbb55c452dc26,ebd1e11b0678b619,
potato_bangladesh,Potato Leaf Disease Dataset/Healthy/orig_9.jpg,orig_9.jpg,.jpg,21903,224,224,Healthy,False,2fed258c8002dbd1bde479892593806f6afeaa1d222c5e93e8fc306f45447d5c,b84e5c34d4317fd0,
potato_bangladesh,Potato Leaf Disease Dataset/Healthy/aug_0_9317.jpg,aug_0_9317.jpg,.jpg,17274,224,224,Healthy,True,dab3323a3748e43e9fe339955f68dac09562820cc0421f1e6831f86ce05dbede,a19e78e4fa938c58,
potato_bangladesh,Potato Leaf Disease Dataset/Healthy/aug_0_301.jpg,aug_0_301.jpg,.jpg,16825,224,224,Healthy,True,1720d0f43c5e9726de33e46f8aa3b7df07084326e55b170508b87ac45d8bb73f,efa842e662af1853,
potato_bangladesh,Potato Leaf Disease Dataset/Healthy/aug_0_8835.jpg,aug_0_8835.jpg,.jpg,16516,224,224,Healthy,True,4e07d7f54e4e6f2d6d103aeffda253f3109f2d5dea1047a96ed90fa85aef282a,82b5c8d0d87edd92,
potato_bangladesh,Potato Leaf Disease Dataset/Healthy/aug_0_533.jpg,aug_0_533.jpg,.jpg,16477,224,224,Healthy,True,49383b8bd728fe740a620764538e596d038bc19264a960a4281344d46d35a73f,cc64566a8f468f9c,
potato_bangladesh,Potato Leaf Disease Dataset/Healthy/aug_0_6959.jpg,aug_0_6959.jpg,.jpg,18290,224,224,Healthy,True,e3c078a891a23f5b59bbb972f92a7150ee7a08856d533a65b43889dddc78645a,d18e70c0dd655c7c,
potato_bangladesh,Potato Leaf Disease Dataset/Healthy/aug_0_8883.jpg,aug_0_8883.jpg,.jpg,14966,224,224,Healthy,True,f1d657350ad44e3926b61e380c275dd50dccafc345c31c843e591574662ff89e,cde0e803667e09de,
potato_bangladesh,Potato Leaf Disease Dataset/Healthy/aug_0_1368.jpg,aug_0_1368.jpg,.jpg,16863,224,224,Healthy,True,7b51183ade47b9d0f06edb236c7360612a3390cc01db45b1db7470674b8d7e51,e8afc3462d9d290d,
potato_bangladesh,Potato Leaf Disease Dataset/Healthy/aug_0_6829.jpg,aug_0_6829.jpg,.jpg,16053,224,224,Healthy,True,fd57e7ba8b7dc1dd8c4c9c75e16f6e805c50d6eacce7221919d845d50ce81780,99e49c51e1d621be,
potato_bangladesh,Potato Leaf Disease Dataset/Healthy/aug_0_9620.jpg,aug_0_9620.jpg,.jpg,15493,224,224,Healthy,True,221f3470f2d6836d780a437e3598678ef8ad7258174547fa56e670965c1b4f08,97373b0c072b9c39,
potato_bangladesh,Potato Leaf Disease Dataset/Healthy/aug_0_9873.jpg,aug_0_9873.jpg,.jpg,16314,224,224,Healthy,True,3c1e9d91446e4aa6a0823d4a2198d572f887e14ee239e4c0bd5792f369ae8a59,e85884e29b30de6f,
potato_bangladesh,Potato Leaf Disease Dataset/Healthy/aug_0_5129.jpg,aug_0_5129.jpg,.jpg,17250,224,224,Healthy,True,301e29a0f03e0532161311ed9c88e4cceab46f04f4690fcd98cbf74ea9756cbf,db76e2e44eb9008b,
potato_bangladesh,Potato Leaf Disease Dataset/Healthy/aug_0_5652.jpg,aug_0_5652.jpg,.jpg,16483,224,224,Healthy,True,165841a5fad46d8734e8724e7ac66ff96b6f745c4c3e4127ac1d56fb3a11e854,9574f61e9d001c7d,
potato_bangladesh,Potato Leaf Disease Dataset/Healthy/aug_0_1449.jpg,aug_0_1449.jpg,.jpg,16457,224,224,Healthy,True,8202d3f3976518c86da4ca9c2d500e837b78d8ff017a72e29834893554ef1fa9,83a268640ef7277d,
potato_bangladesh,Potato Leaf Disease Dataset/Healthy/aug_0_3130.jpg,aug_0_3130.jpg,.jpg,16264,224,224,Healthy,True,3fd4efdfa3920a30ba0db32e68e46bf1ff3f06b393d932653558fc8d630ce7c5,af80b2c66c983cf9,
potato_bangladesh,Potato Leaf Disease Dataset/Healthy/orig_10.jpg,orig_10.jpg,.jpg,21050,224,224,Healthy,False,b4b774205b5bd072efc2b0eed3e54f7dd9211ef52532e70e10f243dc1573bd80,87452e6c995276d3,
potato_bangladesh,Potato Leaf Disease Dataset/Healthy/aug_0_6518.jpg,aug_0_6518.jpg,.jpg,16791,224,224,Healthy,True,b3d1edb39002ef40d2581a71bdc4f954752afc8118a5526aafda43f0a0297a61,f6373dc2041d9b19,
potato_bangladesh,Potato Leaf Disease Dataset/Healthy/aug_0_9350.jpg,aug_0_9350.jpg,.jpg,17845,224,224,Healthy,True,ee04b75a886926b3c577ddf1fae010a2169ecced9a3015ccda67c2a86d7d9900,afb00dd899cb7123,
potato_bangladesh,Potato Leaf Disease Dataset/Healthy/aug_0_5579.jpg,aug_0_5579.jpg,.jpg,16328,224,224,Healthy,True,02be1d0172270fa9ce0838b58ae779986ae73a7e2699cb7d2ec6a8bde54bf3b3,dcd8772a62f92344,
potato_bangladesh,Potato Leaf Disease Dataset/Healthy/aug_0_7499.jpg,aug_0_7499.jpg,.jpg,16583,224,224,Healthy,True,28f4186969a6526f24e901d705529c6caf7465ed39e0ea7ebe03fa2215228a3d,867b9a9d1c43291f,
potato_bangladesh,Potato Leaf Disease Dataset/Healthy/aug_0_2961.jpg,aug_0_2961.jpg,.jpg,17276,224,224,Healthy,True,f802423e89e8c371058621f648da1bbe80d1f49dd8c76fe1604e7e09e8cb22f0,b724fb29002d3bba,
potato_bangladesh,Potato Leaf Disease Dataset/Healthy/aug_0_752.jpg,aug_0_752.jpg,.jpg,17605,224,224,Healthy,True,9faa331da01b6b3b28d32fe14b4c8f20db603c6d26a2d49a20b8ffd786cf39f3,ad8592ce7810779d,
potato_bangladesh,Potato Leaf Disease Dataset/Healthy/aug_0_4362.jpg,aug_0_4362.jpg,.jpg,18464,224,224,Healthy,True,b0440593915295c06cea84bccee76a87b357b36eff884dabf52a1a6907d5ccc0,fa8775e2154647c8,
potato_bangladesh,Potato Leaf Disease Dataset/Healthy/aug_0_5350.jpg,aug_0_5350.jpg,.jpg,17963,224,224,Healthy,True,e4d0292bb1792024eced56444dceb3f169842fe3fd2129c7f0ee36a69965c5c6,8199401df9c6deb9,
potato_bangladesh,Potato Leaf Disease Dataset/Healthy/aug_0_947.jpg,aug_0_947.jpg,.jpg,17855,224,224,Healthy,True,c7ccbd08e2fb61ab20972be037892862327bec07654d3796e06182495dca5926,86fbe1964c5a238d,
potato_bangladesh,Potato Leaf Disease Dataset/Healthy/aug_0_8799.jpg,aug_0_8799.jpg,.jpg,17353,224,224,Healthy,True,05ea039fadfe21fb2d4754a74eef607adfaddd0e20ff6812151ac27a054883ee,acda6f0f33a4a08d,
potato_bangladesh,Potato Leaf Disease Dataset/Healthy/aug_0_8823.jpg,aug_0_8823.jpg,.jpg,16599,224,224,Healthy,True,c5338ea86ffcd36d49525814ebd0415d72d72b93ca48a504f0f3e101939331e8,b886aba95e98e14e,
potato_bangladesh,Potato Leaf Disease Dataset/Healthy/aug_0_9913.jpg,aug_0_9913.jpg,.jpg,16270,224,224,Healthy,True,ae6576d106feb56fc74b0856863cd7abecf037d1520ef7fc5f552980305ef28a,e46672633d86d169,
potato_bangladesh,Potato Leaf Disease Dataset/Healthy/aug_0_6722.jpg,aug_0_6722.jpg,.jpg,15464,224,224,Healthy,True,f0abc0ad84ff7bf6a6d757fee414093648596808da233523322ee9a37423ead8,85a79181d17cf8b6,
potato_bangladesh,Potato Leaf Disease Dataset/Healthy/aug_0_7971.jpg,aug_0_7971.jpg,.jpg,16096,224,224,Healthy,True,6674710eff75a3c669dc661ba0c2487e9d35e0a7795b9c3d955f1d49e45c941b,860cb4d2ca73fcc5,
potato_bangladesh,Potato Leaf Disease Dataset/Healthy/aug_0_880.jpg,aug_0_880.jpg,.jpg,16392,224,224,Healthy,True,46953324e45fab80ac83c1ccdafdcbce903c46ad9f46efa512fcc9dfc36eff9c,f162a16756d83d89,
potato_bangladesh,Potato Leaf Disease Dataset/Healthy/aug_0_5972.jpg,aug_0_5972.jpg,.jpg,16614,224,224,Healthy,True,bed42d105afb040d0689fb2150320165652b2c05dc33cbaadfa1704b1bc58cd8,e66671695ca131da,
potato_bangladesh,Potato Leaf Disease Dataset/Healthy/aug_0_8533.jpg,aug_0_8533.jpg,.jpg,16789,224,224,Healthy,True,06f73ba726965fe61bd790d3eb89fe98f92f11f4f7215727c3a02db67ce2dff1,a6f1c863a06eec1b,
potato_bangladesh,Potato Leaf Disease Dataset/Healthy/orig_13.jpg,orig_13.jpg,.jpg,21320,224,224,Healthy,False,5432c89137b654f7d34f19071485a178bf4c3dd06f20a44e70ab8778d55c588d,f061b363caa879c9,
potato_bangladesh,Potato Leaf Disease Dataset/Healthy/aug_0_6638.jpg,aug_0_6638.jpg,.jpg,16667,224,224,Healthy,True,55b465bace57159ace6973450457ec19484ae268b1602f1335003acf97fb319e,d3268dcf4913147d,
potato_bangladesh,Potato Leaf Disease Dataset/Healthy/aug_0_1645.jpg,aug_0_1645.jpg,.jpg,17763,224,224,Healthy,True,00034639117ff6fcd6b0c0f433382fb937aa26cce4bce76af61a5c4ff36239be,d652357542e64cae,
potato_bangladesh,Potato Leaf Disease Dataset/Healthy/aug_0_6487.jpg,aug_0_6487.jpg,.jpg,17652,224,224,Healthy,True,ef8e9042b222f01fe9257a1775c83c5cb2906167787532b1e606a7a37cb3196c,fa147a8be60e4d70,
potato_bangladesh,Potato Leaf Disease Dataset/Healthy/aug_0_5750.jpg,aug_0_5750.jpg,.jpg,16967,224,224,Healthy,True,31833087a43f7971c203cdc0ac50ef7ca5124b90d006fc34f634af0a81df13cc,d8c382b894e96af6,
potato_bangladesh,Potato Leaf Disease Dataset/Healthy/aug_0_9233.jpg,aug_0_9233.jpg,.jpg,16893,224,224,Healthy,True,227178089c50cc81da6b748a2f6b60135b70f46bf48442ed3bd03ca72cf2da9e,fb2b86053c038dee,
potato_bangladesh,Potato Leaf Disease Dataset/Healthy/aug_0_9071.jpg,aug_0_9071.jpg,.jpg,18201,224,224,Healthy,True,0442e0cf462485de0e12dc48b8940ef1bf43752bbc90b8a9bc75a08947878f82,a530dfb84ff60829,
potato_bangladesh,Potato Leaf Disease Dataset/Healthy/aug_0_1562.jpg,aug_0_1562.jpg,.jpg,15974,224,224,Healthy,True,0316629bd31f0c10a7cad3e6908479e008a22d0d21aff56407a55868c765b825,c347e5e670304de6,
potato_bangladesh,Potato Leaf Disease Dataset/Healthy/aug_0_7706.jpg,aug_0_7706.jpg,.jpg,17203,224,224,Healthy,True,234569d0d77703dbb93643c1bf0ba52426a1036a99c6c5924c8bbd2988484369,dc580b5fb9d24515,
potato_bangladesh,Potato Leaf Disease Dataset/Healthy/aug_0_4730.jpg,aug_0_4730.jpg,.jpg,17881,224,224,Healthy,True,5ddaa13a97b7f5d5678b3abb048edacb47eaa960bb6b96d3f825974d245adf3f,ce21794e203fdccc,
potato_bangladesh,Potato Leaf Disease Dataset/Healthy/aug_0_8215.jpg,aug_0_8215.jpg,.jpg,16966,224,224,Healthy,True,6e0c69faf3a297edb95e067f5a2d4019251b5c34737a959b531dc06922929ede,fb4353183cd5471c,
potato_bangladesh,Potato Leaf Disease Dataset/Healthy/aug_0_5856.jpg,aug_0_5856.jpg,.jpg,17793,224,224,Healthy,True,b71bf1748dbe521c83fb20ba27775debc7e249646844974b1db0687b298b72da,c514643762fb3363,
potato_bangladesh,Potato Leaf Disease Dataset/Healthy/aug_0_6235.jpg,aug_0_6235.jpg,.jpg,15347,224,224,Healthy,True,1f752c67a6fbe2a9579658987ef8f0de9d75d74517c597ff8c4de4f216055f4d,f9ac50e73c22c1ce,
potato_bangladesh,Potato Leaf Disease Dataset/Healthy/aug_0_7729.jpg,aug_0_7729.jpg,.jpg,18029,224,224,Healthy,True,73eed7a9a15e61d1ad652485c814825d2440975e4859a39f7c54eacc49fd9f0a,83e00d7bc61f33a6,
potato_bangladesh,Potato Leaf Disease Dataset/Healthy/aug_0_6046.jpg,aug_0_6046.jpg,.jpg,15548,224,224,Healthy,True,d514079ab6d98acda22abe7d17f7f270887c847f57e39ec33c84bda4a7300290,c1495d9db3a608b7,
potato_bangladesh,Potato Leaf Disease Dataset/Healthy/aug_0_9683.jpg,aug_0_9683.jpg,.jpg,18357,224,224,Healthy,True,1c306010c53e48437ca0e0292a73277a0c9dc2809dde1b17d4bde0a0e1696a7f,c3d8e09e6cb53705,
potato_bangladesh,Potato Leaf Disease Dataset/Healthy/aug_0_7780.jpg,aug_0_7780.jpg,.jpg,16580,224,224,Healthy,True,4a8f80ffbb38b5aba9f195d90adb80e625b3722ae0c31a6113994c1c5c05b647,a2c78d52dbd13cc8,
potato_bangladesh,Potato Leaf Disease Dataset/Healthy/aug_0_2065.jpg,aug_0_2065.jpg,.jpg,16213,224,224,Healthy,True,c0cd7858992f8c1bdae3e16acff5012ecf38885b6c2004a2ffd673edbfd24a2a,a576fb043e350a63,
potato_bangladesh,Potato Leaf Disease Dataset/Healthy/aug_0_458.jpg,aug_0_458.jpg,.jpg,16009,224,224,Healthy,True,976276bb10fe06ab55d47b9f9a85d10a9db40bb4a125791dade7dcdc80d57403,d2067270237dd63d,
potato_bangladesh,Potato Leaf Disease Dataset/Healthy/aug_0_7502.jpg,aug_0_7502.jpg,.jpg,15916,224,224,Healthy,True,7edc1fb33dd7e5f88642c198b1689090093c096849dba60e7854f34fe374f9f2,85c037d9fae60d89,
potato_bangladesh,Potato Leaf Disease Dataset/Healthy/orig_4.jpg,orig_4.jpg,.jpg,20836,224,224,Healthy,False,b275bbad5e39cf87852625c87080cd71ebe7b550bc15f18dc7caac210f87e447,f925861c06c5eead,
potato_bangladesh,Potato Leaf Disease Dataset/Healthy/aug_0_41.jpg,aug_0_41.jpg,.jpg,16151,224,224,Healthy,True,ed0de0109e874efc668c7a6ab149a781891310cee1dcdbf15902d8b8eca0c18b,f9d683c70ba45a1c,
potato_bangladesh,Potato Leaf Disease Dataset/Healthy/aug_0_1806.jpg,aug_0_1806.jpg,.jpg,15894,224,224,Healthy,True,c93e8bc7f666b6a0db72412525d8d3a7d870cedefe9516ce208069eaadc844c5,fa2e3118e565730b,
potato_bangladesh,Potato Leaf Disease Dataset/Healthy/aug_0_2579.jpg,aug_0_2579.jpg,.jpg,15913,224,224,Healthy,True,cbe648e7efc4ec4d9e2f9835a3dc28a42532f34d192677fb733e2c9044cb57ac,e9647699333dca03,
potato_bangladesh,Potato Leaf Disease Dataset/Healthy/aug_0_8128.jpg,aug_0_8128.jpg,.jpg,15877,224,224,Healthy,True,99fb17ef99c9251241a4eb2c927bbaf56d2c3daa43069d70abeb6218a3788628,a790520ecd5bb974,
potato_bangladesh,Potato Leaf Disease Dataset/Healthy/aug_0_426.jpg,aug_0_426.jpg,.jpg,16282,224,224,Healthy,True,97a646cb2b6914398e8bf11256edbc79a9133cac263430b5fe9d03eb705b7240,8ca7941deb7a3305,
potato_bangladesh,Potato Leaf Disease Dataset/Healthy/aug_0_4187.jpg,aug_0_4187.jpg,.jpg,15948,224,224,Healthy,True,7aa173cb85dc1fefda03070d76f1ae83bc253da893bada8c36900a1d457c56d1,aaf4ec03ef300675,
potato_bangladesh,Potato Leaf Disease Dataset/Healthy/aug_0_6560.jpg,aug_0_6560.jpg,.jpg,18279,224,224,Healthy,True,371ffe05331a4b97d1c2536a04abea51d916a7100bd54cd459c1ad2dc7395cb1,8de40ff80f9b226a,
potato_bangladesh,Potato Leaf Disease Dataset/Healthy/aug_0_3306.jpg,aug_0_3306.jpg,.jpg,16358,224,224,Healthy,True,2482d70a0a09a1a5d4f5126e35691f9168b62fa5f17fe51ab4963385c277cb64,8b940888fcbf5f8c,
potato_bangladesh,Potato Leaf Disease Dataset/Healthy/aug_0_3800.jpg,aug_0_3800.jpg,.jpg,17189,224,224,Healthy,True,33f3e83fd8b4aa66aff44082fa30d7fcbd82db3820eaac9f1e4cbcd410a125cb,d94e5cd4990f223d,
potato_bangladesh,Potato Leaf Disease Dataset/Healthy/aug_0_5897.jpg,aug_0_5897.jpg,.jpg,16867,224,224,Healthy,True,61f9de8818ff1a885c784448a0e84fe420ad93440bbb4f0747e83d4d1b37f5f8,d95b18bcdbab20c1,
potato_bangladesh,Potato Leaf Disease Dataset/Healthy/aug_0_7598.jpg,aug_0_7598.jpg,.jpg,14349,224,224,Healthy,True,d24cf0b8fcd36eb4c3330c189f73f440102bc9cfaaae06cf51cac9609646a8fb,98ec427d0bf4b0cb,
potato_bangladesh,Potato Leaf Disease Dataset/Healthy/aug_0_8337.jpg,aug_0_8337.jpg,.jpg,18331,224,224,Healthy,True,693bf522eef1e8c78966b508a4c37b684f5ac97bbe77f3f9e67dd917c35de44c,f9c43ef898e8413c,
potato_bangladesh,Potato Leaf Disease Dataset/Healthy/aug_0_7458.jpg,aug_0_7458.jpg,.jpg,16543,224,224,Healthy,True,656222bec6aef241a73ed5be269a1fa543e7347c12305c7f024ffb52243af536,ac59f1e494e45e62,
potato_bangladesh,Potato Leaf Disease Dataset/Healthy/orig_1.jpg,orig_1.jpg,.jpg,21903,224,224,Healthy,False,2fed258c8002dbd1bde479892593806f6afeaa1d222c5e93e8fc306f45447d5c,b84e5c34d4317fd0,
potato_bangladesh,Potato Leaf Disease Dataset/Healthy/aug_0_2072.jpg,aug_0_2072.jpg,.jpg,16832,224,224,Healthy,True,5658a2080869274932e6af4645770b531fd8f470a2d6196674c0eaf0441a4b7e,f289a5d4dc39c983,
potato_bangladesh,Potato Leaf Disease Dataset/Healthy/aug_0_6.jpg,aug_0_6.jpg,.jpg,17805,224,224,Healthy,True,258bf97c58e8b79b15af81bd6d4452a7c1e413368cc363466b641e4df840cbfe,e133627c6e8fb230,
potato_bangladesh,Potato Leaf Disease Dataset/Healthy/aug_0_9825.jpg,aug_0_9825.jpg,.jpg,17020,224,224,Healthy,True,44cfada0966d5cf29966c094c871bc087fcf7e4784186ae84a25fd569a7a4ae2,a4995fb0681dd1e5,
potato_bangladesh,Potato Leaf Disease Dataset/Healthy/aug_0_6202.jpg,aug_0_6202.jpg,.jpg,16366,224,224,Healthy,True,6608056d6921f3ce9c093d9452463c79c32c59a547b8f09c648f93f3afb9fb87,d34a0b5f998db1a2,
potato_bangladesh,Potato Leaf Disease Dataset/Healthy/aug_0_3696.jpg,aug_0_3696.jpg,.jpg,16824,224,224,Healthy,True,553e5cd7f2fa0cd7f64e37df582b6d130f9e6c9a402f895e2c177076b7029db9,c45ba58ebf29e340,
potato_bangladesh,Potato Leaf Disease Dataset/Healthy/aug_0_6939.jpg,aug_0_6939.jpg,.jpg,16469,224,224,Healthy,True,eced24c034c27365f65b63322d6e40094fdbc099987100220c04b53c6ee72544,fc2d83100a5b5afb,
potato_bangladesh,Potato Leaf Disease Dataset/Healthy/aug_0_3255.jpg,aug_0_3255.jpg,.jpg,15353,224,224,Healthy,True,5a85b4f01d7d1b9d22e5de053a74fbf75c899fe9b855fae1de06489eeb70b075,d0cf233354a9f38c,
potato_bangladesh,Potato Leaf Disease Dataset/Healthy/aug_0_4117.jpg,aug_0_4117.jpg,.jpg,16519,224,224,Healthy,True,51fea3d45d7baaa6da734c53d2219e47e3ed92a4ca178d16d1f8097ad59b038c,a45b29847a796b17,
potato_bangladesh,Potato Leaf Disease Dataset/Healthy/aug_0_6150.jpg,aug_0_6150.jpg,.jpg,16923,224,224,Healthy,True,4f40755c47287661ddf3dd2f39ac13367b834206711e9739e7c3d9ef26f76d5a,95c971ed0b4326f1,
potato_bangladesh,Potato Leaf Disease Dataset/Healthy/aug_0_5140.jpg,aug_0_5140.jpg,.jpg,17055,224,224,Healthy,True,263295167d712f55e72de05d857448188a1759147e6808e90be1d3b89fa7b8e9,9756d1e288b66cac,
potato_bangladesh,Potato Leaf Disease Dataset/Healthy/aug_0_8950.jpg,aug_0_8950.jpg,.jpg,14992,224,224,Healthy,True,a7932dd33d6ffae3c8c0649f1e33e9fce122859da72479815b896616a825d6f4,93179c18e751e995,
potato_bangladesh,Potato Leaf Disease Dataset/Healthy/aug_0_3845.jpg,aug_0_3845.jpg,.jpg,15963,224,224,Healthy,True,f966c8ec29fcd4c39fae680d70f8fd51d746b810516d9de7af48a47b0619063e,aef52fba0d728092,
potato_bangladesh,Potato Leaf Disease Dataset/Healthy/aug_0_847.jpg,aug_0_847.jpg,.jpg,16559,224,224,Healthy,True,87b13e08d62353df650445c11fc81925a9a314900499bd65bce157ef52d4e7bf,cfa210be524fb64a,
potato_bangladesh,Potato Leaf Disease Dataset/Healthy/aug_0_8617.jpg,aug_0_8617.jpg,.jpg,18069,224,224,Healthy,True,0c1a7580907d16237a672fcaae9efef5e67e7252a5587b8ddd5a76decb1619a2,de1e1c04ce8673e9,
potato_bangladesh,Potato Leaf Disease Dataset/Healthy/aug_0_2622.jpg,aug_0_2622.jpg,.jpg,17724,224,224,Healthy,True,f01c0fbc76cab7031695e0f5ac4f18c8edcb7a3580d11e90f679634c76d2811e,806660f379399fc3,
potato_bangladesh,Potato Leaf Disease Dataset/Healthy/aug_0_8880.jpg,aug_0_8880.jpg,.jpg,16277,224,224,Healthy,True,81cdb41b74002b0df249d7e582e14e625d24c52f8caa77d8eefa63ae0bae6dc1,fc29a5933c0e89dc,
potato_bangladesh,Potato Leaf Disease Dataset/Healthy/aug_0_8817.jpg,aug_0_8817.jpg,.jpg,17434,224,224,Healthy,True,8b0c3384b8e30564e999acb19c0abfacf3a74c93e70e83cb1f4913723d2dfe45,c7f78d89c82b32c4,
potato_bangladesh,Potato Leaf Disease Dataset/Healthy/aug_0_6296.jpg,aug_0_6296.jpg,.jpg,16995,224,224,Healthy,True,14388a7bceee60668eb4af1202b3018c63701c6f5fa51fa87cc3516527f4371a,b93d2e0b98a4c376,
potato_bangladesh,Potato Leaf Disease Dataset/Healthy/orig_12.jpg,orig_12.jpg,.jpg,21320,224,224,Healthy,False,5432c89137b654f7d34f19071485a178bf4c3dd06f20a44e70ab8778d55c588d,f061b363caa879c9,
potato_bangladesh,Potato Leaf Disease Dataset/Healthy/aug_0_1692.jpg,aug_0_1692.jpg,.jpg,16506,224,224,Healthy,True,4e829565ba2b05e836a1faf56c00b82dea1ff08ef48dd695d3c70a3dbb9fbcb5,d4eafaccd8422371,
potato_bangladesh,Potato Leaf Disease Dataset/Healthy/aug_0_6330.jpg,aug_0_6330.jpg,.jpg,17062,224,224,Healthy,True,67956810259199cdcde6a7b6632940ace97a3ac8231b045e2d6061ab158a914a,d2436e6d0ecd5916,
potato_bangladesh,Potato Leaf Disease Dataset/Healthy/aug_0_1148.jpg,aug_0_1148.jpg,.jpg,15285,224,224,Healthy,True,6512209d49bf3e61e967186ea9d561d78e58fc6929d491ee562f22b3e56f7dd6,edd3c10b9e2d46a1,
potato_bangladesh,Potato Leaf Disease Dataset/Healthy/aug_0_7789.jpg,aug_0_7789.jpg,.jpg,16374,224,224,Healthy,True,b50074a404f5ac0a7e822ccc773a46d85b5dbf67e8589ab5c95edc0ce09dbc56,ac83d2996db10cf9,
potato_bangladesh,Potato Leaf Disease Dataset/Healthy/aug_0_2159.jpg,aug_0_2159.jpg,.jpg,18252,224,224,Healthy,True,4494905de65a51037a7c5a440c7b82a9ee4ee550bd5135e6900f3bb990ce8bbe,db08c59429cae977,
potato_bangladesh,Potato Leaf Disease Dataset/Healthy/aug_0_3212.jpg,aug_0_3212.jpg,.jpg,16024,224,224,Healthy,True,3775bcf42ed2d3799a53790e2970457e2716530bc64c49a4723bc8d853a8a32f,8af4456fd00be792,
potato_bangladesh,Potato Leaf Disease Dataset/Healthy/aug_0_9976.jpg,aug_0_9976.jpg,.jpg,16952,224,224,Healthy,True,573d41d7354a8f19dec7802ac0651a145862c2ab454c4d267ea7d41ffafd22d6,9fe40f32a41d99d1,
potato_bangladesh,Potato Leaf Disease Dataset/Healthy/aug_0_8811.jpg,aug_0_8811.jpg,.jpg,17165,224,224,Healthy,True,dfccdaf6ef9daad47eb86ca76e5256be67a226162b825e118c25302e723c333a,c5cbfacf0226998c,
potato_bangladesh,Potato Leaf Disease Dataset/Healthy/aug_0_8506.jpg,aug_0_8506.jpg,.jpg,15802,224,224,Healthy,True,8c99f24424bc8708688d257d2d138b7d1303c7d9fa922299f7e74d2483ddc633,ea97ecb902a9b446,
potato_bangladesh,Potato Leaf Disease Dataset/Healthy/aug_0_1357.jpg,aug_0_1357.jpg,.jpg,16319,224,224,Healthy,True,980c0142c95440823d59dc02e51539f7c503d058657b398a2a263dab16394cd6,9e4c5b413b96c52d,
potato_bangladesh,Potato Leaf Disease Dataset/Healthy/aug_0_6314.jpg,aug_0_6314.jpg,.jpg,18109,224,224,Healthy,True,5c8621eac57910605483db86cc3e98400e8f21e4138564b5baa125a586936c14,91caf7c167ed1206,
potato_bangladesh,Potato Leaf Disease Dataset/Healthy/aug_0_6496.jpg,aug_0_6496.jpg,.jpg,19321,224,224,Healthy,True,5e7bb6f5da0416fb26b5abe667053672401692e42dc8237d24f5f39f23d39e5d,d05d297bcdb71205,
potato_bangladesh,Potato Leaf Disease Dataset/Healthy/aug_0_64.jpg,aug_0_64.jpg,.jpg,17407,224,224,Healthy,True,b77d3a0c52aa83d09860cb6e9da444e1a8f670f01b66e9c4de923000c8ece1a4,aefb919b44e7a180,
potato_bangladesh,Potato Leaf Disease Dataset/Healthy/aug_0_2692.jpg,aug_0_2692.jpg,.jpg,17207,224,224,Healthy,True,4666bda3025a75fdbbd38bc9b3a823536058f0c05af2bf8456edd52a88dbca5a,b1e8cbc59964f90c,
potato_bangladesh,Potato Leaf Disease Dataset/Healthy/aug_0_20.jpg,aug_0_20.jpg,.jpg,16219,224,224,Healthy,True,3047aacf4afb5ebebf74a37a2125424588a4b1d7feb78b5ca5969f2234bb1c95,aa68e53eba730705,
potato_bangladesh,Potato Leaf Disease Dataset/Healthy/orig_8.jpg,orig_8.jpg,.jpg,21903,224,224,Healthy,False,2fed258c8002dbd1bde479892593806f6afeaa1d222c5e93e8fc306f45447d5c,b84e5c34d4317fd0,
potato_bangladesh,Potato Leaf Disease Dataset/Healthy/aug_0_867.jpg,aug_0_867.jpg,.jpg,17620,224,224,Healthy,True,2c604b3823940593e12c2284ff350554d80b014275e0dccacfe7437a4392aaca,d84e5656ea7830d5,
potato_bangladesh,Potato Leaf Disease Dataset/Healthy/aug_0_2106.jpg,aug_0_2106.jpg,.jpg,16343,224,224,Healthy,True,10ba474dbefa06c20ad04aebde4b7ed56f5a740e19211daa02b156101976b65e,c9fe461cb8e301d3,
potato_bangladesh,Potato Leaf Disease Dataset/Healthy/aug_0_5372.jpg,aug_0_5372.jpg,.jpg,16788,224,224,Healthy,True,bc9b64b476598a79431524c14e56cc9680e007597b647cbf59beecec9997af8e,f6458d2319bccb89,
potato_bangladesh,Potato Leaf Disease Dataset/Healthy/aug_0_6437.jpg,aug_0_6437.jpg,.jpg,15632,224,224,Healthy,True,2857aad1e019ee264ae8ac29d96666b6afa95cdfe48561a82aa5705cff7e50e4,d3af3946582d278c,
potato_bangladesh,Potato Leaf Disease Dataset/Healthy/aug_0_5660.jpg,aug_0_5660.jpg,.jpg,18754,224,224,Healthy,True,c29e194afcc3a6afabc3adf672191a2517d3e83736a674aefdf777abfe17a087,e519ee039dc93a91,
potato_bangladesh,Potato Leaf Disease Dataset/Healthy/aug_0_5969.jpg,aug_0_5969.jpg,.jpg,16724,224,224,Healthy,True,245c2deeb81c08f27ca46aeeb4fc6db9726bb25f50582571c5482da7d764fcdb,fe21a13b3a624e53,
potato_bangladesh,Potato Leaf Disease Dataset/Healthy/aug_0_1639.jpg,aug_0_1639.jpg,.jpg,17830,224,224,Healthy,True,fc90c707687c23b6a57a0c673f950e6836a25a4600da96bbdb73fa30859c7257,a7f037ef108ecc60,
potato_bangladesh,Potato Leaf Disease Dataset/Healthy/aug_0_4554.jpg,aug_0_4554.jpg,.jpg,17463,224,224,Healthy,True,1322777c62fd7ab9cd5a029e828efbda3dd2087745360a5c0049d6918c6b2289,913f078064eab99f,
potato_bangladesh,Potato Leaf Disease Dataset/Healthy/aug_0_6501.jpg,aug_0_6501.jpg,.jpg,17220,224,224,Healthy,True,3c2406b282e941c46d27f68e33a2400ce796df1ac069e08c0dd85d5bc35869da,8e1f0b22a1dc92ef,
potato_bangladesh,Potato Leaf Disease Dataset/Healthy/aug_0_5759.jpg,aug_0_5759.jpg,.jpg,17181,224,224,Healthy,True,6a7b3049db5881aa445e74dd545315055fbea74f2cf463af6aad6a62eab5664e,f901ac311be3c3c7,
potato_bangladesh,Potato Leaf Disease Dataset/Healthy/aug_0_2540.jpg,aug_0_2540.jpg,.jpg,16179,224,224,Healthy,True,0cf8ffbe74fedb8902701da6d0603b80b530a7d4c399f996ca4cc0f835667403,ad2c7663814b3b8d,
potato_bangladesh,Potato Leaf Disease Dataset/Healthy/aug_0_771.jpg,aug_0_771.jpg,.jpg,17088,224,224,Healthy,True,90c9a363634e4d1fbd3b073baf769c8bbb2dd01ee955830dff580cb573c35f90,ac87c393ec2823f9,
potato_bangladesh,Potato Leaf Disease Dataset/Healthy/aug_0_6319.jpg,aug_0_6319.jpg,.jpg,17146,224,224,Healthy,True,8b78e027fe4a4edd44b2077cfdc5cfc2973ed9433f33e6ff77914d45eaaccf35,f871b0b3a8ac2e56,
potato_bangladesh,Potato Leaf Disease Dataset/Healthy/aug_0_3822.jpg,aug_0_3822.jpg,.jpg,16816,224,224,Healthy,True,0e10c29583ca593dc6bf7f969e9b8564b8e85ac055fcc60fd4a6e1a4106ad59b,acdae5ca9bfc0109,
potato_bangladesh,Potato Leaf Disease Dataset/Healthy/aug_0_7832.jpg,aug_0_7832.jpg,.jpg,17661,224,224,Healthy,True,1528c2cd80c99af4dedde7550d0f3adb26c6c8d014d98c6f57d1dd219e91feba,9e58198dc9a4f6b1,
potato_bangladesh,Potato Leaf Disease Dataset/Healthy/aug_0_7362.jpg,aug_0_7362.jpg,.jpg,16853,224,224,Healthy,True,e9acd3c849d24a68462966926501f34004a615f8f008ad1fa91802515234cb6e,93a1e67d600b35f4,
potato_bangladesh,Potato Leaf Disease Dataset/Healthy/aug_0_6672.jpg,aug_0_6672.jpg,.jpg,14974,224,224,Healthy,True,d4f458d8e251712fec9bef3ab6aff81ebf47e263ce4cbed546de0a81e1fc8e07,aa79e48d4e5c094f,
potato_bangladesh,Potato Leaf Disease Dataset/Healthy/aug_0_375.jpg,aug_0_375.jpg,.jpg,16881,224,224,Healthy,True,c1b1e595d05a07eab640c59b3c6c9a86f582a352695d2990651b353d0f1b9d9d,a9936681fd3542ec,
potato_bangladesh,Potato Leaf Disease Dataset/Healthy/aug_0_6084.jpg,aug_0_6084.jpg,.jpg,16175,224,224,Healthy,True,71f79c23cf25dd4cdb9e481a0a037a7cc3f4b3328337a56942360d7ed34f52e2,874b41e8757698cd,
potato_bangladesh,Potato Leaf Disease Dataset/Healthy/aug_0_5304.jpg,aug_0_5304.jpg,.jpg,16908,224,224,Healthy,True,6f42ca819254b59377d991c42ba697c05c2f43ceadfd4c954e031505bc97687c,e2078d26dccc167d,
potato_bangladesh,Potato Leaf Disease Dataset/Healthy/aug_0_7413.jpg,aug_0_7413.jpg,.jpg,16640,224,224,Healthy,True,097d4a0986f48296d847494507da67158b0cc74368d38b4101b5015f2a39e463,eda5940d998b55d2,
potato_bangladesh,Potato Leaf Disease Dataset/Healthy/aug_0_2182.jpg,aug_0_2182.jpg,.jpg,18803,224,224,Healthy,True,32bd5a2de6ff421c194949b23b46dd52f1b1dab34ea664c21aa1012828b51ff3,aea13cd8b199da62,
potato_bangladesh,Potato Leaf Disease Dataset/Healthy/aug_0_7170.jpg,aug_0_7170.jpg,.jpg,16704,224,224,Healthy,True,bb7fa98d60d9fc51fd2a54e9b1b240d75d4345daded6e4c43b791fd48b3b7ff0,c8f8783ee151ba0d,
potato_bangladesh,Potato Leaf Disease Dataset/Healthy/aug_0_2890.jpg,aug_0_2890.jpg,.jpg,16861,224,224,Healthy,True,c1ca13bf3332b2f3e70d85a39c737d3efc62b60113a3a528180315d5d9665c33,d2e2154e279ccd66,
potato_bangladesh,Potato Leaf Disease Dataset/Healthy/aug_0_508.jpg,aug_0_508.jpg,.jpg,15981,224,224,Healthy,True,3d774cfd42a2c949d05dde192989dbf5781cbb452e6e75e53384dd9ff99dd052,c1980b1cbe8f4e67,
potato_bangladesh,Potato Leaf Disease Dataset/Healthy/aug_0_7892.jpg,aug_0_7892.jpg,.jpg,16919,224,224,Healthy,True,2f8657b9fab72bc1bcf6201c046e9c01a836fc57fa58274d7fe1f6166b967865,c402de6796375359,
potato_bangladesh,Potato Leaf Disease Dataset/Healthy/aug_0_7365.jpg,aug_0_7365.jpg,.jpg,17525,224,224,Healthy,True,ddfd4a3f6fe7d65cc104be37700e488f38b3fa79a99105a576e5de21776a3cde,c9497ed4cd03346e,
potato_bangladesh,Potato Leaf Disease Dataset/Healthy/aug_0_7067.jpg,aug_0_7067.jpg,.jpg,16713,224,224,Healthy,True,9ced96866d8016d2948caece6177d245fb0a0750258170a2a963f88b257dc73e,9d151ba1bf68691a,
potato_bangladesh,Potato Leaf Disease Dataset/Healthy/aug_0_6806.jpg,aug_0_6806.jpg,.jpg,17008,224,224,Healthy,True,6ef24a1fd05208e3caacb11aa30dfdaba7e6a4de77bd2f86bc03ef11be5effd1,b6ca32e8da646d29,
potato_bangladesh,Potato Leaf Disease Dataset/Healthy/aug_0_9685.jpg,aug_0_9685.jpg,.jpg,15991,224,224,Healthy,True,2c4836fa9f6e9931f8e7413514a4c2cde9502e77b7c45ca7cb325eb73a1a1166,e95895e2d38132ee,
potato_bangladesh,Potato Leaf Disease Dataset/Healthy/aug_0_53.jpg,aug_0_53.jpg,.jpg,16785,224,224,Healthy,True,246961c1d8b0b64f1f7598195ea3dfcd32b9b1c3a701f1c8a385df80ca9d1b4b,d04ad82bf8953765,
potato_bangladesh,Potato Leaf Disease Dataset/Healthy/aug_0_2061.jpg,aug_0_2061.jpg,.jpg,15720,224,224,Healthy,True,34ba06cb10dfeba94027146f16d3824a2d4d2e3d12f3f99a54b3410d87d76064,e4d45a3910e9758f,
potato_bangladesh,Potato Leaf Disease Dataset/Healthy/aug_0_2095.jpg,aug_0_2095.jpg,.jpg,16144,224,224,Healthy,True,3c2f18b8fc0a4ef0fd55caaa54f4e5b3c0f4ef4f15983ae108bd4e07d92aa243,872e6d6c8dc17692,
potato_bangladesh,Potato Leaf Disease Dataset/Healthy/aug_0_9213.jpg,aug_0_9213.jpg,.jpg,16420,224,224,Healthy,True,81f88f318b9d60e82333da42b013d125a0306b75b948e538a054511c5de334fd,de1e1520ac9fa2da,
potato_bangladesh,Potato Leaf Disease Dataset/Healthy/aug_0_7061.jpg,aug_0_7061.jpg,.jpg,16286,224,224,Healthy,True,1d6d84f9d285eb56d65d0ae3f058444f6fdf87be1842be43802b943355f6806b,d5b98bd426c8c87a,
potato_bangladesh,Potato Leaf Disease Dataset/Healthy/aug_0_8127.jpg,aug_0_8127.jpg,.jpg,16801,224,224,Healthy,True,a41ce3b0ab59e74e0a9968e9ff49c6985bb89e1393cc199c3d265870f88e6461,a5276436139d3c9d,
potato_bangladesh,Potato Leaf Disease Dataset/Healthy/aug_0_9557.jpg,aug_0_9557.jpg,.jpg,16958,224,224,Healthy,True,b7cd860b91bfe229f1dd9b4e85fb4688795a260432bf7db4d572099641e69125,ccb3e906d68bb825,
potato_bangladesh,Potato Leaf Disease Dataset/Healthy/aug_0_1076.jpg,aug_0_1076.jpg,.jpg,16180,224,224,Healthy,True,5cbc53d8920b3b85d689b5c26c1039edaea34a4142769f77f16d8a11f76324e7,e29a6399ad6e38c4,
potato_bangladesh,Potato Leaf Disease Dataset/Healthy/aug_0_8808.jpg,aug_0_8808.jpg,.jpg,16238,224,224,Healthy,True,b3c7901db1efcaeef6fc5fe7b709718c330b28d5f46c457d026c0449ccbf3f49,e49872861c3c78fd,
potato_bangladesh,Potato Leaf Disease Dataset/Healthy/aug_0_3218.jpg,aug_0_3218.jpg,.jpg,16421,224,224,Healthy,True,b19ba61096e35f4acae724451d8de3f2dee913b3a7fea006cc91b4afb0e739e1,b9b113a5b6694b52,
potato_bangladesh,Potato Leaf Disease Dataset/Healthy/orig_0.jpg,orig_0.jpg,.jpg,20836,224,224,Healthy,False,b275bbad5e39cf87852625c87080cd71ebe7b550bc15f18dc7caac210f87e447,f925861c06c5eead,
potato_bangladesh,Potato Leaf Disease Dataset/Healthy/aug_0_883.jpg,aug_0_883.jpg,.jpg,17388,224,224,Healthy,True,c433b77cbc7ab45a4926bc18e9cbe30a0a316661583e4ac89fbad9f4fd4ff0f4,8f46386038b1aefe,
potato_bangladesh,Potato Leaf Disease Dataset/Healthy/aug_0_7394.jpg,aug_0_7394.jpg,.jpg,18191,224,224,Healthy,True,9690ceea90c5354ad9ed748ac15f2430630c22465c0be2313ce60778fc456962,ca915e25948ea6b7,
potato_bangladesh,Potato Leaf Disease Dataset/Healthy/aug_0_206.jpg,aug_0_206.jpg,.jpg,15250,224,224,Healthy,True,14a8bb608fc1b99f631d9b7e19fea552572760b86f2e8bb786313150cd44c3b1,975c9910ecdf60b1,
potato_bangladesh,Potato Leaf Disease Dataset/Healthy/aug_0_6344.jpg,aug_0_6344.jpg,.jpg,17041,224,224,Healthy,True,bf2b7a8698e920f634bbc8d904ccba36662769118c49acb009e00f106b4b8559,bd317237569213e8,
potato_bangladesh,Potato Leaf Disease Dataset/Healthy/aug_0_3544.jpg,aug_0_3544.jpg,.jpg,17123,224,224,Healthy,True,b0628e961a209613eb2fe4e497e5ad5245ed4813ea840c1d21ddb7909640bfbf,bc8692ac68b35ca7,
potato_bangladesh,Potato Leaf Disease Dataset/Healthy/aug_0_530.jpg,aug_0_530.jpg,.jpg,17162,224,224,Healthy,True,c180caaeaedae21c73adf7519023fa58acc372214f3a1faca3ffbe37168b143f,aa7a3f134bc8234d,
potato_bangladesh,Potato Leaf Disease Dataset/Healthy/aug_0_9520.jpg,aug_0_9520.jpg,.jpg,16802,224,224,Healthy,True,f03bfbc990098276da3f59588748cb1753aa5347f6de99b9c7b1a4df11b1e43a,df1c1047b4b4b92b,
potato_bangladesh,Potato Leaf Disease Dataset/Healthy/aug_0_9804.jpg,aug_0_9804.jpg,.jpg,18365,224,224,Healthy,True,4d5c2d2c67886ba3e32c47d9774c10903f45cbd46fb29f3c8e19f51d16e7126e,cdab526b351e38c2,
potato_bangladesh,Potato Leaf Disease Dataset/Healthy/aug_0_2818.jpg,aug_0_2818.jpg,.jpg,16160,224,224,Healthy,True,ce8b11ebd39c94e31b3a483410a313a7b37e1579d82e25867e1e0ad93ee77e10,9ce5520db4567a6a,
potato_bangladesh,Potato Leaf Disease Dataset/Healthy/aug_0_8271.jpg,aug_0_8271.jpg,.jpg,15961,224,224,Healthy,True,bda2e3e7260e8d011e0d81915469735f88b96430612105b396ec053bc0ab5b28,c4e9f50d03fc918e,
potato_bangladesh,Potato Leaf Disease Dataset/Healthy/aug_0_2415.jpg,aug_0_2415.jpg,.jpg,16138,224,224,Healthy,True,c299a709bfe82d9b151eeb4a7acac12d9f0a15940dfc7b3173c6fbf14a0a880e,975e4bcb1191f0e1,
potato_bangladesh,Potato Leaf Disease Dataset/Healthy/aug_0_7819.jpg,aug_0_7819.jpg,.jpg,16003,224,224,Healthy,True,0bbb356f003391b0fd6a1ae5e7b0db443b4e6bd40654b4e7cb41770c4e1233c1,e5706d0c75386ed2,
potato_bangladesh,Potato Leaf Disease Dataset/Healthy/aug_0_3210.jpg,aug_0_3210.jpg,.jpg,18324,224,224,Healthy,True,d9b81266870924069523ab1aba193e1ee15959694de02c82cce51b3d3fe481b7,c08adf4d4e36c6a3,
potato_bangladesh,Potato Leaf Disease Dataset/Healthy/aug_0_3552.jpg,aug_0_3552.jpg,.jpg,16731,224,224,Healthy,True,bda404df0561885595e9455371f2aeb6d90377ea4f17e033e5fb36d08bf05b18,b889a55962beea13,
potato_bangladesh,Potato Leaf Disease Dataset/Healthy/aug_0_4292.jpg,aug_0_4292.jpg,.jpg,17068,224,224,Healthy,True,c1c2870be1e238981278441b83a009827114499fc5a194f35a6114dd4a6d41b4,8ae0f8ef493306f8,
potato_bangladesh,Potato Leaf Disease Dataset/Healthy/aug_0_9700.jpg,aug_0_9700.jpg,.jpg,17739,224,224,Healthy,True,8d4939ce6595e60f90d6d37f657b691ff56acb6a4e60835104d27de50b151d28,f08efc5599655c24,
potato_bangladesh,Potato Leaf Disease Dataset/Healthy/aug_0_8868.jpg,aug_0_8868.jpg,.jpg,16779,224,224,Healthy,True,8726c02c2a269d5b664d8e07f24b01eb382014f5031435bf73d274ba8884b922,99a43851bf163997,
potato_bangladesh,Potato Leaf Disease Dataset/Healthy/aug_0_5841.jpg,aug_0_5841.jpg,.jpg,17092,224,224,Healthy,True,cb70d577afb20dc5c513e1251a2c7a7d888dfb96b79b95fc44603711e2af4e00,ad85d2a26e309b57,
potato_bangladesh,Potato Leaf Disease Dataset/Healthy/aug_0_7026.jpg,aug_0_7026.jpg,.jpg,16801,224,224,Healthy,True,19ce1b1c07223683e643421241f0f14fd9a112c00d4005aff2a9bff1085ee125,cb5a4395ceb599a0,
potato_bangladesh,Potato Leaf Disease Dataset/Healthy/aug_0_8453.jpg,aug_0_8453.jpg,.jpg,16419,224,224,Healthy,True,839fef3abdd506afedf361ce214b905ed4d985f45c14c3d577b12f26c8a229a2,a69e64ca90d67d49,
potato_bangladesh,Potato Leaf Disease Dataset/Healthy/aug_0_2967.jpg,aug_0_2967.jpg,.jpg,17065,224,224,Healthy,True,5112db87a09f6e2c9861e0d679ad91a49dc89a81efc8f21b6ae00049dbc946f0,f7ca2c1da47459c2,
potato_bangladesh,Potato Leaf Disease Dataset/Healthy/aug_0_4236.jpg,aug_0_4236.jpg,.jpg,17095,224,224,Healthy,True,e66a27cde13b3370d19ddaffa1aafd52ed4fcd1988715f742d09dc20275efec2,82b22eb35e63598d,
potato_bangladesh,Potato Leaf Disease Dataset/Healthy/aug_0_7571.jpg,aug_0_7571.jpg,.jpg,17697,224,224,Healthy,True,0705b64f68ec1ee0efdaa63ae4e2c57846cdcd6115e1df4d59c6cd9103038df2,fc2c84b2b5d8e1b8,
potato_bangladesh,Potato Leaf Disease Dataset/Healthy/aug_0_1171.jpg,aug_0_1171.jpg,.jpg,16893,224,224,Healthy,True,ea54bf510fc9d29a08a328e9ae4a72509d2e570c2627476a1c949ca4899ae3de,8ba92fee60b38b48,
potato_bangladesh,Potato Leaf Disease Dataset/Healthy/aug_0_1191.jpg,aug_0_1191.jpg,.jpg,16339,224,224,Healthy,True,b46b7e05bf5086512fcec8be63ec60565e5c9352a2c0f2848119186e21e9e69e,92412ba1633fcecd,
potato_bangladesh,Potato Leaf Disease Dataset/Healthy/aug_0_1502.jpg,aug_0_1502.jpg,.jpg,18038,224,224,Healthy,True,14ba5fd2f3f2f06501164bef1c0afcc7e91a195ed26ec35951a6af86a0d404bd,add9e38e9a6b1902,
potato_bangladesh,Potato Leaf Disease Dataset/Healthy/aug_0_1006.jpg,aug_0_1006.jpg,.jpg,15355,224,224,Healthy,True,6b7238ded36cee7971655cca44eaeda196d47954dd5c7abba337b9e49c0bdd1d,f0d09eeca5971836,
potato_bangladesh,Potato Leaf Disease Dataset/Healthy/aug_0_9455.jpg,aug_0_9455.jpg,.jpg,17425,224,224,Healthy,True,91a204e5ab06ef0a06149a949cd98d6df78666111abf1b7db5a7f3811c79e39d,f80692b9cb471e56,
potato_bangladesh,Potato Leaf Disease Dataset/Healthy/aug_0_6223.jpg,aug_0_6223.jpg,.jpg,17980,224,224,Healthy,True,13e7078fc57731156ab531490ab6d1dad205075fd26c9266b5ad9d8c46909aff,b55b23c48da762b8,
potato_bangladesh,Potato Leaf Disease Dataset/Healthy/aug_0_1042.jpg,aug_0_1042.jpg,.jpg,17354,224,224,Healthy,True,cd3ad0e02c968d1f41623ad6de7706d3a0bfec3d8bfd55c030cde9ee7693c4a4,dc6f5a5a5b3810a5,
potato_bangladesh,Potato Leaf Disease Dataset/Healthy/aug_0_2956.jpg,aug_0_2956.jpg,.jpg,17909,224,224,Healthy,True,f040840432e083cf4ed89aa9abc86ca8499a8449c0ca7fb3fee78ad8fce698a9,da1a1c1cee9370cb,
potato_bangladesh,Potato Leaf Disease Dataset/Healthy/aug_0_1929.jpg,aug_0_1929.jpg,.jpg,16098,224,224,Healthy,True,5b9a11938391f0f970206a33ad1198ad5f235cc85f17a240cf87d7caa3f447bb,a6ca34ea9ad6e648,
potato_bangladesh,Potato Leaf Disease Dataset/Healthy/aug_0_6421.jpg,aug_0_6421.jpg,.jpg,18505,224,224,Healthy,True,8a3af74e8722d3ee411423f2254179815c14ec48ecc5c57a6125a6461909cf2f,8f5c80c8781ff22f,
potato_bangladesh,Potato Leaf Disease Dataset/Healthy/aug_0_3772.jpg,aug_0_3772.jpg,.jpg,15814,224,224,Healthy,True,a723995f216ed8fd112466c549e6d252d6db8a32398eaa1090d8b80cdf06eaab,aa0168e96dfcf078,
potato_bangladesh,Potato Leaf Disease Dataset/Healthy/aug_0_3742.jpg,aug_0_3742.jpg,.jpg,16869,224,224,Healthy,True,d9968fc87ec85d211eb9d0e06e4d4dc16fce4dc45a7efa7671e62e218f4551d1,8b0a4d4f1ada70f3,
potato_bangladesh,Potato Leaf Disease Dataset/Healthy/aug_0_9805.jpg,aug_0_9805.jpg,.jpg,17774,224,224,Healthy,True,2ffc39479fe53fcdebd001e4b7caf57800f7a1d8a319a3f68767b33660d4c87c,9617dc232b998367,
potato_bangladesh,Potato Leaf Disease Dataset/Healthy/aug_0_7498.jpg,aug_0_7498.jpg,.jpg,15757,224,224,Healthy,True,5e2aac6bad69e707e39fa70951a529ee2cb17d79c7e26b674c5c758ee9f82133,c9fc0c70ce5971a3,
potato_bangladesh,Potato Leaf Disease Dataset/Healthy/aug_0_1373.jpg,aug_0_1373.jpg,.jpg,18005,224,224,Healthy,True,8b423d30c10857b2242072adffc1d45b094c62174d5939133d4aa535eb75db63,88877fc84f252e17,
potato_bangladesh,Potato Leaf Disease Dataset/Healthy/aug_0_4298.jpg,aug_0_4298.jpg,.jpg,18161,224,224,Healthy,True,638b39d1d06da12ac82cd6516cb639a7dabb46f0c36e78b8c61802b884e654f8,d8d07ab71150dd1e,
potato_bangladesh,Potato Leaf Disease Dataset/Healthy/aug_0_1652.jpg,aug_0_1652.jpg,.jpg,16977,224,224,Healthy,True,bc7ef618e29076d9614b5bf387ea9607519071b83e8cf890cb7e7bbe8f3b788e,d3e08cf6b423a993,
potato_bangladesh,Potato Leaf Disease Dataset/Healthy/aug_0_1479.jpg,aug_0_1479.jpg,.jpg,18326,224,224,Healthy,True,6c4a44cd20e5113bddf439e14ceb51de342d764d76ef65d25d98746b35770645,f5ac6b3524ec610e,
potato_bangladesh,Potato Leaf Disease Dataset/Healthy/orig_3.jpg,orig_3.jpg,.jpg,20836,224,224,Healthy,False,b275bbad5e39cf87852625c87080cd71ebe7b550bc15f18dc7caac210f87e447,f925861c06c5eead,
potato_bangladesh,Potato Leaf Disease Dataset/Healthy/aug_0_6253.jpg,aug_0_6253.jpg,.jpg,17807,224,224,Healthy,True,1fdf4a3f34d550ba7a676e75938e5f3012ab8c9756a3c87b99aff055b54163fa,b29a3af9c16435c3,
potato_bangladesh,Potato Leaf Disease Dataset/Healthy/aug_0_1442.jpg,aug_0_1442.jpg,.jpg,16882,224,224,Healthy,True,28c529bd8db2981e38acf6b0c2d2d2dc40be90ca9a6bb6356cd04bd0f898546a,810f4f14c7c5b3b9,
potato_bangladesh,Potato Leaf Disease Dataset/Healthy/aug_0_3641.jpg,aug_0_3641.jpg,.jpg,18111,224,224,Healthy,True,955fbf07f82976bed71d6f94a30a642603446d5d2c1b10f6d380704b619458bb,89fe451764a196f4,
potato_bangladesh,Potato Leaf Disease Dataset/Healthy/aug_0_294.jpg,aug_0_294.jpg,.jpg,15841,224,224,Healthy,True,983616bd7d5d3efcee235d3c4b29f3b3924c5f7dfd527c820c5adc45e99caa87,a1632d6e0489fb76,
potato_bangladesh,Potato Leaf Disease Dataset/Healthy/orig_11.jpg,orig_11.jpg,.jpg,21050,224,224,Healthy,False,b4b774205b5bd072efc2b0eed3e54f7dd9211ef52532e70e10f243dc1573bd80,87452e6c995276d3,
potato_bangladesh,Potato Leaf Disease Dataset/Healthy/aug_0_885.jpg,aug_0_885.jpg,.jpg,17015,224,224,Healthy,True,df12949e95da0d1616d94b55c7182598952f1cd6393fbbb4caf2f0d71cb467f8,8ff048254baf726a,
potato_bangladesh,Potato Leaf Disease Dataset/Healthy/aug_0_8971.jpg,aug_0_8971.jpg,.jpg,17720,224,224,Healthy,True,108919d2826cee7b4038ea87bc9f072d78ce1fd4ea9eb7e714a5b812fbe6a01c,f50e629dca1bd126,
potato_bangladesh,Potato Leaf Disease Dataset/Healthy/aug_0_9282.jpg,aug_0_9282.jpg,.jpg,17705,224,224,Healthy,True,c3b3e3c28c8f38787e5f9345a9a115de8fbfc56df0c56e46a7a77ebe9d6bee0c,81f04df9c796b143,
potato_bangladesh,Potato Leaf Disease Dataset/Healthy/aug_0_6045.jpg,aug_0_6045.jpg,.jpg,17695,224,224,Healthy,True,cf73962dcc9621f90b9063c60812cf4b3dcf35c368330e43b24f8d6ee2b3977a,a1f217eb10c6ec74,
potato_bangladesh,Potato Leaf Disease Dataset/Healthy/aug_0_8847.jpg,aug_0_8847.jpg,.jpg,15945,224,224,Healthy,True,9de3f9987ba496dfd1e5b60981469a4916525c3f63efa7717cf7e93e71a05315,ab29c866fac50e3c,
potato_bangladesh,Potato Leaf Disease Dataset/Healthy/aug_0_213.jpg,aug_0_213.jpg,.jpg,16972,224,224,Healthy,True,caab1ea3d79f58d2565eb604d8f9f175bc97cf996eea3517035a9c5b0c16917e,9ce30933e589d9d2,
potato_bangladesh,Potato Leaf Disease Dataset/Healthy/aug_0_2151.jpg,aug_0_2151.jpg,.jpg,16888,224,224,Healthy,True,a6b091cc4c16cd805b246ab02a30218bc09d80dc7528baa87e287c5db30902a2,fcd3b447c8464f88,
potato_bangladesh,Potato Leaf Disease Dataset/Healthy/aug_0_4321.jpg,aug_0_4321.jpg,.jpg,17139,224,224,Healthy,True,77a8e38ba202603812fcd6aa44c12fb998b70a31629e2308cbb13a7ea21f48db,dab1457f029be129,
potato_bangladesh,Potato Leaf Disease Dataset/Healthy/aug_0_6193.jpg,aug_0_6193.jpg,.jpg,15962,224,224,Healthy,True,a2bd202c5d7f3af38f1887b4e5c7b72ed46d1ddcb2b4afb20235510e24419701,f461a743cee85b48,
potato_bangladesh,Potato Leaf Disease Dataset/Healthy/aug_0_3136.jpg,aug_0_3136.jpg,.jpg,18128,224,224,Healthy,True,2f30155608d26038b8cca36d3009a829d5cbe6605cc29e3b656e938197c9f15b,9ab45d00d174de6d,
potato_bangladesh,Potato Leaf Disease Dataset/Healthy/aug_0_799.jpg,aug_0_799.jpg,.jpg,17728,224,224,Healthy,True,3dbca0ceab1948210d4a7f64dc80f308c0ca00fb277e1587fa8c5970d48dd45e,e0ce94dc772d4c16,
potato_bangladesh,Potato Leaf Disease Dataset/Healthy/orig_14.jpg,orig_14.jpg,.jpg,21050,224,224,Healthy,False,b4b774205b5bd072efc2b0eed3e54f7dd9211ef52532e70e10f243dc1573bd80,87452e6c995276d3,
potato_bangladesh,Potato Leaf Disease Dataset/Healthy/aug_0_8846.jpg,aug_0_8846.jpg,.jpg,16759,224,224,Healthy,True,fe88b9782154c643e300685732a120d9898cdd518ad9e9538587f451f29dd194,8b3686eec08bb749,
potato_bangladesh,Potato Leaf Disease Dataset/Healthy/aug_0_1041.jpg,aug_0_1041.jpg,.jpg,16070,224,224,Healthy,True,c125539fe1e7198074bddaf54b80f965a687b485a778f2927facede51e0673a3,fc6812e3895258f7,
potato_bangladesh,Potato Leaf Disease Dataset/Healthy/aug_0_9276.jpg,aug_0_9276.jpg,.jpg,16563,224,224,Healthy,True,d4c40685bce4211fa2d41a3fca6704ae8d222270236c56adf21af80f0196aa91,a1cbf2d913062cf3,
potato_bangladesh,Potato Leaf Disease Dataset/Healthy/aug_0_5232.jpg,aug_0_5232.jpg,.jpg,17076,224,224,Healthy,True,21166f5beb4e6aa760e09c0e4da6bdfb2196ddad8b0c85c2f3230360d661697e,e7de5e68882661b4,
potato_bangladesh,Potato Leaf Disease Dataset/Healthy/aug_0_4417.jpg,aug_0_4417.jpg,.jpg,16193,224,224,Healthy,True,2ea5234c87a6b2cd473109a32cc73577c33b6f6c2ea6da22fce4c8245815d780,a56466df79111336,
potato_bangladesh,Potato Leaf Disease Dataset/Healthy/aug_0_8359.jpg,aug_0_8359.jpg,.jpg,14816,224,224,Healthy,True,de77c58bf6bdeac2045fc76c047f30c978b812ef4fb24cbdc00249de77d48ab6,92e3c954790a9de9,
potato_bangladesh,Potato Leaf Disease Dataset/Healthy/aug_0_6628.jpg,aug_0_6628.jpg,.jpg,16486,224,224,Healthy,True,8b7768b32453ce28790e34c5f12bbcf1525b16acf935c4415e49964d24c9b4c6,94e139e7497306bc,
potato_bangladesh,Potato Leaf Disease Dataset/Healthy/aug_0_8981.jpg,aug_0_8981.jpg,.jpg,17709,224,224,Healthy,True,dc38fd0b49ce41baf6d36725d5d9becdaed59625278e881d52d15b24efd383df,d68cb7c33928e253,
potato_bangladesh,Potato Leaf Disease Dataset/Healthy/orig_5.jpg,orig_5.jpg,.jpg,21320,224,224,Healthy,False,5432c89137b654f7d34f19071485a178bf4c3dd06f20a44e70ab8778d55c588d,f061b363caa879c9,
potato_bangladesh,Potato Leaf Disease Dataset/Healthy/aug_0_3092.jpg,aug_0_3092.jpg,.jpg,16769,224,224,Healthy,True,faba7930b9acdfe3cffc1f534c6ac8eb197442a6e77360d7c0e9d0dd13edf059,825df1165cb1f529,
potato_bangladesh,Potato Leaf Disease Dataset/Healthy/aug_0_4843.jpg,aug_0_4843.jpg,.jpg,16195,224,224,Healthy,True,9cfe3124051f5e2a3a5f6f0598b7c9a2b438c332a4f86da2825a01688a6464ed,d75c9819e0d76985,
potato_bangladesh,Potato Leaf Disease Dataset/Healthy/aug_0_684.jpg,aug_0_684.jpg,.jpg,16994,224,224,Healthy,True,35b80d42a885fecc090c388a1cd64ff9bc95eebb485470b391332037fd34120a,9ab45f8270645ead,
potato_bangladesh,Potato Leaf Disease Dataset/Viral PVY/aug_0_6690.jpg,aug_0_6690.jpg,.jpg,15351,224,224,Viral PVY,True,3356f915d6b70c66e41d34784636c9e32ca50cb662c5cdf0abf9499ff9513a78,d29f347cb0632553,
potato_bangladesh,Potato Leaf Disease Dataset/Viral PVY/aug_0_6102.jpg,aug_0_6102.jpg,.jpg,15730,224,224,Viral PVY,True,e00b080ff2ee58b6575aafe0c83f11f64fc8ad48962286d9f1d29f096d945b63,c34a2ff27a16c1d1,
potato_bangladesh,Potato Leaf Disease Dataset/Viral PVY/aug_0_5487.jpg,aug_0_5487.jpg,.jpg,16408,224,224,Viral PVY,True,69fe5957dc708af3a05cdcb5565379c1be836fb689afee9c98f4880ee3706341,b1255c9afe9da818,
potato_bangladesh,Potato Leaf Disease Dataset/Viral PVY/aug_0_833.jpg,aug_0_833.jpg,.jpg,16341,224,224,Viral PVY,True,a14224e3133f2e4e7d7fb29df47679528c9c850d8233b13d3657471ca56f6367,e44830678cfc2f7a,
potato_bangladesh,Potato Leaf Disease Dataset/Viral PVY/aug_0_8382.jpg,aug_0_8382.jpg,.jpg,16868,224,224,Viral PVY,True,3548d4c9684adecb3649cb57af6b12b62931376c3d628125c3071f38e87f869d,c2bd127196bf64c2,
potato_bangladesh,Potato Leaf Disease Dataset/Viral PVY/aug_0_5180.jpg,aug_0_5180.jpg,.jpg,14841,224,224,Viral PVY,True,b401a35a48b3c89e62c6ab581f0c781700a45ef7dbb21fc58078643bea35dcff,e7d16933f94d06a0,
potato_bangladesh,Potato Leaf Disease Dataset/Viral PVY/aug_0_9851.jpg,aug_0_9851.jpg,.jpg,17074,224,224,Viral PVY,True,110dd6461bb58d2f9bbd84b9fa03351bc21ef99dacb98f1e6c649399349a2070,ac9f11ad4dc910db,
potato_bangladesh,Potato Leaf Disease Dataset/Viral PVY/aug_0_4654.jpg,aug_0_4654.jpg,.jpg,16311,224,224,Viral PVY,True,50f3d43724f16942a9bdd0441d629d06d64c818f13b8b4272e5d562c47c67007,f774cde5b00c1513,
potato_bangladesh,Potato Leaf Disease Dataset/Viral PVY/aug_0_4796.jpg,aug_0_4796.jpg,.jpg,15942,224,224,Viral PVY,True,033e90926fb47ef583f48fb5a1eb7961c2fec9881f67f0aac34b318e815b2eb5,e62cb8b0a6f2f0e1,
potato_bangladesh,Potato Leaf Disease Dataset/Viral PVY/aug_0_7377.jpg,aug_0_7377.jpg,.jpg,18061,224,224,Viral PVY,True,0143925a44361a0f5568f9accc1dd1373c5609728a3995d727a76767d99a318d,ec43538ebabe9904,
potato_bangladesh,Potato Leaf Disease Dataset/Viral PVY/aug_0_5634.jpg,aug_0_5634.jpg,.jpg,16923,224,224,Viral PVY,True,53a3f7e5e823492a63dd41b4ae6524fb7e6f2a372bb3214965d98a1453141669,a334b81d5ea51727,
potato_bangladesh,Potato Leaf Disease Dataset/Viral PVY/aug_0_223.jpg,aug_0_223.jpg,.jpg,17298,224,224,Viral PVY,True,0f23f65318ff98e39ef30880ef10736015f83db94af62bbee26a648cbcad211d,dcb3e113a0dd09b5,
potato_bangladesh,Potato Leaf Disease Dataset/Viral PVY/aug_0_6883.jpg,aug_0_6883.jpg,.jpg,16773,224,224,Viral PVY,True,7de192685a1bc592f65c54a465f9a7775b3de644d0219b1b1258ea13572b6680,9cf363b2d9a27882,
potato_bangladesh,Potato Leaf Disease Dataset/Viral PVY/aug_0_8439.jpg,aug_0_8439.jpg,.jpg,17327,224,224,Viral PVY,True,1832ae84079148c8cbed3791b8647add2e0a8b5bb3bab9241113116e700b8ee7,c3ea7ca69749c530,
potato_bangladesh,Potato Leaf Disease Dataset/Viral PVY/aug_0_200.jpg,aug_0_200.jpg,.jpg,17251,224,224,Viral PVY,True,b0d045b6b337b36e1c404e82cc93e630ffe0e6bff4a497ec4aaedefbf9bb572f,b11409fbfc952a47,
potato_bangladesh,Potato Leaf Disease Dataset/Viral PVY/aug_0_7566.jpg,aug_0_7566.jpg,.jpg,16559,224,224,Viral PVY,True,7994b13a9b114c161a3d98e75c23f2c84186715932c6de8a00a37cfef2b71e21,f2b29e6b8d70e40a,
potato_bangladesh,Potato Leaf Disease Dataset/Viral PVY/aug_0_7311.jpg,aug_0_7311.jpg,.jpg,17582,224,224,Viral PVY,True,ae8e6d1183dc902a9cd2d20e44b9d77c7d90317d471bbfc391a50ea7ab72e581,b0f57a8bf82be180,
potato_bangladesh,Potato Leaf Disease Dataset/Viral PVY/aug_0_5533.jpg,aug_0_5533.jpg,.jpg,16234,224,224,Viral PVY,True,96a36a9a5a7cc3c49fa76b4181c42d89de78fad9f66e33355b7208869dae36cc,9c1572535f292f0e,
potato_bangladesh,Potato Leaf Disease Dataset/Viral PVY/aug_0_4746.jpg,aug_0_4746.jpg,.jpg,17501,224,224,Viral PVY,True,41c2ca63f4f550eb4bf4cb8fd07a240b49ec5a7c98d340548c7ebe06c0a09012,93b3c917a8c75299,
potato_bangladesh,Potato Leaf Disease Dataset/Viral PVY/aug_0_3549.jpg,aug_0_3549.jpg,.jpg,16173,224,224,Viral PVY,True,08f72d03897f828ca3cb6057da3e0ff6bcf393a3c5b86d1e8627ff71fec5028d,fc10677247a894f5,
potato_bangladesh,Potato Leaf Disease Dataset/Viral PVY/aug_0_9210.jpg,aug_0_9210.jpg,.jpg,16896,224,224,Viral PVY,True,23d7dee4912a40abe5dcf3f7dd39d83aed7af415e9f0021d8444a850b6ad53cf,cab368997609eb16,
potato_bangladesh,Potato Leaf Disease Dataset/Viral PVY/aug_0_7985.jpg,aug_0_7985.jpg,.jpg,16576,224,224,Viral PVY,True,658a25c5c08680c86a066ba52c6bc8d31ccfc750bdc027fda1201aa410b98e27,871e387aa72e4cc3,
potato_bangladesh,Potato Leaf Disease Dataset/Viral PVY/aug_0_5665.jpg,aug_0_5665.jpg,.jpg,15481,224,224,Viral PVY,True,438f8e09d1e7d9635f349b14bb53c9718bc22964810d0c4aa7c14b2efc015e8f,e47054cfabeb2614,
potato_bangladesh,Potato Leaf Disease Dataset/Viral PVY/aug_0_368.jpg,aug_0_368.jpg,.jpg,17435,224,224,Viral PVY,True,fc080600270a533a527e4f6a24f66dcc4728f433b29674cf456c67943e53c801,d431638e39b31bd2,
potato_bangladesh,Potato Leaf Disease Dataset/Viral PVY/aug_0_8102.jpg,aug_0_8102.jpg,.jpg,16495,224,224,Viral PVY,True,6dd8720b917781fed58a149bbc2460329ab6dca5f50a2350fdd5997ca9680d9c,d3963434f960eaa5,
potato_bangladesh,Potato Leaf Disease Dataset/Viral PVY/aug_0_6765.jpg,aug_0_6765.jpg,.jpg,17872,224,224,Viral PVY,True,fa42317956bc065c87a7176d4253c17252a250b1d8e003c80fb8fa2a6e469a2b,b3304414437dee7b,
potato_bangladesh,Potato Leaf Disease Dataset/Viral PVY/aug_0_15.jpg,aug_0_15.jpg,.jpg,16490,224,224,Viral PVY,True,5f4fab160f44cbc6873d8bad63714bb8a3c7fa878b9ffdcf8ff9f88603d7a970,f5279f1082497bb4,
potato_bangladesh,Potato Leaf Disease Dataset/Viral PVY/aug_0_9971.jpg,aug_0_9971.jpg,.jpg,17198,224,224,Viral PVY,True,7ceb0a65f5d591869e91e8eba4c22595a2f07932dd0065c0c4085248c02e854d,85412e7b4d32f936,
potato_bangladesh,Potato Leaf Disease Dataset/Viral PVY/aug_0_8771.jpg,aug_0_8771.jpg,.jpg,17582,224,224,Viral PVY,True,2b64e5e4ad06b88fc081e99fb8ec5f04ea4c1e69b2f1f55c408a4dd9db0ba9e9,db0c534575ed2e28,
potato_bangladesh,Potato Leaf Disease Dataset/Viral PVY/aug_0_6713.jpg,aug_0_6713.jpg,.jpg,16553,224,224,Viral PVY,True,0a5101864f100e906555ed810f076a531337b2670ac17f7b0ea1d158151c2eba,93253ca31da0ee9e,
potato_bangladesh,Potato Leaf Disease Dataset/Viral PVY/aug_0_2330.jpg,aug_0_2330.jpg,.jpg,17114,224,224,Viral PVY,True,1bc7cbb89a1f2f0f95ae8cd8c2c390f2abad77aba8307b46d189277b30ef94ad,8664a95d8baba6b2,
potato_bangladesh,Potato Leaf Disease Dataset/Viral PVY/aug_0_2268.jpg,aug_0_2268.jpg,.jpg,17624,224,224,Viral PVY,True,ffab8756d16145e438e187e28314d52ed14fd38c6d93cb596b17bb3cb9eceea6,f574234fa04d3aa5,
potato_bangladesh,Potato Leaf Disease Dataset/Viral PVY/aug_0_2919.jpg,aug_0_2919.jpg,.jpg,16199,224,224,Viral PVY,True,813adbbb09448daeef09511e43888d46914ab8d7d95ea107fb6e56161e10475f,e3695842ab8acbd6,
potato_bangladesh,Potato Leaf Disease Dataset/Viral PVY/aug_0_4402.jpg,aug_0_4402.jpg,.jpg,16756,224,224,Viral PVY,True,163b6e77dfe58879f01238fe5450f23f7ad0ba4819f11008cb98d21ea3ededfe,b1c3913f4ee2a899,
potato_bangladesh,Potato Leaf Disease Dataset/Viral PVY/aug_0_7766.jpg,aug_0_7766.jpg,.jpg,17943,224,224,Viral PVY,True,b70ffa8b59f1066e6cbb392ec83fc6e44d8baf791c684a56254292d742d2b264,b3340c56424eeecf,
potato_bangladesh,Potato Leaf Disease Dataset/Viral PVY/aug_0_5457.jpg,aug_0_5457.jpg,.jpg,17590,224,224,Viral PVY,True,e1a933ccf4e6ab3a112ae720c5b927f19d0b2ac2c55afa579209e369efcbee27,c6bc135018a3ddf3,
potato_bangladesh,Potato Leaf Disease Dataset/Viral PVY/aug_0_8621.jpg,aug_0_8621.jpg,.jpg,17545,224,224,Viral PVY,True,c1c4ae03a467ecdcbc7840d03b2aff1bdea3bdbc04fcfae7bf10fcc1817b63e9,dfb434e980e6dc12,
potato_bangladesh,Potato Leaf Disease Dataset/Viral PVY/aug_0_7567.jpg,aug_0_7567.jpg,.jpg,16201,224,224,Viral PVY,True,ab524760546efadae2159902a343dd8330de0cc7db7ec7813727bff8dade80a6,9c034b6de4cace8e,
potato_bangladesh,Potato Leaf Disease Dataset/Viral PVY/aug_0_2656.jpg,aug_0_2656.jpg,.jpg,16144,224,224,Viral PVY,True,af251b0c5ed97879afbd449d316238e8e766c2e9500ad0d5b84e0d567e59bf32,e78958b946ade434,
potato_bangladesh,Potato Leaf Disease Dataset/Viral PVY/aug_0_8934.jpg,aug_0_8934.jpg,.jpg,16987,224,224,Viral PVY,True,8dd5674fb46ca795ff10f240365aa1f6b33ec24316e64416948d3c8f23b281ae,b1eb0064fd20bb9e,
potato_bangladesh,Potato Leaf Disease Dataset/Viral PVY/aug_0_4122.jpg,aug_0_4122.jpg,.jpg,15700,224,224,Viral PVY,True,f07124ed8332cb6984baf50931355677075cb8276a238343361dc187aac96f0c,9e0149e4e4cafe96,
potato_bangladesh,Potato Leaf Disease Dataset/Viral PVY/aug_0_9369.jpg,aug_0_9369.jpg,.jpg,17569,224,224,Viral PVY,True,4ee1ba8e47d8a19f4e33146b795cbfabaa0bc5ea5e8d46f9a6a5a9abba9ec60e,9df44212e5579ac5,
potato_bangladesh,Potato Leaf Disease Dataset/Viral PVY/aug_0_2282.jpg,aug_0_2282.jpg,.jpg,16726,224,224,Viral PVY,True,9d3095c0a0b6107dd63f577cf69e8c6cc81230248e48310b4a699f971654f6af,eb5019879f9a81e6,
potato_bangladesh,Potato Leaf Disease Dataset/Viral PVY/aug_0_4104.jpg,aug_0_4104.jpg,.jpg,17246,224,224,Viral PVY,True,739facf435fbf4437ea95469cf62ef5240ff48f069ca995ca888ce2d6d4ab821,d8502b0f9cf1579a,
potato_bangladesh,Potato Leaf Disease Dataset/Viral PVY/aug_0_9461.jpg,aug_0_9461.jpg,.jpg,17659,224,224,Viral PVY,True,6385b2822ca0ebf50e1bf42182839b77f8e44607310457481a5c54e16efe2f4a,a7cd3da0f5aa0683,
potato_bangladesh,Potato Leaf Disease Dataset/Viral PVY/aug_0_4499.jpg,aug_0_4499.jpg,.jpg,15536,224,224,Viral PVY,True,adf7b5d4b89a61ed358f754db43772f19e20efc96d1343292b16291aeb52ce93,cbfc6cf9d50c2980,
potato_bangladesh,Potato Leaf Disease Dataset/Viral PVY/aug_0_7889.jpg,aug_0_7889.jpg,.jpg,17608,224,224,Viral PVY,True,2a2073d08a033d68a2f2c470e28362390762833df01d70d7d0b7b8e832445d20,d44e357ca2e61b91,
potato_bangladesh,Potato Leaf Disease Dataset/Viral PVY/aug_0_8384.jpg,aug_0_8384.jpg,.jpg,16691,224,224,Viral PVY,True,c68a7baad885e6571c075cbe96738cf5d2c5f9d7ed59b153efaf4943b19f3c00,e2984d453c5bad4e,
potato_bangladesh,Potato Leaf Disease Dataset/Viral PVY/aug_0_5423.jpg,aug_0_5423.jpg,.jpg,15785,224,224,Viral PVY,True,7f1b2c815c0d52d6c15694abfff720185e04cc81874310976a3f4a7b382d29a2,e26e27d3585432c7,
potato_bangladesh,Potato Leaf Disease Dataset/Viral PVY/aug_0_2442.jpg,aug_0_2442.jpg,.jpg,16013,224,224,Viral PVY,True,47c452dd4d618e7a909467a7f10de291d777263d263bd912063cf0152132ffdb,9d9c20e66ad156d9,
potato_bangladesh,Potato Leaf Disease Dataset/Viral PVY/aug_0_2711.jpg,aug_0_2711.jpg,.jpg,17030,224,224,Viral PVY,True,92dcacaec8aa776f51c2b18363ee42d8e75954d65bb903fb6fb102e7bd428f5b,b43b17da9f50688a,
potato_bangladesh,Potato Leaf Disease Dataset/Viral PVY/aug_0_3561.jpg,aug_0_3561.jpg,.jpg,17197,224,224,Viral PVY,True,8a02f013cb949adee3ab36968d8f87a154ab6e274c679d9343eef31a6beff985,edb542359d8535a4,
potato_bangladesh,Potato Leaf Disease Dataset/Viral PVY/aug_0_2116.jpg,aug_0_2116.jpg,.jpg,17264,224,224,Viral PVY,True,f94206e7c12957bab10258cce72d2165e9f790f2a7878b196091237d80453fbc,bec5151465ac97ac,
potato_bangladesh,Potato Leaf Disease Dataset/Viral PVY/aug_0_4250.jpg,aug_0_4250.jpg,.jpg,17227,224,224,Viral PVY,True,c46fee804ce7675bbf7ce1827a008343691960b44fda9b1f56f76a7199dbd362,955522bd85b7cba0,
potato_bangladesh,Potato Leaf Disease Dataset/Viral PVY/aug_0_235.jpg,aug_0_235.jpg,.jpg,17020,224,224,Viral PVY,True,604842b1b33cf942ad3ecea033dff340f8b720a08b7ff35b1c4e351f0543caad,bb89196bcfdab002,
potato_bangladesh,Potato Leaf Disease Dataset/Viral PVY/aug_0_3754.jpg,aug_0_3754.jpg,.jpg,15320,224,224,Viral PVY,True,c9e94e9a23c9c239946051a223d1b124c53329334e3f0ea97a1daae879e113df,c3282d9155e934fb,
potato_bangladesh,Potato Leaf Disease Dataset/Viral PVY/aug_0_9063.jpg,aug_0_9063.jpg,.jpg,17518,224,224,Viral PVY,True,562ee01629bb456544cca00e3389ffd27894016663b7d4e5998ca557ae6dfb73,d9493ddad99d8221,
potato_bangladesh,Potato Leaf Disease Dataset/Viral PVY/aug_0_3057.jpg,aug_0_3057.jpg,.jpg,17706,224,224,Viral PVY,True,3a22e48270ab1ab62a4d92f3f1400d6a37bc8916ee354a15e8b0fc95c8608e54,efdf0f27a181a070,
potato_bangladesh,Potato Leaf Disease Dataset/Viral PVY/aug_0_7020.jpg,aug_0_7020.jpg,.jpg,16556,224,224,Viral PVY,True,4d96395e373591d8d4c4744526ec52a4a3564e27eca5814dcada4027e86838d0,96f4c333d0ad35d0,
potato_bangladesh,Potato Leaf Disease Dataset/Viral PVY/aug_0_2999.jpg,aug_0_2999.jpg,.jpg,17088,224,224,Viral PVY,True,f0daf1ec42786a8a6eef916764c192fb253205ba757371a9a99dc845b45b8f6d,c6c2790c4c4f6fe4,
potato_bangladesh,Potato Leaf Disease Dataset/Viral PVY/aug_0_6392.jpg,aug_0_6392.jpg,.jpg,16599,224,224,Viral PVY,True,8df5d1abe71b4dff32ff4303b38c7445bef934258f7961177e035717a7ec8f14,e3b6587c8b21d48b,
potato_bangladesh,Potato Leaf Disease Dataset/Viral PVY/aug_0_2833.jpg,aug_0_2833.jpg,.jpg,17040,224,224,Viral PVY,True,6ac91dc9e81b0efd24bb484985eeb9d13acd9fcd2c66571413ed71b84aa79e51,f084e91b57ad0fc8,
potato_bangladesh,Potato Leaf Disease Dataset/Viral PVY/aug_0_2809.jpg,aug_0_2809.jpg,.jpg,17329,224,224,Viral PVY,True,95deb53e94e77765d9eda8870dc4a23a6a8632de7e6d3c92cda8ef6677e0f083,b4d537e5a8614b07,
potato_bangladesh,Potato Leaf Disease Dataset/Viral PVY/aug_0_3227.jpg,aug_0_3227.jpg,.jpg,15513,224,224,Viral PVY,True,5e3a511e7e742ca75a422760d4be895d6b2bf229bb7c2b9fb0654f3f6a9258f6,f326fb645d192229,
potato_bangladesh,Potato Leaf Disease Dataset/Viral PVY/aug_0_4182.jpg,aug_0_4182.jpg,.jpg,17651,224,224,Viral PVY,True,ea7099324dd004bf0dcff818cbbd1914cf6462905cf4c56b7dd4c0ce193cfa87,df5a2187b6a94c89,
potato_bangladesh,Potato Leaf Disease Dataset/Viral PVY/aug_0_3348.jpg,aug_0_3348.jpg,.jpg,16588,224,224,Viral PVY,True,4e2269949a979026ab024c87dcc39cefbeb4234d3ee27decfd709be85495873d,d43563e469b1a751,
potato_bangladesh,Potato Leaf Disease Dataset/Viral PVY/aug_0_288.jpg,aug_0_288.jpg,.jpg,16434,224,224,Viral PVY,True,947fe11e368a1ab0a0f0f38adf0289974823f5dc8086b50a6017ff7a1c68d9ae,81e83fa7b1c4663c,
potato_bangladesh,Potato Leaf Disease Dataset/Viral PVY/aug_0_8084.jpg,aug_0_8084.jpg,.jpg,17886,224,224,Viral PVY,True,cbbd01e9923715a7f490d6fa22cef018eebf9fa19c05d027c1ba48409257aea9,b6c60cead603df21,
potato_bangladesh,Potato Leaf Disease Dataset/Viral PVY/aug_0_9822.jpg,aug_0_9822.jpg,.jpg,15776,224,224,Viral PVY,True,aa6027f638efdb7c886023e803d0e69156deed3b4960f3ec207b7cf5d1e86ed0,b5730f1b130f4a2d,
potato_bangladesh,Potato Leaf Disease Dataset/Viral PVY/aug_0_6683.jpg,aug_0_6683.jpg,.jpg,16012,224,224,Viral PVY,True,ba7b88a15928ca68d4c968eb4fa5e92962f9af1248845a2182cba10a4968f519,83682cb63acfcd0e,
potato_bangladesh,Potato Leaf Disease Dataset/Viral PVY/aug_0_1030.jpg,aug_0_1030.jpg,.jpg,17577,224,224,Viral PVY,True,5e11ba86d8c07c873d60d54b73b4f7365e3df87925b95658406b1f0bec40e7fe,a789126b4ada3bd2,
potato_bangladesh,Potato Leaf Disease Dataset/Viral PVY/aug_0_9321.jpg,aug_0_9321.jpg,.jpg,17064,224,224,Viral PVY,True,cdde53201c032e7ccf971a558b128a393746ab73d653abeb224b18f9534d2acb,cac81b279e1a71e6,
potato_bangladesh,Potato Leaf Disease Dataset/Viral PVY/aug_0_7462.jpg,aug_0_7462.jpg,.jpg,17690,224,224,Viral PVY,True,74be99a1e409dfa6f2ff2a0b1ebc3b576c0d3e54a771e99bb10326a28d74728c,ef3613968f837a80,
potato_bangladesh,Potato Leaf Disease Dataset/Viral PVY/aug_0_7008.jpg,aug_0_7008.jpg,.jpg,17944,224,224,Viral PVY,True,8971272a24556b21080e133e48a539b41523561013109341fc874b4076fb9a3d,f65b6829c4666f11,
potato_bangladesh,Potato Leaf Disease Dataset/Viral PVY/aug_0_5960.jpg,aug_0_5960.jpg,.jpg,17843,224,224,Viral PVY,True,334e9a5ef868ea3264838433488a2dc74aba628bdf02d7fe0372431efcaf4892,b30f1ff5684c06a9,
potato_bangladesh,Potato Leaf Disease Dataset/Viral PVY/aug_0_4548.jpg,aug_0_4548.jpg,.jpg,16964,224,224,Viral PVY,True,68b72a08f5e02bb2918ae40dcb177e708bb34ab14e1310e077f0b111509af58f,b1350513f8d0beb3,
potato_bangladesh,Potato Leaf Disease Dataset/Viral PVY/aug_0_7376.jpg,aug_0_7376.jpg,.jpg,17664,224,224,Viral PVY,True,78e86e08dd51aa549fb4208c2db47c2189c182a3449ef59151f6ae5ec70e6d77,c9620b13d9fdba81,
potato_bangladesh,Potato Leaf Disease Dataset/Viral PVY/aug_0_2314.jpg,aug_0_2314.jpg,.jpg,16347,224,224,Viral PVY,True,559a380b674a1b618ee90d089babec29c422af0a52d145497174fc72ec8c5ee3,b7c10df8f4b14632,
potato_bangladesh,Potato Leaf Disease Dataset/Viral PVY/aug_0_261.jpg,aug_0_261.jpg,.jpg,16372,224,224,Viral PVY,True,0528210216f1490564f6c5f009a54c9a9e0d9bc9c88ae914cbcaf443a4833575,e06f26b0dce6161d,
potato_bangladesh,Potato Leaf Disease Dataset/Viral PVY/aug_0_6462.jpg,aug_0_6462.jpg,.jpg,17044,224,224,Viral PVY,True,e3ca6b82d10e98c217dd304808b3824493b98051f729f65b0b08b5979be72d42,891cbeb8b1d28a5e,
potato_bangladesh,Potato Leaf Disease Dataset/Viral PVY/aug_0_7677.jpg,aug_0_7677.jpg,.jpg,18429,224,224,Viral PVY,True,7bc0a7ae1da2a143b3c0966133968d80fb6168f9b04666bca51a9314e881390e,daea4173d4598a3a,
potato_bangladesh,Potato Leaf Disease Dataset/Viral PVY/aug_0_9014.jpg,aug_0_9014.jpg,.jpg,15576,224,224,Viral PVY,True,8397085e7a6fbd96996664b63ddd5089d3c2d408e2b7f7b2ee65da38bee8d523,ffc06c250cf37268,
potato_bangladesh,Potato Leaf Disease Dataset/Viral PVY/aug_0_1633.jpg,aug_0_1633.jpg,.jpg,16014,224,224,Viral PVY,True,bb0ce510b98d51b0e3406f5c96b6812774140780b72abeb97e0ce977bf8f29b1,ea6723dc44e1d31c,
potato_bangladesh,Potato Leaf Disease Dataset/Viral PVY/aug_0_9829.jpg,aug_0_9829.jpg,.jpg,15765,224,224,Viral PVY,True,bc45e18a8ef05666d2c63de01d2167dee0163159c458d88175dee2e094a3fa75,cb552951a6752b2b,
potato_bangladesh,Potato Leaf Disease Dataset/Viral PVY/aug_0_950.jpg,aug_0_950.jpg,.jpg,17354,224,224,Viral PVY,True,411be044ab95663ed89829de4c69456d6f2e8d73661722695467bf72496b4cc0,a4610bcdcf994573,
potato_bangladesh,Potato Leaf Disease Dataset/Viral PVY/aug_0_1178.jpg,aug_0_1178.jpg,.jpg,17521,224,224,Viral PVY,True,979b406038af00465fb7c148ce1213b4849ad257dfef586af49ca6dcd6a2404e,c84c9127bea73db0,
potato_bangladesh,Potato Leaf Disease Dataset/Viral PVY/aug_0_5495.jpg,aug_0_5495.jpg,.jpg,16948,224,224,Viral PVY,True,955a0a6a19ebbf74ea06335bf30e46ee963c1a65847087d9550f906641c2fccc,9ecaab6b1b01af82,
potato_bangladesh,Potato Leaf Disease Dataset/Viral PVY/aug_0_9902.jpg,aug_0_9902.jpg,.jpg,17825,224,224,Viral PVY,True,7b6a7623e2106169e4a6bea3da44e33ddc9dab7cc7ebc9c36d8ea2f99b50aa01,b6395c8e8bfa8226,
potato_bangladesh,Potato Leaf Disease Dataset/Viral PVY/aug_0_5517.jpg,aug_0_5517.jpg,.jpg,16355,224,224,Viral PVY,True,6e6c1bd5e43a9d862dee6e9678d94488a5832a880a58598bc68043f2454b84b2,83e87dae33b38119,
potato_bangladesh,Potato Leaf Disease Dataset/Viral PVY/aug_0_233.jpg,aug_0_233.jpg,.jpg,15880,224,224,Viral PVY,True,f00e0661207adde5ff42ca76a0acb0c03e72e189cba54b2fc6dd95ff7e0d46dd,d3c83d04d7b33436,
potato_bangladesh,Potato Leaf Disease Dataset/Viral PVY/aug_0_7104.jpg,aug_0_7104.jpg,.jpg,17603,224,224,Viral PVY,True,d045b5df5d06767d099de3cb5622e32e6b7789768b2d2309b9038d350aaf5567,8b4e3ed1fd8e8700,
potato_bangladesh,Potato Leaf Disease Dataset/Viral PVY/aug_0_420.jpg,aug_0_420.jpg,.jpg,16454,224,224,Viral PVY,True,3cde040682941a77d406c22eb0d55fe6486e0e30a80b4feb43216f8d67b3eca9,e94831674e9df12c,
potato_bangladesh,Potato Leaf Disease Dataset/Viral PVY/aug_0_3288.jpg,aug_0_3288.jpg,.jpg,17724,224,224,Viral PVY,True,ded7870a658e64eb5bb04e51843d6aec8fd6800059604eb532fa312baff2d21b,8a452a7c5e50ed76,
potato_bangladesh,Potato Leaf Disease Dataset/Viral PVY/aug_0_3687.jpg,aug_0_3687.jpg,.jpg,16710,224,224,Viral PVY,True,8908a23e8e987a09096e3caa159f9128fd6b120b6ebb34626e626302b08b4be6,b71605d6d74e4b88,
potato_bangladesh,Potato Leaf Disease Dataset/Viral PVY/aug_0_7815.jpg,aug_0_7815.jpg,.jpg,15533,224,224,Viral PVY,True,5aa5e4173670074483a39e419fca095141f3392476b9afd4c5ec2dcbd29fab2c,c6976c19770b495c,
potato_bangladesh,Potato Leaf Disease Dataset/Viral PVY/aug_0_671.jpg,aug_0_671.jpg,.jpg,17997,224,224,Viral PVY,True,54f468788a610f2167e95760832830bcd0c81e50b189d538891771282f704fd2,8917b6b1f3d24645,
potato_bangladesh,Potato Leaf Disease Dataset/Viral PVY/aug_0_8592.jpg,aug_0_8592.jpg,.jpg,17073,224,224,Viral PVY,True,e4e6fc96741ee25ab51fe21ed7cccfa6767894401b3fe5ba8d3f32fd30bc2df5,9e1d56e73028957a,
potato_bangladesh,Potato Leaf Disease Dataset/Viral PVY/aug_0_4944.jpg,aug_0_4944.jpg,.jpg,16515,224,224,Viral PVY,True,9b2f131fdf0c01b8e4e4fb7388d318251170bbc80295495d5daad11116d3fb8d,83173d79b02fcc89,
potato_bangladesh,Potato Leaf Disease Dataset/Viral PVY/aug_0_521.jpg,aug_0_521.jpg,.jpg,17402,224,224,Viral PVY,True,3e38977d17dee8cc7b0e84e5bd2c340c6d0fe701d047205ff27804552e571adc,dfa72756464350a3,
potato_bangladesh,Potato Leaf Disease Dataset/Viral PVY/aug_0_1135.jpg,aug_0_1135.jpg,.jpg,16899,224,224,Viral PVY,True,03054bcc5f432853ca01c98f2191c9b5065f7a364116a8a7f20ead911dac55ca,e0667e5846d35b15,
potato_bangladesh,Potato Leaf Disease Dataset/Viral PVY/aug_0_7198.jpg,aug_0_7198.jpg,.jpg,16280,224,224,Viral PVY,True,e7fbf35bff8df7f0f0ce65786b83458c630e434288b36166e8efab679011af79,b5cb06f603ec9570,
potato_bangladesh,Potato Leaf Disease Dataset/Viral PVY/aug_0_8960.jpg,aug_0_8960.jpg,.jpg,17100,224,224,Viral PVY,True,25d4cb128ec94da1d7ef59e17c84f1595bde48d08e3031c3c8b09ba73c9e80d0,f68c4a1337634a1f,
potato_bangladesh,Potato Leaf Disease Dataset/Viral PVY/aug_0_6613.jpg,aug_0_6613.jpg,.jpg,16168,224,224,Viral PVY,True,250fd8ad3748abd29c97d46efe747a45caceeb25c2bea59fe70b9f7104a2090d,931d3c93a3a29e5a,
potato_bangladesh,Potato Leaf Disease Dataset/Viral PVY/aug_0_7569.jpg,aug_0_7569.jpg,.jpg,17531,224,224,Viral PVY,True,0a15dec3c57a6a5401035237358eacdc1bf4dee1c67e621890fe6508d2246b40,cbb23c5746a73285,
potato_bangladesh,Potato Leaf Disease Dataset/Viral PVY/aug_0_4391.jpg,aug_0_4391.jpg,.jpg,16866,224,224,Viral PVY,True,5d6225351b0d7f002b8367a45ab39accb16d22a5cc7c09606b1a494686dbc120,ca5e489bf02576d2,
potato_bangladesh,Potato Leaf Disease Dataset/Viral PVY/aug_0_1921.jpg,aug_0_1921.jpg,.jpg,16733,224,224,Viral PVY,True,f99b4f10e85ee8ab0b6d18a1b6c65083ff3866d1e28375afbf1053894d20b270,f1bdf4165510ab29,
potato_bangladesh,Potato Leaf Disease Dataset/Viral PVY/aug_0_6160.jpg,aug_0_6160.jpg,.jpg,16785,224,224,Viral PVY,True,f222a36cf54e72c76d8e29f81dc964efdb94f08dcc172dca196a03c2a68b8ec5,9eb078f3d57c7001,
potato_bangladesh,Potato Leaf Disease Dataset/Viral PVY/aug_0_5265.jpg,aug_0_5265.jpg,.jpg,16136,224,224,Viral PVY,True,8297a9b6f2b679ee5289bd3f74fcbec03dd01001de8a3949cfdc115c73b9605f,ceec1543b1fe22c8,
potato_bangladesh,Potato Leaf Disease Dataset/Viral PVY/aug_0_8236.jpg,aug_0_8236.jpg,.jpg,19446,224,224,Viral PVY,True,e12d5fdb7d03b6b6f6f2bdb44efd164c539e364d76f6e596335366c3d97adefa,e4a86cdc3c7b20ec,
potato_bangladesh,Potato Leaf Disease Dataset/Viral PVY/aug_0_6228.jpg,aug_0_6228.jpg,.jpg,15924,224,224,Viral PVY,True,848f65cdabeae70323447eaf53e3873ee74411d30926a748fb4098c137c73a00,efc830a946afc8ac,
potato_bangladesh,Potato Leaf Disease Dataset/Viral PVY/aug_0_5298.jpg,aug_0_5298.jpg,.jpg,17263,224,224,Viral PVY,True,7e1e76db9d1eaeb41e99a33569371b0d90a2d1938f8f7d6199c44d19179f895b,a70e34683bf33067,
potato_bangladesh,Potato Leaf Disease Dataset/Viral PVY/aug_0_8223.jpg,aug_0_8223.jpg,.jpg,16676,224,224,Viral PVY,True,c7d3783244723fb55f84e0b97b9aafee2f539beb65048d242021f1f93312ae7b,ee214e58839875eb,
potato_bangladesh,Potato Leaf Disease Dataset/Viral PVY/aug_0_593.jpg,aug_0_593.jpg,.jpg,17456,224,224,Viral PVY,True,01968b5a6af9969ca1380d491426df5cc97bfaf725fa8536081da4ae2aaaaede,9de10667ef20d742,
potato_bangladesh,Potato Leaf Disease Dataset/Viral PVY/aug_0_5189.jpg,aug_0_5189.jpg,.jpg,16225,224,224,Viral PVY,True,d3cded852c10761edc426efb10360d725fa9959e1cbc41239becb63d8347a552,de17c19659a33c38,
potato_bangladesh,Potato Leaf Disease Dataset/Viral PVY/aug_0_7388.jpg,aug_0_7388.jpg,.jpg,16877,224,224,Viral PVY,True,83453be1f070d62be889a5d38bf1bc8b61b80d83518bebf493642a84ba80e6bd,d1112d7db823e4e9,
potato_bangladesh,Potato Leaf Disease Dataset/Viral PVY/aug_0_390.jpg,aug_0_390.jpg,.jpg,18153,224,224,Viral PVY,True,f22d640b1c643542fc05d9faf550137f32a1dab58c31944785c3c310cefa16c9,d0b1a59f2869e46d,
potato_bangladesh,Potato Leaf Disease Dataset/Viral PVY/aug_0_7966.jpg,aug_0_7966.jpg,.jpg,16440,224,224,Viral PVY,True,ea229d7567c09546f08b63ec896489cbe8733103a806e61505e5fc8c23a5ab49,e06637d547c75219,
potato_bangladesh,Potato Leaf Disease Dataset/Viral PVY/aug_0_4248.jpg,aug_0_4248.jpg,.jpg,16399,224,224,Viral PVY,True,a6b457bb8fba743df84b4656de833f9660c7480e1e5d57537507841a6a180305,c9be6c68d1b20d2b,
potato_bangladesh,Potato Leaf Disease Dataset/Viral PVY/aug_0_9831.jpg,aug_0_9831.jpg,.jpg,17572,224,224,Viral PVY,True,899ba96ac78c0be95ac5ca7ea17f552643526ca7343c1e238c292bc71e0ddbe6,efb70d45053d4293,
potato_bangladesh,Potato Leaf Disease Dataset/Viral PVY/aug_0_6083.jpg,aug_0_6083.jpg,.jpg,17040,224,224,Viral PVY,True,372fff1293f86d166d483a39b327a7764631716602ce55403b678e5bbd6fedc3,d10f42e9e4acdc5a,
potato_bangladesh,Potato Leaf Disease Dataset/Viral PVY/aug_0_5616.jpg,aug_0_5616.jpg,.jpg,17321,224,224,Viral PVY,True,0733e65cefa572b64304543be86321435411face4d2ca0f30e06dfce6501a6a2,f01e6512fad9ac38,
potato_bangladesh,Potato Leaf Disease Dataset/Viral PVY/aug_0_6685.jpg,aug_0_6685.jpg,.jpg,17663,224,224,Viral PVY,True,5917e9c581e4080c60516ac15187676e87373f1f46208c5c80bb4674bcf182de,f68cc99a35612b56,
potato_bangladesh,Potato Leaf Disease Dataset/Viral PVY/aug_0_373.jpg,aug_0_373.jpg,.jpg,16882,224,224,Viral PVY,True,b8a50fa496ca9925c944469beee90fa2305c2a15631a546ec522c0ef1fd7c986,d73521870f134757,
potato_bangladesh,Potato Leaf Disease Dataset/Viral PVY/aug_0_3859.jpg,aug_0_3859.jpg,.jpg,17470,224,224,Viral PVY,True,4f1af1981ff1dfe1ed018f28b7cd1c408574e5585a20dd807a8612fc4f16e1d9,e70bf62868ea31b8,
potato_bangladesh,Potato Leaf Disease Dataset/Viral PVY/aug_0_2788.jpg,aug_0_2788.jpg,.jpg,17382,224,224,Viral PVY,True,2adce8d1f76bae1f9eb978721287cc053d3beef4524ce42f4f13646631ee9079,8fb61486bcc204ff,
potato_bangladesh,Potato Leaf Disease Dataset/Viral PVY/aug_0_8289.jpg,aug_0_8289.jpg,.jpg,17421,224,224,Viral PVY,True,574a21c4cee13826db715da7ea3527510326a762414db824e2a748dced0860bd,e10222b5fd765e51,
potato_bangladesh,Potato Leaf Disease Dataset/Viral PVY/aug_0_9166.jpg,aug_0_9166.jpg,.jpg,17306,224,224,Viral PVY,True,5146c1c0d802ef60c6b5c669f59e056700a2ad3f8e3b122ba29a9a43c709596c,e36737cb48535849,
potato_bangladesh,Potato Leaf Disease Dataset/Viral PVY/aug_0_6477.jpg,aug_0_6477.jpg,.jpg,17850,224,224,Viral PVY,True,73f388f07601a7eed1fde5c51005de50bfc290b3013f0dc414a92374847e316a,e16e41bd3275d382,
potato_bangladesh,Potato Leaf Disease Dataset/Viral PVY/aug_0_7018.jpg,aug_0_7018.jpg,.jpg,16658,224,224,Viral PVY,True,e659ab3f7b0258cccf6c6417ddeba3263751b5e3ec8889214a797be7179987f3,b87862c549b1be74,
potato_bangladesh,Potato Leaf Disease Dataset/Viral PVY/aug_0_1626.jpg,aug_0_1626.jpg,.jpg,18175,224,224,Viral PVY,True,2ab0090f1eb6490cff9feacc90e492f2fc7b474a1ff58decb024f09d6411d6cd,83e1603cb239d1fb,
potato_bangladesh,Potato Leaf Disease Dataset/Viral PVY/aug_0_5749.jpg,aug_0_5749.jpg,.jpg,17644,224,224,Viral PVY,True,a9c046125a49fc1c87cb2e0f1cd6c508f94719d372d85ef437f1215f1b4ea4be,e1f4da4b2f3168a2,
potato_bangladesh,Potato Leaf Disease Dataset/Viral PVY/aug_0_8437.jpg,aug_0_8437.jpg,.jpg,16518,224,224,Viral PVY,True,048b1a74460edb950c9cf86c51ae378b0a9a09053d4ad54d6c860d8cfb155c9c,bfcc723809e8a0f9,
potato_bangladesh,Potato Leaf Disease Dataset/Viral PVY/aug_0_1372.jpg,aug_0_1372.jpg,.jpg,17210,224,224,Viral PVY,True,b9e6153740bbd820300696a6bce60c4081ec2aed2452ef00917e5d608306d9ab,9ee669b250cb7096,
potato_bangladesh,Potato Leaf Disease Dataset/Viral PVY/aug_0_9695.jpg,aug_0_9695.jpg,.jpg,16313,224,224,Viral PVY,True,b0fdeab963a736086d4d5902ae37305b4be5205afe0080512fc54bf48897a995,ef0a234fb95605f0,
potato_bangladesh,Potato Leaf Disease Dataset/Viral PVY/aug_0_3673.jpg,aug_0_3673.jpg,.jpg,15844,224,224,Viral PVY,True,b89a0b8d70c04f088350eb7e889102544b49282b11b5e37921dad8cfa3723edc,93bac014ed43375d,
potato_bangladesh,Potato Leaf Disease Dataset/Viral PVY/aug_0_4571.jpg,aug_0_4571.jpg,.jpg,16315,224,224,Viral PVY,True,0ae8ef451e0a702b876f15991c7636123195c1f82da8af0ef720c8eac0ae9516,b60e44d2cacbb8b9,
potato_bangladesh,Potato Leaf Disease Dataset/Viral PVY/aug_0_6479.jpg,aug_0_6479.jpg,.jpg,17945,224,224,Viral PVY,True,89be6327de60ca49208a821c7f6612f433287cb9615b81827e0cb115843bd635,dd1c03065b5abf34,
potato_bangladesh,Potato Leaf Disease Dataset/Viral PVY/aug_0_2938.jpg,aug_0_2938.jpg,.jpg,16277,224,224,Viral PVY,True,1a6b719bcb8e28557e3fc78f5206e4fc82e30421a871c80cab90750658b3332f,b01c0efacd1567e8,
potato_bangladesh,Potato Leaf Disease Dataset/Viral PVY/aug_0_3818.jpg,aug_0_3818.jpg,.jpg,16179,224,224,Viral PVY,True,c7fbdca4d02c3eeacc1aa7b93a63f13fa761b130da62744c6dc0fda1ebfc4717,9e087d10e36730fd,
potato_bangladesh,Potato Leaf Disease Dataset/Viral PVY/aug_0_7941.jpg,aug_0_7941.jpg,.jpg,16704,224,224,Viral PVY,True,f4720ad0e1d6e2b667a8a52165c6906f13430e013514ad040c5a7f8047fc1aa2,b96862ec5bb0ae13,
potato_bangladesh,Potato Leaf Disease Dataset/Viral PVY/aug_0_7799.jpg,aug_0_7799.jpg,.jpg,16115,224,224,Viral PVY,True,1f0210d833eff1a0a4017a0c13b308ad487f4c1c4b2a8b73d96f564880ccd263,d41f306bd6a44e74,
potato_bangladesh,Potato Leaf Disease Dataset/Viral PVY/aug_0_3309.jpg,aug_0_3309.jpg,.jpg,17155,224,224,Viral PVY,True,7742183df30ac172209e0a574709b065277fb376d39c851b3c15f1b132a41035,e67609e46da49e25,
potato_bangladesh,Potato Leaf Disease Dataset/Viral PVY/aug_0_6347.jpg,aug_0_6347.jpg,.jpg,16206,224,224,Viral PVY,True,2da8a8db0d5648c66e370e7567d55dcb43b2d19eb7ed90bfa9054c652fa7fb6c,c69c3c7850cff6a0,
potato_bangladesh,Potato Leaf Disease Dataset/Viral PVY/aug_0_3196.jpg,aug_0_3196.jpg,.jpg,18082,224,224,Viral PVY,True,50b06c9bab30550df27b37a4cdd62a099fa72c3b3d6ea5fcbc0ab566ec800001,e5226f953f1a40e9,
potato_bangladesh,Potato Leaf Disease Dataset/Viral PVY/aug_0_4561.jpg,aug_0_4561.jpg,.jpg,17805,224,224,Viral PVY,True,4925bd5ef0f950664270773826360f6c4d20a0804903a2c7812dbd1512905880,96313d6ba3e6ac90,
potato_bangladesh,Potato Leaf Disease Dataset/Viral PVY/aug_0_9527.jpg,aug_0_9527.jpg,.jpg,15810,224,224,Viral PVY,True,10116f8ba1125064c0d4e4bcfe04a8bc60f4e9fc2dac55726987ccbc942e0fb3,90ca393c065f6775,
potato_bangladesh,Potato Leaf Disease Dataset/Viral PVY/aug_0_840.jpg,aug_0_840.jpg,.jpg,17263,224,224,Viral PVY,True,fbfedda6eba9d9a71822909f14dccf101d213a6e30268d17ce24a8b71d3588bc,b31e4ccbc8899ad3,
potato_bangladesh,Potato Leaf Disease Dataset/Viral PVY/aug_0_3794.jpg,aug_0_3794.jpg,.jpg,18522,224,224,Viral PVY,True,45df6a7667b266e00fb2021673f926cb51201108b5a16579c63f9e7c7921c52b,f4a06ac685135aef,
potato_bangladesh,Potato Leaf Disease Dataset/Viral PVY/aug_0_3858.jpg,aug_0_3858.jpg,.jpg,16705,224,224,Viral PVY,True,21684cf9c27a1daa89573e47c4f56daa6d16b3db53cb4cae0ab217ab03b478e1,f1c61ef392af5084,
potato_bangladesh,Potato Leaf Disease Dataset/Viral PVY/aug_0_4376.jpg,aug_0_4376.jpg,.jpg,16366,224,224,Viral PVY,True,0c6e2215effa3efff5fb57a8dc17cd1e1fe89cfec14a4b9087d3dd7315e0b308,8b6043cacbffa44c,
potato_bangladesh,Potato Leaf Disease Dataset/Viral PVY/aug_0_9176.jpg,aug_0_9176.jpg,.jpg,16340,224,224,Viral PVY,True,ebe7f17e85fb651850fc383a9bf25b4ba44e6724d46200b5446bfbb8236f49d9,c11437dc25e7ac53,
potato_bangladesh,Potato Leaf Disease Dataset/Viral PVY/aug_0_5352.jpg,aug_0_5352.jpg,.jpg,18372,224,224,Viral PVY,True,7b9e727c020dc119256ba3bb18941bc25a7dc6c22be06d48129335dd45dea0b5,b527ba9172c57a44,
potato_bangladesh,Potato Leaf Disease Dataset/Viral PVY/aug_0_4678.jpg,aug_0_4678.jpg,.jpg,16503,224,224,Viral PVY,True,ea1f23d9a1dde1bdb6f1ec8fb4fa1ea5770f59d5a5eea71bde2412ddf8400510,bc349deb610c4ea9,
potato_bangladesh,Potato Leaf Disease Dataset/Viral PVY/aug_0_8267.jpg,aug_0_8267.jpg,.jpg,16058,224,224,Viral PVY,True,d0f60f402c77b9d091750d388b877d56818e4394b0a689a8c6e5c0083e16dbb8,e24b50839f129dbe,
potato_bangladesh,Potato Leaf Disease Dataset/Viral PVY/aug_0_8045.jpg,aug_0_8045.jpg,.jpg,18062,224,224,Viral PVY,True,89483d3841f161aaa43282993b0991bf14551b7dfc07604533ab5cb036d1e641,955c22b5d7b789c0,
potato_bangladesh,Potato Leaf Disease Dataset/Viral PVY/aug_0_2564.jpg,aug_0_2564.jpg,.jpg,15255,224,224,Viral PVY,True,9ba9ad10e679d8d9173b9c991ff25255b252db9bf04700131a48dc288495a3f2,d34b2dd66218d791,
potato_bangladesh,Potato Leaf Disease Dataset/Viral PVY/aug_0_4858.jpg,aug_0_4858.jpg,.jpg,16191,224,224,Viral PVY,True,38fbf989ab5d920d0bed2a3364ff9a93274c176e5a85e7fb3df630c2167e6254,ec634cf39c316b88,
potato_bangladesh,Potato Leaf Disease Dataset/Viral PVY/aug_0_1205.jpg,aug_0_1205.jpg,.jpg,15615,224,224,Viral PVY,True,e2d02eef6dd41909ea32e2aa5dfaca65655ca292c1dbbc0781c6eeb368980e04,db1a3951827ca95b,
potato_bangladesh,Potato Leaf Disease Dataset/Viral PVY/aug_0_7007.jpg,aug_0_7007.jpg,.jpg,16332,224,224,Viral PVY,True,fd89acf62ea5b1f7a983fd7ce1b696c418349137e074b9095127216ed65c7abc,e5319863714e3d4b,
potato_bangladesh,Potato Leaf Disease Dataset/Viral PVY/aug_0_8094.jpg,aug_0_8094.jpg,.jpg,17823,224,224,Viral PVY,True,92fa7b2d6001f27c5f2e300f381d77582912a761c174780fdc71337ba8187c42,d6b435d1e6989b41,
potato_bangladesh,Potato Leaf Disease Dataset/Viral PVY/aug_0_3564.jpg,aug_0_3564.jpg,.jpg,18682,224,224,Viral PVY,True,0f82dfd746fed047ac3e346f54979d62d6e6866103d9fb94e6f035d7705eaac8,f520af9caf528159,
potato_bangladesh,Potato Leaf Disease Dataset/Viral PVY/aug_0_74.jpg,aug_0_74.jpg,.jpg,16804,224,224,Viral PVY,True,22903c070d52c29a7d077302d8fd414f0faa145ab7241dc33c99d170209f9bc6,899a7eae58bad025,
potato_bangladesh,Potato Leaf Disease Dataset/Viral PVY/aug_0_4014.jpg,aug_0_4014.jpg,.jpg,17432,224,224,Viral PVY,True,02725596d5c8a77c1c3da80d07c88b0836cc427916c09a4faf4c91efa8c4b1e8,c8b5cd3770aad845,
potato_bangladesh,Potato Leaf Disease Dataset/Viral PVY/aug_0_9491.jpg,aug_0_9491.jpg,.jpg,16718,224,224,Viral PVY,True,1fee3e8201af1b9d90317cfe8d2350a91977a60b63ad86377411814286e7f34f,da5a250ed6d947a8,
potato_bangladesh,Potato Leaf Disease Dataset/Viral PVY/aug_0_1410.jpg,aug_0_1410.jpg,.jpg,16800,224,224,Viral PVY,True,1f05e8cb1d90e0c3ea56f0bce858711a965dc1d6924e806c0fecb104bf9098d8,9de14676eb2811d9,
potato_bangladesh,Potato Leaf Disease Dataset/Viral PVY/aug_0_4459.jpg,aug_0_4459.jpg,.jpg,17224,224,224,Viral PVY,True,11a88b5743c28773219c0d5ebdc024c7b87e5dc79133e25c15fe12600aa3e191,931ecbc9a9b3720c,
potato_bangladesh,Potato Leaf Disease Dataset/Viral PVY/aug_0_3505.jpg,aug_0_3505.jpg,.jpg,17067,224,224,Viral PVY,True,a0dd392eb015e53d6b41897e778a90c3ea4d39d89bdf364a0aa6f3c48b1f0607,b937540798e28e9e,
potato_bangladesh,Potato Leaf Disease Dataset/Viral PVY/aug_0_5894.jpg,aug_0_5894.jpg,.jpg,17518,224,224,Viral PVY,True,e4dca8345f12f0b4868868fcf75b19d8e0e9c8c7f524bc5bca0e6b762d5d53cf,d64a3d96d213925d,
potato_bangladesh,Potato Leaf Disease Dataset/Viral PVY/aug_0_2602.jpg,aug_0_2602.jpg,.jpg,16889,224,224,Viral PVY,True,645fd367d04a0d459ea209e33b229e8cbc0bbf0465f2c563ac53059991e934ec,b1cd0dfb522b5298,
potato_bangladesh,Potato Leaf Disease Dataset/Viral PVY/aug_0_1112.jpg,aug_0_1112.jpg,.jpg,17449,224,224,Viral PVY,True,05e54e8f87868dc41d39c6fb78b43c2eca3220ad1e2da2c127bc0d1139b0001a,b1863d6cb1b13e64,
potato_bangladesh,Potato Leaf Disease Dataset/Viral PVY/aug_0_8459.jpg,aug_0_8459.jpg,.jpg,15205,224,224,Viral PVY,True,e6115d93c12c08683e0889a94b9cdd8c19fd99285921989c09f07ce71c7a81b9,de027904f7d608d7,
potato_bangladesh,Potato Leaf Disease Dataset/Viral PVY/aug_0_6605.jpg,aug_0_6605.jpg,.jpg,17354,224,224,Viral PVY,True,4886e5f9569e9f48fdb5e81edf5316bafa45a8b3acc64130a61133f77ad56c71,daa521a99ea487ce,
potato_bangladesh,Potato Leaf Disease Dataset/Viral PVY/aug_0_1034.jpg,aug_0_1034.jpg,.jpg,17867,224,224,Viral PVY,True,39faf820ecb98516b3a1f45271a48096f2c3420ecc25f71949cbdee8a94116d3,a1f637d388422bb9,
potato_bangladesh,Potato Leaf Disease Dataset/Viral PVY/aug_0_4279.jpg,aug_0_4279.jpg,.jpg,15071,224,224,Viral PVY,True,321079421c0b0c16e0735c976ce51eadacce65b55b961466e0648775539ec65d,d7826d0c85d189fd,
potato_bangladesh,Potato Leaf Disease Dataset/Viral PVY/aug_0_3432.jpg,aug_0_3432.jpg,.jpg,16951,224,224,Viral PVY,True,ab8b73278e2e780d14c0245db72bce145346d6afb82b7bc97c25bbb454a18d29,9d6362a953a9497a,
potato_bangladesh,Potato Leaf Disease Dataset/Viral PVY/aug_0_6558.jpg,aug_0_6558.jpg,.jpg,17527,224,224,Viral PVY,True,82a5463ddf5737c6d65c1d6dc23d4ba75db0d09790920a1e29ef6533bf772bb5,81b474e9d1b3e42b,
potato_bangladesh,Potato Leaf Disease Dataset/Viral PVY/aug_0_843.jpg,aug_0_843.jpg,.jpg,16882,224,224,Viral PVY,True,c35299ca9788b9830b799bd5bf0358a3233a03c58454d484fa8cfbd313f2cb80,dbee69398625c02b,
potato_bangladesh,Potato Leaf Disease Dataset/Viral PVY/aug_0_2580.jpg,aug_0_2580.jpg,.jpg,15107,224,224,Viral PVY,True,12c543b457a1737737fc4f9ba949a1b467dd796faa7e5e0886889a16bc113b5d,9e9e6a09c58ff80a,
potato_bangladesh,Potato Leaf Disease Dataset/Viral PVY/aug_0_249.jpg,aug_0_249.jpg,.jpg,16481,224,224,Viral PVY,True,906e84721ad4dd96b0ac4de151d374fe8eb2084e6288a4b4fc20813ac75e240c,e65c4eaa8ba553a1,
potato_bangladesh,Potato Leaf Disease Dataset/Viral PVY/aug_0_291.jpg,aug_0_291.jpg,.jpg,16364,224,224,Viral PVY,True,e67284de4cde0a76826643933abcb2ffcb3183766dafda63deb32da85541463f,943d6b8d5983e94a,
potato_bangladesh,Potato Leaf Disease Dataset/Viral PVY/aug_0_1215.jpg,aug_0_1215.jpg,.jpg,17403,224,224,Viral PVY,True,1fd53e28b9bb1ffa8444f15f1c18617e0f989ae907c45b3d4b67604acce8ec67,f527aa91b043e978,
potato_bangladesh,Potato Leaf Disease Dataset/Viral PVY/aug_0_4954.jpg,aug_0_4954.jpg,.jpg,15335,224,224,Viral PVY,True,125053dd11a5e4c4fd213e12ec22ab0ebb61ab06bb887bb51cd342109aa9b938,ee985533e7242ac3,
potato_bangladesh,Potato Leaf Disease Dataset/Viral PVY/aug_0_8063.jpg,aug_0_8063.jpg,.jpg,17462,224,224,Viral PVY,True,1341503a21ed7926f8f4b1592553b45d95eb32b56f24c843d3911ebc10381dcb,b0355d19d74b0a5e,
potato_bangladesh,Potato Leaf Disease Dataset/Viral PVY/aug_0_115.jpg,aug_0_115.jpg,.jpg,16752,224,224,Viral PVY,True,537de3f390eb0c1239000b505ff52758632395a8e9fb7d69186a63b68f36ddd1,a67120194f57bb8e,
potato_bangladesh,Potato Leaf Disease Dataset/Viral PVY/aug_0_3500.jpg,aug_0_3500.jpg,.jpg,16520,224,224,Viral PVY,True,92b19fb07c92a44a68e9f5a9ba0c49072d9c13d749d3583cad13e958fbf22a3c,8a0f7c54e37d00fc,
potato_bangladesh,Potato Leaf Disease Dataset/Viral PVY/aug_0_1845.jpg,aug_0_1845.jpg,.jpg,16821,224,224,Viral PVY,True,7d961906784256b176687f8b45198be80fa8f0e283a168a8984bcda7e4400bb3,e14a988787afe474,
potato_bangladesh,Potato Leaf Disease Dataset/Viral PVY/aug_0_1628.jpg,aug_0_1628.jpg,.jpg,16294,224,224,Viral PVY,True,84366d69aba3fe909bbbd4335108b71956fbd4fd2e47327fe2c9087c9ca0567b,e46050441fc9dbef,
potato_bangladesh,Potato Leaf Disease Dataset/Viral PVY/aug_0_4116.jpg,aug_0_4116.jpg,.jpg,14916,224,224,Viral PVY,True,bc5f27a315c18efa38d843a8b4fa4f262c206f0d2cde752ae18e6b45b01528d4,d3e93c0c0563aeb6,
potato_bangladesh,Potato Leaf Disease Dataset/Viral PVY/aug_0_759.jpg,aug_0_759.jpg,.jpg,16589,224,224,Viral PVY,True,70b03b98538fab982eb28ed91f17e2e849ebed6a701e3514d21df6f28ba6ae28,809be1a7ea543a75,
potato_bangladesh,Potato Leaf Disease Dataset/Viral PVY/aug_0_9317.jpg,aug_0_9317.jpg,.jpg,15148,224,224,Viral PVY,True,7fa00684a1ee25d2b3dbd96ac133c68afb8d314dba97aa4526dbab1543382baa,dbe43cada7a09425,
potato_bangladesh,Potato Leaf Disease Dataset/Viral PVY/aug_0_2478.jpg,aug_0_2478.jpg,.jpg,16954,224,224,Viral PVY,True,b516a5739c72504e1cda23522d0330e18f97ca463d5db46df6d8ef1ac3688ac6,859ccb3f83167788,
potato_bangladesh,Potato Leaf Disease Dataset/Viral PVY/aug_0_5169.jpg,aug_0_5169.jpg,.jpg,16712,224,224,Viral PVY,True,22082555d3b387e50a36b3a42c2f972a0d4713c11372c33455f56ac986a93bdd,eab75b452d0716c1,
potato_bangladesh,Potato Leaf Disease Dataset/Viral PVY/aug_0_71.jpg,aug_0_71.jpg,.jpg,17133,224,224,Viral PVY,True,7318d048f61cb47bf55059d703eac96a95fcae85c3c772c2145af61044927da7,de371b989ff01094,
potato_bangladesh,Potato Leaf Disease Dataset/Viral PVY/aug_0_7905.jpg,aug_0_7905.jpg,.jpg,16833,224,224,Viral PVY,True,95d11899aa2b339c49dd4d88d27a5af99a631cd66bb92e45f4f338b23dbeb5cf,a3c939e05eea568a,
potato_bangladesh,Potato Leaf Disease Dataset/Viral PVY/aug_0_9530.jpg,aug_0_9530.jpg,.jpg,17215,224,224,Viral PVY,True,1c8811322c2174151fb01ed67b2f407a7cc16fb3893e0aae3e597c3177e7f854,b2fc6d09034739e5,
potato_bangladesh,Potato Leaf Disease Dataset/Viral PVY/aug_0_3436.jpg,aug_0_3436.jpg,.jpg,16885,224,224,Viral PVY,True,9b88b7855afb71bd0d9e977e25842d93581f2bb3a1fe265519efad2721745db8,f127640f2a071f9b,
potato_bangladesh,Potato Leaf Disease Dataset/Viral PVY/aug_0_612.jpg,aug_0_612.jpg,.jpg,17228,224,224,Viral PVY,True,e89790b6a3d83c8e4ca09700e8030e3e99d2cb2b457285b46b0a51fb4537ad6b,d1e40ef463ad41e9,
potato_bangladesh,Potato Leaf Disease Dataset/Viral PVY/aug_0_6372.jpg,aug_0_6372.jpg,.jpg,15368,224,224,Viral PVY,True,c2977983a364ea9fe3427744152a39adb9926578d5d97e72fac6951b6f9bd80d,86a33d6eeb726083,
potato_bangladesh,Potato Leaf Disease Dataset/Viral PVY/aug_0_1527.jpg,aug_0_1527.jpg,.jpg,16306,224,224,Viral PVY,True,2287b7f7b9bf03adf4a8e478df93484556823b991844568dcb5329041af069c4,d6b52c29f7e28452,
potato_bangladesh,Potato Leaf Disease Dataset/Viral PVY/aug_0_9165.jpg,aug_0_9165.jpg,.jpg,16402,224,224,Viral PVY,True,13f06ea10e563cc3dfd99f4f39e2a09b37d50be77d64f005e65e7364e36a9346,b98d39e2881227ef,
potato_bangladesh,Potato Leaf Disease Dataset/Viral PVY/aug_0_8511.jpg,aug_0_8511.jpg,.jpg,15848,224,224,Viral PVY,True,a06d4c94a56dc35329fdb98dae82492a826a1b07bcf9edae9354de48732eedfe,cbe02c574d55838f,
potato_bangladesh,Potato Leaf Disease Dataset/Viral PVY/aug_0_2620.jpg,aug_0_2620.jpg,.jpg,16100,224,224,Viral PVY,True,cbba3a39bef8e92f4295683e0ce2702d82cffe93f562d7d9235f60fdf1de3c72,e58c09b743a30deb,
potato_bangladesh,Potato Leaf Disease Dataset/Viral PVY/aug_0_3608.jpg,aug_0_3608.jpg,.jpg,16084,224,224,Viral PVY,True,d7a86d2410db6d3fe8083dcb4bbcfb5dcf91022ed226c8bf2102c48991c7914a,de3a79872c2a12f4,
potato_bangladesh,Potato Leaf Disease Dataset/Viral PVY/aug_0_3764.jpg,aug_0_3764.jpg,.jpg,16569,224,224,Viral PVY,True,35a43dee8f742ceac92e621148301a36d1146ad31dceb9207271560836b37a54,89413f57515d15cb,
potato_bangladesh,Potato Leaf Disease Dataset/Viral PVY/aug_0_9645.jpg,aug_0_9645.jpg,.jpg,16353,224,224,Viral PVY,True,9ae3a1d7f0efd559058bf5a5f7a753005a35dc0ddf34be8d8692d461eb99952e,9d0341f4a59aba75,
potato_bangladesh,Potato Leaf Disease Dataset/Viral PVY/aug_0_1014.jpg,aug_0_1014.jpg,.jpg,17288,224,224,Viral PVY,True,015133f24aa8c700a4460a98c304592118e48f96336f290ba85383c922cf57d8,9c1f620b5c1f351d,
potato_bangladesh,Potato Leaf Disease Dataset/Viral PVY/aug_0_4436.jpg,aug_0_4436.jpg,.jpg,17779,224,224,Viral PVY,True,b233a7efabd1fca3625a0aa4c59f8ba659d5678ccf7126fffc8742577f654cd8,8a0074d3f0de90ff,
potato_bangladesh,Potato Leaf Disease Dataset/Viral PVY/aug_0_9146.jpg,aug_0_9146.jpg,.jpg,16622,224,224,Viral PVY,True,f43ac8d7c6674422202f2f865c5b08d5e9e99736b1a2ecdf797273bcd13f9682,c7b33c2ff360812c,
potato_bangladesh,Potato Leaf Disease Dataset/Viral PVY/aug_0_3370.jpg,aug_0_3370.jpg,.jpg,17160,224,224,Viral PVY,True,daf639fd765a5d4d366178a113ec16287150c4dd2dd03b34fd81c66af55e3a2c,e96a589d7255ea05,
potato_bangladesh,Potato Leaf Disease Dataset/Viral PVY/aug_0_5746.jpg,aug_0_5746.jpg,.jpg,16492,224,224,Viral PVY,True,c458881e90af68cc7bf6641f900beadf05192660e0c9d1f6a945f994fb4a17df,b81f58ef702097e2,
potato_bangladesh,Potato Leaf Disease Dataset/Viral PVY/aug_0_4705.jpg,aug_0_4705.jpg,.jpg,17217,224,224,Viral PVY,True,207aa3aaa2e3f2e0fe87357980aa2e88069e1b93ac381bbfccd879bfb8e4324c,f4eab196a613a98a,
potato_bangladesh,Potato Leaf Disease Dataset/Viral PVY/aug_0_7280.jpg,aug_0_7280.jpg,.jpg,15558,224,224,Viral PVY,True,88a000c0538601ff0ee9112f658310da0746742aca70c07679fe9cfc4de79579,9efd79f3419c5001,
potato_bangladesh,Potato Leaf Disease Dataset/Viral PVY/aug_0_4744.jpg,aug_0_4744.jpg,.jpg,17041,224,224,Viral PVY,True,a4e2c9904f0784abf6c1b1adbc028b026b61536b23de694be256c202315e6a9c,95456ba940b2f96e,
potato_bangladesh,Potato Leaf Disease Dataset/Viral PVY/aug_0_8776.jpg,aug_0_8776.jpg,.jpg,16265,224,224,Viral PVY,True,e4f41b746d7ee6c9e23da89082cb310950c93ea5ec0acf5c66975204f9b50316,9413438de0d6b53f,
potato_bangladesh,Potato Leaf Disease Dataset/Viral PVY/aug_0_5722.jpg,aug_0_5722.jpg,.jpg,16726,224,224,Viral PVY,True,d72145f827ca73b763585951af48e4a3c49d92bce22f8683b030a3dfd73b75b2,d4eb8f222a9d2c8e,
potato_bangladesh,Potato Leaf Disease Dataset/Viral PVY/aug_0_2023.jpg,aug_0_2023.jpg,.jpg,17471,224,224,Viral PVY,True,c9648545bef16281803598dd75927f586cf4b546b1dacf65db5701012f7fcaeb,919d463aca5c1e3b,
potato_bangladesh,Potato Leaf Disease Dataset/Viral PVY/aug_0_6096.jpg,aug_0_6096.jpg,.jpg,16895,224,224,Viral PVY,True,71981f44c468a4cdbbee5561d902f7c05836c47b2778daf8ba6e25c4486b7703,9a192945af7d8bd0,
potato_bangladesh,Potato Leaf Disease Dataset/Viral PVY/aug_0_2292.jpg,aug_0_2292.jpg,.jpg,16989,224,224,Viral PVY,True,9d8d2ece38442101feffc7e89205275d6b29e62ed8c3801060de860e7484782c,a7f197934c7a9b00,
potato_bangladesh,Potato Leaf Disease Dataset/Viral PVY/aug_0_8116.jpg,aug_0_8116.jpg,.jpg,14994,224,224,Viral PVY,True,3acaf8c305214caaaf8b68b6f64c769951fe5ce5b1fa7345372b783a85788abe,8eb4292c597af583,
potato_bangladesh,Potato Leaf Disease Dataset/Viral PVY/aug_0_8788.jpg,aug_0_8788.jpg,.jpg,16666,224,224,Viral PVY,True,93e2e4dffb86fcd2fca8ab2ffb19a7a8e8e9ce2a269b2cc7e4351df77077f0a4,b0e78c1e746c235e,
potato_bangladesh,Potato Leaf Disease Dataset/Viral PVY/aug_0_5056.jpg,aug_0_5056.jpg,.jpg,17073,224,224,Viral PVY,True,5c2d1d7bb239f812a43eece13d043342c89c7d8f307416797b88d63b32d774a2,83f0e1c3a2ec70fc,
potato_bangladesh,Potato Leaf Disease Dataset/Viral PVY/aug_0_9982.jpg,aug_0_9982.jpg,.jpg,17814,224,224,Viral PVY,True,01c7775c10b56b1072dfa9f2ec965509bc3a99d43f7c410c5a65bedd51ffebde,a49fad33e4742ca8,
potato_bangladesh,Potato Leaf Disease Dataset/Viral PVY/aug_0_8181.jpg,aug_0_8181.jpg,.jpg,17968,224,224,Viral PVY,True,ce9d17c33779ac1c26939699a62ebe40dea188c519e2da9534ed1727e32c33fd,a8a43e83fc0ee7c2,
potato_bangladesh,Potato Leaf Disease Dataset/Viral PVY/aug_0_8716.jpg,aug_0_8716.jpg,.jpg,15342,224,224,Viral PVY,True,3ac159fa9ac0b2f9ea074fe1aa360d05bfca8ba9b61e0cdc47e5bd69f82ee383,e326594fd8726649,
potato_bangladesh,Potato Leaf Disease Dataset/Viral PVY/aug_0_1046.jpg,aug_0_1046.jpg,.jpg,16511,224,224,Viral PVY,True,bc971cefb634edf64eecaf2922fcc60f4530eccca76fb077b4278f6784e685e1,cefe61b176194512,
potato_bangladesh,Potato Leaf Disease Dataset/Viral PVY/aug_0_2125.jpg,aug_0_2125.jpg,.jpg,16528,224,224,Viral PVY,True,efff75e42529fb78513ca8a047a9bc81b39899ce221a53238ee8f72720c0df06,e073cbe500ac2fe9,
potato_bangladesh,Potato Leaf Disease Dataset/Viral PVY/aug_0_2665.jpg,aug_0_2665.jpg,.jpg,17895,224,224,Viral PVY,True,597838ddc72227b8338c52d6fd16aa6ddf52a089ee591f98c34d9e20e9f30224,b0f63e90f8c2471b,
potato_bangladesh,Potato Leaf Disease Dataset/Viral PVY/aug_0_7323.jpg,aug_0_7323.jpg,.jpg,18003,224,224,Viral PVY,True,d567881706b66c5ea6968e1b8fa5639267af64e2f2e8656cc5384a995d193874,b3707b85e84750da,
potato_bangladesh,Potato Leaf Disease Dataset/Viral PVY/aug_0_1673.jpg,aug_0_1673.jpg,.jpg,17202,224,224,Viral PVY,True,df51faa1f05620bbf28e38979263d03478ea5780cf1bfd765747793457589372,a30b7f4ac34fc688,
potato_bangladesh,Potato Leaf Disease Dataset/Viral PVY/aug_0_1696.jpg,aug_0_1696.jpg,.jpg,17265,224,224,Viral PVY,True,3844f240f8f8aeb2579948882603ceaf50d104ffcce6c6c198601f2dd9ee0d86,c2b84be8d7769823,
potato_bangladesh,Potato Leaf Disease Dataset/Viral PVY/aug_0_6396.jpg,aug_0_6396.jpg,.jpg,17314,224,224,Viral PVY,True,1ecf8e9499f0e4b742ffa9e1888609ce79c126459b5c41518d3bb1f973cf9890,e5592a6189c8f4b7,
potato_bangladesh,Potato Leaf Disease Dataset/Viral PVY/aug_0_9460.jpg,aug_0_9460.jpg,.jpg,16521,224,224,Viral PVY,True,697839be0d7b46b244fb33bedee7c68129e286e027316cad87aa685cd8963026,8bbe7ed0d09435d0,
potato_bangladesh,Potato Leaf Disease Dataset/Viral PVY/aug_0_9149.jpg,aug_0_9149.jpg,.jpg,18943,224,224,Viral PVY,True,5c65cecd09abe285aa368736941d83f538feeb59ddb8c4e9dcde182e5afd377e,a5192221bce4f67e,
potato_bangladesh,Potato Leaf Disease Dataset/Viral PVY/aug_0_7817.jpg,aug_0_7817.jpg,.jpg,17765,224,224,Viral PVY,True,02a6801d98eb8f13295df3e01878aa8707f2bd41846ff9cdeadffd662657ff6b,cb4a16d8f8929fc2,
potato_bangladesh,Potato Leaf Disease Dataset/Viral PVY/aug_0_66.jpg,aug_0_66.jpg,.jpg,17848,224,224,Viral PVY,True,f8606abc7011df08f6bd9c435846df1aacd62baadabdb79319946f121a11a8fc,dc0340fce694dab9,
potato_bangladesh,Potato Leaf Disease Dataset/Viral PVY/aug_0_6031.jpg,aug_0_6031.jpg,.jpg,17440,224,224,Viral PVY,True,544a63c4ce625ec89c0eaf99d20e608fd2840b4f75f138c9695cf338aed243e9,ca4575fad3938b08,
potato_bangladesh,Potato Leaf Disease Dataset/Viral PVY/aug_0_9258.jpg,aug_0_9258.jpg,.jpg,16542,224,224,Viral PVY,True,cdefa61d0ac71ce335ffde2b6cd22223817d1be36a166262f1d58b93abac1b91,d6352de3659a7818,
potato_bangladesh,Potato Leaf Disease Dataset/Viral PVY/aug_0_6543.jpg,aug_0_6543.jpg,.jpg,16722,224,224,Viral PVY,True,83b5b2196e56f88e1f40801dd568d54f79a0e324168283910ce01f5ee3d74360,c843131b3e7f1c96,
potato_bangladesh,Potato Leaf Disease Dataset/Viral PVY/aug_0_9775.jpg,aug_0_9775.jpg,.jpg,17424,224,224,Viral PVY,True,cbd222ebc5d57ec5c23105b85e83c863ed6a7d6888993a549161c8fbea1fa445,da1d2941bc376d29,
potato_bangladesh,Potato Leaf Disease Dataset/Viral PVY/aug_0_6476.jpg,aug_0_6476.jpg,.jpg,16571,224,224,Viral PVY,True,674b6cee36de878822ea25508fd59b846f472a5fb1699b2561faf99a094baf83,861e78c29e4cdd1e,
potato_bangladesh,Potato Leaf Disease Dataset/Viral PVY/aug_0_8921.jpg,aug_0_8921.jpg,.jpg,17235,224,224,Viral PVY,True,8ba95892cacfcf89cb850bae18c2257cdeec19f4640cd7bb9b32e700b93fb75b,e8986872b8abad27,
potato_bangladesh,Potato Leaf Disease Dataset/Viral PVY/orig_1.jpg,orig_1.jpg,.jpg,20799,224,224,Viral PVY,False,bf3e9d54eb6435500a5ff025bf55b92eab0e2c9881abf8432978b9eb6d715726,c9603fd17845dec4,
potato_bangladesh,Potato Leaf Disease Dataset/Viral PVY/aug_0_4284.jpg,aug_0_4284.jpg,.jpg,16479,224,224,Viral PVY,True,23c8cb7e0e8599269e7b5d6e848d3e9a9d0a2301b32a8aa5733fb49746a0825e,de562953a455b855,
potato_bangladesh,Potato Leaf Disease Dataset/Viral PVY/aug_0_5218.jpg,aug_0_5218.jpg,.jpg,16341,224,224,Viral PVY,True,6899ac1275b81e81882d6401b20fd1fb239603269a93a37f2faa3601e4996192,9d0e4bfd8710616e,
potato_bangladesh,Potato Leaf Disease Dataset/Viral PVY/aug_0_7114.jpg,aug_0_7114.jpg,.jpg,16891,224,224,Viral PVY,True,46849adc539d683cc213070054be88e61a50db97e5c9d3ce8f4bbb84714e2d86,a8ba6ce0f1665d07,
potato_bangladesh,Potato Leaf Disease Dataset/Viral PVY/aug_0_8326.jpg,aug_0_8326.jpg,.jpg,16674,224,224,Viral PVY,True,1c43a690ecc71156f43e0ba53aa74b8400c6c2e8345631bdefcd3b0382239907,b8557213cb80baf9,
potato_bangladesh,Potato Leaf Disease Dataset/Viral PVY/aug_0_4702.jpg,aug_0_4702.jpg,.jpg,17937,224,224,Viral PVY,True,1680ffc52f0f04e5b76436f7bb427c63a4c455f472a21b847d17465f9d3b5d2b,a0743bb91e2cf16a,
potato_bangladesh,Potato Leaf Disease Dataset/Viral PVY/aug_0_4669.jpg,aug_0_4669.jpg,.jpg,18187,224,224,Viral PVY,True,7ba440ae4f9561d2e466aac3651ed2f704e51096d7138a3a19bff8805264cd87,cee361d6ec82e24a,
potato_bangladesh,Potato Leaf Disease Dataset/Viral PVY/aug_0_6974.jpg,aug_0_6974.jpg,.jpg,17972,224,224,Viral PVY,True,12d16fc21fe6e83f5d97118aaf63ddf8052920be8682353b39bf76bbfd9ed196,f51426b78530ade9,
potato_bangladesh,Potato Leaf Disease Dataset/Viral PVY/aug_0_1394.jpg,aug_0_1394.jpg,.jpg,16276,224,224,Viral PVY,True,3c39de0cb7e2f2e1de9507d73bc214f0adc2ed3edab725655ebac354c9ff198f,b1666e1f168c5e0d,
potato_bangladesh,Potato Leaf Disease Dataset/Viral PVY/aug_0_2167.jpg,aug_0_2167.jpg,.jpg,18476,224,224,Viral PVY,True,cd131833981f11486ffda14dfc4bd0e8dddea005ef01b6e92007cc278dceca75,8549131b579ef8d8,
potato_bangladesh,Potato Leaf Disease Dataset/Viral PVY/aug_0_653.jpg,aug_0_653.jpg,.jpg,16748,224,224,Viral PVY,True,fcf26d55bae44cfbc16c84aa1a4eb596c3ad430cdb2b63b4cbadc03182ba3530,954f6bcd62b3e022,
potato_bangladesh,Potato Leaf Disease Dataset/Viral PVY/aug_0_2643.jpg,aug_0_2643.jpg,.jpg,16596,224,224,Viral PVY,True,18933831382acdf803bf9dbb66bd470b86cd0ead38917de4220d9270776025d5,9bab346ca15d9d21,
potato_bangladesh,Potato Leaf Disease Dataset/Viral PVY/aug_0_3161.jpg,aug_0_3161.jpg,.jpg,15897,224,224,Viral PVY,True,5f5bccea52dbe26cc4bb5bc201580ecef9670fe6f6265773fb3c46d966adff1d,86e362bca6a6cb0d,
potato_bangladesh,Potato Leaf Disease Dataset/Viral PVY/aug_0_7153.jpg,aug_0_7153.jpg,.jpg,18232,224,224,Viral PVY,True,9cdd11861f54f9cb9557564874cbbb9c9e6ec1438e20e3cdf9fdba430a911733,8f485214ac7d7e74,
potato_bangladesh,Potato Leaf Disease Dataset/Viral PVY/aug_0_6790.jpg,aug_0_6790.jpg,.jpg,16155,224,224,Viral PVY,True,01fddb3b15b5377e6e0c3cb6f89916826184676395c06838fc6fe2cf53781df4,c8cb2153a8577f49,
potato_bangladesh,Potato Leaf Disease Dataset/Viral PVY/aug_0_8805.jpg,aug_0_8805.jpg,.jpg,16337,224,224,Viral PVY,True,c4541436a149a254607787149ef99bd72af4b6bd74b28e1e72be4170c57398f3,f28fac18a25356a7,
potato_bangladesh,Potato Leaf Disease Dataset/Viral PVY/aug_0_1907.jpg,aug_0_1907.jpg,.jpg,16736,224,224,Viral PVY,True,24ab185586f82f62abbd2232ed3de4bb483b0c33585c1edaee7b34e4d53c0162,b91e0de668724b65,
potato_bangladesh,Potato Leaf Disease Dataset/Viral PVY/aug_0_7442.jpg,aug_0_7442.jpg,.jpg,16056,224,224,Viral PVY,True,16c7078787cff5b8aaf5ef8428d70b3bd9e8b38252cc9c94e10dac075176b72e,89353ba3a2ce4fe0,
potato_bangladesh,Potato Leaf Disease Dataset/Viral PVY/aug_0_5771.jpg,aug_0_5771.jpg,.jpg,17316,224,224,Viral PVY,True,7cfc7e8280fbd964f56b5012ec02b6e66ac6da03fb5f38651e113df0d8d5c55d,ba0a3af6fc14250f,
potato_bangladesh,Potato Leaf Disease Dataset/Viral PVY/aug_0_7167.jpg,aug_0_7167.jpg,.jpg,18159,224,224,Viral PVY,True,923d5133e389089aa3444f8a4149bc15ea233ee2acadc05482fac68376e581f2,a59c633aed49601f,
potato_bangladesh,Potato Leaf Disease Dataset/Viral PVY/aug_0_6872.jpg,aug_0_6872.jpg,.jpg,17597,224,224,Viral PVY,True,f0a69761f4010d4dd7b4d796611420cb72f94ff8885b181100344a7bfd28cac1,f5312e999d70cd28,
potato_bangladesh,Potato Leaf Disease Dataset/Viral PVY/aug_0_5116.jpg,aug_0_5116.jpg,.jpg,17609,224,224,Viral PVY,True,518f6a98363e639cc66987046c1a8866d95759d942f1dd7c323a2375a88a5d71,e3d86e4eb80aeb84,
potato_bangladesh,Potato Leaf Disease Dataset/Viral PVY/aug_0_7624.jpg,aug_0_7624.jpg,.jpg,16248,224,224,Viral PVY,True,043027a8fec7e6876eec0a3b542a1f74c42b409885592b23e6df342491838aba,e79f58ab52c38056,
potato_bangladesh,Potato Leaf Disease Dataset/Viral PVY/aug_0_4923.jpg,aug_0_4923.jpg,.jpg,15025,224,224,Viral PVY,True,937e3ab7396cb54368034cf18c25b590e5dac5a76c863ab4e2b8ed999869832c,d2163cf9058aee4b,
potato_bangladesh,Potato Leaf Disease Dataset/Viral PVY/aug_0_5499.jpg,aug_0_5499.jpg,.jpg,17551,224,224,Viral PVY,True,85953921f40e04d03e15aa5320114bbec33d36e468c27a5a2cd5c4304b22d11e,db493ddad99c8a40,
potato_bangladesh,Potato Leaf Disease Dataset/Viral PVY/aug_0_1997.jpg,aug_0_1997.jpg,.jpg,17172,224,224,Viral PVY,True,3c6f88dc61bc43642c648dfc4afe9bdfab43e836ba34a75b7f5939eaaf1f002e,eab74f452156d14c,
potato_bangladesh,Potato Leaf Disease Dataset/Viral PVY/aug_0_4230.jpg,aug_0_4230.jpg,.jpg,17366,224,224,Viral PVY,True,40c7c5ed42d1859e2075706495def5bace1315d0d2e06fa02cf7ce43550c6e64,c19f3726cc78d2c4,
potato_bangladesh,Potato Leaf Disease Dataset/Viral PVY/aug_0_7871.jpg,aug_0_7871.jpg,.jpg,14497,224,224,Viral PVY,True,7f83398f4ac6565fecca8c3f0f91caafba1d121dc828580b766b50f3ff74f3ee,8bad2ea2b80b55d5,
potato_bangladesh,Potato Leaf Disease Dataset/Viral PVY/aug_0_1991.jpg,aug_0_1991.jpg,.jpg,16239,224,224,Viral PVY,True,eac78be2de07ce10434a07727a2a31026abc65829fa31e26699f01109cff2e17,db5b8156f943a429,
potato_bangladesh,Potato Leaf Disease Dataset/Viral PVY/aug_0_9624.jpg,aug_0_9624.jpg,.jpg,16535,224,224,Viral PVY,True,2518428bde9399426a2ed7ec022bb76dbf45b96b43db4ccc065b7de2e1c49238,b2206d1f736651e6,
potato_bangladesh,Potato Leaf Disease Dataset/Viral PVY/aug_0_6892.jpg,aug_0_6892.jpg,.jpg,15848,224,224,Viral PVY,True,ac2963700b626169842683d46a34cb5861647e2169cfeb3529ae8121f4f25e56,e6909e4f256456ad,
potato_bangladesh,Potato Leaf Disease Dataset/Viral PVY/aug_0_9407.jpg,aug_0_9407.jpg,.jpg,16046,224,224,Viral PVY,True,32d519cf808d4755944590fb1a94f3ee66705d445dcc98415d3dc897bff37264,c8bc5755ba658863,
potato_bangladesh,Potato Leaf Disease Dataset/Viral PVY/aug_0_6457.jpg,aug_0_6457.jpg,.jpg,18612,224,224,Viral PVY,True,747b8dd8fd11b77d41dff2362b8632962c4657e1ea93448d77aa64699a78ff4e,ac9c05eccd40fe65,
potato_bangladesh,Potato Leaf Disease Dataset/Viral PVY/aug_0_3187.jpg,aug_0_3187.jpg,.jpg,17001,224,224,Viral PVY,True,c05e42ab1444937eec2462117f911476212a57f8735b501d8c3a62932f43f648,a4722d13cdf6a28b,
potato_bangladesh,Potato Leaf Disease Dataset/Viral PVY/aug_0_2140.jpg,aug_0_2140.jpg,.jpg,15739,224,224,Viral PVY,True,ae29a80f55ac861ffa745245c475921ccbebd3dd6c2f8097841bf6d570a0e50d,db5b3668b142b45a,
potato_bangladesh,Potato Leaf Disease Dataset/Viral PVY/aug_0_2540.jpg,aug_0_2540.jpg,.jpg,18161,224,224,Viral PVY,True,8f4b93e413f4e6718149f82dd83efd3bedfba59d9b56802e00a5d38f1d1b2367,a20ef260cbf75c4c,
potato_bangladesh,Potato Leaf Disease Dataset/Viral PVY/aug_0_9877.jpg,aug_0_9877.jpg,.jpg,18501,224,224,Viral PVY,True,b463884d91c67cbe6c2f408164d8814359ea1f6e66308fc2e30ba12333f125d2,e56e2e4bbdc00b34,
potato_bangladesh,Potato Leaf Disease Dataset/Viral PVY/aug_0_1266.jpg,aug_0_1266.jpg,.jpg,17220,224,224,Viral PVY,True,534cd2fcab6e9257e37fa5e7084459438b0db6b4dcdf3657c47fd39ffef8378d,eab14e758ba72d80,
potato_bangladesh,Potato Leaf Disease Dataset/Viral PVY/aug_0_6972.jpg,aug_0_6972.jpg,.jpg,16958,224,224,Viral PVY,True,fa47fffccae2a65a37734b5a038f6d11dff73414ae209dbed10597bf0ad1113a,bbe146ebea114b28,
potato_bangladesh,Potato Leaf Disease Dataset/Viral PVY/aug_0_3656.jpg,aug_0_3656.jpg,.jpg,17606,224,224,Viral PVY,True,79aaa293b9a33a3f7f2047176b43fd8ec7107de7054e3e494c8f155915b06a2d,bd4f6339a8a0519e,
potato_bangladesh,Potato Leaf Disease Dataset/Viral PVY/aug_0_7062.jpg,aug_0_7062.jpg,.jpg,18281,224,224,Viral PVY,True,8a697021a52ef418da3613528e7980b3b8d7548a0c5e3f5e8f90a877d027b33b,e594c2223ab5cdea,
potato_bangladesh,Potato Leaf Disease Dataset/Viral PVY/aug_0_1366.jpg,aug_0_1366.jpg,.jpg,16035,224,224,Viral PVY,True,dfa40c70bcd583457f9a3c42493f0863e3a93f897d639f477b436c392e460554,961b7b430f352768,
potato_bangladesh,Potato Leaf Disease Dataset/Viral PVY/aug_0_107.jpg,aug_0_107.jpg,.jpg,17372,224,224,Viral PVY,True,7996175b258e4e3ebc163671460fb84c1d182437db664a29869e0107a9b07125,d8b44b33f0a178da,
potato_bangladesh,Potato Leaf Disease Dataset/Viral PVY/aug_0_8794.jpg,aug_0_8794.jpg,.jpg,18496,224,224,Viral PVY,True,75476c7a80b078687b4a868b537453450bfed24d3113da842a9ecf9232892ec0,d8166b2f1ca1aace,
potato_bangladesh,Potato Leaf Disease Dataset/Viral PVY/aug_0_3993.jpg,aug_0_3993.jpg,.jpg,16994,224,224,Viral PVY,True,7a0689f9cd6ec1aa172e9786ba420ded6415d22f785f0a201135e12013142e6c,f06348439317d7e3,
potato_bangladesh,Potato Leaf Disease Dataset/Viral PVY/aug_0_1017.jpg,aug_0_1017.jpg,.jpg,18092,224,224,Viral PVY,True,609cd9f9bf6255c39db91e3f7c430f3ebff97fd9d3d0485beb6cfd20e122dfa0,d60ea3492dc96c7a,
potato_bangladesh,Potato Leaf Disease Dataset/Viral PVY/aug_0_7560.jpg,aug_0_7560.jpg,.jpg,17936,224,224,Viral PVY,True,8064d4e6a2a32122cf3a48ca2f24008242ccb795d99d34fea8f45b5656972b93,e4274e5d69c1e196,
potato_bangladesh,Potato Leaf Disease Dataset/Viral PVY/aug_0_6707.jpg,aug_0_6707.jpg,.jpg,16649,224,224,Viral PVY,True,207138e9a6d0f728c50d36f7df1397c96022703c604595099780d5595adb689e,d64a2d16e39b9a4c,
potato_bangladesh,Potato Leaf Disease Dataset/Viral PVY/aug_0_117.jpg,aug_0_117.jpg,.jpg,16274,224,224,Viral PVY,True,650facabba5ac79a4787f8879ef6b7bf4593310dcecb095a3864a8726fd2f694,b9cd4077127955d2,
potato_bangladesh,Potato Leaf Disease Dataset/Viral PVY/aug_0_2513.jpg,aug_0_2513.jpg,.jpg,17881,224,224,Viral PVY,True,73e6bd7fc06f3e9e2672c9fc572e3664537c5f945e1ee04087ed2062acd59530,f5d562bf851494c8,
potato_bangladesh,Potato Leaf Disease Dataset/Viral PVY/aug_0_5374.jpg,aug_0_5374.jpg,.jpg,17143,224,224,Viral PVY,True,17d86b467c11725e2ed0957880db6ca73f4b4c7903f7e1359ceb9767bd1068d8,c93f27f90ab07c84,
potato_bangladesh,Potato Leaf Disease Dataset/Viral PVY/aug_0_7192.jpg,aug_0_7192.jpg,.jpg,15898,224,224,Viral PVY,True,15a6af48eb8e1b52853132aa0e073518e756c6bafe6b49e6ffbabc1a7b9e0460,e54cd9b42186f2f4,
potato_bangladesh,Potato Leaf Disease Dataset/Viral PVY/aug_0_1303.jpg,aug_0_1303.jpg,.jpg,16271,224,224,Viral PVY,True,5c6a62f1f3bb9a94bc7501a2afc3cc948b7df7a55cfdc9e18e9775026824cb26,8ab2228356affd8a,
potato_bangladesh,Potato Leaf Disease Dataset/Viral PVY/aug_0_7244.jpg,aug_0_7244.jpg,.jpg,16764,224,224,Viral PVY,True,4b3d72d86300adf98235e2ce71caa68938ca7f84af73d1a475e30b610b7982b3,8e4b2186514bddf9,
potato_bangladesh,Potato Leaf Disease Dataset/Viral PVY/aug_0_9682.jpg,aug_0_9682.jpg,.jpg,16407,224,224,Viral PVY,True,f6d2a4709ddf65e807cd03d9f97d87dc1147f05f964cc5a65e93488941bcf2c3,c3f868f2f6cc0895,
potato_bangladesh,Potato Leaf Disease Dataset/Viral PVY/aug_0_83.jpg,aug_0_83.jpg,.jpg,16622,224,224,Viral PVY,True,74d15230e90ff9249504c0d3edb726dd4d176c34461120fbd3463b4aebbb7f85,ebee27b0b844e286,
potato_bangladesh,Potato Leaf Disease Dataset/Viral PVY/aug_0_7911.jpg,aug_0_7911.jpg,.jpg,18574,224,224,Viral PVY,True,53addd79076fb6478f3fd166b3e561f2f5dfaebc636f049a8da083a407faa7b0,b4051da7e8ab60f3,
potato_bangladesh,Potato Leaf Disease Dataset/Viral PVY/aug_0_5657.jpg,aug_0_5657.jpg,.jpg,16911,224,224,Viral PVY,True,3f95e5078e28b4896e1d43f72764423057768b540c9f77161d18ac19dd6b82c2,c94a361f6d603976,
potato_bangladesh,Potato Leaf Disease Dataset/Viral PVY/aug_0_3684.jpg,aug_0_3684.jpg,.jpg,17212,224,224,Viral PVY,True,a94ff1a1ab40f78ae52b295b71b5ad96edef8da7142432e3fbb5329a04a5cf13,f29f4cf589e08a70,
potato_bangladesh,Potato Leaf Disease Dataset/Viral PVY/orig_0.jpg,orig_0.jpg,.jpg,21817,224,224,Viral PVY,False,be3fc61d2b9ad6de4991a3215115b94d4566e8a95c1d5f095de695662d13a159,a4643bc8ec87cbe8,
potato_bangladesh,Potato Leaf Disease Dataset/Viral PVY/aug_0_4932.jpg,aug_0_4932.jpg,.jpg,16948,224,224,Viral PVY,True,ffdbbbb7aad194447777b6f8e5af4a2c9640447aec1a3682dcdabc59205de13f,c04e58533fc71f46,
potato_bangladesh,Potato Leaf Disease Dataset/Viral PVY/aug_0_8149.jpg,aug_0_8149.jpg,.jpg,16822,224,224,Viral PVY,True,8729c77b58fd0b7b37a347fe0e918bb30983c7e835623bc8bcf7c51dfb9970db,b53a1110af877b59,
potato_bangladesh,Potato Leaf Disease Dataset/Viral PVY/aug_0_3372.jpg,aug_0_3372.jpg,.jpg,17490,224,224,Viral PVY,True,2aaf61f1c4b09a58562005c3df758b820d07df52b0d4382f1f16c61e6ac82eeb,8b4a245c9b5ceb4b,
potato_bangladesh,Potato Leaf Disease Dataset/Viral PVY/aug_0_6265.jpg,aug_0_6265.jpg,.jpg,17099,224,224,Viral PVY,True,50002aaf90403cdac0f09737f453d834431aa2781bb7c1e054e7ed7e255a8c68,de342a8499d39e55,
potato_bangladesh,Potato Leaf Disease Dataset/Viral PVY/aug_0_6171.jpg,aug_0_6171.jpg,.jpg,16892,224,224,Viral PVY,True,911cd6e10affebda301e1594834b59bd6145e5b7e1beaff0338ffcfe766ed10c,b781777a1b7848d0,
potato_bangladesh,Potato Leaf Disease Dataset/Viral PVY/aug_0_9584.jpg,aug_0_9584.jpg,.jpg,17490,224,224,Viral PVY,True,18c8bf77b39e6062e76c687c0ccbb6119a3c9db0def29e26a391f8bf0b1b4027,b7325c5fce88099a,
potato_bangladesh,Potato Leaf Disease Dataset/Viral PVY/aug_0_1753.jpg,aug_0_1753.jpg,.jpg,15466,224,224,Viral PVY,True,b7b48b48ee7daa7f81de58396a0c2c6e2348198cc1d0a57bf582097b384fc43b,c70fe339e516f102,
potato_bangladesh,Potato Leaf Disease Dataset/Viral PVY/aug_0_680.jpg,aug_0_680.jpg,.jpg,16977,224,224,Viral PVY,True,5ff3666e56942ca1c1c3952d41143db6fc264cc4f3716b03782e2828da37a3c4,e533f4183df65504,
potato_bangladesh,Potato Leaf Disease Dataset/Viral PVY/aug_0_1862.jpg,aug_0_1862.jpg,.jpg,17329,224,224,Viral PVY,True,4275d5127ff55a50d5807bef16e13ce97f805bc192cd6b27ab4c04d2078f33ad,b45415adaf68f093,
potato_bangladesh,Potato Leaf Disease Dataset/Viral PVY/aug_0_8027.jpg,aug_0_8027.jpg,.jpg,18982,224,224,Viral PVY,True,ac81c231a3626d145f5331824a7338ce22ba4967764cf1b43cedd7a14f1c47c0,e5510e233bb50fc9,
potato_bangladesh,Potato Leaf Disease Dataset/Viral PVY/aug_0_4021.jpg,aug_0_4021.jpg,.jpg,16901,224,224,Viral PVY,True,26dc3c3f850dc19ec372451128cb511baef0fd59bcb899ccf7df7ae2acf886f8,b7361d57c442aaca,
potato_bangladesh,Potato Leaf Disease Dataset/Viral PVY/aug_0_7670.jpg,aug_0_7670.jpg,.jpg,15707,224,224,Viral PVY,True,8370fc57cf3106fe8fc0c8d8f90b4165b4e29ee4030b9be1263d51767fdf6d1c,f661ad4c2be802f5,
potato_bangladesh,Potato Leaf Disease Dataset/Viral PVY/aug_0_1294.jpg,aug_0_1294.jpg,.jpg,16127,224,224,Viral PVY,True,ade903c11d57c38f53873984f53b706529a4c13ab4d30fd8de775db3fc75f43a,d2693c0ee39a174b,
potato_bangladesh,Potato Leaf Disease Dataset/Viral PVY/aug_0_3840.jpg,aug_0_3840.jpg,.jpg,17053,224,224,Viral PVY,True,ef47e18ba378264657b59984327da12ee5914acd437a3e555c8835fb60246e16,d5ccb4e2be01552b,
potato_bangladesh,Potato Leaf Disease Dataset/Viral PVY/aug_0_2305.jpg,aug_0_2305.jpg,.jpg,17493,224,224,Viral PVY,True,70d94306cfe78d6283df2205121d32e48b65f3dac6b525ecd9e61129b1946bb6,c8b393d0bec7b046,
potato_bangladesh,Potato Leaf Disease Dataset/Viral PVY/aug_0_5573.jpg,aug_0_5573.jpg,.jpg,17490,224,224,Viral PVY,True,5a2504d4cd8b19891737fcad812ec8181ba0f55a586560a8ab752874279f91d1,e8e427b1b80b3cd9,
potato_bangladesh,Potato Leaf Disease Dataset/Viral PVY/aug_0_4292.jpg,aug_0_4292.jpg,.jpg,17044,224,224,Viral PVY,True,744f3974980b15f58e9786967db114eaf72bbf07e48e20452dd069ce289689c6,f4a062c655996fac,
potato_bangladesh,Potato Leaf Disease Dataset/Viral PVY/aug_0_2570.jpg,aug_0_2570.jpg,.jpg,17077,224,224,Viral PVY,True,d0b1029210f5513a67e97b9ce3d9c70e086325a79c422a7602168d5dcac34817,9ae0987221f1ef9c,
potato_bangladesh,Potato Leaf Disease Dataset/Viral PVY/aug_0_2087.jpg,aug_0_2087.jpg,.jpg,18055,224,224,Viral PVY,True,f66cdcdf07743a184f25534fa7828381f3f5c41fbec23be8db7e73d650d19476,e5994072aacafc27,
potato_bangladesh,Potato Leaf Disease Dataset/Viral PVY/aug_0_3763.jpg,aug_0_3763.jpg,.jpg,16236,224,224,Viral PVY,True,6a9b1bcd6166e016495f2c164f8d670f902dd46bf4ed96a82c7fb52c5d51c0c2,b2762e4de2a8e8e4,
potato_bangladesh,Potato Leaf Disease Dataset/Viral PVY/aug_0_682.jpg,aug_0_682.jpg,.jpg,18364,224,224,Viral PVY,True,efdf614366b6824c88fa7d80a6479a8a012f5c2d72209eb488031b321f0d39db,f0e696f31a25582d,
potato_bangladesh,Potato Leaf Disease Dataset/Viral PVY/aug_0_4266.jpg,aug_0_4266.jpg,.jpg,17306,224,224,Viral PVY,True,500810ee65787616593f398b570a13df04c8dfd99d9023fa3185420e8907b74a,b2320c04d776ee6e,
potato_bangladesh,Potato Leaf Disease Dataset/Viral PVY/aug_0_282.jpg,aug_0_282.jpg,.jpg,16069,224,224,Viral PVY,True,c7817d5e8048d303c9842e0f3178b24724cb1029f2793f09d9c16a59d8621fa5,daa6e93bda279082,
potato_bangladesh,Potato Leaf Disease Dataset/Viral PVY/aug_0_4917.jpg,aug_0_4917.jpg,.jpg,17616,224,224,Viral PVY,True,0b49bdce03b643818efb2531a9eb10a937131ab22d7cfef779ef0c960f46a373,a4601bcaeda3c9ec,
potato_bangladesh,Potato Leaf Disease Dataset/Viral PVY/aug_0_7519.jpg,aug_0_7519.jpg,.jpg,15096,224,224,Viral PVY,True,436660b420bcec280737dd7c6408810dc5d472fb08ca12adbc8bf91edea1768e,e7d363b211ec06a6,
potato_bangladesh,Potato Leaf Disease Dataset/Viral PVY/aug_0_2655.jpg,aug_0_2655.jpg,.jpg,16982,224,224,Viral PVY,True,e65403d300d63375f85c8d318d71fbb44103efb93febaf5e14eadc946e2d8b91,e4e6a150addf0b4c,
potato_bangladesh,Potato Leaf Disease Dataset/Viral PVY/aug_0_2380.jpg,aug_0_2380.jpg,.jpg,17960,224,224,Viral PVY,True,a701062464d318f216180435cacc3c420fe328de93ab497dfad3b87f9f9b143c,9d1f021a7b532ba5,
potato_bangladesh,Potato Leaf Disease Dataset/Viral PVY/aug_0_1006.jpg,aug_0_1006.jpg,.jpg,17028,224,224,Viral PVY,True,3b69ae26ce6848b59077e26501349377627f550a738d06e9808737ecadf88283,a68fb6ee44a8fc80,
potato_bangladesh,Potato Leaf Disease Dataset/Viral PVY/aug_0_4731.jpg,aug_0_4731.jpg,.jpg,16457,224,224,Viral PVY,True,1b02f13e34c6587771e9015bde264ab696d7fb6ccacbe8ba652e825e28b23ce2,954d73af4d3481e4,
potato_bangladesh,Potato Leaf Disease Dataset/Viral PVY/aug_0_9002.jpg,aug_0_9002.jpg,.jpg,17175,224,224,Viral PVY,True,71948ca357ea65a23d4826812334efb40f5fed3e677c45bbb0c50e7c9ec1db8d,8bb53ea8f902bb21,
potato_bangladesh,Potato Leaf Disease Dataset/Viral PVY/aug_0_9500.jpg,aug_0_9500.jpg,.jpg,16934,224,224,Viral PVY,True,9fe747ea1fb80e236eff1322d7e155d09d101cedcd0c334ac703658621011c2c,e0c837661e1fb19c,
potato_bangladesh,Potato Leaf Disease Dataset/Viral PVY/aug_0_5850.jpg,aug_0_5850.jpg,.jpg,14060,224,224,Viral PVY,True,fe5c56a82e0a06edd1bc3c4104061f9515fb58dd2161fef93f76d32c33bf1f3b,93e1e079dc012bee,
potato_bangladesh,Potato Leaf Disease Dataset/Viral PVY/aug_0_3385.jpg,aug_0_3385.jpg,.jpg,17698,224,224,Viral PVY,True,56cf031f9b7fe1061e27fc50f69b95cd0e4fa0d41d7a9f12ed65e451ed2b01fb,f54e23691b44c4f6,
potato_bangladesh,Potato Leaf Disease Dataset/Viral PVY/aug_0_1654.jpg,aug_0_1654.jpg,.jpg,16214,224,224,Viral PVY,True,7a218c5d9448a89c6565b1b54cb66df792359431a75fb2d654038232e73d8aa7,9a1d29c3a77e458a,
potato_bangladesh,Potato Leaf Disease Dataset/Viral PVY/aug_0_3772.jpg,aug_0_3772.jpg,.jpg,17800,224,224,Viral PVY,True,a6aa39c87014334b203e2c2fa679377465d8cbe68601913d4886c490465c37ac,a04b3b236ea9cba9,
potato_bangladesh,Potato Leaf Disease Dataset/Viral PVY/aug_0_718.jpg,aug_0_718.jpg,.jpg,18041,224,224,Viral PVY,True,4a32256a95d9caae198720b6653cec1a43d7cb6f4ad3f12e8e727a946b928512,81e0f4d2dd4eaf18,
potato_bangladesh,Potato Leaf Disease Dataset/Viral PVY/aug_0_7440.jpg,aug_0_7440.jpg,.jpg,17048,224,224,Viral PVY,True,614f8a367387643fd4049b89d2a30bc1ce4fa3168ee26de3f0edf548c041ae13,9d9576440e2e7c56,
potato_bangladesh,Potato Leaf Disease Dataset/Viral PVY/aug_0_7094.jpg,aug_0_7094.jpg,.jpg,18019,224,224,Viral PVY,True,5a0e27e9a3a4e452f9629be82f9fc0f868d8e27d3765852c2ed6cf75e659975a,debe6101f619cb21,
potato_bangladesh,Potato Leaf Disease Dataset/Viral PVY/aug_0_4976.jpg,aug_0_4976.jpg,.jpg,17732,224,224,Viral PVY,True,6249515c5a9bf81f23e47d2ff4c72e772d3186f104de55980e35171dcb04610b,c44f1896bd7ce145,
potato_bangladesh,Potato Leaf Disease Dataset/Viral PVY/aug_0_3587.jpg,aug_0_3587.jpg,.jpg,16740,224,224,Viral PVY,True,2844cac819ecea67e0b2cba9ee3661090b2fb416075e6fbc7356948ae98c31eb,b99f66325b84e0aa,
potato_bangladesh,Potato Leaf Disease Dataset/Viral PVY/aug_0_6132.jpg,aug_0_6132.jpg,.jpg,17803,224,224,Viral PVY,True,5fc975242fb9dc453e329407eba4e5ff825fd9f92fb3af7c0a20c44a2ef40fad,9ce343d6d9c450c7,
potato_bangladesh,Potato Leaf Disease Dataset/Viral PVY/aug_0_104.jpg,aug_0_104.jpg,.jpg,19098,224,224,Viral PVY,True,b9ab0053cf271151ebc7074cddd85cfbddf37389e44c434bdd6261ce8e57e586,f65ea13e96931384,
potato_bangladesh,Potato Leaf Disease Dataset/Viral PVY/aug_0_4625.jpg,aug_0_4625.jpg,.jpg,16890,224,224,Viral PVY,True,fb48df0a2d49c27650cbb29b6304bd5616b3f7d933e62a7b46484ec71e8dcd19,9d034bcda5c3cacc,
potato_bangladesh,Potato Leaf Disease Dataset/Viral PVY/aug_0_4671.jpg,aug_0_4671.jpg,.jpg,16572,224,224,Viral PVY,True,ca633d8e81d7faf40a6c6de6152bf72e6b9a4f350efd0f6838e77257d211427e,863e6817accdce32,
potato_bangladesh,Potato Leaf Disease Dataset/Viral PVY/aug_0_5266.jpg,aug_0_5266.jpg,.jpg,16140,224,224,Viral PVY,True,42e3196faf71c16ad0ad71c05424273f56d64795f30ba0c27573ed3a0d66aa8d,e3ef195851f824c3,
potato_bangladesh,Potato Leaf Disease Dataset/Viral PVY/aug_0_9381.jpg,aug_0_9381.jpg,.jpg,16560,224,224,Viral PVY,True,91559e2dad452b306b1c50ea3f50e4b700c3898709f3ed82dbe030203d876f2d,93cb392c1ea3655c,
potato_bangladesh,Potato Leaf Disease Dataset/Viral PVY/aug_0_3548.jpg,aug_0_3548.jpg,.jpg,16134,224,224,Viral PVY,True,d4ecc5a58b1e6ddb95694350219e0059f6de4858e0e9ab36af79b8df6b00c528,fc6b2ba9a0226aa7,
potato_bangladesh,Potato Leaf Disease Dataset/Viral PVY/aug_0_4733.jpg,aug_0_4733.jpg,.jpg,16343,224,224,Viral PVY,True,4308c848d753f8de62a6abdb5880562a4b49806242f476aba9e5b1ceacd775e3,bd1eadf21981a0b6,
potato_bangladesh,Potato Leaf Disease Dataset/Viral PVY/aug_0_3979.jpg,aug_0_3979.jpg,.jpg,16256,224,224,Viral PVY,True,fe72bf123af5d41985d5722bf271dabacfd142ce678ac9cf19e38449868f2244,f527d89186bdf050,
potato_bangladesh,Potato Leaf Disease Dataset/Viral PVY/aug_0_1617.jpg,aug_0_1617.jpg,.jpg,15869,224,224,Viral PVY,True,fe7ab1f57d647a8a1d4ee36fbb09d20ce90251b557b0a66da15f0793abf55958,8f306bd2e64b11f4,
potato_bangladesh,Potato Leaf Disease Dataset/Viral PVY/aug_0_7320.jpg,aug_0_7320.jpg,.jpg,16963,224,224,Viral PVY,True,91e43092028f92a5120cd50574af50a81d050dbeb9e7a9bfac9bc08ec8e3c5c5,ebb867bd8f2500d0,
potato_bangladesh,Potato Leaf Disease Dataset/Viral PVY/aug_0_7220.jpg,aug_0_7220.jpg,.jpg,16609,224,224,Viral PVY,True,e21b93954a05229dd8ba2ac18e8806e2f56556f52fa1b01b8ce24289459222af,b376244ce38dd546,
potato_bangladesh,Potato Leaf Disease Dataset/Viral PVY/aug_0_5223.jpg,aug_0_5223.jpg,.jpg,16025,224,224,Viral PVY,True,adc201751dc06a57331bf1011600105ecb05779f3522d98a779a443e6b209f01,a32af9b0b5fd3140,
potato_bangladesh,Potato Leaf Disease Dataset/Viral PVY/aug_0_9155.jpg,aug_0_9155.jpg,.jpg,17267,224,224,Viral PVY,True,6f4ee382619a21e6df26f2380e32a3dba3e955630fbcc623ac9ecfdd2e603bcc,bfcd9e5070704369,
potato_bangladesh,Potato Leaf Disease Dataset/Viral PVY/aug_0_8907.jpg,aug_0_8907.jpg,.jpg,17323,224,224,Viral PVY,True,7ce8298e0844861d2610fb2c251e9950b3e7443347782713f3d89762ffcbab82,b049b377261c1f35,
potato_bangladesh,Potato Leaf Disease Dataset/Viral PVY/aug_0_897.jpg,aug_0_897.jpg,.jpg,16656,224,224,Viral PVY,True,c905ee65ecb9f3b5bb70298a6970f5e16a499c07d5edcd6bfc5046e468563351,9d96635b4b132a2d,
potato_bangladesh,Potato Leaf Disease Dataset/Viral PVY/aug_0_4749.jpg,aug_0_4749.jpg,.jpg,17857,224,224,Viral PVY,True,f549df79d858b6b18ba6e80e296027d4f0bdc4b070a56c9e68365b79322c9d10,a1f230d7ab454ab9,
potato_bangladesh,Potato Leaf Disease Dataset/Viral PVY/aug_0_6371.jpg,aug_0_6371.jpg,.jpg,16036,224,224,Viral PVY,True,8afd5c8a24c47ce965485a089d4af160aaca6b3f5c3e7d9427f3e59935959332,badd01ec24327b96,
potato_bangladesh,Potato Leaf Disease Dataset/Viral PVY/aug_0_3135.jpg,aug_0_3135.jpg,.jpg,17192,224,224,Viral PVY,True,34d7d75735dcc3e1e83179d3ea70c9449fcc37b5b57c0e5e6b84b09e92177c9a,b2dd5d61b07a9981,
potato_bangladesh,Potato Leaf Disease Dataset/Viral PVY/aug_0_4252.jpg,aug_0_4252.jpg,.jpg,17896,224,224,Viral PVY,True,5cabf6d59915a44e7d7f0ca1967c10478721f8a97846c3393a4d1c8c49aa59e2,83f0e034c7b9c766,
potato_bangladesh,Potato Leaf Disease Dataset/Viral PVY/aug_0_3363.jpg,aug_0_3363.jpg,.jpg,16516,224,224,Viral PVY,True,24e98eb7ddda23a59cd844ba76221374bd83497005df0779f3ec6a65b9de2935,b68d38b26745aa1b,
potato_bangladesh,Potato Leaf Disease Dataset/Viral PVY/aug_0_5560.jpg,aug_0_5560.jpg,.jpg,17680,224,224,Viral PVY,True,18f78854f97096fbc797ef4f663508d675a1f1bf314e155b3362e1af0d426881,a22572ba81ea07f7,
potato_bangladesh,Potato Leaf Disease Dataset/Viral PVY/aug_0_8199.jpg,aug_0_8199.jpg,.jpg,16663,224,224,Viral PVY,True,a010b7cc9b04522105b9afded6401a4fe80bfad0c9a30d2ca46af03466e5d9ea,f850a3628fa85faa,
potato_bangladesh,Potato Leaf Disease Dataset/Viral PVY/aug_0_909.jpg,aug_0_909.jpg,.jpg,19573,224,224,Viral PVY,True,1dabf8d138fe0644e05329635016aee862db2f3904199fcbf33afe3b81442962,a30f7160ebd66c46,
potato_bangladesh,Potato Leaf Disease Dataset/Viral PVY/aug_0_4023.jpg,aug_0_4023.jpg,.jpg,16743,224,224,Viral PVY,True,14978e074d31fce5be9143401b41367b27b3a1500c1d3a70f1f5dd87514566a3,c8e8bc46f3b0658b,
potato_bangladesh,Potato Leaf Disease Dataset/Viral PVY/aug_0_4973.jpg,aug_0_4973.jpg,.jpg,15707,224,224,Viral PVY,True,08ffd0e21d0ab63f85284d98a93ff4281eae718cfcc4dc6ff99044352db22337,9699393933e161ba,
potato_bangladesh,Potato Leaf Disease Dataset/Viral PVY/aug_0_4551.jpg,aug_0_4551.jpg,.jpg,17842,224,224,Viral PVY,True,84524c95de5e98de54242df727148234a5c7deb115585cf0b8ee211978d8ce91,9fe0441b20f59f87,
potato_bangladesh,Potato Leaf Disease Dataset/Viral PVY/aug_0_149.jpg,aug_0_149.jpg,.jpg,16620,224,224,Viral PVY,True,fccce8e6713d0c69e8a83138abbcdca97d1d3aa4569335d66eac83427289b4f0,b5ce627213ec86a5,
potato_bangladesh,Potato Leaf Disease Dataset/Viral PVY/aug_0_3871.jpg,aug_0_3871.jpg,.jpg,15886,224,224,Viral PVY,True,b0732c1756dffffda02c733abff7c899731644eb4a5d79cabeab64343c44b971,c2b36c19720fe317,
potato_bangladesh,Potato Leaf Disease Dataset/Viral PVY/aug_0_9928.jpg,aug_0_9928.jpg,.jpg,17960,224,224,Viral PVY,True,501c07140d4fa773ed84cda43b25a0ca245e70c8e9af5e788a04f556a055c9d2,d055b44f9b09bb46,
potato_bangladesh,Potato Leaf Disease Dataset/Viral PVY/aug_0_8754.jpg,aug_0_8754.jpg,.jpg,17053,224,224,Viral PVY,True,8c3882fa577de0a7fb73d8cefeb3493d37ad8617537c993da2f60c215c86619d,9dc94273882e8f5e,
potato_bangladesh,Potato Leaf Disease Dataset/Viral PVY/aug_0_466.jpg,aug_0_466.jpg,.jpg,15102,224,224,Viral PVY,True,35aa5e848d16d07ec8019a5428eb97e3d60fd2d869df3814f47687ddec678c24,f2c06d1fac2b4cac,
potato_bangladesh,Potato Leaf Disease Dataset/Viral PVY/aug_0_6151.jpg,aug_0_6151.jpg,.jpg,16566,224,224,Viral PVY,True,3d5bf58180f11b6b44bb4c5c251f7a9a01fa66020216f6258e7d95b0678c7225,cc1516bcb9ab426d,
potato_bangladesh,Potato Leaf Disease Dataset/Viral PVY/aug_0_8819.jpg,aug_0_8819.jpg,.jpg,16413,224,224,Viral PVY,True,dc9054e938e1fefc71805e051a7c3917cf1803376ec83656d09fc8f526be2bf6,e54848c79bc7c137,
potato_bangladesh,Potato Leaf Disease Dataset/Viral PVY/aug_0_9073.jpg,aug_0_9073.jpg,.jpg,16363,224,224,Viral PVY,True,b883c5d47008636ee74192d1fe00c9b558c7f6f4996a7c08e8c815886d5fb366,ce4168ee72f24347,
potato_bangladesh,Potato Leaf Disease Dataset/Viral PVY/aug_0_5964.jpg,aug_0_5964.jpg,.jpg,15848,224,224,Viral PVY,True,497de901b0e1e311642a197f58f74d81cd05a17ffd473e6dba74afc0cb3189be,c37839174b3312fc,
potato_bangladesh,Potato Leaf Disease Dataset/Viral PVY/aug_0_2709.jpg,aug_0_2709.jpg,.jpg,16179,224,224,Viral PVY,True,1f814affd5522cc70c70f12274b6869aae07d9e374f721bcc1698b4efaef03cd,e2b14d45785e895e,
potato_bangladesh,Potato Leaf Disease Dataset/Viral PVY/aug_0_7597.jpg,aug_0_7597.jpg,.jpg,16176,224,224,Viral PVY,True,1f4369dc923e0f88a2fefea48432da42c7266851a334415eef5540e708515523,96e4437bf82d34d0,
potato_bangladesh,Potato Leaf Disease Dataset/Viral PVY/aug_0_577.jpg,aug_0_577.jpg,.jpg,17473,224,224,Viral PVY,True,73b94a030f270762b2cd30fa44c859a8625cde572cd96f9618399d03d13207fb,941b0648fb5b67e2,
potato_bangladesh,Potato Leaf Disease Dataset/Viral PVY/aug_0_8704.jpg,aug_0_8704.jpg,.jpg,16056,224,224,Viral PVY,True,a2d5678e9d136e31948f0589f1d13e692ea80d453d20a4c65aa1b708279447b0,ec634ed8df186149,
potato_bangladesh,Potato Leaf Disease Dataset/Viral PVY/aug_0_6628.jpg,aug_0_6628.jpg,.jpg,16674,224,224,Viral PVY,True,19f4c9f35cbd63cef861ce933d2dc7057c5fd216a3c2133ca328d15769a135bd,933d3983a2945ec7,
potato_bangladesh,Potato Leaf Disease Dataset/Viral PVY/aug_0_8988.jpg,aug_0_8988.jpg,.jpg,17039,224,224,Viral PVY,True,95d2010d2781d7f2f8ba282d15d2207652e7ca0af4e8e57840d9a7838671cb8a,e3205b1c1266dfb5,
potato_bangladesh,Potato Leaf Disease Dataset/Viral PVY/aug_0_4326.jpg,aug_0_4326.jpg,.jpg,18102,224,224,Viral PVY,True,50f1ba33ef88a9dfb5b02eccab1cb49e0da88e89e0bd661b0266158c3bce8a00,8b5bb439a82ba7a2,
potato_bangladesh,Potato Leaf Disease Dataset/Viral PVY/aug_0_9129.jpg,aug_0_9129.jpg,.jpg,17644,224,224,Viral PVY,True,0c91aa2b5d5f269a2aaf0586f6236c4edfa80e1d183414942e2629d249982c0c,d64a2d16661992bf,
potato_bangladesh,Potato Leaf Disease Dataset/Viral PVY/aug_0_648.jpg,aug_0_648.jpg,.jpg,15057,224,224,Viral PVY,True,40f578db4effec44583e1c1ba1f54ae2ac1edcd51bb753bde9b50794c6e02586,a6dab14ce9ec4e81,
potato_bangladesh,Potato Leaf Disease Dataset/Viral PVY/aug_0_8702.jpg,aug_0_8702.jpg,.jpg,14635,224,224,Viral PVY,True,0b433f71e702f3308d6d512c172fbe48d1bfe48e077db8bc3353ab88319227fc,8bacaca3d85d5651,
potato_bangladesh,Potato Leaf Disease Dataset/Viral PVY/aug_0_9402.jpg,aug_0_9402.jpg,.jpg,17760,224,224,Viral PVY,True,bb9279259712255d4297919e36dff5c1443cdfa9e27408a66511d7ddf1681f6f,e24092ceb76c353d,
potato_bangladesh,Potato Leaf Disease Dataset/Viral PVY/aug_0_5620.jpg,aug_0_5620.jpg,.jpg,16233,224,224,Viral PVY,True,5b1fe3beb554c87461c8ba1fd0d9eb02d4d79f8edbe3692364504b0b8cd7a360,daaee939d48541d1,
potato_bangladesh,Potato Leaf Disease Dataset/Fungal Late Blight/aug_0_4489.jpg,aug_0_4489.jpg,.jpg,12556,224,224,Fungal Late Blight,True,73a13700434302a86053e817e8a37cff1141b8c0f77ea0ea9dd54b8b6fe66ff0,ca6b9559e358a711,
potato_bangladesh,Potato Leaf Disease Dataset/Fungal Late Blight/aug_0_5484.jpg,aug_0_5484.jpg,.jpg,17236,224,224,Fungal Late Blight,True,b5580430de41935edfb32a8f7516e5f9cc7244eeca0ca5612a5ce2f9b5262c29,d0841f475535657d,
potato_bangladesh,Potato Leaf Disease Dataset/Fungal Late Blight/aug_0_3844.jpg,aug_0_3844.jpg,.jpg,14900,224,224,Fungal Late Blight,True,7bb5ad3ff19f785950796a62c3127272c00450356d1eb6629960592a9d74cf0b,b9b81abea8965a2c,
potato_bangladesh,Potato Leaf Disease Dataset/Fungal Late Blight/aug_0_7881.jpg,aug_0_7881.jpg,.jpg,13192,224,224,Fungal Late Blight,True,f67b99f10995540f74b37043440ce2c76a494001c4d41d2a978739ccee39f201,df327813a58cbd42,
potato_bangladesh,Potato Leaf Disease Dataset/Fungal Late Blight/aug_0_2904.jpg,aug_0_2904.jpg,.jpg,11740,224,224,Fungal Late Blight,True,50d622886fc434eb5196e3c0358270880362326bdd4ad84ea286fbac819b95ed,c2434adbd3a9a2e5,
potato_bangladesh,Potato Leaf Disease Dataset/Fungal Late Blight/aug_0_5198.jpg,aug_0_5198.jpg,.jpg,18092,224,224,Fungal Late Blight,True,f7ae91023efaed188f82ce84f385180104bb3a9efe1c99a1ce7e2591629e7ec7,a0b6491a0c96fdf3,
potato_bangladesh,Potato Leaf Disease Dataset/Fungal Late Blight/aug_0_8496.jpg,aug_0_8496.jpg,.jpg,15803,224,224,Fungal Late Blight,True,44f2c7e2b376e180b8d9ac8abef273ac9dc90a943842190c875db6f31e8a543c,d5a53c6a4587eb06,
potato_bangladesh,Potato Leaf Disease Dataset/Fungal Late Blight/aug_0_6942.jpg,aug_0_6942.jpg,.jpg,17228,224,224,Fungal Late Blight,True,0c240bd190dc055f66c75010789eb11f06a4edf3b5fb2a834ccfd343116b8950,d1ceafa61431fa42,
potato_bangladesh,Potato Leaf Disease Dataset/Fungal Late Blight/aug_0_7391.jpg,aug_0_7391.jpg,.jpg,15589,224,224,Fungal Late Blight,True,ba9e8b5defe457178df8b6399486d691171b3742dfbe6ad01950689ab7ab354b,8612eeefa690dc07,
potato_bangladesh,Potato Leaf Disease Dataset/Fungal Late Blight/aug_0_1712.jpg,aug_0_1712.jpg,.jpg,17867,224,224,Fungal Late Blight,True,3c686f7bda9dadf1197834ae9346088ec2f140e50b8b9d2fa30ca58ae4b28b49,b48bee3f2d4850d8,
potato_bangladesh,Potato Leaf Disease Dataset/Fungal Late Blight/aug_0_4302.jpg,aug_0_4302.jpg,.jpg,13485,224,224,Fungal Late Blight,True,e747c0818e0409fe22dca08008ecede48f88402afad28912d9dce609818ec8f5,bfa20b5b6874906e,
potato_bangladesh,Potato Leaf Disease Dataset/Fungal Late Blight/aug_0_8381.jpg,aug_0_8381.jpg,.jpg,13358,224,224,Fungal Late Blight,True,a063c9dc82dcdab97a1b206832e4c9f0b32172c4e6e71b8c2d24da7b5e177d81,93020d1e3feab5d4,
potato_bangladesh,Potato Leaf Disease Dataset/Fungal Late Blight/aug_0_1586.jpg,aug_0_1586.jpg,.jpg,11307,224,224,Fungal Late Blight,True,3620a3984f46600a317f077834695dd6dc992c6381596a1056c1d2ed147941d7,dc171bae5369b414,
potato_bangladesh,Potato Leaf Disease Dataset/Fungal Late Blight/aug_0_1748.jpg,aug_0_1748.jpg,.jpg,16637,224,224,Fungal Late Blight,True,2cb7c41e2f06a38d81521a4e9cf8ef148eb64ff182a71e8275761dcd25b50c85,9fb0d331425b067b,
potato_bangladesh,Potato Leaf Disease Dataset/Fungal Late Blight/aug_0_496.jpg,aug_0_496.jpg,.jpg,16634,224,224,Fungal Late Blight,True,6fbc8efc076adee18bfe8cb8aa8044f814f06bec3ce07e4f617b571f20b3f811,ad01cb76e61d18e3,
potato_bangladesh,Potato Leaf Disease Dataset/Fungal Late Blight/aug_0_6408.jpg,aug_0_6408.jpg,.jpg,15411,224,224,Fungal Late Blight,True,ac4d34b96df27090e293433e39d0118deeb1c93e6ebfb2b43d88440aba86cbfd,99f1e6f399d42007,
potato_bangladesh,Potato Leaf Disease Dataset/Fungal Late Blight/aug_0_9617.jpg,aug_0_9617.jpg,.jpg,16978,224,224,Fungal Late Blight,True,540e6aaa9fb8abfe871dd5b290cd787f2c4ab3442933d709f0b3756a1104fb35,8bfea10d01cbfa85,
potato_bangladesh,Potato Leaf Disease Dataset/Fungal Late Blight/aug_0_3263.jpg,aug_0_3263.jpg,.jpg,19147,224,224,Fungal Late Blight,True,b324fa1f3820a7e2e9874b5b46c84d31fab60726542373afd032ea68dfcbd965,c1c7bc06ceaa6a27,
potato_bangladesh,Potato Leaf Disease Dataset/Fungal Late Blight/aug_0_8442.jpg,aug_0_8442.jpg,.jpg,13511,224,224,Fungal Late Blight,True,82733eca466e3f2aa5034094fda72c4ccb2c2ce6033ab181ed4cd08de7fd9196,9a05dce333fc210f,
potato_bangladesh,Potato Leaf Disease Dataset/Fungal Late Blight/aug_0_5485.jpg,aug_0_5485.jpg,.jpg,16659,224,224,Fungal Late Blight,True,d8541c8c0847f27d9007f10fb192c51d175924bbf2a76cb1a5776456d5b19c1f,eca1ef1d4243e90d,
potato_bangladesh,Potato Leaf Disease Dataset/Fungal Late Blight/aug_0_3382.jpg,aug_0_3382.jpg,.jpg,17043,224,224,Fungal Late Blight,True,53af8395a190322b46cdd46b67f56a4487eeeb4f6bb2026c45014c1668a66d00,8a58061b61fb53af,
potato_bangladesh,Potato Leaf Disease Dataset/Fungal Late Blight/aug_0_6699.jpg,aug_0_6699.jpg,.jpg,16292,224,224,Fungal Late Blight,True,c459b1f01c6ddf2aaae48d321e02ec4f4ec043664d091cc1a5ec18c4b0eb549a,dbb7a483e3503cc1,
potato_bangladesh,Potato Leaf Disease Dataset/Fungal Late Blight/aug_0_5341.jpg,aug_0_5341.jpg,.jpg,17411,224,224,Fungal Late Blight,True,4c6e326389f14dd9e52eec31cc5a99749f6ae1d9f86f068e91005dc4b9d54cc1,935df552a7d6c810,
potato_bangladesh,Potato Leaf Disease Dataset/Fungal Late Blight/aug_0_6615.jpg,aug_0_6615.jpg,.jpg,18719,224,224,Fungal Late Blight,True,b41da612b9c969fc398f3f653588a2efacaccbe3327911b5b779ae4d2b7547e0,d8a93e7030f2c59d,
potato_bangladesh,Potato Leaf Disease Dataset/Fungal Late Blight/aug_0_6483.jpg,aug_0_6483.jpg,.jpg,12646,224,224,Fungal Late Blight,True,ddda7e43ef49a928e21853276dd1839432f96f186bd88c8483f90e19785b4005,e88d29f4d55e5454,
potato_bangladesh,Potato Leaf Disease Dataset/Fungal Late Blight/aug_0_2085.jpg,aug_0_2085.jpg,.jpg,16840,224,224,Fungal Late Blight,True,9951aa90644dcb8a3d59c12854346cd3df8e956e7b3b69bd46efac50fc198542,c347ed850dea01ed,
potato_bangladesh,Potato Leaf Disease Dataset/Fungal Late Blight/aug_0_227.jpg,aug_0_227.jpg,.jpg,12959,224,224,Fungal Late Blight,True,d5abdaffdebb64d8c4490297bd0d978fd92c61038edc7d8e0df3122d579d5fac,90be0c40f03be9fb,
potato_bangladesh,Potato Leaf Disease Dataset/Fungal Late Blight/aug_0_5804.jpg,aug_0_5804.jpg,.jpg,17057,224,224,Fungal Late Blight,True,bf45c20693f15c3305fd19cd5b718672ca5bf47c2e6dbedbfe40f2163ce5181e,f0a7337150fc0277,
potato_bangladesh,Potato Leaf Disease Dataset/Fungal Late Blight/aug_0_1603.jpg,aug_0_1603.jpg,.jpg,12728,224,224,Fungal Late Blight,True,81e63288110aae426508ae8cfe9abbd3ac8ac84776d262eaf8ade49d9873b814,f3ec50205c9570bf,
potato_bangladesh,Potato Leaf Disease Dataset/Fungal Late Blight/aug_0_5347.jpg,aug_0_5347.jpg,.jpg,15859,224,224,Fungal Late Blight,True,289eea360224925896fcb4dbad25d7c6fae732c3e684356fb90f1669ef64f561,d6a82bf6782151e9,
potato_bangladesh,Potato Leaf Disease Dataset/Fungal Late Blight/aug_0_670.jpg,aug_0_670.jpg,.jpg,17898,224,224,Fungal Late Blight,True,95e9777315939dd96cadff56ff23d562e277d7abc594085c1a313bc20fdbf992,db8e0140f3776785,
potato_bangladesh,Potato Leaf Disease Dataset/Fungal Late Blight/aug_0_2486.jpg,aug_0_2486.jpg,.jpg,19230,224,224,Fungal Late Blight,True,e21d36f8cdf5d99b77b70d00e944aef52cd52794734ec2764237fe9bda7eada1,b9104fd06f78247e,
potato_bangladesh,Potato Leaf Disease Dataset/Fungal Late Blight/aug_0_6721.jpg,aug_0_6721.jpg,.jpg,15857,224,224,Fungal Late Blight,True,1f73ae65b8497bffd87584e3b2fa96bd018f7e658972a35aa0887e9c40b0f294,c6808569d236fd5d,
potato_bangladesh,Potato Leaf Disease Dataset/Fungal Late Blight/aug_0_3479.jpg,aug_0_3479.jpg,.jpg,14191,224,224,Fungal Late Blight,True,4b4fb12077c8ae3fceeaf4f5471beda341b5d6d56bd3f15bda9ed77a6de9be87,be7050a2d4e4f3c3,
potato_bangladesh,Potato Leaf Disease Dataset/Fungal Late Blight/aug_0_8621.jpg,aug_0_8621.jpg,.jpg,17819,224,224,Fungal Late Blight,True,3583ef572ad6e1b893e912698fb96b074180fb73e27d215f6882eb593fce75e2,b1d3523590e0bcde,
potato_bangladesh,Potato Leaf Disease Dataset/Fungal Late Blight/aug_0_3689.jpg,aug_0_3689.jpg,.jpg,16583,224,224,Fungal Late Blight,True,152ce99bd5f119d8046f9086cd53c271a9e605369cedf8a87d890bed59978a1e,fab60b0ec4e56a25,
potato_bangladesh,Potato Leaf Disease Dataset/Fungal Late Blight/aug_0_9339.jpg,aug_0_9339.jpg,.jpg,13039,224,224,Fungal Late Blight,True,20859c783f1ab82773622b1d094832404d02a85f7a01ae608b398d729b199fa7,dd602a31ccaf54e6,
potato_bangladesh,Potato Leaf Disease Dataset/Fungal Late Blight/aug_0_9096.jpg,aug_0_9096.jpg,.jpg,14888,224,224,Fungal Late Blight,True,5acee9582e35f06f90668cac492dc0ddea9f62e4fc3c47adbe56df764391abfd,93d0beff5242d610,
potato_bangladesh,Potato Leaf Disease Dataset/Fungal Late Blight/aug_0_3231.jpg,aug_0_3231.jpg,.jpg,15192,224,224,Fungal Late Blight,True,de17b21b87bccd816897c31f52904afc695adb1367dd8d63e68edff9e50d7cd1,c5e85305332e5db9,
potato_bangladesh,Potato Leaf Disease Dataset/Fungal Late Blight/aug_0_2963.jpg,aug_0_2963.jpg,.jpg,17378,224,224,Fungal Late Blight,True,bd2a681ff7472982ce4263948edfb94ee4a94a5d225c5815182c35e68d314471,d3ad705f565a86a0,
potato_bangladesh,Potato Leaf Disease Dataset/Fungal Late Blight/aug_0_3942.jpg,aug_0_3942.jpg,.jpg,13239,224,224,Fungal Late Blight,True,baf3149009cb0a49c164c21b30709fc5bf76c29b95cc74d0232ff84fbe38d730,858d0fc445af5a37,
potato_bangladesh,Potato Leaf Disease Dataset/Fungal Late Blight/aug_0_8670.jpg,aug_0_8670.jpg,.jpg,13414,224,224,Fungal Late Blight,True,925db7add9e6dee3241bea178f925ff5603c192a19cbcb4d1d4b3f519a7ddf04,8b37422be42f534e,
potato_bangladesh,Potato Leaf Disease Dataset/Fungal Late Blight/aug_0_1750.jpg,aug_0_1750.jpg,.jpg,12652,224,224,Fungal Late Blight,True,c2024d71001606271afbaa04893299b4e2827aeca35d4d3054240cd282b43d3c,d28622eb52b66db2,
potato_bangladesh,Potato Leaf Disease Dataset/Fungal Late Blight/aug_0_2297.jpg,aug_0_2297.jpg,.jpg,12571,224,224,Fungal Late Blight,True,b6f4ae96f634afa1cfc082abc04891dd8e2ee28188d3bc8ac207568bf9b45cff,ad5c3f6470c3c51c,
potato_bangladesh,Potato Leaf Disease Dataset/Fungal Late Blight/aug_0_7822.jpg,aug_0_7822.jpg,.jpg,16907,224,224,Fungal Late Blight,True,5dab6442e6414791b312f31243df37073dc33c4a7f3da230a075e09475228e8e,db49783b8d64625c,
potato_bangladesh,Potato Leaf Disease Dataset/Fungal Late Blight/aug_0_8820.jpg,aug_0_8820.jpg,.jpg,13077,224,224,Fungal Late Blight,True,a6ad51aae5615128d4b91a2193853167f0f8cd1adcd733dc42e9cfa5e750c739,fcbc5648a8abca52,
potato_bangladesh,Potato Leaf Disease Dataset/Fungal Late Blight/aug_0_8253.jpg,aug_0_8253.jpg,.jpg,14981,224,224,Fungal Late Blight,True,d30b15b2ff1ab555b814c6c2ac746e0b261cc6b80267b8132aa6a638bda4a666,8bf2f69f46091562,
potato_bangladesh,Potato Leaf Disease Dataset/Fungal Late Blight/aug_0_21.jpg,aug_0_21.jpg,.jpg,16668,224,224,Fungal Late Blight,True,26b10e28aca9035bc41891403d828743da55ec89d291a63f7c1a5c2bfa4274e6,b6e744010af51ef5,
potato_bangladesh,Potato Leaf Disease Dataset/Fungal Late Blight/aug_0_2237.jpg,aug_0_2237.jpg,.jpg,12612,224,224,Fungal Late Blight,True,cdfde5f40e551fe143633d2afa1e614069febd1d8de71c1b1bb4c693e8c3d23f,d35b40d9dba96458,
potato_bangladesh,Potato Leaf Disease Dataset/Fungal Late Blight/aug_0_1804.jpg,aug_0_1804.jpg,.jpg,19540,224,224,Fungal Late Blight,True,e2b55e41ac2d26e216d339897c81f2bd1e40c7f0089d6ca033a8a9ff767251cc,cb6d740b8571c8d5,
potato_bangladesh,Potato Leaf Disease Dataset/Fungal Late Blight/aug_0_3150.jpg,aug_0_3150.jpg,.jpg,12507,224,224,Fungal Late Blight,True,11c9b2a8a83f96096a61e405fca6ae2eef5fb53f1db50b5ad1d463fe25802684,c1966eac5c4bb296,
potato_bangladesh,Potato Leaf Disease Dataset/Fungal Late Blight/aug_0_7658.jpg,aug_0_7658.jpg,.jpg,13039,224,224,Fungal Late Blight,True,2b18d679645e76d1c659a7cc5076cf86cf6421dc52b2fdc874106a8cb9a56aa2,ab913e6861f4ca99,
potato_bangladesh,Potato Leaf Disease Dataset/Fungal Late Blight/orig_7.jpg,orig_7.jpg,.jpg,15667,224,224,Fungal Late Blight,False,60d3d094223fb5a62b51006b933551f8d76055daeb0e643399ed05683741bfb3,c6e851276a945fc5,
potato_bangladesh,Potato Leaf Disease Dataset/Fungal Late Blight/aug_0_5113.jpg,aug_0_5113.jpg,.jpg,13766,224,224,Fungal Late Blight,True,4055c378bca0a91ebdd2fb6c63c02d7c0c73880c94ce0c9a54ba0c35ccb75217,b8f01ead433a9479,
potato_bangladesh,Potato Leaf Disease Dataset/Fungal Late Blight/orig_2.jpg,orig_2.jpg,.jpg,21984,224,224,Fungal Late Blight,False,b559b3b84fde037fbf4ef38660c20a6cdd500dc0dfedd524439370827332dcad,9404e2ac2d5f1f57,
potato_bangladesh,Potato Leaf Disease Dataset/Fungal Late Blight/aug_0_5424.jpg,aug_0_5424.jpg,.jpg,13179,224,224,Fungal Late Blight,True,ded0a778df8b2c08677916ebe641485ce6c16e2941b5793e5424de2e0e1d1cbe,c5952d120ff9c2ec,
potato_bangladesh,Potato Leaf Disease Dataset/Fungal Late Blight/aug_0_6611.jpg,aug_0_6611.jpg,.jpg,13107,224,224,Fungal Late Blight,True,68c2646c912ea1aeeb03e64efb54a21d7881c86df34413fc1bedeae534d36f63,91c1a1434a7c7eee,
potato_bangladesh,Potato Leaf Disease Dataset/Fungal Late Blight/aug_0_3504.jpg,aug_0_3504.jpg,.jpg,14209,224,224,Fungal Late Blight,True,f69f440a0d1004e0c31805945dcfd8bc79ec9bc77ee5a757197a644f1990ecc7,eba91e6af5203c1a,
potato_bangladesh,Potato Leaf Disease Dataset/Fungal Late Blight/aug_0_4461.jpg,aug_0_4461.jpg,.jpg,16367,224,224,Fungal Late Blight,True,9d158db2d4bc0d57c9f01bcf629fb11d4f4244ee47d1ce9d1bd4822ff39dffb8,8a21bfd301b51f5a,
potato_bangladesh,Potato Leaf Disease Dataset/Fungal Late Blight/aug_0_5099.jpg,aug_0_5099.jpg,.jpg,16633,224,224,Fungal Late Blight,True,52ed81d6c8f5d30a366e067bcf71a22a0f02b9a5d8240fe83992a15009292b77,a4f1ef1f971b7000,
potato_bangladesh,Potato Leaf Disease Dataset/Fungal Late Blight/aug_0_5678.jpg,aug_0_5678.jpg,.jpg,17100,224,224,Fungal Late Blight,True,959e2a8abf6dc73157d3b1f361574b9ca77c0a9019b4750da33d175ead5ae54c,eb4a71648670974f,
potato_bangladesh,Potato Leaf Disease Dataset/Fungal Late Blight/aug_0_2368.jpg,aug_0_2368.jpg,.jpg,15219,224,224,Fungal Late Blight,True,d0ae85408a662d216bf3f74dcf48cd4a317c695dc51ce696a2bf6f9dd3054e96,b0f1c33ffac20907,
potato_bangladesh,Potato Leaf Disease Dataset/Fungal Late Blight/aug_0_2361.jpg,aug_0_2361.jpg,.jpg,17022,224,224,Fungal Late Blight,True,4ae85bf51f9f67fbda3db946dd24115789b3229e0d18febf7eaacb231952ca05,efc124d82bb74887,
potato_bangladesh,Potato Leaf Disease Dataset/Fungal Late Blight/aug_0_9435.jpg,aug_0_9435.jpg,.jpg,13154,224,224,Fungal Late Blight,True,d822210b7f8e7505ec28ba1b3978906f8bc92a39853c71d260ff57e26332d26d,cbd12b0f474f3132,
potato_bangladesh,Potato Leaf Disease Dataset/Fungal Late Blight/aug_0_8153.jpg,aug_0_8153.jpg,.jpg,11513,224,224,Fungal Late Blight,True,aa09de9c2a1845eaf972980de997595357dd15e85cecee4fd3ab0f4344f699f8,a160fb067ce30f71,
potato_bangladesh,Potato Leaf Disease Dataset/Fungal Late Blight/aug_0_3146.jpg,aug_0_3146.jpg,.jpg,18607,224,224,Fungal Late Blight,True,d33fa6e58b8b6d14588fd825e6ef03b9aa93de26149b0c8f27299cd8f1c3839e,cd843c5139e3a8dd,
potato_bangladesh,Potato Leaf Disease Dataset/Fungal Late Blight/aug_0_5478.jpg,aug_0_5478.jpg,.jpg,17225,224,224,Fungal Late Blight,True,215d822c95a2e20a5533bb82de3a71267c07992174fcd58c0151953551725216,ce076657c2a1e13d,
potato_bangladesh,Potato Leaf Disease Dataset/Fungal Late Blight/aug_0_3634.jpg,aug_0_3634.jpg,.jpg,13973,224,224,Fungal Late Blight,True,a6d368e0273bf74ce1978f8c5a13183fd017377ea3c3c966bf8c5794b176e024,9b2d586ac74c47f0,
potato_bangladesh,Potato Leaf Disease Dataset/Fungal Late Blight/aug_0_7402.jpg,aug_0_7402.jpg,.jpg,17687,224,224,Fungal Late Blight,True,946f8ac1e5fd4dd9d077ac55b7d4a3240bc56dc446d65dcd371f2133cedbe127,daf92f0107d18bd1,
potato_bangladesh,Potato Leaf Disease Dataset/Fungal Late Blight/aug_0_296.jpg,aug_0_296.jpg,.jpg,16125,224,224,Fungal Late Blight,True,50f5b593448f7881f2832664aef1209207984f251ed6a9502fe256166db3a8e1,d1ab6abce9939822,
potato_bangladesh,Potato Leaf Disease Dataset/Fungal Late Blight/aug_0_3579.jpg,aug_0_3579.jpg,.jpg,13584,224,224,Fungal Late Blight,True,e4ff8bdee14494adc3f22921524af430f8f1601ad3cebe506cf652863e04ba3f,aa6d2ba49444bcdb,
potato_bangladesh,Potato Leaf Disease Dataset/Fungal Late Blight/aug_0_6159.jpg,aug_0_6159.jpg,.jpg,17162,224,224,Fungal Late Blight,True,9f174dde2f60ff44aa2b76fd64cd02280a204a63a15188475621e868a41ef081,c4bcbde4b4416e25,
potato_bangladesh,Potato Leaf Disease Dataset/Fungal Late Blight/aug_0_297.jpg,aug_0_297.jpg,.jpg,17137,224,224,Fungal Late Blight,True,65b13a50f6b7fe3350abe59c55b407d3ade63e567d34dc34d08f33649eb77081,912ff7801ec39595,
potato_bangladesh,Potato Leaf Disease Dataset/Fungal Late Blight/aug_0_8096.jpg,aug_0_8096.jpg,.jpg,16939,224,224,Fungal Late Blight,True,7e69c215939f9a1a59a4b9b7fba73b9c6a31f2550291c469f019290031544e81,c4447f4694855fae,
potato_bangladesh,Potato Leaf Disease Dataset/Fungal Late Blight/aug_0_9008.jpg,aug_0_9008.jpg,.jpg,19477,224,224,Fungal Late Blight,True,8bd2bcd018846ed6c1e0b025f759df1c392995bbccd9d022d8dd726144153fac,967af364a5de1910,
potato_bangladesh,Potato Leaf Disease Dataset/Fungal Late Blight/aug_0_5355.jpg,aug_0_5355.jpg,.jpg,15479,224,224,Fungal Late Blight,True,84fc0221f4f3090c608b421977c10de996aa810cdedd9de69b572cf203d1114b,d00d3d4bee60993e,
potato_bangladesh,Potato Leaf Disease Dataset/Fungal Late Blight/aug_0_3597.jpg,aug_0_3597.jpg,.jpg,18128,224,224,Fungal Late Blight,True,75bf88c0e8f93de326c5edb85fd83a895df6c09caad9d576aa6e172b95b7801b,8e7dffa70001ad70,
potato_bangladesh,Potato Leaf Disease Dataset/Fungal Late Blight/aug_0_7054.jpg,aug_0_7054.jpg,.jpg,13817,224,224,Fungal Late Blight,True,1c6d20cb7f6ac1081070f53b1402de1f2cd70fd5bde520fdd650d4a1edb9e8d6,eda4496950d8e679,
potato_bangladesh,Potato Leaf Disease Dataset/Fungal Late Blight/aug_0_9239.jpg,aug_0_9239.jpg,.jpg,13690,224,224,Fungal Late Blight,True,e5711ab4394a231e4b8cc1c52b47d232f6f5b272ec74e1f407c5a77ad788852c,e3ad78266cc35543,
potato_bangladesh,Potato Leaf Disease Dataset/Fungal Late Blight/aug_0_3648.jpg,aug_0_3648.jpg,.jpg,15029,224,224,Fungal Late Blight,True,7fb11f18ebfd7bdfbbc1981e46659917d6a6ba64e4626f1db70c9dc56f1b009a,dfa8aecf0a474036,
potato_bangladesh,Potato Leaf Disease Dataset/Fungal Late Blight/aug_0_4371.jpg,aug_0_4371.jpg,.jpg,17645,224,224,Fungal Late Blight,True,79c031b8d3d0f4efb0fefff49978af54fd8d083846f3606756957c930d93c049,e66d14c1af1781ab,
potato_bangladesh,Potato Leaf Disease Dataset/Fungal Late Blight/aug_0_5890.jpg,aug_0_5890.jpg,.jpg,12991,224,224,Fungal Late Blight,True,ce6241dd1f4a00484572d3a664f6c021fc8f04462635c2f24be9aa0ae3dc0469,861c09b8f30ffa47,
potato_bangladesh,Potato Leaf Disease Dataset/Fungal Late Blight/aug_0_3631.jpg,aug_0_3631.jpg,.jpg,16705,224,224,Fungal Late Blight,True,a80322d9165d669ce84119a31f88cade74c2093299fb03e96d6812bb23e854ae,81d6d18cb36e665a,
potato_bangladesh,Potato Leaf Disease Dataset/Fungal Late Blight/aug_0_6696.jpg,aug_0_6696.jpg,.jpg,15234,224,224,Fungal Late Blight,True,764bc8081b4a3323417fdddcc8b441fb85afd61429eba07835913cc3aa119444,a67ef41e0c0d8f83,
potato_bangladesh,Potato Leaf Disease Dataset/Fungal Late Blight/aug_0_2038.jpg,aug_0_2038.jpg,.jpg,17083,224,224,Fungal Late Blight,True,fab4797a317bc282a806d8ff758de863cfcf43c7023694c7c89b81027e4f122d,9f86470f25b5862e,
potato_bangladesh,Potato Leaf Disease Dataset/Fungal Late Blight/aug_0_8397.jpg,aug_0_8397.jpg,.jpg,17204,224,224,Fungal Late Blight,True,20d5b77613f7c897b033683653a6321b07305e396cc16fc1975f08daafa9db86,b7f2eb0e813a0197,
potato_bangladesh,Potato Leaf Disease Dataset/Fungal Late Blight/aug_0_1811.jpg,aug_0_1811.jpg,.jpg,15481,224,224,Fungal Late Blight,True,245ac450b585bf845880a4887d287cf3f020162a733258cc4c9d3c7bbee0508b,de214cac523cad5e,
potato_bangladesh,Potato Leaf Disease Dataset/Fungal Late Blight/aug_0_6540.jpg,aug_0_6540.jpg,.jpg,16557,224,224,Fungal Late Blight,True,21d8bdd8ebb92fe9505a1c58829fb9944e58f7f163db83eb03dd0c69ffa760af,c7c54f5aa4954b32,
potato_bangladesh,Potato Leaf Disease Dataset/Fungal Late Blight/aug_0_1719.jpg,aug_0_1719.jpg,.jpg,16569,224,224,Fungal Late Blight,True,9b1da724e64dc610aae0c2b1af740243d2abbd1ccfdb5f6715ef7db2d1a31014,df5553f00092f1ea,
potato_bangladesh,Potato Leaf Disease Dataset/Fungal Late Blight/aug_0_668.jpg,aug_0_668.jpg,.jpg,12258,224,224,Fungal Late Blight,True,3e72fd5aa0a7549f6fe96a3d4585b691f35946e64a25ba89b18d022017a9f13b,a5060b1ffc2abce1,
potato_bangladesh,Potato Leaf Disease Dataset/Fungal Late Blight/aug_0_3410.jpg,aug_0_3410.jpg,.jpg,13653,224,224,Fungal Late Blight,True,3a9bb4db15fc38c5eff63d01ee4e2c418f556744e6442927a0666be181aa8627,e1ac8570ebd02f17,
potato_bangladesh,Potato Leaf Disease Dataset/Fungal Late Blight/aug_0_30.jpg,aug_0_30.jpg,.jpg,16587,224,224,Fungal Late Blight,True,34066d886e6f1da886bf6cff4d09a57ed212f3c4ba1abe95bb928cbd3f3f1374,9d5d7553a34c6854,
potato_bangladesh,Potato Leaf Disease Dataset/Fungal Late Blight/aug_0_2109.jpg,aug_0_2109.jpg,.jpg,17110,224,224,Fungal Late Blight,True,681eea0f08991dd34c7d672d3db00ead697d2cdc1691c95a7160b61389776a67,9165ac7baa23a5c5,
potato_bangladesh,Potato Leaf Disease Dataset/Fungal Late Blight/aug_0_7588.jpg,aug_0_7588.jpg,.jpg,15812,224,224,Fungal Late Blight,True,302e40ba3863768b27db9e9df46660ab911f02e39c5eba98f426ded056c7244d,962cd3cc0179f6cc,
potato_bangladesh,Potato Leaf Disease Dataset/Fungal Late Blight/aug_0_675.jpg,aug_0_675.jpg,.jpg,16293,224,224,Fungal Late Blight,True,fde2a9460a50c60c9fba55bff6d98f6acc9f59727d8d9a44cd65617fe4c41d8e,b3593049079fa9d5,
potato_bangladesh,Potato Leaf Disease Dataset/Fungal Late Blight/aug_0_3030.jpg,aug_0_3030.jpg,.jpg,18167,224,224,Fungal Late Blight,True,b75ba785c051fca3724764b58009f65e43e67cfeb00c8a6b6c83d4189b132ccb,8e14fb158ef0350f,
potato_bangladesh,Potato Leaf Disease Dataset/Fungal Late Blight/aug_0_3015.jpg,aug_0_3015.jpg,.jpg,13290,224,224,Fungal Late Blight,True,ed90db03bcc3dcba3d82d892ec17971ae6bc58b44123ea99abb84acc21e7efa4,f06c33a5929b6b83,
potato_bangladesh,Potato Leaf Disease Dataset/Fungal Late Blight/aug_0_4590.jpg,aug_0_4590.jpg,.jpg,17121,224,224,Fungal Late Blight,True,5590541dcdf57a3489dcbe95b80289398016483972f98d40ca9e5d146a3ee893,eaeac6d4e034b1cc,
potato_bangladesh,Potato Leaf Disease Dataset/Fungal Late Blight/aug_0_8098.jpg,aug_0_8098.jpg,.jpg,16604,224,224,Fungal Late Blight,True,67b9f26eb768075dd4c3a8c309155094458572ef4ffbe351097ca47871b83374,8de705b2fae505a8,
potato_bangladesh,Potato Leaf Disease Dataset/Fungal Late Blight/aug_0_2403.jpg,aug_0_2403.jpg,.jpg,16080,224,224,Fungal Late Blight,True,1cbd7273828714349a0081848a06d9a36a07e5c8171d7dccd26c5d0acfebd764,8513ab82d9bbaa3a,
potato_bangladesh,Potato Leaf Disease Dataset/Fungal Late Blight/aug_0_274.jpg,aug_0_274.jpg,.jpg,15528,224,224,Fungal Late Blight,True,1c4e0f23b3e000f02d905f4372efe722323f338c6092ae22f11a793d4168be99,ee5d7427a130856b,
potato_bangladesh,Potato Leaf Disease Dataset/Fungal Late Blight/aug_0_9316.jpg,aug_0_9316.jpg,.jpg,15199,224,224,Fungal Late Blight,True,87d27c9b9fef7d4be1c73998f2611527fe7e16bcd7fa2d89d12a98ae97546453,9cce0477af8c2c66,
potato_bangladesh,Potato Leaf Disease Dataset/Fungal Late Blight/aug_0_6094.jpg,aug_0_6094.jpg,.jpg,17568,224,224,Fungal Late Blight,True,df150f902869ef452b74396b7b23c0e9668862d1d687b7f9446df41938a30390,ecd81e199f20d7e0,
potato_bangladesh,Potato Leaf Disease Dataset/Fungal Late Blight/aug_0_7113.jpg,aug_0_7113.jpg,.jpg,16692,224,224,Fungal Late Blight,True,5bd4ec027be40cabb2fd9bbf724ad7296e8bb5852366143f5888f51a431781d0,80d8c79e63cef928,
potato_bangladesh,Potato Leaf Disease Dataset/Fungal Late Blight/aug_0_1914.jpg,aug_0_1914.jpg,.jpg,13888,224,224,Fungal Late Blight,True,56523f43bea00e2c24cc0a7d310ca7cc074fab7a2c735bafb7206a9d10b74c07,95cd8ca74723287b,
potato_bangladesh,Potato Leaf Disease Dataset/Fungal Late Blight/aug_0_2716.jpg,aug_0_2716.jpg,.jpg,16747,224,224,Fungal Late Blight,True,73b22e691b4e4d25f5aa1777aea2c631549e29dd19f21fca78b1ca4353f2c3f1,be11dc8334e1675c,
potato_bangladesh,Potato Leaf Disease Dataset/Fungal Late Blight/aug_0_1875.jpg,aug_0_1875.jpg,.jpg,14720,224,224,Fungal Late Blight,True,58276564810aab2ea26ed50448235bf97992a28ae3c18f23cdb1b2c8fc1da3ea,81e3a521fc927b5c,
potato_bangladesh,Potato Leaf Disease Dataset/Fungal Late Blight/aug_0_6310.jpg,aug_0_6310.jpg,.jpg,16871,224,224,Fungal Late Blight,True,ec67abc0c0e82e571c1a11b42877447c6abdf0cd08c4a45b9bb6f03f7ce8aa23,837d0f1e00c3e9d7,
potato_bangladesh,Potato Leaf Disease Dataset/Fungal Late Blight/aug_0_1212.jpg,aug_0_1212.jpg,.jpg,16729,224,224,Fungal Late Blight,True,d11785100613dac7f3d20383a7b1bda6399f76481888dd7a536259875922b12e,b7e0e8e4583cfc0a,
potato_bangladesh,Potato Leaf Disease Dataset/Fungal Late Blight/aug_0_5287.jpg,aug_0_5287.jpg,.jpg,16867,224,224,Fungal Late Blight,True,08b85274c0f46041d1355e8877db844a8322a40192a42ba528b0afac8475ff51,8b72adbf23682b50,
potato_bangladesh,Potato Leaf Disease Dataset/Fungal Late Blight/aug_0_8518.jpg,aug_0_8518.jpg,.jpg,18240,224,224,Fungal Late Blight,True,0124720b215e81bfec5358716bd3a0354bf4b44dd34ce463ffd99548da7d5ef8,b9882e6f2f0587d2,
potato_bangladesh,Potato Leaf Disease Dataset/Fungal Late Blight/aug_0_448.jpg,aug_0_448.jpg,.jpg,16888,224,224,Fungal Late Blight,True,55ea22cda4a74c4e2f6b470ef1e902a791bedee71d05a89f54331b8dc9aa8a55,b3f0424ba93791a7,
potato_bangladesh,Potato Leaf Disease Dataset/Fungal Late Blight/aug_0_5503.jpg,aug_0_5503.jpg,.jpg,17010,224,224,Fungal Late Blight,True,669c12abbaf0871df275d79dc37b1640436cd8c182694e3e6c7975f81f5baae0,c88ff893b44f0ae8,
potato_bangladesh,Potato Leaf Disease Dataset/Fungal Late Blight/aug_0_3151.jpg,aug_0_3151.jpg,.jpg,14272,224,224,Fungal Late Blight,True,7c949ef4085b2f12827e118aa489176d71646fdb79a7fc17428da7dfef538e5b,e4682905fae8cf1e,
potato_bangladesh,Potato Leaf Disease Dataset/Fungal Late Blight/aug_0_2758.jpg,aug_0_2758.jpg,.jpg,11220,224,224,Fungal Late Blight,True,f0ab2edd8889ca403198e35ce56c54b0e802af0b8ef628c1fb845338c42373e6,a16ca077395ffc40,
potato_bangladesh,Potato Leaf Disease Dataset/Fungal Late Blight/aug_0_1584.jpg,aug_0_1584.jpg,.jpg,18034,224,224,Fungal Late Blight,True,69f69b0c0fb8dea67ac64f3d7ab140eb2d8e2f739c490dc138ce13afda1e154a,966ce1e8ac4bf832,
potato_bangladesh,Potato Leaf Disease Dataset/Fungal Late Blight/aug_0_6517.jpg,aug_0_6517.jpg,.jpg,16788,224,224,Fungal Late Blight,True,c3f368a0c459ffc72a668837eb3f8e2207df95bfd12dab66be73372b4be8be64,e7d7a1e550b00acb,
potato_bangladesh,Potato Leaf Disease Dataset/Fungal Late Blight/aug_0_6215.jpg,aug_0_6215.jpg,.jpg,17639,224,224,Fungal Late Blight,True,66b0cf8a25f06e6a3c8b3a65b50e5eddb79ca083cb720dd6ecf5f41fc464a572,b3824049ffb502f7,
potato_bangladesh,Potato Leaf Disease Dataset/Fungal Late Blight/aug_0_2256.jpg,aug_0_2256.jpg,.jpg,14929,224,224,Fungal Late Blight,True,01f6f86ba0968c955894d5ec9dbad85d7f01ee78821775779235c4f3022e8024,8b2520d8e1fbb2cd,
potato_bangladesh,Potato Leaf Disease Dataset/Fungal Late Blight/aug_0_9831.jpg,aug_0_9831.jpg,.jpg,17614,224,224,Fungal Late Blight,True,bff901b02796cffee78e6dc77776f8ce462581ec49d90c955733827fb757dbd4,aa784029f80b3ffa,
potato_bangladesh,Potato Leaf Disease Dataset/Fungal Late Blight/aug_0_4005.jpg,aug_0_4005.jpg,.jpg,18627,224,224,Fungal Late Blight,True,a1f9d839c18a9354a4df55049f33aa54be2df20abea691772990a1e1b02f7691,ba0c4ad6894b5e1f,
potato_bangladesh,Potato Leaf Disease Dataset/Fungal Late Blight/aug_0_1560.jpg,aug_0_1560.jpg,.jpg,16408,224,224,Fungal Late Blight,True,367b2022d4129298ed29f305b7d62c7ce0933d6a7d16b0b1df620dfa683904f1,91ab1b00f91e1afd,
potato_bangladesh,Potato Leaf Disease Dataset/Fungal Late Blight/orig_15.jpg,orig_15.jpg,.jpg,20674,224,224,Fungal Late Blight,False,76ec563efff077117ef734199cdc9f7b8b0fa2b5711e09bb6228f46798eca010,d5745c4c1d973865,
potato_bangladesh,Potato Leaf Disease Dataset/Fungal Late Blight/aug_0_2729.jpg,aug_0_2729.jpg,.jpg,17301,224,224,Fungal Late Blight,True,95831eee72707a7481383825b42b50dd068b988be9aa4129ae6b9678879623d8,db230671d545cabc,
potato_bangladesh,Potato Leaf Disease Dataset/Fungal Late Blight/aug_0_8440.jpg,aug_0_8440.jpg,.jpg,12526,224,224,Fungal Late Blight,True,4f066b5439b15def6ba18c42aa287fcc881b1e97a4abc637e649ff09c2f5f66f,9747078d017f7d42,
potato_bangladesh,Potato Leaf Disease Dataset/Fungal Late Blight/aug_0_956.jpg,aug_0_956.jpg,.jpg,14352,224,224,Fungal Late Blight,True,d7b6e01ea692d51020f0081672a2f74bf48c109d59bec0f64376783d613f6a94,a766e3164ae58547,
potato_bangladesh,Potato Leaf Disease Dataset/Fungal Late Blight/aug_0_9217.jpg,aug_0_9217.jpg,.jpg,17338,224,224,Fungal Late Blight,True,c3efa74feeb27162ec0d3bbd546059af0d0ef354df62f33e0811dce7095aad40,d62e65e79a226a54,
potato_bangladesh,Potato Leaf Disease Dataset/Fungal Late Blight/aug_0_4940.jpg,aug_0_4940.jpg,.jpg,12692,224,224,Fungal Late Blight,True,9bf6cbc515a86b3868bce8364a99ec859c5d1e7d9a2ed050aaf37fd18daeb26a,e6107ebc5007a71f,
potato_bangladesh,Potato Leaf Disease Dataset/Fungal Late Blight/aug_0_8147.jpg,aug_0_8147.jpg,.jpg,15818,224,224,Fungal Late Blight,True,edd6aa3b68572e77ede86347373a4c31a1ccb30e72b80b889606ed0d3e612343,80265772aff8cc99,
potato_bangladesh,Potato Leaf Disease Dataset/Fungal Late Blight/aug_0_4019.jpg,aug_0_4019.jpg,.jpg,14355,224,224,Fungal Late Blight,True,1a1e7e4cb9713f53cc4368274fdefca8be2c9af25d3da26a0c910810be548c1f,baf170063dda417a,
potato_bangladesh,Potato Leaf Disease Dataset/Fungal Late Blight/aug_0_1733.jpg,aug_0_1733.jpg,.jpg,13323,224,224,Fungal Late Blight,True,2fbb57b8f92a555da1cb6c82800b4bcc5b553a06cfee910ee14e753795c2b8ef,da52cc3599c817ad,
potato_bangladesh,Potato Leaf Disease Dataset/Fungal Late Blight/aug_0_9058.jpg,aug_0_9058.jpg,.jpg,17518,224,224,Fungal Late Blight,True,ff6d5bcfb5e4375eab8a1f106e2fefe47b025519c3974e1e35542d23175a1b5d,f61395f075b025ca,
potato_bangladesh,Potato Leaf Disease Dataset/Fungal Late Blight/aug_0_6505.jpg,aug_0_6505.jpg,.jpg,12595,224,224,Fungal Late Blight,True,1ab76bc8426a757db3bb467853d4d8000fd99ce95a532e9785503420f7d0ab8d,9e215ee0a15b14bf,
potato_bangladesh,Potato Leaf Disease Dataset/Fungal Late Blight/aug_0_2467.jpg,aug_0_2467.jpg,.jpg,14725,224,224,Fungal Late Blight,True,61d7572e443dfb27c3535b162f6c2715df368b6b0ef102e301c27793e6762a9f,d9109dd04d0cbbfc,
potato_bangladesh,Potato Leaf Disease Dataset/Fungal Late Blight/aug_0_4588.jpg,aug_0_4588.jpg,.jpg,17639,224,224,Fungal Late Blight,True,42591b7d51e9bf4dab20d34990cdb5a6ec49ab8af2c5406564125e2c6970685a,be5e2ed24a804df1,
potato_bangladesh,Potato Leaf Disease Dataset/Fungal Late Blight/aug_0_9145.jpg,aug_0_9145.jpg,.jpg,17200,224,224,Fungal Late Blight,True,c2f9de603f83b52266effe55f3580f845435036557738746d83a6a1ca81a2e6a,d2858fa74353f889,
potato_bangladesh,Potato Leaf Disease Dataset/Fungal Late Blight/aug_0_2226.jpg,aug_0_2226.jpg,.jpg,12367,224,224,Fungal Late Blight,True,927d14b85a549209989087987ffbe843a4d5f82cd963257f5ce0bc4ca251bd05,c0485cdba0ff46f1,
potato_bangladesh,Potato Leaf Disease Dataset/Fungal Late Blight/aug_0_6571.jpg,aug_0_6571.jpg,.jpg,16869,224,224,Fungal Late Blight,True,e80c21b19058b86fc9fc84c90b26efa645d231c1594940bbbceb2e3e2f25784e,82f8251945ddf5ac,
potato_bangladesh,Potato Leaf Disease Dataset/Fungal Late Blight/aug_0_7446.jpg,aug_0_7446.jpg,.jpg,16450,224,224,Fungal Late Blight,True,88964e6c2e0a0ccba3a900561670fd5090931eaae2c2facce3dcee3bcedd97e9,f47916ec53e87a01,
potato_bangladesh,Potato Leaf Disease Dataset/Fungal Late Blight/aug_0_3720.jpg,aug_0_3720.jpg,.jpg,14133,224,224,Fungal Late Blight,True,c8ba6f097c9053df79da8345c70a8500f0b1f17c30855b9f26ca02f620e9f6a2,93c6a921eb84b67a,
potato_bangladesh,Potato Leaf Disease Dataset/Fungal Late Blight/aug_0_8267.jpg,aug_0_8267.jpg,.jpg,14835,224,224,Fungal Late Blight,True,cfc051a2c0291f05eb042d09265070cc06661a30f672ffbf419278247906e542,981769e8fcdea828,
potato_bangladesh,Potato Leaf Disease Dataset/Fungal Late Blight/orig_6.jpg,orig_6.jpg,.jpg,15115,224,224,Fungal Late Blight,False,bd756414fa066ca686d6dc22b1875c7b1a12dacb898fda206c651f32db92da43,d5663d540bb9a515,
potato_bangladesh,Potato Leaf Disease Dataset/Fungal Late Blight/aug_0_1205.jpg,aug_0_1205.jpg,.jpg,11987,224,224,Fungal Late Blight,True,f499d90b5f5e18d4312ab8ded205bf11e72fe066650bbe92c98540950ee4469f,8d3d75151994c2eb,
potato_bangladesh,Potato Leaf Disease Dataset/Fungal Late Blight/aug_0_8278.jpg,aug_0_8278.jpg,.jpg,14777,224,224,Fungal Late Blight,True,e237d20b83acba1b44f71a8330f98f5b8f01652360abd617b86c595dec7627da,d08b95fe330c4b55,
potato_bangladesh,Potato Leaf Disease Dataset/Fungal Late Blight/aug_0_6595.jpg,aug_0_6595.jpg,.jpg,13230,224,224,Fungal Late Blight,True,d95ef55b9c04e1567b099ef8b0fe2d1faf47fa81321407483b5d769228de7077,d292536c061bbbf8,
potato_bangladesh,Potato Leaf Disease Dataset/Fungal Late Blight/aug_0_7045.jpg,aug_0_7045.jpg,.jpg,13019,224,224,Fungal Late Blight,True,b5f932851171054da566421e3538c9e0a352c1e53806c9508715f9a530331c47,c2a222f374bd5db0,
potato_bangladesh,Potato Leaf Disease Dataset/Fungal Late Blight/aug_0_8588.jpg,aug_0_8588.jpg,.jpg,16622,224,224,Fungal Late Blight,True,9570e28ac96590438559bf7c80dc1ee25aa5ba80ef9da8dbfcae34c7187b658c,c6f7b8fb741d0a00,
potato_bangladesh,Potato Leaf Disease Dataset/Fungal Late Blight/aug_0_3211.jpg,aug_0_3211.jpg,.jpg,19216,224,224,Fungal Late Blight,True,41a3ca39a18c64f9c7d9a08fcc2941f409935a20e2f29af85f2dc571bdb3d05c,c96a76ca055889f7,
potato_bangladesh,Potato Leaf Disease Dataset/Fungal Late Blight/aug_0_7406.jpg,aug_0_7406.jpg,.jpg,16998,224,224,Fungal Late Blight,True,3182d8c66846da4d29780686544628f563c1b36c2d8a34913c7b86b069bec0ad,b31994d9c3a1f91a,
potato_bangladesh,Potato Leaf Disease Dataset/Fungal Late Blight/aug_0_3469.jpg,aug_0_3469.jpg,.jpg,14339,224,224,Fungal Late Blight,True,540c26a1fb0844f863282be8a0a88f43fa48d1ed3bc74cf91b0fde1cad7a39a6,d7c12079cef201be,
potato_bangladesh,Potato Leaf Disease Dataset/Fungal Late Blight/aug_0_2987.jpg,aug_0_2987.jpg,.jpg,14328,224,224,Fungal Late Blight,True,ff2fab8fe99a27a4b955eb7624a82327e1ac887a1c54dcf95c64a5934898728b,994679782d9e3a92,
potato_bangladesh,Potato Leaf Disease Dataset/Fungal Late Blight/aug_0_9216.jpg,aug_0_9216.jpg,.jpg,17141,224,224,Fungal Late Blight,True,b0847db3920f0867f627abdd3cada78817d1a2c11ef878d4a13e352268bf1b3a,c86ba75884774bc9,
potato_bangladesh,Potato Leaf Disease Dataset/Fungal Late Blight/aug_0_1020.jpg,aug_0_1020.jpg,.jpg,15766,224,224,Fungal Late Blight,True,f6952f4fde59450a8d89e2f9be6fbd0695812f52df12fd024553ddaa4d96dab4,f852061d16fdaaaa,
potato_bangladesh,Potato Leaf Disease Dataset/Fungal Late Blight/aug_0_74.jpg,aug_0_74.jpg,.jpg,18056,224,224,Fungal Late Blight,True,fa16bb026ceab97d8c87ec74602504151d84ec5b9e452c37c6262e3083e28379,871f231578352b6b,
potato_bangladesh,Potato Leaf Disease Dataset/Fungal Late Blight/aug_0_780.jpg,aug_0_780.jpg,.jpg,13493,224,224,Fungal Late Blight,True,68328767c175b014bfdf2fbee3aa1819af3e91af8ae0841282a947cf14232636,963561122fcbd879,
potato_bangladesh,Potato Leaf Disease Dataset/Fungal Late Blight/aug_0_1784.jpg,aug_0_1784.jpg,.jpg,17241,224,224,Fungal Late Blight,True,48da5f64d0f198befb1a10223f1d86a3fedca1ca17c52755fbe13816b2bdde2d,dd0385bacdf22994,
potato_bangladesh,Potato Leaf Disease Dataset/Fungal Late Blight/aug_0_3389.jpg,aug_0_3389.jpg,.jpg,14705,224,224,Fungal Late Blight,True,bcca7fbdf00fadc32df2fed4eb26d58824411633a855098fafa4a81ab22b9d95,f09afc7089992277,
potato_bangladesh,Potato Leaf Disease Dataset/Fungal Late Blight/aug_0_7538.jpg,aug_0_7538.jpg,.jpg,17621,224,224,Fungal Late Blight,True,dc3547e3f65eb2cd37c526faf3aa97ba789c12ab697d3e23cdca785dff0b7196,db4303ae54a3d56a,
potato_bangladesh,Potato Leaf Disease Dataset/Fungal Late Blight/aug_0_6918.jpg,aug_0_6918.jpg,.jpg,17030,224,224,Fungal Late Blight,True,4f79d04da4c5372cfe63013c6b0072e5b7ecfb020c53297b370624188240a934,ab277e928cee0568,
potato_bangladesh,Potato Leaf Disease Dataset/Fungal Late Blight/aug_0_4866.jpg,aug_0_4866.jpg,.jpg,12837,224,224,Fungal Late Blight,True,db3f54a905577d81088b3ac12407303bc32bd96a5dec599d17d8f3e27b84a893,d25605e3eb15a9e2,
potato_bangladesh,Potato Leaf Disease Dataset/Fungal Late Blight/aug_0_3676.jpg,aug_0_3676.jpg,.jpg,16502,224,224,Fungal Late Blight,True,1520f5b826a22a7df9e2927ecf75456d5cf8b5c6eeb524aa575240fd07fb9751,ee4d4604f243d5ab,
potato_bangladesh,Potato Leaf Disease Dataset/Fungal Late Blight/aug_0_8396.jpg,aug_0_8396.jpg,.jpg,16419,224,224,Fungal Late Blight,True,572dd3886e2c4b48b260e342a6027c58175c969cd8901ad434bd052fc7b6ff9e,f2559477e49f5a00,
potato_bangladesh,Potato Leaf Disease Dataset/Fungal Late Blight/aug_0_9952.jpg,aug_0_9952.jpg,.jpg,16980,224,224,Fungal Late Blight,True,a2d58c9a0a4e70d1a7cdfd9e06611c516d4d053a45740fda06cdee7378698c17,c700cb2b93a755d6,
potato_bangladesh,Potato Leaf Disease Dataset/Fungal Late Blight/aug_0_710.jpg,aug_0_710.jpg,.jpg,16086,224,224,Fungal Late Blight,True,4a6d8c7e412cf5ff137da4f6a5c2820e6361897e49185dd4dda106b2b39488eb,c5a67a425b8fa2ac,
potato_bangladesh,Potato Leaf Disease Dataset/Fungal Late Blight/aug_0_4280.jpg,aug_0_4280.jpg,.jpg,15243,224,224,Fungal Late Blight,True,63f107fec3ef1022061e8277eda9ac5a03e5120903d324f0ee8ed47653d32790,d68eef91138b054e,
potato_bangladesh,Potato Leaf Disease Dataset/Fungal Late Blight/aug_0_6630.jpg,aug_0_6630.jpg,.jpg,12779,224,224,Fungal Late Blight,True,0ea2afcac99d294e93c60bcc7a743be55890d287f2f85cb9d0263f6846ba4be7,ab6a95576b9204b3,
potato_bangladesh,Potato Leaf Disease Dataset/Fungal Late Blight/aug_0_740.jpg,aug_0_740.jpg,.jpg,17157,224,224,Fungal Late Blight,True,129c4f593e1cf4cca58baf4f94ef727c0af75db5820cb6cc4e9b8bd8f0d17814,8e216cfc30bbf9c0,
potato_bangladesh,Potato Leaf Disease Dataset/Fungal Late Blight/aug_0_7053.jpg,aug_0_7053.jpg,.jpg,12534,224,224,Fungal Late Blight,True,c33e04c329eb837d45655726338ca905db81bc90fe742163a4f9694a95ce5ea4,837821fee0414edf,
potato_bangladesh,Potato Leaf Disease Dataset/Fungal Late Blight/aug_0_432.jpg,aug_0_432.jpg,.jpg,16952,224,224,Fungal Late Blight,True,7763bd0d0e0a6d3b8673f9525c696211ed5eba281ea5ce14bcf3ad0c1d66ddf2,87dcdba9b24908ea,
potato_bangladesh,Potato Leaf Disease Dataset/Fungal Late Blight/aug_0_63.jpg,aug_0_63.jpg,.jpg,15630,224,224,Fungal Late Blight,True,946bec526af5a91233bd56bd326c16395cf00826e5bb6cd208f8032a7d906b28,86c75f6bb06a303a,
potato_bangladesh,Potato Leaf Disease Dataset/Fungal Late Blight/aug_0_9050.jpg,aug_0_9050.jpg,.jpg,16755,224,224,Fungal Late Blight,True,d30eddc09917ea2191e7f9a6f5ae10b489ec8db047a75121f8987ae0ff9822aa,dc93a7a86127d585,
potato_bangladesh,Potato Leaf Disease Dataset/Fungal Late Blight/aug_0_5369.jpg,aug_0_5369.jpg,.jpg,16367,224,224,Fungal Late Blight,True,fbf1b7b14c68b1c374d52b0f5ed23f2300a5b2e63b7af9f266a0eebb5e07486c,de54e38e50cb0f0b,
potato_bangladesh,Potato Leaf Disease Dataset/Fungal Late Blight/aug_0_7520.jpg,aug_0_7520.jpg,.jpg,16971,224,224,Fungal Late Blight,True,d6791bcf1b37c7ef17de48b50e317ddeac68c2abbc102104f155504d989b71d9,e6920d5cefa90555,
potato_bangladesh,Potato Leaf Disease Dataset/Fungal Late Blight/aug_0_1726.jpg,aug_0_1726.jpg,.jpg,12890,224,224,Fungal Late Blight,True,7827ee9915e8c1257123c56131e35c192b06d61c7ccc9f90d1b9d7731345903f,c4ec7cd781a43f48,
potato_bangladesh,Potato Leaf Disease Dataset/Fungal Late Blight/aug_0_2360.jpg,aug_0_2360.jpg,.jpg,14874,224,224,Fungal Late Blight,True,ca3eb8cb2fd43164325f4624c8aa9bfa3db70932c488ca9ca78b69a015a2ab9b,9a3604537179bf46,
potato_bangladesh,Potato Leaf Disease Dataset/Fungal Late Blight/aug_0_2069.jpg,aug_0_2069.jpg,.jpg,16986,224,224,Fungal Late Blight,True,5b42bf1df9b4c0db2bf93fd379ba4c9fbb79b62cc2389dd46f69ffbfed5137fa,c078e1495cff23b8,
potato_bangladesh,Potato Leaf Disease Dataset/Fungal Late Blight/aug_0_7606.jpg,aug_0_7606.jpg,.jpg,17647,224,224,Fungal Late Blight,True,be8dc011f28fee84b19d9b534513e32174a092f87839a7eca8dcf2412fd8d38a,dea96058559cafd0,
potato_bangladesh,Potato Leaf Disease Dataset/Fungal Late Blight/aug_0_2156.jpg,aug_0_2156.jpg,.jpg,15299,224,224,Fungal Late Blight,True,90c772775d7443eff5acda92cb612b021a7c42b5bdc09c0b006e2e84ce82bd0b,e4ce96a384b8a96b,
potato_bangladesh,Potato Leaf Disease Dataset/Fungal Late Blight/aug_0_4289.jpg,aug_0_4289.jpg,.jpg,12721,224,224,Fungal Late Blight,True,e7c5a740aca34cd042f497ce7ace18fa8742d775087fc813dfef3fbff4d65fda,c9b66a0b0de1ee54,
potato_bangladesh,Potato Leaf Disease Dataset/Fungal Late Blight/aug_0_1782.jpg,aug_0_1782.jpg,.jpg,16379,224,224,Fungal Late Blight,True,b2245cdf48f9ec18f56158faed5aad7ba12454c7064eea3edd6a486c6a4e3800,da895200ccf1ddde,
potato_bangladesh,Potato Leaf Disease Dataset/Fungal Late Blight/aug_0_9925.jpg,aug_0_9925.jpg,.jpg,13888,224,224,Fungal Late Blight,True,68dd40e653d6ec8029f9bfe32b89ffcc3ab35c4872b05e5237c972849d7875b7,cea434c7ea288f55,
potato_bangladesh,Potato Leaf Disease Dataset/Fungal Late Blight/aug_0_9693.jpg,aug_0_9693.jpg,.jpg,18163,224,224,Fungal Late Blight,True,7cc13b2c4acdff54f4ba57429ea09e53fa1573053c21e67fbdf446a25bf445af,ac3d7b3a0e4a1636,
potato_bangladesh,Potato Leaf Disease Dataset/Fungal Late Blight/orig_9.jpg,orig_9.jpg,.jpg,17401,224,224,Fungal Late Blight,False,32dbb37057803f4bb0ee5e7aa1c1113e7c8d66650fa7b8e17974f2c6d1ab248d,9af9695081ae3b96,
potato_bangladesh,Potato Leaf Disease Dataset/Fungal Late Blight/aug_0_5614.jpg,aug_0_5614.jpg,.jpg,17192,224,224,Fungal Late Blight,True,d8e0e305fc5f0398522bc25089b44a6e8d139a33d6bf4b1a89ba6d731f42fe25,8bd6cb24b32c5359,
potato_bangladesh,Potato Leaf Disease Dataset/Fungal Late Blight/aug_0_2067.jpg,aug_0_2067.jpg,.jpg,14355,224,224,Fungal Late Blight,True,fb70ff04046259ec8b55b25c0d8cd8832949e6c59d4f99b1c0acfa3c6e36b98d,95ade8a78b0f0f11,
potato_bangladesh,Potato Leaf Disease Dataset/Fungal Late Blight/aug_0_544.jpg,aug_0_544.jpg,.jpg,15903,224,224,Fungal Late Blight,True,41be6e8f57f5dee38801c2286a223406c73e606d617c89a75ed167e923d724d8,cad090d1bcaf2e1b,
potato_bangladesh,Potato Leaf Disease Dataset/Fungal Late Blight/aug_0_4347.jpg,aug_0_4347.jpg,.jpg,13980,224,224,Fungal Late Blight,True,bb74594145303cac420ada3204fe570f49c9bdca715dbc1404cec465b8585ddd,c3855db16682e5ba,
potato_bangladesh,Potato Leaf Disease Dataset/Fungal Late Blight/orig_10.jpg,orig_10.jpg,.jpg,20422,224,224,Fungal Late Blight,False,dd63d290b7f0a2477ebadd3bd3e1d557129a104b9e1c67c567e467c793066558,eca4248b7d67a84e,
potato_bangladesh,Potato Leaf Disease Dataset/Fungal Late Blight/aug_0_2258.jpg,aug_0_2258.jpg,.jpg,15488,224,224,Fungal Late Blight,True,6bcc1f6fda09bc9e845af8bd43a9c838915f9429270760a5f6e0fcd04b67984f,c1f18164eb11576f,
potato_bangladesh,Potato Leaf Disease Dataset/Fungal Late Blight/aug_0_1554.jpg,aug_0_1554.jpg,.jpg,16312,224,224,Fungal Late Blight,True,95f9d2cbfaa1d916adc4bf50a3601f001784c8a7a8612e38e4adbbba587cf8d5,ef4d038bdbc14989,
potato_bangladesh,Potato Leaf Disease Dataset/Fungal Late Blight/aug_0_4183.jpg,aug_0_4183.jpg,.jpg,16524,224,224,Fungal Late Blight,True,6b3e3fe704586bae9639f517f0a77138e303d06fec3f8c3b078b8f6e74518719,f81d5cc0afbf0189,
potato_bangladesh,Potato Leaf Disease Dataset/Fungal Late Blight/aug_0_1760.jpg,aug_0_1760.jpg,.jpg,16287,224,224,Fungal Late Blight,True,30a77fc0689de5a2f4be9506ade9d5bd81c96c286afeaaf4d124dcdf7e616380,ef6b524355a32946,
potato_bangladesh,Potato Leaf Disease Dataset/Fungal Late Blight/aug_0_966.jpg,aug_0_966.jpg,.jpg,18195,224,224,Fungal Late Blight,True,680afb517255a61f9aab8e620c57a9c3955b3c91717452e7d89f543f3c4775f0,809ae553db5f2523,
potato_bangladesh,Potato Leaf Disease Dataset/Fungal Late Blight/aug_0_4436.jpg,aug_0_4436.jpg,.jpg,17152,224,224,Fungal Late Blight,True,dba37d14a375b7a59e9d4ceb8c2af6b47128fd44fdb8337524fac180fdab50e5,dcbb1ce7a01f5a80,
potato_bangladesh,Potato Leaf Disease Dataset/Fungal Late Blight/aug_0_975.jpg,aug_0_975.jpg,.jpg,12711,224,224,Fungal Late Blight,True,cf8d9281a7846ef458384ce4c28e0719b7843b6cf6d24b375a2a999184475143,f52a1e535250f707,
potato_bangladesh,Potato Leaf Disease Dataset/Fungal Late Blight/aug_0_5935.jpg,aug_0_5935.jpg,.jpg,13642,224,224,Fungal Late Blight,True,911a60eae666440ded62237117f7b04bd6dbef95241253055f71af8ab6a07191,96a02d6d6fd0956c,
potato_bangladesh,Potato Leaf Disease Dataset/Fungal Late Blight/aug_0_5219.jpg,aug_0_5219.jpg,.jpg,15777,224,224,Fungal Late Blight,True,238ac986f13e9db9ad80c4932869fc4194fa2a82d05d624206b4d52219c24f0e,ab12f246e578cad2,
potato_bangladesh,Potato Leaf Disease Dataset/Fungal Late Blight/aug_0_1450.jpg,aug_0_1450.jpg,.jpg,13399,224,224,Fungal Late Blight,True,4ed124397f2f46f849b5178ac18d59a5a0e43c59602d854e5328dd3ddaf99352,fd77e0e0e1060b59,
potato_bangladesh,Potato Leaf Disease Dataset/Fungal Late Blight/aug_0_9146.jpg,aug_0_9146.jpg,.jpg,17493,224,224,Fungal Late Blight,True,1b9cb9f4bcf54878fbeacb1439aff26b4717a7fb46e018f7be4b0ed9610705c6,8635365f1e1aa6e2,
potato_bangladesh,Potato Leaf Disease Dataset/Fungal Late Blight/orig_13.jpg,orig_13.jpg,.jpg,20963,224,224,Fungal Late Blight,False,ccaebf276d8007ac9c4af0205108c41cb833f85089a0c30b724024835550407f,cd3a70a2bc5741b6,
potato_bangladesh,Potato Leaf Disease Dataset/Fungal Late Blight/aug_0_6218.jpg,aug_0_6218.jpg,.jpg,15904,224,224,Fungal Late Blight,True,c115f2ed37d48ec1872b1d36554f552177aaf03d4c4d973ceb1feb6e35134238,f48cae428ad45bd5,
potato_bangladesh,Potato Leaf Disease Dataset/Fungal Late Blight/aug_0_1107.jpg,aug_0_1107.jpg,.jpg,17283,224,224,Fungal Late Blight,True,b30a3102684e494789af48b6a4924088ec2691b93f4d64e9dd567750ca1030db,de81b9f16c13a24e,
potato_bangladesh,Potato Leaf Disease Dataset/Fungal Late Blight/aug_0_1457.jpg,aug_0_1457.jpg,.jpg,12947,224,224,Fungal Late Blight,True,dd939a7e3dc15dc8c55a20f2601463196e52e16389a139cb880e3c40a463cee1,9413ad221aff7c0b,
potato_bangladesh,Potato Leaf Disease Dataset/Fungal Late Blight/aug_0_4865.jpg,aug_0_4865.jpg,.jpg,15703,224,224,Fungal Late Blight,True,ab78e00ee31a1fd9c6e596904f82fd5bb8e3578590031c590029057d95195ae6,c65c4c8cb86d569b,
potato_bangladesh,Potato Leaf Disease Dataset/Fungal Late Blight/aug_0_8661.jpg,aug_0_8661.jpg,.jpg,13403,224,224,Fungal Late Blight,True,c8122e1e8a82e19e205fa4bb57ccc647962bbce39965756550a17be5d09f7f6e,c7ba2cb8326399a3,
potato_bangladesh,Potato Leaf Disease Dataset/Fungal Late Blight/aug_0_2813.jpg,aug_0_2813.jpg,.jpg,17893,224,224,Fungal Late Blight,True,b2adbeac7213a9d5ffcc6de63c8b3ced2745773eec252e065ffb8d498f346ed1,8fb645d70837e80d,
potato_bangladesh,Potato Leaf Disease Dataset/Fungal Late Blight/aug_0_1159.jpg,aug_0_1159.jpg,.jpg,18584,224,224,Fungal Late Blight,True,559e7cda8c438392bed74ba896034ee403837fdc4ce22288802aa0c7c63c7e3e,e01d4a3c95aac7f1,
potato_bangladesh,Potato Leaf Disease Dataset/Fungal Late Blight/aug_0_7246.jpg,aug_0_7246.jpg,.jpg,13081,224,224,Fungal Late Blight,True,3eafe12fdc22cddd1050ed6e7613c37f2c8e9f7902665b21882b24da672794bc,d2b574a9db50962c,
potato_bangladesh,Potato Leaf Disease Dataset/Fungal Late Blight/aug_0_2046.jpg,aug_0_2046.jpg,.jpg,11689,224,224,Fungal Late Blight,True,dfa7079001cbc94f19dd259345033cf634974ba000ce23b598d6bca59e19d01d,8c7d731e1880cfda,
potato_bangladesh,Potato Leaf Disease Dataset/Fungal Late Blight/aug_0_8928.jpg,aug_0_8928.jpg,.jpg,16830,224,224,Fungal Late Blight,True,18a3c8ed5f43c34415bdf8ffac6745dd6bb22f2e3b67cd23d81a461eaad7577d,c0be38694e2d566b,
potato_bangladesh,Potato Leaf Disease Dataset/Fungal Late Blight/aug_0_7879.jpg,aug_0_7879.jpg,.jpg,16067,224,224,Fungal Late Blight,True,cc6054662ccba184c5f5957086d7de928801457b84859494a82180bc38d391d8,86082f4ef17835b7,
potato_bangladesh,Potato Leaf Disease Dataset/Fungal Late Blight/aug_0_6891.jpg,aug_0_6891.jpg,.jpg,15545,224,224,Fungal Late Blight,True,1355a63d7b7e0883d1f328c331f358cb6e5c0860922718e281e25d42c5fc2bb6,d1d2965a1edca899,
potato_bangladesh,Potato Leaf Disease Dataset/Fungal Late Blight/aug_0_1315.jpg,aug_0_1315.jpg,.jpg,17335,224,224,Fungal Late Blight,True,851d285112784f7e8a3890b5a523ff55d181633dc112fbb7ac8ab629a06b8161,e2eb4eeaa4df0062,
potato_bangladesh,Potato Leaf Disease Dataset/Fungal Late Blight/aug_0_9887.jpg,aug_0_9887.jpg,.jpg,17623,224,224,Fungal Late Blight,True,6a0164db842404dd91387be663db7700e37524f8cba03e460c66e22590aaaf26,95c3c397af24d8c4,
potato_bangladesh,Potato Leaf Disease Dataset/Fungal Late Blight/aug_0_2696.jpg,aug_0_2696.jpg,.jpg,11999,224,224,Fungal Late Blight,True,bb3ab208579355c06b00487c0fa9d219d8cc11d70610310f42534516f9ec144f,dd4b5706ac6952b4,
potato_bangladesh,Potato Leaf Disease Dataset/Fungal Late Blight/aug_0_7910.jpg,aug_0_7910.jpg,.jpg,13373,224,224,Fungal Late Blight,True,9f66bc389ad0e9a2061b3ffe4b2571da01d4a1d79e0fddea817200fb901dd5b2,a70e205c5fafac26,
potato_bangladesh,Potato Leaf Disease Dataset/Fungal Late Blight/aug_0_552.jpg,aug_0_552.jpg,.jpg,16875,224,224,Fungal Late Blight,True,f660c9bd3b05ef0dc18eed974ed444c00308258db68218b70b9e7eed23058ae8,f8a684bfa11d49c9,
potato_bangladesh,Potato Leaf Disease Dataset/Fungal Late Blight/aug_0_8699.jpg,aug_0_8699.jpg,.jpg,12369,224,224,Fungal Late Blight,True,5fb75a92b2fcc0ee156b77bef8c6f16ce82466d5754596984c68e3e9c48c6040,94a4af4cb5476995,
potato_bangladesh,Potato Leaf Disease Dataset/Fungal Late Blight/aug_0_7773.jpg,aug_0_7773.jpg,.jpg,16112,224,224,Fungal Late Blight,True,121546d7b07fbfba1c7e83e729d52e0c5f5041dac16d8ba193d00e3a5236b8b7,bab742e45d0fc702,
potato_bangladesh,Potato Leaf Disease Dataset/Fungal Late Blight/aug_0_4420.jpg,aug_0_4420.jpg,.jpg,16779,224,224,Fungal Late Blight,True,7d99480858f218eff965d4e46cd6d5d10b03d30f2012415dd473e185a066de79,84587933a3d81adf,
potato_bangladesh,Potato Leaf Disease Dataset/Fungal Late Blight/aug_0_9031.jpg,aug_0_9031.jpg,.jpg,14028,224,224,Fungal Late Blight,True,71803218fa2909f39defb2e34c6e5b5d7d5a734f87d89b66aa70a4878084cf78,b07b570e000bf9f5,
potato_bangladesh,Potato Leaf Disease Dataset/Fungal Late Blight/aug_0_2092.jpg,aug_0_2092.jpg,.jpg,12980,224,224,Fungal Late Blight,True,8da63479079c3af3f6b43a50ca4bd042ee9ac08f48ddb9a67c5d2e34e36b00a0,9ce017584a6d5a7e,
potato_bangladesh,Potato Leaf Disease Dataset/Fungal Late Blight/orig_4.jpg,orig_4.jpg,.jpg,16156,224,224,Fungal Late Blight,False,f83b8b61fc22aa313bf6cf1414c07c65a8942855ac979652c350d144b1dbf0aa,fdc8643e3291c66a,
potato_bangladesh,Potato Leaf Disease Dataset/Fungal Late Blight/aug_0_1837.jpg,aug_0_1837.jpg,.jpg,17436,224,224,Fungal Late Blight,True,b2c95071830b573adbd3c0434f9d3de0e90672d28ceeaab0a7190b59d7fce9a7,f1d5423e42a8f8c7,
potato_bangladesh,Potato Leaf Disease Dataset/Fungal Late Blight/aug_0_3280.jpg,aug_0_3280.jpg,.jpg,16959,224,224,Fungal Late Blight,True,942a6a038033ca1e5977dbd41711969feafe6367ee756cdf12a467080e866c9d,d15da5f81a46c8ce,
potato_bangladesh,Potato Leaf Disease Dataset/Fungal Late Blight/aug_0_7016.jpg,aug_0_7016.jpg,.jpg,12904,224,224,Fungal Late Blight,True,2457281d367c1da59d0b2edf2e8a544bd8de62b028b9a1e4e24afac71a0e6b64,9198bf87b7811dc1,
potato_bangladesh,Potato Leaf Disease Dataset/Fungal Late Blight/aug_0_2905.jpg,aug_0_2905.jpg,.jpg,16342,224,224,Fungal Late Blight,True,ca5e206d8670e7f08736d1054b7074d0cbdfcc6e5d8b2074df23a6401df0fadd,d1fc3489f5910af2,
potato_bangladesh,Potato Leaf Disease Dataset/Fungal Late Blight/aug_0_2990.jpg,aug_0_2990.jpg,.jpg,13365,224,224,Fungal Late Blight,True,cf661fb75551b0602554c4e0faded17c386c36c30b03c36d9970dd0129395fa7,d494b48cec6da92b,
potato_bangladesh,Potato Leaf Disease Dataset/Fungal Late Blight/aug_0_4425.jpg,aug_0_4425.jpg,.jpg,16092,224,224,Fungal Late Blight,True,612d4428e857e57dc592dcb39611cf485614ddfa14b0d0e02c0b774e0d85948d,da546d24bb09e93c,
potato_bangladesh,Potato Leaf Disease Dataset/Fungal Late Blight/aug_0_3976.jpg,aug_0_3976.jpg,.jpg,15577,224,224,Fungal Late Blight,True,3fe52dca94705fa2803d99d6fe77e67186a5d8a3fdd7673dd6ed52a95235cd2c,8778f4a4509f19d6,
potato_bangladesh,Potato Leaf Disease Dataset/Fungal Late Blight/orig_17.jpg,orig_17.jpg,.jpg,19840,224,224,Fungal Late Blight,False,e97adce43b12522a69c7e33674eb384e7bff9fbf7df5d04f58ff96c9725b0aba,d02bcb84ccb3b2b6,
potato_bangladesh,Potato Leaf Disease Dataset/Fungal Late Blight/aug_0_1546.jpg,aug_0_1546.jpg,.jpg,17506,224,224,Fungal Late Blight,True,00129b3d384eb4582cb135317da5646e0a94989901a43b7bbbb6d364250adab8,8e226dbe676c5710,
potato_bangladesh,Potato Leaf Disease Dataset/Fungal Late Blight/aug_0_8906.jpg,aug_0_8906.jpg,.jpg,12647,224,224,Fungal Late Blight,True,46087597b976a0ebbc25335eab45fdc399abf50933064b3bd280a20186528034,e87c137339c387a4,
potato_bangladesh,Potato Leaf Disease Dataset/Fungal Late Blight/aug_0_5025.jpg,aug_0_5025.jpg,.jpg,13360,224,224,Fungal Late Blight,True,0dae64d6fe69a3cb280d50eb155a894eb172f48f0ba2881291357011eaccf492,9aea4103cd773669,
potato_bangladesh,Potato Leaf Disease Dataset/Fungal Late Blight/aug_0_7487.jpg,aug_0_7487.jpg,.jpg,16256,224,224,Fungal Late Blight,True,2d140efb1f2466842dbd0126e2b6b9d7a5a832532c4fa2d6e99cfd9301a66f1c,d36aba496cd9c298,
potato_bangladesh,Potato Leaf Disease Dataset/Fungal Late Blight/aug_0_8885.jpg,aug_0_8885.jpg,.jpg,13214,224,224,Fungal Late Blight,True,c1835054f5dbd67a4d0f6f4c73f54091d8378be0c939ab5440e34f98c6144f84,f83ac10633ec0ef3,
potato_bangladesh,Potato Leaf Disease Dataset/Fungal Late Blight/aug_0_8952.jpg,aug_0_8952.jpg,.jpg,16880,224,224,Fungal Late Blight,True,74bf1b81f3480e368db2a7b3bc154ae233259403f3c353f217df179d355f615f,ce9195bc34a25ad6,
potato_bangladesh,Potato Leaf Disease Dataset/Fungal Late Blight/aug_0_8337.jpg,aug_0_8337.jpg,.jpg,17404,224,224,Fungal Late Blight,True,6ae759905fdbff395e9cfb0b815ecf910a98660702c1cc77a075912ebcaeadb8,82b47e9515aff640,
potato_bangladesh,Potato Leaf Disease Dataset/Fungal Late Blight/aug_0_61.jpg,aug_0_61.jpg,.jpg,17819,224,224,Fungal Late Blight,True,0a51ea3efb80e2171c620e405d317f631d960e76f1d4f3f77206c21599a91773,f029b4a9fcc2a974,
potato_bangladesh,Potato Leaf Disease Dataset/Fungal Late Blight/aug_0_4647.jpg,aug_0_4647.jpg,.jpg,17564,224,224,Fungal Late Blight,True,af614652dd9a7e7a166a4c79c3761de43aeb198cda57c8a44d6d017c3dadf6ca,8d157332e61a47da,
potato_bangladesh,Potato Leaf Disease Dataset/Fungal Late Blight/aug_0_8717.jpg,aug_0_8717.jpg,.jpg,19111,224,224,Fungal Late Blight,True,c656880bbe2d78f468ba14ef2df5a29a45c9a607ee3fd0ccbd883583bb513628,e4d971bb5541a147,
potato_bangladesh,Potato Leaf Disease Dataset/Fungal Late Blight/aug_0_9049.jpg,aug_0_9049.jpg,.jpg,16306,224,224,Fungal Late Blight,True,7fdb1570a91d35aa961df9599005f03b3731b9b230a8fd48cf6f9e87f99f76d0,9b3b0b5af22e2456,
potato_bangladesh,Potato Leaf Disease Dataset/Fungal Late Blight/aug_0_6800.jpg,aug_0_6800.jpg,.jpg,17662,224,224,Fungal Late Blight,True,7a63731e0ba91ecd615e9963a6ebe226dc166a4130dab699b88532c09bbd44c9,92c68dc3cc227dc7,
potato_bangladesh,Potato Leaf Disease Dataset/Fungal Late Blight/aug_0_2651.jpg,aug_0_2651.jpg,.jpg,14774,224,224,Fungal Late Blight,True,ba48939bbc2fbfd18399b965ebf09dba768eff5103b3f6a3549c720b7c356815,eb4524774098af57,
potato_bangladesh,Potato Leaf Disease Dataset/Fungal Late Blight/aug_0_394.jpg,aug_0_394.jpg,.jpg,16769,224,224,Fungal Late Blight,True,b5feadc450227ff53e62d17295e3583bc6f24e5af1e992c4d01976ec14c29d65,c3e460d07698a3fd,
potato_bangladesh,Potato Leaf Disease Dataset/Fungal Late Blight/orig_1.jpg,orig_1.jpg,.jpg,22229,224,224,Fungal Late Blight,False,a8168d9b71fdd6eb54b8ec78b73fd74cb45e70a0a0aef934f6caa6c13d285940,9404e2bc6c571f57,
potato_bangladesh,Potato Leaf Disease Dataset/Fungal Late Blight/aug_0_8074.jpg,aug_0_8074.jpg,.jpg,16274,224,224,Fungal Late Blight,True,072581e44ea1dd865059bea2eb0c7bbb5558323797aad31d19072655fb091a33,f4e5248ff6436823,
potato_bangladesh,Potato Leaf Disease Dataset/Fungal Late Blight/aug_0_8729.jpg,aug_0_8729.jpg,.jpg,18124,224,224,Fungal Late Blight,True,81f3cc0fd8ae94a410344b12c1ae1463316bd137eb3144b3759fe483fafd041c,c138bcc24c667f56,
potato_bangladesh,Potato Leaf Disease Dataset/Fungal Late Blight/aug_0_3596.jpg,aug_0_3596.jpg,.jpg,16187,224,224,Fungal Late Blight,True,f83f8786f7c55ffac5d28a0340e5a53420acdf1ccbc8a5da8eda0268ebff9320,8d435069a1a55f7b,
potato_bangladesh,Potato Leaf Disease Dataset/Fungal Late Blight/aug_0_1511.jpg,aug_0_1511.jpg,.jpg,16230,224,224,Fungal Late Blight,True,2b6ae95d581db398428ffd741c7cc5ddaa5c8c5e367c409eebe8cd2b2a937472,d790b29b151405ff,
potato_bangladesh,Potato Leaf Disease Dataset/Fungal Late Blight/aug_0_7722.jpg,aug_0_7722.jpg,.jpg,16216,224,224,Fungal Late Blight,True,569d487e9521e0afe567ba590d8ba5997cb75463be7c9903e538daf4e5f30fe5,f5ec473e43780b03,
potato_bangladesh,Potato Leaf Disease Dataset/Fungal Late Blight/aug_0_1370.jpg,aug_0_1370.jpg,.jpg,12626,224,224,Fungal Late Blight,True,01cdac7d3a4ea3216d1fe9cf18b233451ca355c5514d6ea9eb0f8aa51e926f12,e4428f71ca9e75a2,
potato_bangladesh,Potato Leaf Disease Dataset/Fungal Late Blight/aug_0_4291.jpg,aug_0_4291.jpg,.jpg,15335,224,224,Fungal Late Blight,True,de9209a64135b4e66a0a0dda4822fbc0a60f2c93e73a8436d061deaf00202f54,82a9c1f48eb4f9a6,
potato_bangladesh,Potato Leaf Disease Dataset/Fungal Late Blight/aug_0_9647.jpg,aug_0_9647.jpg,.jpg,11953,224,224,Fungal Late Blight,True,8839302e2edb67127117a41b259143818f6c37387676faf1c32a96878003e5a8,f6c0f5e9e0aa4256,
potato_bangladesh,Potato Leaf Disease Dataset/Fungal Late Blight/aug_0_6740.jpg,aug_0_6740.jpg,.jpg,16976,224,224,Fungal Late Blight,True,b03f44090c1fcc1b5a086a81e043cf8b3e7756d45881c455b114fa3db4f59fcc,e0a3972b78f44257,
potato_bangladesh,Potato Leaf Disease Dataset/Fungal Late Blight/aug_0_2276.jpg,aug_0_2276.jpg,.jpg,17053,224,224,Fungal Late Blight,True,b374ee51232ef76c3e60bdbe278fcce089cb732780327c34d4d18c6ef5201fd7,cf7dac15e30d6481,
potato_bangladesh,Potato Leaf Disease Dataset/Fungal Late Blight/orig_19.jpg,orig_19.jpg,.jpg,22279,224,224,Fungal Late Blight,False,f79aebcd107acd9efc474121ea44210828c656f88724a8e60bbe35aebff9a1fa,9605ea906c7a71fa,
potato_bangladesh,Potato Leaf Disease Dataset/Fungal Late Blight/aug_0_6350.jpg,aug_0_6350.jpg,.jpg,18574,224,224,Fungal Late Blight,True,2b80baf2962cfc7a16b06cf49e402e8eb59e8a29447d96bd4e1220710e3861e4,9a2ab859f7322157,
potato_bangladesh,Potato Leaf Disease Dataset/Fungal Late Blight/aug_0_315.jpg,aug_0_315.jpg,.jpg,14298,224,224,Fungal Late Blight,True,599e21b0a9c4f5b9ad4065df7beb32487b12c50688a7eab049e066620f0a1bf0,82f5e871dca7161a,
potato_bangladesh,Potato Leaf Disease Dataset/Fungal Late Blight/aug_0_6991.jpg,aug_0_6991.jpg,.jpg,12698,224,224,Fungal Late Blight,True,fe2572a22c432674bb8372fdb83041298b7fc245a8d626c9fbc714f6cb264d7e,d3b9298e568568f2,
potato_bangladesh,Potato Leaf Disease Dataset/Fungal Late Blight/orig_12.jpg,orig_12.jpg,.jpg,21122,224,224,Fungal Late Blight,False,46a489d0a0ab3b4e57ac4bcb288d0782de3657255c5f0d0f83db8209491bb621,c1f7ecc8426efe00,
potato_bangladesh,Potato Leaf Disease Dataset/Fungal Late Blight/aug_0_8870.jpg,aug_0_8870.jpg,.jpg,12609,224,224,Fungal Late Blight,True,ff4939f76ad6a6d29ef3c5735d930c2c2adcbe531899434897990adc4e8898d6,fe3fc0063ec711a4,
potato_bangladesh,Potato Leaf Disease Dataset/Fungal Late Blight/aug_0_5145.jpg,aug_0_5145.jpg,.jpg,16618,224,224,Fungal Late Blight,True,87adffa2f10adbb86bfca3b1a32580a5d7c56e24d8cbae6fb749baf444f04f06,df83e23954045ff0,
potato_bangladesh,Potato Leaf Disease Dataset/Fungal Late Blight/aug_0_2551.jpg,aug_0_2551.jpg,.jpg,16860,224,224,Fungal Late Blight,True,e596d55bb618cc3a9379525400e86ea6887bc72e920c7408be7ac2bc625f2651,c0107ca56703feee,
potato_bangladesh,Potato Leaf Disease Dataset/Fungal Late Blight/aug_0_8811.jpg,aug_0_8811.jpg,.jpg,14546,224,224,Fungal Late Blight,True,bb068ce72e4509c8c925d87340934e6705c30f99bf8d56e23fc3fc90517f8fc5,e388047ce61fef60,
potato_bangladesh,Potato Leaf Disease Dataset/Fungal Late Blight/aug_0_4583.jpg,aug_0_4583.jpg,.jpg,16827,224,224,Fungal Late Blight,True,5ae1b57e7e04a6d7ca4cfc554d0c88b80be6ce040dd0c8dc254f429aee20aed3,867856537d86037e,
potato_bangladesh,Potato Leaf Disease Dataset/Fungal Late Blight/aug_0_2747.jpg,aug_0_2747.jpg,.jpg,19522,224,224,Fungal Late Blight,True,c098a03f26c1148c6b44779a9497e2a210057f118efc47c345e27921157ecebe,9cfc4917e333806e,
potato_bangladesh,Potato Leaf Disease Dataset/Fungal Late Blight/aug_0_2077.jpg,aug_0_2077.jpg,.jpg,17806,224,224,Fungal Late Blight,True,a86cd387ae8955c5faa29eab10c8b1160f6748434bb354d6a6ea95dce5b034c0,d3ad38d64685d728,
potato_bangladesh,Potato Leaf Disease Dataset/Fungal Late Blight/aug_0_3929.jpg,aug_0_3929.jpg,.jpg,17497,224,224,Fungal Late Blight,True,6dc1e143e13b27dd29479c942a5e095806f0658f1b47350464adc37039c3263e,b598f2d4de05a50b,
potato_bangladesh,Potato Leaf Disease Dataset/Fungal Late Blight/aug_0_7234.jpg,aug_0_7234.jpg,.jpg,17432,224,224,Fungal Late Blight,True,7a7af8db04d8ee6a4070017f5115ec87c364134204d7b3e6770202ea654655ed,8b17690e53dd5174,
potato_bangladesh,Potato Leaf Disease Dataset/Fungal Late Blight/orig_8.jpg,orig_8.jpg,.jpg,16850,224,224,Fungal Late Blight,False,9dbf5276da6f2a8d5912fb4d6913455ff77f8bffab74465c1d8a36bd1ccd5645,bbc14f0f08c568f9,
potato_bangladesh,Potato Leaf Disease Dataset/Fungal Late Blight/aug_0_2342.jpg,aug_0_2342.jpg,.jpg,12489,224,224,Fungal Late Blight,True,225f997a2689b4b69711dc855595ae01de615fe8bb35e96106bccc0d5f8801cb,c6a953366e1094fd,
potato_bangladesh,Potato Leaf Disease Dataset/Fungal Late Blight/aug_0_168.jpg,aug_0_168.jpg,.jpg,11916,224,224,Fungal Late Blight,True,4096aee3062b5d648f26eac309bf35f768a443fa851345db5c1d727aba6cb8d7,d4b32c96522d35f8,
potato_bangladesh,Potato Leaf Disease Dataset/Fungal Late Blight/aug_0_9248.jpg,aug_0_9248.jpg,.jpg,12059,224,224,Fungal Late Blight,True,9289e4dc02aa2e2a82a0e8c4a4a0063c268dd9d256db1f843d6bce7d7491caa5,ac0f1b3031f107fd,
potato_bangladesh,Potato Leaf Disease Dataset/Fungal Late Blight/aug_0_1016.jpg,aug_0_1016.jpg,.jpg,16328,224,224,Fungal Late Blight,True,73212c2ef4d2e34da48caf8539be162bc63a23bc2cf9d71976b70aecc02cefe0,d02b2423aa9f55ee,
potato_bangladesh,Potato Leaf Disease Dataset/Fungal Late Blight/aug_0_7344.jpg,aug_0_7344.jpg,.jpg,16955,224,224,Fungal Late Blight,True,f48ccb44271dca58ff6dde146001ddcf1831365825d24c9111447c6d2dd67519,e0599114e63df91b,
potato_bangladesh,Potato Leaf Disease Dataset/Fungal Late Blight/aug_0_4565.jpg,aug_0_4565.jpg,.jpg,14405,224,224,Fungal Late Blight,True,c950f1b8a1284f8bdd10fd0873df2dad086c9741eee90a319b7239536db3912a,d6b574ad8f0f1c01,
potato_bangladesh,Potato Leaf Disease Dataset/Fungal Late Blight/aug_0_9285.jpg,aug_0_9285.jpg,.jpg,15635,224,224,Fungal Late Blight,True,c2ab36c13ba93e9c214a99dd9681c36a9ecac0171b72ad09452688f171ce54a4,df73e1e9e0a2031c,
potato_bangladesh,Potato Leaf Disease Dataset/Fungal Late Blight/aug_0_2275.jpg,aug_0_2275.jpg,.jpg,16529,224,224,Fungal Late Blight,True,7acf120fc664916c266f3fe5229d4a77842c8e27bf8a7cd84e82e9b57c7f38ed,d246284f7d8ae87a,
potato_bangladesh,Potato Leaf Disease Dataset/Fungal Late Blight/aug_0_499.jpg,aug_0_499.jpg,.jpg,16073,224,224,Fungal Late Blight,True,eed101d01fbcea6791b3ba6b570f671b4f623450e3e33fb869ba24adb3f1c824,a9f4e1cc78498bf0,
potato_bangladesh,Potato Leaf Disease Dataset/Fungal Late Blight/aug_0_9908.jpg,aug_0_9908.jpg,.jpg,15311,224,224,Fungal Late Blight,True,bb094828db1819d46ac069ad35447a203746b0f0b7da3612b9cab75f0a49bac6,ba1e861135f9f603,
potato_bangladesh,Potato Leaf Disease Dataset/Fungal Late Blight/aug_0_7260.jpg,aug_0_7260.jpg,.jpg,13552,224,224,Fungal Late Blight,True,4b339df00d795b02b1d24348302ae037363a837ac5f729fd53aec71d374729c1,9aec71423bb4873c,
potato_bangladesh,Potato Leaf Disease Dataset/Fungal Late Blight/aug_0_6451.jpg,aug_0_6451.jpg,.jpg,17399,224,224,Fungal Late Blight,True,01152cc8a7026863275e717776431fdc42d5e995f10b03419c72bc09e6ffde2f,d9e8030627956eeb,
potato_bangladesh,Potato Leaf Disease Dataset/Fungal Late Blight/aug_0_1077.jpg,aug_0_1077.jpg,.jpg,15790,224,224,Fungal Late Blight,True,52f2ddf63b1e7b5750a5d2a7b0af3f65a9d40cd8ca8504f48e37428c32fb6b8a,c85e4727938495bb,
potato_bangladesh,Potato Leaf Disease Dataset/Fungal Late Blight/aug_0_7859.jpg,aug_0_7859.jpg,.jpg,14940,224,224,Fungal Late Blight,True,6ea914830713aec764aed3f02d6bb95bd07af8779888205e3b51236824794c80,e9adb15312623b9c,
potato_bangladesh,Potato Leaf Disease Dataset/Fungal Late Blight/orig_18.jpg,orig_18.jpg,.jpg,19179,224,224,Fungal Late Blight,False,0121b2dac1cd4d75bf641996248251905d1de4c32a4390786a2c446e40544377,d22da9514fd84d93,
potato_bangladesh,Potato Leaf Disease Dataset/Fungal Late Blight/aug_0_8173.jpg,aug_0_8173.jpg,.jpg,12941,224,224,Fungal Late Blight,True,f6656d1720edb770abc6a005ae4a18cb72caf30ca9d1ac3aa861c788b2606da9,8607f984c5d859b7,
potato_bangladesh,Potato Leaf Disease Dataset/Fungal Late Blight/aug_0_6576.jpg,aug_0_6576.jpg,.jpg,16648,224,224,Fungal Late Blight,True,55c1fe973c92792e8a3671bd9e9b1696bfc62458478e13178f3b52d4b3a4ace0,b05d95c90daf3b12,
potato_bangladesh,Potato Leaf Disease Dataset/Fungal Late Blight/aug_0_1721.jpg,aug_0_1721.jpg,.jpg,15370,224,224,Fungal Late Blight,True,50bd27258a0aedc15ae33bfd5371255da1b2a5674300fc0cdc20d2b8c1c6fdbb,85bef81ec74b41a2,
potato_bangladesh,Potato Leaf Disease Dataset/Fungal Late Blight/aug_0_2697.jpg,aug_0_2697.jpg,.jpg,13399,224,224,Fungal Late Blight,True,1ba9677d851eafa10c78bc6db3e89a7ee58af6eb394e1e9cebe9b4e0b41fe0c9,f886c3c1f8f0e263,
potato_bangladesh,Potato Leaf Disease Dataset/Fungal Late Blight/aug_0_6673.jpg,aug_0_6673.jpg,.jpg,13690,224,224,Fungal Late Blight,True,44807a6923f26e61473fc876b9cdafda189124fa2967e8d7cf6e7e1dddde2bfd,c3a7255561b5689b,
potato_bangladesh,Potato Leaf Disease Dataset/Fungal Late Blight/aug_0_7524.jpg,aug_0_7524.jpg,.jpg,17195,224,224,Fungal Late Blight,True,34474a4549e7944cec00d1352b9fcb3658a6ebb56f09efb7ad1e8f66f35596a4,d479611825fff007,
potato_bangladesh,Potato Leaf Disease Dataset/Fungal Late Blight/aug_0_2510.jpg,aug_0_2510.jpg,.jpg,12518,224,224,Fungal Late Blight,True,630ddf5d643218c7393f892bc9febeff45037a2785dfd741e6569ce829c87090,8c3664f613d1dcd8,
potato_bangladesh,Potato Leaf Disease Dataset/Fungal Late Blight/aug_0_1455.jpg,aug_0_1455.jpg,.jpg,19158,224,224,Fungal Late Blight,True,d85839c555f3dbb8cda88ae4159a679e2e1a6a146e97a8acbce7c9e2dbfa44cd,9c56cad464b4363d,
potato_bangladesh,Potato Leaf Disease Dataset/Fungal Late Blight/aug_0_1405.jpg,aug_0_1405.jpg,.jpg,14472,224,224,Fungal Late Blight,True,9dc8d8f650872846b23321188cd79df2792b808e97b81d16a9eb19c6f2cd274c,cfe2a8288fe412fc,
potato_bangladesh,Potato Leaf Disease Dataset/Fungal Late Blight/aug_0_7945.jpg,aug_0_7945.jpg,.jpg,17002,224,224,Fungal Late Blight,True,b24b6df27a6984608f52566d3891fb731de47a70f581dac1e0b87b13a0d05184,bb9a1b0343f0c5ba,
potato_bangladesh,Potato Leaf Disease Dataset/Fungal Late Blight/aug_0_1933.jpg,aug_0_1933.jpg,.jpg,16416,224,224,Fungal Late Blight,True,e61dfad2917ec4e93a95156071ba98cd5cf3947ca05ff6372bbe2f321526665c,95dab4000aefab79,
potato_bangladesh,Potato Leaf Disease Dataset/Fungal Late Blight/aug_0_2222.jpg,aug_0_2222.jpg,.jpg,16329,224,224,Fungal Late Blight,True,e4a10c863c7b938736ae95a1ddf7b41b78063cd207f57de8d15ae55b6250b307,8adf962455e558e2,
potato_bangladesh,Potato Leaf Disease Dataset/Fungal Late Blight/aug_0_9622.jpg,aug_0_9622.jpg,.jpg,16630,224,224,Fungal Late Blight,True,62aa2eed46d55e401b5ce8fd69a06f2788d7f92b942a65d1c6134a7951564628,c39c69f4d047aaa5,
potato_bangladesh,Potato Leaf Disease Dataset/Fungal Late Blight/aug_0_4388.jpg,aug_0_4388.jpg,.jpg,13546,224,224,Fungal Late Blight,True,ee19f9e8652296f5d7e70e1ce51a57deac0c6d2c3075735b946cfd401fdc3f99,ea6bbba448a05ae5,
potato_bangladesh,Potato Leaf Disease Dataset/Fungal Late Blight/aug_0_5622.jpg,aug_0_5622.jpg,.jpg,13505,224,224,Fungal Late Blight,True,4f46c2914211293a699214c7750e1cac2c4adcb432caac894625ce63b156df00,f11d4933652296f9,
potato_bangladesh,Potato Leaf Disease Dataset/Fungal Late Blight/aug_0_6115.jpg,aug_0_6115.jpg,.jpg,13889,224,224,Fungal Late Blight,True,56ff370522586ecf7dbee387ba1ad506d243ac73f87c89e244c55860e1053608,f0b069db2727616c,
potato_bangladesh,Potato Leaf Disease Dataset/Fungal Late Blight/aug_0_2105.jpg,aug_0_2105.jpg,.jpg,13424,224,224,Fungal Late Blight,True,8d9f19197d73f8ac456e6c4f9d15c54473e2fb40823b0a1582de35b70691d5a4,c6a6245567b5493b,
potato_bangladesh,Potato Leaf Disease Dataset/Fungal Late Blight/aug_0_2513.jpg,aug_0_2513.jpg,.jpg,13579,224,224,Fungal Late Blight,True,79beb27805d9dd3e99bb72222d73b7cabd078ae73aa2775f6ebc25a108a2a3ad,dd133a5f1150e1bc,
potato_bangladesh,Potato Leaf Disease Dataset/Fungal Late Blight/aug_0_3485.jpg,aug_0_3485.jpg,.jpg,12782,224,224,Fungal Late Blight,True,d0f4951a0bbcc1c88f0ffe264066a184ac3fb3ecab4e04e03feb9ca855743c07,81e77ae10e786176,
potato_bangladesh,Potato Leaf Disease Dataset/Fungal Late Blight/aug_0_9557.jpg,aug_0_9557.jpg,.jpg,14095,224,224,Fungal Late Blight,True,57c908a9a670df2641a2253f09618e515d917555619df3c7a9ccdb6ef947da43,c05a2f59d2a552af,
potato_bangladesh,Potato Leaf Disease Dataset/Fungal Late Blight/aug_0_2779.jpg,aug_0_2779.jpg,.jpg,15787,224,224,Fungal Late Blight,True,9e2edcb5f21587f14de5774a3223c58f000cad68b1827815d17a4e72a95cc80e,aa068d6dec9c12f6,
potato_bangladesh,Potato Leaf Disease Dataset/Fungal Late Blight/aug_0_2179.jpg,aug_0_2179.jpg,.jpg,14117,224,224,Fungal Late Blight,True,cf3c0203ba8a29cd4b01c2a7133d7b95c40e58ebf2c3c162b73e23976e55b933,a73711c360ce7738,
potato_bangladesh,Potato Leaf Disease Dataset/Fungal Late Blight/aug_0_4466.jpg,aug_0_4466.jpg,.jpg,12942,224,224,Fungal Late Blight,True,1975820ba66bfb20f4ec95579540ada361e86a1295abbee7409754454e3b96c5,9fd70e0f4e02b334,
potato_bangladesh,Potato Leaf Disease Dataset/Fungal Late Blight/aug_0_6130.jpg,aug_0_6130.jpg,.jpg,12975,224,224,Fungal Late Blight,True,bd09ee0e37c8a5cd31b3edc603088e002eb45ef59f65e1b2791d7c0e207a2d90,b612c6fa2b07d3a8,
potato_bangladesh,Potato Leaf Disease Dataset/Fungal Late Blight/aug_0_4545.jpg,aug_0_4545.jpg,.jpg,16978,224,224,Fungal Late Blight,True,6f8ccdc2e8c64c05c342265e80ebfaaa0278e61a50e1f906d2532ba59aa0a60f,81f718b7fec11431,
potato_bangladesh,Potato Leaf Disease Dataset/Fungal Late Blight/orig_0.jpg,orig_0.jpg,.jpg,22126,224,224,Fungal Late Blight,False,587d25e5f4600bed2657d77a9954868cf480029129ddc7ea9ba7dbe9171e7884,9204e2bc646b5b77,
potato_bangladesh,Potato Leaf Disease Dataset/Fungal Late Blight/aug_0_3889.jpg,aug_0_3889.jpg,.jpg,12514,224,224,Fungal Late Blight,True,8334e78d9d01317647e78aa4803a3dbd67dbab6947254705d63c40a00e06fe14,8486e4e91ceec53b,
potato_bangladesh,Potato Leaf Disease Dataset/Fungal Late Blight/aug_0_5062.jpg,aug_0_5062.jpg,.jpg,12140,224,224,Fungal Late Blight,True,124f337b45e94167f2684cd853720c00fe165c8b197fd61020d242a9d10788fb,b51a6816db0a53eb,
potato_bangladesh,Potato Leaf Disease Dataset/Fungal Late Blight/aug_0_4501.jpg,aug_0_4501.jpg,.jpg,15784,224,224,Fungal Late Blight,True,942381a458de40083a48bc9cf8c874ee7c16d7dbfb424c84bdcdf99174d5b85c,a2a8e0eeae3d2a47,
potato_bangladesh,Potato Leaf Disease Dataset/Fungal Late Blight/aug_0_9930.jpg,aug_0_9930.jpg,.jpg,17416,224,224,Fungal Late Blight,True,f2f4b06de898ab8a6faff51ff3588acc461acd7d0a449e5fe4dde0b77cfa6506,a8952d227aeced86,
potato_bangladesh,Potato Leaf Disease Dataset/Fungal Late Blight/aug_0_2078.jpg,aug_0_2078.jpg,.jpg,13452,224,224,Fungal Late Blight,True,b0bb37153b8678cfb82c509f22dbe137ef951cf9f130c8e04d399dd596b06412,8e0af04c9df3741b,
potato_bangladesh,Potato Leaf Disease Dataset/Fungal Late Blight/aug_0_9630.jpg,aug_0_9630.jpg,.jpg,14693,224,224,Fungal Late Blight,True,5372d0fd6dc495e2e6138a26c9eedd7f7fcc28713cbf5429c5daea6afbea4c26,89ea4b1a00f1e3ef,
potato_bangladesh,Potato Leaf Disease Dataset/Fungal Late Blight/aug_0_5531.jpg,aug_0_5531.jpg,.jpg,18377,224,224,Fungal Late Blight,True,3923f8ca95bd90ef6ab137dd947d31db9e7d3f730f09a18e11979f83b30b3b96,ccf937291195e4e8,
potato_bangladesh,Potato Leaf Disease Dataset/Fungal Late Blight/aug_0_1778.jpg,aug_0_1778.jpg,.jpg,16608,224,224,Fungal Late Blight,True,e7e58340837cc87fb32b9a0fcb1cda6d63f63e9502308f13d011eaa085bd8112,f06eb9a22e25a1b6,
potato_bangladesh,Potato Leaf Disease Dataset/Fungal Late Blight/aug_0_4212.jpg,aug_0_4212.jpg,.jpg,15669,224,224,Fungal Late Blight,True,ead850352f015747f32136bae357d1e479a0d10f720449f67b18e0ee98ae0598,e9c68bb9539924b2,
potato_bangladesh,Potato Leaf Disease Dataset/Fungal Late Blight/aug_0_7494.jpg,aug_0_7494.jpg,.jpg,17905,224,224,Fungal Late Blight,True,18143bc13902889e6087586e42cd129e8cd4ba4508cd3e3ebb68adee47cacbf2,8bca66fb25317303,
potato_bangladesh,Potato Leaf Disease Dataset/Fungal Late Blight/aug_0_1589.jpg,aug_0_1589.jpg,.jpg,16329,224,224,Fungal Late Blight,True,99dfc430a534b5ac2c2b658f08a00a8003383dc30f6cf573d2bb20c1578467b0,80ef2f6ea555341a,
potato_bangladesh,Potato Leaf Disease Dataset/Fungal Late Blight/aug_0_8832.jpg,aug_0_8832.jpg,.jpg,17025,224,224,Fungal Late Blight,True,f56146655b95feb02352cc885ce6a120373d680803450e9ff7acbf6d5627ccc7,95e23f12596086fe,
potato_bangladesh,Potato Leaf Disease Dataset/Fungal Late Blight/aug_0_7553.jpg,aug_0_7553.jpg,.jpg,17915,224,224,Fungal Late Blight,True,22a250b9cac6063e751cb1fd921143599c905333c62c9fccc9df5070e8b31c52,fc80f69e0867a30f,
potato_bangladesh,Potato Leaf Disease Dataset/Fungal Late Blight/aug_0_8271.jpg,aug_0_8271.jpg,.jpg,11504,224,224,Fungal Late Blight,True,b2764f44708c0d16fa506f3ea3ce59bba71704850686415aa73a54fb465d33fd,f0595b4249a55bab,
potato_bangladesh,Potato Leaf Disease Dataset/Fungal Late Blight/aug_0_8920.jpg,aug_0_8920.jpg,.jpg,17435,224,224,Fungal Late Blight,True,f4d996df61e0e5b4d15d4121cea10b2be0d52a042768d732b254991519c41032,8d209b4b667f6a52,
potato_bangladesh,Potato Leaf Disease Dataset/Fungal Late Blight/aug_0_1746.jpg,aug_0_1746.jpg,.jpg,13342,224,224,Fungal Late Blight,True,83ae0b9a40641032c62157019d108fa944eed50f80052c48ea519d6e5029df1d,cba164db5c4f8d21,
potato_bangladesh,Potato Leaf Disease Dataset/Fungal Late Blight/aug_0_5776.jpg,aug_0_5776.jpg,.jpg,17959,224,224,Fungal Late Blight,True,14515e2fb9f79c236999308f4bb0320b0e6ecc6a029ea39218b29e89814be374,ca6e0c83b3a3e783,
potato_bangladesh,Potato Leaf Disease Dataset/Fungal Late Blight/aug_0_3210.jpg,aug_0_3210.jpg,.jpg,14710,224,224,Fungal Late Blight,True,c5b163007873ba6467074c500d77f04209acbed5aa7b9d15e953682f752e1414,a697fad4ca408dac,
potato_bangladesh,Potato Leaf Disease Dataset/Fungal Late Blight/aug_0_8484.jpg,aug_0_8484.jpg,.jpg,17226,224,224,Fungal Late Blight,True,15b52d9d5c4c651de9645427158e5c659c291745b03f69c8c01b376de87b2c50,d193b3ea1e858da2,
potato_bangladesh,Potato Leaf Disease Dataset/Fungal Late Blight/aug_0_7612.jpg,aug_0_7612.jpg,.jpg,15793,224,224,Fungal Late Blight,True,d5bba3371406b81ce0a9be2e87a99f24d5257cc36c371fb78beae3c0b1dd5cd3,870e2b48e07fbd19,
potato_bangladesh,Potato Leaf Disease Dataset/Fungal Late Blight/aug_0_9441.jpg,aug_0_9441.jpg,.jpg,16207,224,224,Fungal Late Blight,True,9530ea9bd742880d0cde88e78350a769e8945a045ab03339a0942ecdcf227230,9cdf21578894d2d5,
potato_bangladesh,Potato Leaf Disease Dataset/Fungal Late Blight/aug_0_2290.jpg,aug_0_2290.jpg,.jpg,13323,224,224,Fungal Late Blight,True,045406748168fd4bafb3130f82ba6ea4fdd7c715198202241920aac01dd479a0,92356332efc97036,
potato_bangladesh,Potato Leaf Disease Dataset/Fungal Late Blight/aug_0_8203.jpg,aug_0_8203.jpg,.jpg,15415,224,224,Fungal Late Blight,True,5ef3e9aeb0bed093d9b067cc513b99a31435ca1e32fa84c0aab9d3b90a32c28a,dfa1acc2c36d988a,
potato_bangladesh,Potato Leaf Disease Dataset/Fungal Late Blight/aug_0_7227.jpg,aug_0_7227.jpg,.jpg,16322,224,224,Fungal Late Blight,True,72886c41cb2c911f97f793fa059d5f7965ea91574a55d300e9914de5295eaca0,f4518b734be49871,
potato_bangladesh,Potato Leaf Disease Dataset/Fungal Late Blight/aug_0_7833.jpg,aug_0_7833.jpg,.jpg,16135,224,224,Fungal Late Blight,True,e22ff58db33b8fc57bb045d830f800dda670aa208eeabcacae908d67f99f5909,cd22d2f328f878e4,
potato_bangladesh,Potato Leaf Disease Dataset/Fungal Late Blight/aug_0_5208.jpg,aug_0_5208.jpg,.jpg,17486,224,224,Fungal Late Blight,True,b693eb100c4127eb8cb0b491205d1e0bdf57cf5a918e85306af8682022413e21,f8c391814aba7ab3,
potato_bangladesh,Potato Leaf Disease Dataset/Fungal Late Blight/aug_0_2947.jpg,aug_0_2947.jpg,.jpg,13054,224,224,Fungal Late Blight,True,5fe5f94065cde037e89e69a8e4749b92b7a261325330efde27766d5c5d30854c,87587f5121171d3e,
potato_bangladesh,Potato Leaf Disease Dataset/Fungal Late Blight/aug_0_4774.jpg,aug_0_4774.jpg,.jpg,16786,224,224,Fungal Late Blight,True,5115a74d344094d57991dd95e2e7f57acfeb82f00ca43f4b0e1813819d203fbb,d85e9d1046e36e69,
potato_bangladesh,Potato Leaf Disease Dataset/Fungal Late Blight/aug_0_9774.jpg,aug_0_9774.jpg,.jpg,15919,224,224,Fungal Late Blight,True,18f07d95c8eaed88ebd3897843fb8e669f7ed7b301cd288cd7b30dd7ed34951f,fdf271e28d193818,
potato_bangladesh,Potato Leaf Disease Dataset/Fungal Late Blight/aug_0_2124.jpg,aug_0_2124.jpg,.jpg,17199,224,224,Fungal Late Blight,True,829bcd26ccf26e1e55cbf88be99249d055ef421fe508b0a51775a0d9bd63cd72,ca7e8c83bac7f201,
potato_bangladesh,Potato Leaf Disease Dataset/Fungal Late Blight/aug_0_2828.jpg,aug_0_2828.jpg,.jpg,14518,224,224,Fungal Late Blight,True,d8c35257d7491a2634d40561e25df49a275d5696dcd525e1b4ec29aac28854a8,c99c7c99b160caf2,
potato_bangladesh,Potato Leaf Disease Dataset/Fungal Late Blight/aug_0_7081.jpg,aug_0_7081.jpg,.jpg,16633,224,224,Fungal Late Blight,True,2dcd7d1e4df4e294ac5cffc3d52e4024f650f6b73eba2a309496a11982d2204c,a496189f4cd0def4,
potato_bangladesh,Potato Leaf Disease Dataset/Fungal Late Blight/aug_0_3273.jpg,aug_0_3273.jpg,.jpg,16591,224,224,Fungal Late Blight,True,40e3c360359923dae398cc6e33ac77734950efc00cdfe774929b7c6494cc19d0,8bfc22af11074b5e,
potato_bangladesh,Potato Leaf Disease Dataset/Fungal Late Blight/aug_0_2693.jpg,aug_0_2693.jpg,.jpg,13806,224,224,Fungal Late Blight,True,e943cab9fb173b6f7e6391a5dc32d3d51271350d67974833ac9e8acbb4fd25ac,c5e23e0fc4d03da5,
potato_bangladesh,Potato Leaf Disease Dataset/Fungal Late Blight/aug_0_1905.jpg,aug_0_1905.jpg,.jpg,15751,224,224,Fungal Late Blight,True,5b9b6047bf89d992a5a9a720952cbfdf912b94dafcb678bb2bde48f59bb59e13,d57a4babc0c4aa53,
potato_bangladesh,Potato Leaf Disease Dataset/Fungal Late Blight/aug_0_5988.jpg,aug_0_5988.jpg,.jpg,13653,224,224,Fungal Late Blight,True,59a7f8ef09db7afb3a1623bb3319c7fb085b9d2cf83844b7d6ea5e6646f2abfd,e47aa9b66c09364b,
potato_bangladesh,Potato Leaf Disease Dataset/Fungal Late Blight/aug_0_7717.jpg,aug_0_7717.jpg,.jpg,17046,224,224,Fungal Late Blight,True,9be89197a78f216e3221af8423fb1632aad51396bb912ff407559e26d4e6ae33,fcf3458bc45d02c6,
potato_bangladesh,Potato Leaf Disease Dataset/Fungal Late Blight/aug_0_2015.jpg,aug_0_2015.jpg,.jpg,13275,224,224,Fungal Late Blight,True,c9981bd7d37702b078a8aad155835eb22327acc4b954a3dab46ce275692afa34,fd61271b51cd24d1,
potato_bangladesh,Potato Leaf Disease Dataset/Fungal Late Blight/aug_0_2097.jpg,aug_0_2097.jpg,.jpg,15064,224,224,Fungal Late Blight,True,3c0caa7133a34305f0a967548563f8c6d8e218bd3a737a544588821ae19cf945,db5ccf8d51a39023,
potato_bangladesh,Potato Leaf Disease Dataset/Fungal Late Blight/aug_0_4780.jpg,aug_0_4780.jpg,.jpg,16817,224,224,Fungal Late Blight,True,53a95e652e001dc73ea01d1b21d1406ff230a0e214c0e2726ba490789c5df423,dd7d8d424cce30a9,
potato_bangladesh,Potato Leaf Disease Dataset/Fungal Late Blight/aug_0_6313.jpg,aug_0_6313.jpg,.jpg,18535,224,224,Fungal Late Blight,True,2d8b3ea759aa6f9342d21d560cb3d6d4fe5155272240474a53e6cf197a5d0dc5,92c91996fed740d4,
potato_bangladesh,Potato Leaf Disease Dataset/Fungal Late Blight/aug_0_1462.jpg,aug_0_1462.jpg,.jpg,13347,224,224,Fungal Late Blight,True,d600dc34ca7f36758b3d6ff4a341a30d79858bd5a2807c312f2a91b227c82f40,afb7309322c84f35,
potato_bangladesh,Potato Leaf Disease Dataset/Fungal Late Blight/aug_0_4596.jpg,aug_0_4596.jpg,.jpg,18582,224,224,Fungal Late Blight,True,380e6ffcb23853c7641d402ca280b43eadb6d30b2f9537acfab7c5f86c856093,93fa63636ca07f01,
potato_bangladesh,Potato Leaf Disease Dataset/Fungal Late Blight/orig_3.jpg,orig_3.jpg,.jpg,17458,224,224,Fungal Late Blight,False,5cd5af5dd0850ccaa6bf45b3cc91389be16537dacbc83e5159a20f8fa97491a2,e4a5077b281f74e2,
potato_bangladesh,Potato Leaf Disease Dataset/Fungal Late Blight/aug_0_4951.jpg,aug_0_4951.jpg,.jpg,15804,224,224,Fungal Late Blight,True,0e2a04ac6d469f8f4089f50af64dc9ed7db715bb4324de0a545d1197d15a0922,d6e822f4ea2383ea,
potato_bangladesh,Potato Leaf Disease Dataset/Fungal Late Blight/aug_0_5168.jpg,aug_0_5168.jpg,.jpg,14306,224,224,Fungal Late Blight,True,e8fd830901b17353f3bb7271e77f89ae51208c52e87ffdbb3b7495ffecd32108,fcad64e53362c491,
potato_bangladesh,Potato Leaf Disease Dataset/Fungal Late Blight/aug_0_6071.jpg,aug_0_6071.jpg,.jpg,16982,224,224,Fungal Late Blight,True,1a408e21627f2635a9077a109f074d8f42a7d6d998a1bb4c8bfdffd395858e97,e1eb4ea0bd10687b,
potato_bangladesh,Potato Leaf Disease Dataset/Fungal Late Blight/aug_0_3252.jpg,aug_0_3252.jpg,.jpg,17157,224,224,Fungal Late Blight,True,14af0b5d99da36a26637ec007c5ff143d7d93816f48aaadfc6aed39e07481870,e2b63a54f054f6a2,
potato_bangladesh,Potato Leaf Disease Dataset/Fungal Late Blight/orig_16.jpg,orig_16.jpg,.jpg,20139,224,224,Fungal Late Blight,False,3b3156e5e928a9ebd255bcea37b748610745df08880c5b7e36aeeeec63d8707f,d25579ac7e925036,
potato_bangladesh,Potato Leaf Disease Dataset/Fungal Late Blight/aug_0_6048.jpg,aug_0_6048.jpg,.jpg,16720,224,224,Fungal Late Blight,True,a5dd04035491cdef867f877b50b032243617f815a3039abca9ce751ca017470f,b4eed57c300763a1,
potato_bangladesh,Potato Leaf Disease Dataset/Fungal Late Blight/aug_0_9556.jpg,aug_0_9556.jpg,.jpg,17794,224,224,Fungal Late Blight,True,420d2f78ec057c20c4e44186fbcdc1344fcc5f7366f5526d54f47cfd5d9fdda7,cf7341a11c4f8e78,
potato_bangladesh,Potato Leaf Disease Dataset/Fungal Late Blight/aug_0_5266.jpg,aug_0_5266.jpg,.jpg,17780,224,224,Fungal Late Blight,True,e17c1f63a5504316c00dcf73a3e35bf75b24d4616a3bb5af0bbfc69bb012306c,953cf36a25cebd00,
potato_bangladesh,Potato Leaf Disease Dataset/Fungal Late Blight/aug_0_9270.jpg,aug_0_9270.jpg,.jpg,17054,224,224,Fungal Late Blight,True,e696877d415b53c95f0a4096284264da6dddb9a08ed3671afe09bab38cc2c076,f15ef8e60a0109fe,
potato_bangladesh,Potato Leaf Disease Dataset/Fungal Late Blight/aug_0_357.jpg,aug_0_357.jpg,.jpg,17909,224,224,Fungal Late Blight,True,f6f2b04acfaf8b183997a63e101a0f13677d2342d2c8d43986ed273c4a5abe36,e42fa7e3472948ca,
potato_bangladesh,Potato Leaf Disease Dataset/Fungal Late Blight/aug_0_7811.jpg,aug_0_7811.jpg,.jpg,11556,224,224,Fungal Late Blight,True,ad4259f4506b33ae6d2d0e6ad8f11977977837107d473b783933b64c2e02e811,d64a4c52dabcbb41,
potato_bangladesh,Potato Leaf Disease Dataset/Fungal Late Blight/aug_0_81.jpg,aug_0_81.jpg,.jpg,18464,224,224,Fungal Late Blight,True,79192b0fe2668f3d855dedf05ac82ef85290a1b98186da977b16e4346ee90ca1,e9db3337a007c20f,
potato_bangladesh,Potato Leaf Disease Dataset/Fungal Late Blight/aug_0_5806.jpg,aug_0_5806.jpg,.jpg,18084,224,224,Fungal Late Blight,True,9f8c8d773a0cd0eb692a08930129528ca0a514f2f18c95041a17d21ff2cfab72,970872d0fcccb0fc,
potato_bangladesh,Potato Leaf Disease Dataset/Fungal Late Blight/aug_0_6899.jpg,aug_0_6899.jpg,.jpg,16557,224,224,Fungal Late Blight,True,eb7a01d2a5d59b42241dbc42ffa7732585d9cfb78c40758f4fba49154a0bbaee,9ef10fcb2288ccb9,
potato_bangladesh,Potato Leaf Disease Dataset/Fungal Late Blight/aug_0_2764.jpg,aug_0_2764.jpg,.jpg,13254,224,224,Fungal Late Blight,True,2548499c017c6b1816b8434768a201cc781f9051b0be29fd5d51c8787e897df1,f76b5913da1033a1,
potato_bangladesh,Potato Leaf Disease Dataset/Fungal Late Blight/orig_11.jpg,orig_11.jpg,.jpg,21280,224,224,Fungal Late Blight,False,a32a521ea711baebcdf5039d0c2f44bc6d584249f19a68f622012efdfa94d988,c1efec4a66a8b183,
potato_bangladesh,Potato Leaf Disease Dataset/Fungal Late Blight/aug_0_379.jpg,aug_0_379.jpg,.jpg,16846,224,224,Fungal Late Blight,True,e2d4710329b2385266a8020cc2f4887be009b7836022a569140f6bfcfacb9139,db2ea30a8b50547f,
potato_bangladesh,Potato Leaf Disease Dataset/Fungal Late Blight/aug_0_4546.jpg,aug_0_4546.jpg,.jpg,18393,224,224,Fungal Late Blight,True,c050a019f91ef3b7b48e66648ecb8dd4b14c71e7e81b7d01e363299cb0faaff6,81fc4a10196cbf9f,
potato_bangladesh,Potato Leaf Disease Dataset/Fungal Late Blight/aug_0_5590.jpg,aug_0_5590.jpg,.jpg,15710,224,224,Fungal Late Blight,True,fead30e6dc851766e7085774dedd8f1c58342e887e44221fa46f6311ea1f31c2,bc9eec4209a50beb,
potato_bangladesh,Potato Leaf Disease Dataset/Fungal Late Blight/aug_0_2434.jpg,aug_0_2434.jpg,.jpg,13579,224,224,Fungal Late Blight,True,1b50c8428fe64423c9a6aa29f4c8e34f1060f067035d0fe9a32e80e0665b2cc5,9ba0697876932c7c,
potato_bangladesh,Potato Leaf Disease Dataset/Fungal Late Blight/aug_0_5560.jpg,aug_0_5560.jpg,.jpg,11428,224,224,Fungal Late Blight,True,8706292385aaf6ab0e09aa3d21336017ed23c05f52ac3565fbf0087f297d5420,8d464ef8063cf387,
potato_bangladesh,Potato Leaf Disease Dataset/Fungal Late Blight/aug_0_6665.jpg,aug_0_6665.jpg,.jpg,17133,224,224,Fungal Late Blight,True,74286fedfb824d317ef8210be597b3399134810ed08ac40dfbf1f1b6fd65894a,b062046ae91e7bb7,
potato_bangladesh,Potato Leaf Disease Dataset/Fungal Late Blight/aug_0_1378.jpg,aug_0_1378.jpg,.jpg,13333,224,224,Fungal Late Blight,True,be12e9aee45dd50c21bb0c4d745bcc6ead4e665a739dbb5384f3ad3a51e966f9,9d6e4ea385c32aa9,
potato_bangladesh,Potato Leaf Disease Dataset/Fungal Late Blight/aug_0_6926.jpg,aug_0_6926.jpg,.jpg,14113,224,224,Fungal Late Blight,True,fecd54b4d97f067cccd8076ed2a0347f0f05c0b4d0211d4a8adc15f73b2c765f,f38fce1c00e1fc61,
potato_bangladesh,Potato Leaf Disease Dataset/Fungal Late Blight/orig_14.jpg,orig_14.jpg,.jpg,20858,224,224,Fungal Late Blight,False,f80a42b7949aba62fad2b6055b22695d79b449441adf896a4d5fe67d01c38a8b,dbb251c7a0425f87,
potato_bangladesh,Potato Leaf Disease Dataset/Fungal Late Blight/aug_0_2913.jpg,aug_0_2913.jpg,.jpg,15570,224,224,Fungal Late Blight,True,f8cea51d3069fd2a23ca2b3fdb6410c8e117053267e64d8b6e8bf7e7d18da7d5,fc1cf449abc5c688,
potato_bangladesh,Potato Leaf Disease Dataset/Fungal Late Blight/aug_0_900.jpg,aug_0_900.jpg,.jpg,16589,224,224,Fungal Late Blight,True,a013cff69a6bb2214cf4689663b098ace723e4916a925ac0d4f940fbed3e1e3d,c25812a3c5bdabd5,
potato_bangladesh,Potato Leaf Disease Dataset/Fungal Late Blight/aug_0_3866.jpg,aug_0_3866.jpg,.jpg,17784,224,224,Fungal Late Blight,True,004b1fdf6c947c7978a07ce2e20e9faeb1078e07ce6f136179458aa4d5254d40,b9722f96415e9127,
potato_bangladesh,Potato Leaf Disease Dataset/Fungal Late Blight/aug_0_8030.jpg,aug_0_8030.jpg,.jpg,17182,224,224,Fungal Late Blight,True,f42fd80193debb6288a0db77ace45fc4363db5702dfefc48e1abdf34d3f25b66,99ad88f6502b78d6,
potato_bangladesh,Potato Leaf Disease Dataset/Fungal Late Blight/aug_0_9474.jpg,aug_0_9474.jpg,.jpg,17507,224,224,Fungal Late Blight,True,6e28b4120023b9435690f8188860828a42a6c1320d77d94c84ab369cc7d0f366,b25a3f3c39b80c6a,
potato_bangladesh,Potato Leaf Disease Dataset/Fungal Late Blight/aug_0_8531.jpg,aug_0_8531.jpg,.jpg,11788,224,224,Fungal Late Blight,True,0afa1f325f1fb285ab8025c3aa644525a431bb3eb059b5578996be690f4b9147,897f6b06183373e2,
potato_bangladesh,Potato Leaf Disease Dataset/Fungal Late Blight/aug_0_3374.jpg,aug_0_3374.jpg,.jpg,16199,224,224,Fungal Late Blight,True,30a37cf1e33365a2f6f7da6a6e381f3e79e5db822fae625464ec0905abdaeaad,c7f2fe501c857268,
potato_bangladesh,Potato Leaf Disease Dataset/Fungal Late Blight/orig_5.jpg,orig_5.jpg,.jpg,14551,224,224,Fungal Late Blight,False,76fdbdd01cc397b13eb16b56b05bbd20c68913779efdac830336b71911c3e48c,d72d548abd164a6a,
potato_bangladesh,Potato Leaf Disease Dataset/Fungal Late Blight/aug_0_3092.jpg,aug_0_3092.jpg,.jpg,15562,224,224,Fungal Late Blight,True,5cb80254ea9c7e821d0066a4267ed88185a9c845dafdd2da9353a43dbb78c146,bdf85923f0c00b67,
potato_bangladesh,Potato Leaf Disease Dataset/Fungal Late Blight/aug_0_5181.jpg,aug_0_5181.jpg,.jpg,16595,224,224,Fungal Late Blight,True,249a7bf1e9049993cc5f9eb801ce5f3cfc5113e42c1d0b381470f92d2df55d34,da332f6b5a12c1b4,
potato_bangladesh,Potato Leaf Disease Dataset/Fungal Late Blight/aug_0_3924.jpg,aug_0_3924.jpg,.jpg,11956,224,224,Fungal Late Blight,True,6a776b13f249f1933f8a430c685083a2b789988227df9b6b315dcbec53e1b86f,d9611e498dbe8359,
potato_bangladesh,Potato Leaf Disease Dataset/Viral Leaf Roll/aug_0_7043.jpg,aug_0_7043.jpg,.jpg,14196,224,224,Viral Leaf Roll,True,c133355de5fb34f73c9c733b9aec45d400e42286bc2c95ef4550ec3690ef776b,ce9a844e46df50f4,
potato_bangladesh,Potato Leaf Disease Dataset/Viral Leaf Roll/aug_0_5636.jpg,aug_0_5636.jpg,.jpg,16322,224,224,Viral Leaf Roll,True,4fcf661d809f5c58bedb202d2d6558e3c1ed0f337e50330dc380b8845e0bcc2d,f4df3a058af20ec2,
potato_bangladesh,Potato Leaf Disease Dataset/Viral Leaf Roll/aug_0_8472.jpg,aug_0_8472.jpg,.jpg,12569,224,224,Viral Leaf Roll,True,59b4f190ca91537cee1cf1b2e85463ccfa9bd2effe86b3f118ea6393f5e8fa11,db92b26766d9d050,
potato_bangladesh,Potato Leaf Disease Dataset/Viral Leaf Roll/aug_0_4406.jpg,aug_0_4406.jpg,.jpg,18103,224,224,Viral Leaf Roll,True,231d4d3ad5e0caed74581106c1d59ff5ab347e557565783f22b9a1479755ad8e,ea5a93a66190fa5a,
potato_bangladesh,Potato Leaf Disease Dataset/Viral Leaf Roll/aug_0_2034.jpg,aug_0_2034.jpg,.jpg,15534,224,224,Viral Leaf Roll,True,17ce7892cc78afa8393419023a5bfcd31d40316ab32a1c4ed68645f3f04912f1,d6a4744929fa8e27,
potato_bangladesh,Potato Leaf Disease Dataset/Viral Leaf Roll/aug_0_3262.jpg,aug_0_3262.jpg,.jpg,15734,224,224,Viral Leaf Roll,True,fb0c71253e21cdbf13c0e3c70652b3b1b9bc94018bbeb951dd1f08e04b2a8059,a41b3a31fa82afa5,
potato_bangladesh,Potato Leaf Disease Dataset/Viral Leaf Roll/aug_0_9574.jpg,aug_0_9574.jpg,.jpg,16342,224,224,Viral Leaf Roll,True,01aae0178d3e0bacaca1e10b1673a2728ed814c0d143022dc85cf7d367efdfd2,fd817f000721f27d,
potato_bangladesh,Potato Leaf Disease Dataset/Viral Leaf Roll/aug_0_2726.jpg,aug_0_2726.jpg,.jpg,13254,224,224,Viral Leaf Roll,True,304314d8c4a24a8bae99ae8282054cffaad1efdb22728f66bbdff2e6077777b7,99fff0000d3ce6a3,
potato_bangladesh,Potato Leaf Disease Dataset/Viral Leaf Roll/aug_0_1791.jpg,aug_0_1791.jpg,.jpg,19803,224,224,Viral Leaf Roll,True,35319e5f13cf7f7a9a17be141d04d9fd91eeaf6d402460b0f1c7dfae4546eab3,a3c0d427e4939e2f,
potato_bangladesh,Potato Leaf Disease Dataset/Viral Leaf Roll/aug_0_6429.jpg,aug_0_6429.jpg,.jpg,12981,224,224,Viral Leaf Roll,True,2261aeda78ac246d69958ade32ac373ddeece469653cdfdb2e0b4328b5034419,ad2879727e6243d4,
potato_bangladesh,Potato Leaf Disease Dataset/Viral Leaf Roll/aug_0_4613.jpg,aug_0_4613.jpg,.jpg,15852,224,224,Viral Leaf Roll,True,cab391bfe07cbb52389506b55d91c11f9db76ec937fb5eaeba1c5a05896dc0b2,a2c8c33f4ab77485,
potato_bangladesh,Potato Leaf Disease Dataset/Viral Leaf Roll/aug_0_8772.jpg,aug_0_8772.jpg,.jpg,12911,224,224,Viral Leaf Roll,True,51c4570c8b38448fbdd08ea762ca1a187c679f7b69e3d3e5def606f649088f39,90e535091d6fb25e,
potato_bangladesh,Potato Leaf Disease Dataset/Viral Leaf Roll/aug_0_5180.jpg,aug_0_5180.jpg,.jpg,16713,224,224,Viral Leaf Roll,True,cd5bea430848a1a4a1b52064e48977e0b6366dc43258e0fe2c0ddd8fab645dc4,e62deee9c0ea8407,
potato_bangladesh,Potato Leaf Disease Dataset/Viral Leaf Roll/aug_0_97.jpg,aug_0_97.jpg,.jpg,15813,224,224,Viral Leaf Roll,True,bdfa763d13f5ade9e59818160db622139a10c2ac22fc016a13e54ae188778ba3,82eefe0d818129fe,
potato_bangladesh,Potato Leaf Disease Dataset/Viral Leaf Roll/aug_0_766.jpg,aug_0_766.jpg,.jpg,17200,224,224,Viral Leaf Roll,True,b63c057b0c446ebb2c61f014b480a5ad7c695a78a85744aad0013a7567b08bab,cc480041fcfa8ff7,
potato_bangladesh,Potato Leaf Disease Dataset/Viral Leaf Roll/aug_0_5317.jpg,aug_0_5317.jpg,.jpg,14272,224,224,Viral Leaf Roll,True,44c90a8da06cfe1b722cb7e2daa7131c3ba8bf771e6d87239a7e04e82afbe4b8,c945bebb5b50a641,
potato_bangladesh,Potato Leaf Disease Dataset/Viral Leaf Roll/orig_23.jpg,orig_23.jpg,.jpg,18274,224,224,Viral Leaf Roll,False,330f40f0e11ebdf8417ce6d9b3758963fb81ea3986c19c0a2917ca23435f21a3,dd715826c9326f58,
potato_bangladesh,Potato Leaf Disease Dataset/Viral Leaf Roll/aug_0_5557.jpg,aug_0_5557.jpg,.jpg,13658,224,224,Viral Leaf Roll,True,ae5ae310509bf21da8d04fdf0014536efa328a718f8d50c9b277b59a0c656653,98e2731c3b1bc578,
potato_bangladesh,Potato Leaf Disease Dataset/Viral Leaf Roll/aug_0_3838.jpg,aug_0_3838.jpg,.jpg,15098,224,224,Viral Leaf Roll,True,2437ad498f65b22b2cc9eb6290f8d603909696656c6caf76e6e435f1d6cba0f7,f2c42780fb747613,
potato_bangladesh,Potato Leaf Disease Dataset/Viral Leaf Roll/aug_0_5119.jpg,aug_0_5119.jpg,.jpg,18430,224,224,Viral Leaf Roll,True,7c7047da1569858051d4748bdbb0113a5d7e3f7255f3ea1f7ecc4cda453aadfe,c42017e372ff543c,
potato_bangladesh,Potato Leaf Disease Dataset/Viral Leaf Roll/aug_0_6206.jpg,aug_0_6206.jpg,.jpg,15587,224,224,Viral Leaf Roll,True,8f436c3bc2b3a579ad016c7da11525c8dae5d85907f83e6bb4a65a59d377565f,abcd8819f503ee16,
potato_bangladesh,Potato Leaf Disease Dataset/Viral Leaf Roll/aug_0_6338.jpg,aug_0_6338.jpg,.jpg,16229,224,224,Viral Leaf Roll,True,dd6766450a79cc2222d5cbd0908339217ce16b69a941230f907910fb7d592e58,be7003db61abbc14,
potato_bangladesh,Potato Leaf Disease Dataset/Viral Leaf Roll/aug_0_276.jpg,aug_0_276.jpg,.jpg,13583,224,224,Viral Leaf Roll,True,6b3208d0b2c7d726e3f5e75ff8101c8eb77de71a8f139aa11354770980f22cb8,ae0d8e78607db2cc,
potato_bangladesh,Potato Leaf Disease Dataset/Viral Leaf Roll/aug_0_9953.jpg,aug_0_9953.jpg,.jpg,17366,224,224,Viral Leaf Roll,True,051059c86e593e5977246342db8d6f1cbb2cca5b04f3d489b644d6d9ed59a3a1,8b8e0cf6765547a8,
potato_bangladesh,Potato Leaf Disease Dataset/Viral Leaf Roll/orig_24.jpg,orig_24.jpg,.jpg,19076,224,224,Viral Leaf Roll,False,462898f16bd1c7b4466136155e28d542561d0b03587349fccb9b8104220e9564,fd728190c4bb9745,
potato_bangladesh,Potato Leaf Disease Dataset/Viral Leaf Roll/aug_0_2365.jpg,aug_0_2365.jpg,.jpg,15747,224,224,Viral Leaf Roll,True,764d8884e065ccac741997cb24e658b7cf5a651648c0e3dfb6590c608b8b3376,95c22897e87a9d6c,
potato_bangladesh,Potato Leaf Disease Dataset/Viral Leaf Roll/aug_0_4742.jpg,aug_0_4742.jpg,.jpg,12442,224,224,Viral Leaf Roll,True,638d873b23532f5889ab5c750a3c372baffc30bf23ad8e7cc563804e4c34e44c,bbda3a060aad54ab,
potato_bangladesh,Potato Leaf Disease Dataset/Viral Leaf Roll/aug_0_6283.jpg,aug_0_6283.jpg,.jpg,12526,224,224,Viral Leaf Roll,True,fee56a31e9fcf51e339f23888b9d1baf27930874ef3f9ed881c6f478aa736ef9,b1bd77a3004ca1d7,
potato_bangladesh,Potato Leaf Disease Dataset/Viral Leaf Roll/aug_0_2888.jpg,aug_0_2888.jpg,.jpg,17565,224,224,Viral Leaf Roll,True,cf747717761299023f73c9ad116fd0ea4104d78f157ab757303024923282fc1d,e89bf0e7c5969424,
potato_bangladesh,Potato Leaf Disease Dataset/Viral Leaf Roll/aug_0_402.jpg,aug_0_402.jpg,.jpg,14484,224,224,Viral Leaf Roll,True,4e67b38ca6f96736231b814903c66d36c52cc9ac38f0929d65797fd93430b270,ac42c4a9bbda4d74,
potato_bangladesh,Potato Leaf Disease Dataset/Viral Leaf Roll/aug_0_8103.jpg,aug_0_8103.jpg,.jpg,16127,224,224,Viral Leaf Roll,True,26622269640301a584b46d6d8e01a9c44abfba178352bdc59f1de5cbb4f9d2f3,d09a4b2dc46ee927,
potato_bangladesh,Potato Leaf Disease Dataset/Viral Leaf Roll/aug_0_6133.jpg,aug_0_6133.jpg,.jpg,13264,224,224,Viral Leaf Roll,True,facf71b5f1ef0efe224de71bbe3e08b1bf22f534cc0978b62df282d5fd380e33,d29a0bb5326343eb,
potato_bangladesh,Potato Leaf Disease Dataset/Viral Leaf Roll/aug_0_3936.jpg,aug_0_3936.jpg,.jpg,16904,224,224,Viral Leaf Roll,True,ab80a82ffab28fbf20f2192693ed22a231f0ad8315fdcfb22bf705e78b2f0715,a9a550eb3b3385e4,
potato_bangladesh,Potato Leaf Disease Dataset/Viral Leaf Roll/aug_0_4852.jpg,aug_0_4852.jpg,.jpg,11891,224,224,Viral Leaf Roll,True,7dd49cf323461cef057137606a9563925a88964a978a81551364301053c29f60,e746ba954bb0d138,
potato_bangladesh,Potato Leaf Disease Dataset/Viral Leaf Roll/aug_0_512.jpg,aug_0_512.jpg,.jpg,14719,224,224,Viral Leaf Roll,True,f0df42796916af61d6cbf671069bd5f47589c61e80e169fc91ea15cb5de0b365,d92f512f692c7451,
potato_bangladesh,Potato Leaf Disease Dataset/Viral Leaf Roll/aug_0_1630.jpg,aug_0_1630.jpg,.jpg,15748,224,224,Viral Leaf Roll,True,47176c4a485b56946d81e93e30e687221e22d03134b61cd3f51274c37d66340b,fc68e8ce5733c0a2,
potato_bangladesh,Potato Leaf Disease Dataset/Viral Leaf Roll/aug_0_2715.jpg,aug_0_2715.jpg,.jpg,14695,224,224,Viral Leaf Roll,True,21dea473a5ff97243703c836d8f4edc7a924f960face63fadd23049a5f5371da,8e1e1f5233557455,
potato_bangladesh,Potato Leaf Disease Dataset/Viral Leaf Roll/orig_20.jpg,orig_20.jpg,.jpg,22819,224,224,Viral Leaf Roll,False,b50a48eaa5a7ad1ea9e017c4f6c3a08af21e8dd768b556e47298e669687020bd,e0862bfeb8c12f31,
potato_bangladesh,Potato Leaf Disease Dataset/Viral Leaf Roll/aug_0_670.jpg,aug_0_670.jpg,.jpg,14567,224,224,Viral Leaf Roll,True,28cef4383c682291dfd8575a26507a62123e107ff498b818f7daaf585d40cabb,813caf1f78a1a62e,
potato_bangladesh,Potato Leaf Disease Dataset/Viral Leaf Roll/aug_0_2412.jpg,aug_0_2412.jpg,.jpg,15381,224,224,Viral Leaf Roll,True,50877518014175888b8bca7780d344c560f5c1dae987f83043dc3db18abd7019,a68ce133aaa51b9b,
potato_bangladesh,Potato Leaf Disease Dataset/Viral Leaf Roll/aug_0_5120.jpg,aug_0_5120.jpg,.jpg,14112,224,224,Viral Leaf Roll,True,9e0ff466c43f19a08ca23039155945ea592d1edbe212b053f4a7c021a01a0d65,ceac26c6cec17b30,
potato_bangladesh,Potato Leaf Disease Dataset/Viral Leaf Roll/aug_0_738.jpg,aug_0_738.jpg,.jpg,18599,224,224,Viral Leaf Roll,True,7f004f72c229e9bd37fe6a40e6ad45def9f55c0a26d516bcb9a3a345db7b89e5,920b2fa6b341aed5,
potato_bangladesh,Potato Leaf Disease Dataset/Viral Leaf Roll/aug_0_9096.jpg,aug_0_9096.jpg,.jpg,16115,224,224,Viral Leaf Roll,True,5376b7214efe5c7898bc585f05ba51f0ce14e88e1053f0a448862a784a806b63,941263ece83978b7,
potato_bangladesh,Potato Leaf Disease Dataset/Viral Leaf Roll/aug_0_2700.jpg,aug_0_2700.jpg,.jpg,20236,224,224,Viral Leaf Roll,True,f303564b54025378885ad9088f19eeb61547321e60a1da991e405e697f0c504f,9f496c3266585f94,
potato_bangladesh,Potato Leaf Disease Dataset/Viral Leaf Roll/aug_0_4104.jpg,aug_0_4104.jpg,.jpg,14322,224,224,Viral Leaf Roll,True,f0cc52fba4d6db461184f5a4464a2f7325f392d68fa70cae428eefa67d3089b3,83b889596d9b5b43,
potato_bangladesh,Potato Leaf Disease Dataset/Viral Leaf Roll/aug_0_2405.jpg,aug_0_2405.jpg,.jpg,14434,224,224,Viral Leaf Roll,True,3fe5cf8993c308f5b1e766b94e0ede7cfab086a17be7cbe413fe0d752ceb657b,c25a5670379c8b9e,
potato_bangladesh,Potato Leaf Disease Dataset/Viral Leaf Roll/aug_0_2214.jpg,aug_0_2214.jpg,.jpg,16978,224,224,Viral Leaf Roll,True,fff27909bcdfebff51bd9f0bcd3a734f54b4c8719d28ed1f9fc87a7b5ccb5669,e84a221b5878e5f7,
potato_bangladesh,Potato Leaf Disease Dataset/Viral Leaf Roll/aug_0_2442.jpg,aug_0_2442.jpg,.jpg,13700,224,224,Viral Leaf Roll,True,706f8dbe156fe06ef94ab8a4b87e889f4810570cea2c8290411e715c6858ce04,b3a1abc81e66c8ad,
potato_bangladesh,Potato Leaf Disease Dataset/Viral Leaf Roll/aug_0_320.jpg,aug_0_320.jpg,.jpg,13729,224,224,Viral Leaf Roll,True,08caae9b3d5fa4b5e5942263564ec697f2440b5cce258c85e9d284f3bff4e02f,96720f9bd24709e3,
potato_bangladesh,Potato Leaf Disease Dataset/Viral Leaf Roll/aug_0_5185.jpg,aug_0_5185.jpg,.jpg,14154,224,224,Viral Leaf Roll,True,3807f6c16f1a14b8e782396f4a7b5ad3ef0cd9563fe0fe21ff2b84dc6dc4a6cc,eb5ca522543db459,
potato_bangladesh,Potato Leaf Disease Dataset/Viral Leaf Roll/aug_0_4258.jpg,aug_0_4258.jpg,.jpg,17121,224,224,Viral Leaf Roll,True,f0c628e2b1df6d638f93726881be4f6bb3af7a38cfe823a0eb40ab49786e1a6b,c8e305a74b1bd23e,
potato_bangladesh,Potato Leaf Disease Dataset/Viral Leaf Roll/aug_0_6226.jpg,aug_0_6226.jpg,.jpg,16462,224,224,Viral Leaf Roll,True,64b14cab4fa678110d09eaf558b67ef17559df787bac4ade3866c9e987f795d5,d416a4cccb6d83b3,
potato_bangladesh,Potato Leaf Disease Dataset/Viral Leaf Roll/aug_0_9463.jpg,aug_0_9463.jpg,.jpg,16868,224,224,Viral Leaf Roll,True,cde5648b5da8af9bd813d463968eeb75beb08f6c2f53a3c009b9ff749be4f56b,c03ba7b4c0c768db,
potato_bangladesh,Potato Leaf Disease Dataset/Viral Leaf Roll/aug_0_8497.jpg,aug_0_8497.jpg,.jpg,16753,224,224,Viral Leaf Roll,True,3509544311ecd6db00b3d7c4db2a6fec535db8ef2281ab939bf13053c4f80a66,ba00697a9580fef6,
potato_bangladesh,Potato Leaf Disease Dataset/Viral Leaf Roll/aug_0_7745.jpg,aug_0_7745.jpg,.jpg,13400,224,224,Viral Leaf Roll,True,e5ba6a68c49d2e1aefc02e98afaa10503ad240dd1f7a039806fa441c3afc1919,d5acedd8182b8743,
potato_bangladesh,Potato Leaf Disease Dataset/Viral Leaf Roll/aug_0_2272.jpg,aug_0_2272.jpg,.jpg,12715,224,224,Viral Leaf Roll,True,1183924e283c016a0a58e533ea4813703dd6659666d16e56ebbf5425a4706a4a,db41a5954ab5f630,
potato_bangladesh,Potato Leaf Disease Dataset/Viral Leaf Roll/aug_0_5883.jpg,aug_0_5883.jpg,.jpg,16643,224,224,Viral Leaf Roll,True,1e1cfe5d8d877329fc034274841c995fc5331979f75e86e26f35167627edb230,ebc92dc8380a7b3c,
potato_bangladesh,Potato Leaf Disease Dataset/Viral Leaf Roll/aug_0_3563.jpg,aug_0_3563.jpg,.jpg,14769,224,224,Viral Leaf Roll,True,298f5203a6f91e4d214c07d8658c8f6985d2a929bbf1685f7afba8a3e38e42dc,926d2ff810d73299,
potato_bangladesh,Potato Leaf Disease Dataset/Viral Leaf Roll/aug_0_9272.jpg,aug_0_9272.jpg,.jpg,14692,224,224,Viral Leaf Roll,True,e1b59fa1d80f27f7aca5d96236d3d7b53d6f930e2aa39eafa59683de079177ad,f2a31fc30ff002f8,
potato_bangladesh,Potato Leaf Disease Dataset/Viral Leaf Roll/orig_7.jpg,orig_7.jpg,.jpg,22763,224,224,Viral Leaf Roll,False,9c08412d2dfd80804d584d6a49b888e5dd646cd8452f4e36c2d6ca13374448ee,f62c706c0ad7453b,
potato_bangladesh,Potato Leaf Disease Dataset/Viral Leaf Roll/aug_0_2851.jpg,aug_0_2851.jpg,.jpg,14694,224,224,Viral Leaf Roll,True,fd4355d7d25233d1c3202720f82d43a03b0fa9961fb14c84074f697f182007e8,d7165808eb456fe4,
potato_bangladesh,Potato Leaf Disease Dataset/Viral Leaf Roll/aug_0_3348.jpg,aug_0_3348.jpg,.jpg,13876,224,224,Viral Leaf Roll,True,8a36454e4447ea69c1cb85c950bdd44cff2da5cc455918689c8471c0857af7f3,9b860f646baaa51e,
potato_bangladesh,Potato Leaf Disease Dataset/Viral Leaf Roll/orig_2.jpg,orig_2.jpg,.jpg,17110,224,224,Viral Leaf Roll,False,c17aedd6c05bbf45082967886d8d9b6f064874e82e14eae953bb42d37ecf0a7c,d62759968b18cb3a,
potato_bangladesh,Potato Leaf Disease Dataset/Viral Leaf Roll/aug_0_5924.jpg,aug_0_5924.jpg,.jpg,15643,224,224,Viral Leaf Roll,True,efefe7d8af0cd444326e789368ffd72375d2b259a626ba2fed69090795ef1d02,8fdb43db4a9a0525,
potato_bangladesh,Potato Leaf Disease Dataset/Viral Leaf Roll/aug_0_3335.jpg,aug_0_3335.jpg,.jpg,13395,224,224,Viral Leaf Roll,True,dbca02350d5cc488fa2038b8a2af0c6895011333c6ea25153af302c5bf6330ee,8733688d1d1a1f75,
potato_bangladesh,Potato Leaf Disease Dataset/Viral Leaf Roll/aug_0_7195.jpg,aug_0_7195.jpg,.jpg,15579,224,224,Viral Leaf Roll,True,21123b597d8509d1bd506644fd69f06f4dfb57785fa6a7f3a6aba5ed6eefabb4,86868342a6de77f2,
potato_bangladesh,Potato Leaf Disease Dataset/Viral Leaf Roll/aug_0_9537.jpg,aug_0_9537.jpg,.jpg,15206,224,224,Viral Leaf Roll,True,be416fb5e57d2f7cc350e06f9259a9d2343b612004cd4c6b2b8687e9b0546000,d2ce8d57bc1449e4,
potato_bangladesh,Potato Leaf Disease Dataset/Viral Leaf Roll/aug_0_5476.jpg,aug_0_5476.jpg,.jpg,14007,224,224,Viral Leaf Roll,True,891e01b40db86fd835f32062d4d185f96aa80531f8e445e3e8bacffc7eca9d33,d51da0c86f959374,
potato_bangladesh,Potato Leaf Disease Dataset/Viral Leaf Roll/aug_0_8848.jpg,aug_0_8848.jpg,.jpg,13115,224,224,Viral Leaf Roll,True,756a1d448b8ce929325f2d5d4a23a0670be1ffea6f629eea59c0674498efdfab,8c0879f92a5fa1b3,
potato_bangladesh,Potato Leaf Disease Dataset/Viral Leaf Roll/aug_0_9435.jpg,aug_0_9435.jpg,.jpg,16599,224,224,Viral Leaf Roll,True,c427e91e7afa73db2157e9b76cdf6739c6175f4b1ab6b90da19841c4f58be5a2,c2f3bd0d0a4177cc,
potato_bangladesh,Potato Leaf Disease Dataset/Viral Leaf Roll/aug_0_4668.jpg,aug_0_4668.jpg,.jpg,18802,224,224,Viral Leaf Roll,True,7afe796cec7d3f84fdacbe02308b47f28f11a33ecd6528273a7cb18948d14c74,cb5d19a56561d269,
potato_bangladesh,Potato Leaf Disease Dataset/Viral Leaf Roll/aug_0_2039.jpg,aug_0_2039.jpg,.jpg,18732,224,224,Viral Leaf Roll,True,5517ae2c8e865e2e4c1aa19707ad2577e9f795f6a3c60edb001a3d59d57ead69,e73203ce1ed4a0bd,
potato_bangladesh,Potato Leaf Disease Dataset/Viral Leaf Roll/aug_0_806.jpg,aug_0_806.jpg,.jpg,15985,224,224,Viral Leaf Roll,True,9dcc682d72079e8c3ec08c7b7ebf816d24df3c2725bc5085bb5b2d3f2d64e213,d0676fc9871d2349,
potato_bangladesh,Potato Leaf Disease Dataset/Viral Leaf Roll/aug_0_2610.jpg,aug_0_2610.jpg,.jpg,13173,224,224,Viral Leaf Roll,True,4711cd09ef0f084c25ff4563683848931e8cec2c0f43ba461ade79e0b35fb451,e78bec414ff800f8,
potato_bangladesh,Potato Leaf Disease Dataset/Viral Leaf Roll/aug_0_1706.jpg,aug_0_1706.jpg,.jpg,12542,224,224,Viral Leaf Roll,True,8acaed095b044e53585f77a855b74f232a55bc4433b675c7eb20236de95a999c,df4e6df4820d0b83,
potato_bangladesh,Potato Leaf Disease Dataset/Viral Leaf Roll/aug_0_1615.jpg,aug_0_1615.jpg,.jpg,18540,224,224,Viral Leaf Roll,True,18d4d57518a8eb1ef5cbe3c9448a65b74ff7c116342dc0ce3f7926a0816cdc69,9c6d4e2d03125fae,
potato_bangladesh,Potato Leaf Disease Dataset/Viral Leaf Roll/aug_0_7124.jpg,aug_0_7124.jpg,.jpg,19822,224,224,Viral Leaf Roll,True,629e41c6d7f685009bb74559a06861ed1272522caca0140ec551cb8d5f4f071f,962e2d1e2914d7ba,
potato_bangladesh,Potato Leaf Disease Dataset/Viral Leaf Roll/aug_0_3381.jpg,aug_0_3381.jpg,.jpg,13123,224,224,Viral Leaf Roll,True,fbc6685bdcc0a70de3726eab1d60e62cf8d923e9a6109113da768b9760f2d8f4,d6b0a4b4454f2e2f,
potato_bangladesh,Potato Leaf Disease Dataset/Viral Leaf Roll/aug_0_532.jpg,aug_0_532.jpg,.jpg,15646,224,224,Viral Leaf Roll,True,591b390dc5aed3655c053440b18de17a56bf8f106d56fd42e280b2c016080cef,ee2e2c80976e28f9,
potato_bangladesh,Potato Leaf Disease Dataset/Viral Leaf Roll/aug_0_7060.jpg,aug_0_7060.jpg,.jpg,16515,224,224,Viral Leaf Roll,True,f1b2088a0d639717e4246834123605afe50aa2dee5f9ea469f8e1f05c27cf9cb,ba0868c342bf5fe4,
potato_bangladesh,Potato Leaf Disease Dataset/Viral Leaf Roll/aug_0_6346.jpg,aug_0_6346.jpg,.jpg,14328,224,224,Viral Leaf Roll,True,55c3358d6fd4bc871b5d44e941d9cc15db42c1d394524b7737e2aed5986e14ae,80d8dae5bcae46e1,
potato_bangladesh,Potato Leaf Disease Dataset/Viral Leaf Roll/aug_0_2294.jpg,aug_0_2294.jpg,.jpg,15522,224,224,Viral Leaf Roll,True,64f755e6a1efbfed75873c3639631a73695e60eddb1bb2cb63aa979da94b6410,8b131ec76dcd6621,
potato_bangladesh,Potato Leaf Disease Dataset/Viral Leaf Roll/aug_0_8078.jpg,aug_0_8078.jpg,.jpg,15532,224,224,Viral Leaf Roll,True,e3da5f7cc6600dbc07cfd08b1c3086438b08fd27422bfc87c8353b706145c6dd,d0c079338979c3af,
potato_bangladesh,Potato Leaf Disease Dataset/Viral Leaf Roll/aug_0_3437.jpg,aug_0_3437.jpg,.jpg,18615,224,224,Viral Leaf Roll,True,570cba43c063294ec9ea28d8be4006df0b7b43cb49b752f0e9908e1dec33afbb,82bb550ca37f7416,
potato_bangladesh,Potato Leaf Disease Dataset/Viral Leaf Roll/aug_0_6719.jpg,aug_0_6719.jpg,.jpg,17751,224,224,Viral Leaf Roll,True,07391b25ccd8b29f5a777c4dbf016df143dafcfa03be4b5a3af1a1c3345d3954,9cf2639c3e8471b8,
potato_bangladesh,Potato Leaf Disease Dataset/Viral Leaf Roll/aug_0_9615.jpg,aug_0_9615.jpg,.jpg,13881,224,224,Viral Leaf Roll,True,a56095fa39300d76135d3a1b71b08d5651184d6b79caee0b9052c321c83646c2,fcf4f620b2381d13,
potato_bangladesh,Potato Leaf Disease Dataset/Viral Leaf Roll/aug_0_4333.jpg,aug_0_4333.jpg,.jpg,15320,224,224,Viral Leaf Roll,True,d3fc9cd522f73500f96d724a1d64937efafca73f5054975701458577f1ffe374,e54a75ea09f198b1,
potato_bangladesh,Potato Leaf Disease Dataset/Viral Leaf Roll/aug_0_7689.jpg,aug_0_7689.jpg,.jpg,16367,224,224,Viral Leaf Roll,True,ec834b7dbacd6d85499ca55e4b1650f45e157890989550a8f240a5b6e12bf072,d2b3245cb3ae7aa0,
potato_bangladesh,Potato Leaf Disease Dataset/Viral Leaf Roll/aug_0_9663.jpg,aug_0_9663.jpg,.jpg,17053,224,224,Viral Leaf Roll,True,1804e4d02c5efb1e88a95563d62a9d86140e31e63f13a0c93dc29f0b0e6b8dd6,e2557a1b85ca0fe1,
potato_bangladesh,Potato Leaf Disease Dataset/Viral Leaf Roll/aug_0_8668.jpg,aug_0_8668.jpg,.jpg,15370,224,224,Viral Leaf Roll,True,d304ae61ea3bcf70c0e9f30d7261cfc9ca8ec911c14368a766f39d48c1a2c888,dc585379e90cf80e,
potato_bangladesh,Potato Leaf Disease Dataset/Viral Leaf Roll/aug_0_6970.jpg,aug_0_6970.jpg,.jpg,15040,224,224,Viral Leaf Roll,True,e4bc2e279da0f30a3b3fc5abdc4bd746adbebe0479570ca3cf3b1f1352e443da,f85c922b6f9b6c02,
potato_bangladesh,Potato Leaf Disease Dataset/Viral Leaf Roll/aug_0_2608.jpg,aug_0_2608.jpg,.jpg,16523,224,224,Viral Leaf Roll,True,ced6c19e8f14cbb8b35eca33de4eb892cd54387cd39901e3f7ba06fd9cad532b,8e1a687aec477394,
potato_bangladesh,Potato Leaf Disease Dataset/Viral Leaf Roll/aug_0_7079.jpg,aug_0_7079.jpg,.jpg,14337,224,224,Viral Leaf Roll,True,287673d9793dcf938c6c557264294c4000a441060f6ecc2a7ca62d8426bb6a8d,9f1c4ce29cdc34ac,
potato_bangladesh,Potato Leaf Disease Dataset/Viral Leaf Roll/aug_0_5285.jpg,aug_0_5285.jpg,.jpg,14665,224,224,Viral Leaf Roll,True,3bccf80e4aa8da3b124a4f67637cdb155275353f7e6af25677c39ddb6e7b0091,c5b046ecf929ae85,
potato_bangladesh,Potato Leaf Disease Dataset/Viral Leaf Roll/aug_0_8342.jpg,aug_0_8342.jpg,.jpg,15196,224,224,Viral Leaf Roll,True,3d83826ad107c9158b6a10a94bc2f1d0e66c968bb5a9b41c722bb3104f26674d,9d950616b23a79f4,
potato_bangladesh,Potato Leaf Disease Dataset/Viral Leaf Roll/aug_0_2169.jpg,aug_0_2169.jpg,.jpg,15515,224,224,Viral Leaf Roll,True,116a363ca8652f60d20b77307b448aea3520f4dd2824258ab8230689f83b45ce,87e44a867aaf56a8,
potato_bangladesh,Potato Leaf Disease Dataset/Viral Leaf Roll/aug_0_5442.jpg,aug_0_5442.jpg,.jpg,14059,224,224,Viral Leaf Roll,True,4e4cd84c3d094c6cde1fcc9b1d1670cc97aa4629d40a6d291c197f425c85e9ca,9c1aa1fe2c04dadd,
potato_bangladesh,Potato Leaf Disease Dataset/Viral Leaf Roll/aug_0_7545.jpg,aug_0_7545.jpg,.jpg,12183,224,224,Viral Leaf Roll,True,91f2134e798afb8c6b7fd19200521592974c275d7a124975bde3f21d4d33ee0f,d77bb70460284eab,
potato_bangladesh,Potato Leaf Disease Dataset/Viral Leaf Roll/aug_0_943.jpg,aug_0_943.jpg,.jpg,14974,224,224,Viral Leaf Roll,True,038ba1154b9ed8896934ec7c0502acc046b9ede6343044c40c13a9aabc4dd460,8b8ad07c03ddd4d5,
potato_bangladesh,Potato Leaf Disease Dataset/Viral Leaf Roll/aug_0_8304.jpg,aug_0_8304.jpg,.jpg,15473,224,224,Viral Leaf Roll,True,5ed07d90eedc3ca9068066d55ab2e39cd9bd18cde1136d501217fc87f81d954e,f061d3846c2d7de1,
potato_bangladesh,Potato Leaf Disease Dataset/Viral Leaf Roll/aug_0_2158.jpg,aug_0_2158.jpg,.jpg,16616,224,224,Viral Leaf Roll,True,1ec91399f0cc7ea2e2b16e12a63bceecd3aeceac63ef7829bc9f66124f50aedc,c8c8fe4fb7480761,
potato_bangladesh,Potato Leaf Disease Dataset/Viral Leaf Roll/aug_0_944.jpg,aug_0_944.jpg,.jpg,13694,224,224,Viral Leaf Roll,True,94d8207149a116cfac7050697ba793dddcb839f1f5334dc0f327cccb5b83f77f,eaa8a95556b491b6,
potato_bangladesh,Potato Leaf Disease Dataset/Viral Leaf Roll/aug_0_8753.jpg,aug_0_8753.jpg,.jpg,18712,224,224,Viral Leaf Roll,True,7069e2466d7dc0e119e2b7b477aeb6840b157544a784844eb6f3319b21c354a1,edd413c2b46a19f2,
potato_bangladesh,Potato Leaf Disease Dataset/Viral Leaf Roll/aug_0_2496.jpg,aug_0_2496.jpg,.jpg,14026,224,224,Viral Leaf Roll,True,a2acb25db5722077cb46f204c634f9c621695804636ecc6475fd85f43a5f4da2,cd4864a67e31b996,
potato_bangladesh,Potato Leaf Disease Dataset/Viral Leaf Roll/aug_0_3446.jpg,aug_0_3446.jpg,.jpg,14484,224,224,Viral Leaf Roll,True,6fee234a2e830b35a9c5e7a63cbda32d8a4189f80e557351330f638587828d8d,a4da16bd258f5b21,
potato_bangladesh,Potato Leaf Disease Dataset/Viral Leaf Roll/aug_0_3219.jpg,aug_0_3219.jpg,.jpg,15028,224,224,Viral Leaf Roll,True,383d91ebb9dc246f1e3eaae7487b6c669502592c461003dba12392d5a80df61e,e978747a1c0f8d43,
potato_bangladesh,Potato Leaf Disease Dataset/Viral Leaf Roll/aug_0_390.jpg,aug_0_390.jpg,.jpg,13220,224,224,Viral Leaf Roll,True,3c457af74c44249c93fb2ab5ffda6d52fe339fcf438c0452b49c220a1600d05d,be1d042492fb9b53,
potato_bangladesh,Potato Leaf Disease Dataset/Viral Leaf Roll/aug_0_3550.jpg,aug_0_3550.jpg,.jpg,15006,224,224,Viral Leaf Roll,True,7d96d074a4807104da7a745b6dadf3d1ff00956800432ff89f5bec97e72d67a2,cb3d611e4ba0ada9,
potato_bangladesh,Potato Leaf Disease Dataset/Viral Leaf Roll/aug_0_4568.jpg,aug_0_4568.jpg,.jpg,15985,224,224,Viral Leaf Roll,True,fe9c9b63160f633f9395a1b1fa49ba336829459a6c5adc1a13265720b2f9c3b9,f14e9a928e9a42f3,
potato_bangladesh,Potato Leaf Disease Dataset/Viral Leaf Roll/aug_0_244.jpg,aug_0_244.jpg,.jpg,13935,224,224,Viral Leaf Roll,True,ad97292d501d5d3730d0859f6842a31ba4360f1928907833922d37acf70a0946,a20ffdd0e72d038a,
potato_bangladesh,Potato Leaf Disease Dataset/Viral Leaf Roll/aug_0_1841.jpg,aug_0_1841.jpg,.jpg,15139,224,224,Viral Leaf Roll,True,54a6de4b9e67fd07770a37f11fccaf3bd32f0ca36c1292dc89d6e338aaa60acd,ddbc509e2ec8470d,
potato_bangladesh,Potato Leaf Disease Dataset/Viral Leaf Roll/aug_0_16.jpg,aug_0_16.jpg,.jpg,13819,224,224,Viral Leaf Roll,True,0546360b101adf50dd9e78c12a9cce8456edb7f3afb56310074905745ea9d120,a33aca55a80ffd88,
potato_bangladesh,Potato Leaf Disease Dataset/Viral Leaf Roll/orig_15.jpg,orig_15.jpg,.jpg,21588,224,224,Viral Leaf Roll,False,f28327151b7e1bf33c2a8fd5cb94d1500b8353bde875fa3c3ee57246e21f2dd4,d5283b75c6da41a9,
potato_bangladesh,Potato Leaf Disease Dataset/Viral Leaf Roll/aug_0_8444.jpg,aug_0_8444.jpg,.jpg,16336,224,224,Viral Leaf Roll,True,b7bf3a084af4057d6adf04dbf456f744343b6d38a5cb20c71202f435298abb29,ea07700f03678bd7,
potato_bangladesh,Potato Leaf Disease Dataset/Viral Leaf Roll/aug_0_8294.jpg,aug_0_8294.jpg,.jpg,13228,224,224,Viral Leaf Roll,True,76807e008afeab4c0c8b552e29a402b31e040e35fc7c7451696ac728640e2e3a,c1bd417acc735c38,
potato_bangladesh,Potato Leaf Disease Dataset/Viral Leaf Roll/aug_0_5142.jpg,aug_0_5142.jpg,.jpg,14915,224,224,Viral Leaf Roll,True,96f7f20dc4b1672bddbc132f9fb9d10c8022514a023bea5dce7449f15b293349,99927e8c2962ced9,
potato_bangladesh,Potato Leaf Disease Dataset/Viral Leaf Roll/aug_0_6898.jpg,aug_0_6898.jpg,.jpg,19777,224,224,Viral Leaf Roll,True,17a9986c30ad6bec6d7fe68b5aa145aa51e0621ddb9696e447f30e83de70cd56,b3cfee1869e01287,
potato_bangladesh,Potato Leaf Disease Dataset/Viral Leaf Roll/aug_0_3603.jpg,aug_0_3603.jpg,.jpg,13781,224,224,Viral Leaf Roll,True,b289a010131360e4baec8e2aeae449b0da038a3faf2016787e4fd2d7eadbb367,cb591391e85ce63a,
potato_bangladesh,Potato Leaf Disease Dataset/Viral Leaf Roll/aug_0_7245.jpg,aug_0_7245.jpg,.jpg,17087,224,224,Viral Leaf Roll,True,13f3824f2866f188950399cba50d8cec83d886898ba53c40330574f6e7195ab1,9db0673c7c6a14c5,
potato_bangladesh,Potato Leaf Disease Dataset/Viral Leaf Roll/orig_32.jpg,orig_32.jpg,.jpg,22370,224,224,Viral Leaf Roll,False,06d96fa130c8b0bc7fabca2b0174ff14e1a1fae25c37b25db3b83d035f31555b,b3894da71adbc624,
potato_bangladesh,Potato Leaf Disease Dataset/Viral Leaf Roll/aug_0_3913.jpg,aug_0_3913.jpg,.jpg,18163,224,224,Viral Leaf Roll,True,0bf5535983bee8824c7d0525b194909288bd96470675c51313bfcf55784bf8b6,8ab161f6127d499e,
potato_bangladesh,Potato Leaf Disease Dataset/Viral Leaf Roll/aug_0_2104.jpg,aug_0_2104.jpg,.jpg,13485,224,224,Viral Leaf Roll,True,44c378b32f0b639edf1dba155fc8bfc14e01b8e3fa68b2c71ea5ad38d254d823,8e0ed5983f2276c6,
potato_bangladesh,Potato Leaf Disease Dataset/Viral Leaf Roll/aug_0_3528.jpg,aug_0_3528.jpg,.jpg,15943,224,224,Viral Leaf Roll,True,ec5d04b52fdf3a6366783dbdee34672fbc7091e4f47e48bd2c1905406e4ee7b5,e97b9a2d6c563418,
potato_bangladesh,Potato Leaf Disease Dataset/Viral Leaf Roll/aug_0_723.jpg,aug_0_723.jpg,.jpg,13445,224,224,Viral Leaf Roll,True,353d1ea1401381e429a45bfb15d9442a149f3b3d94a12dcd86f81f610dd731e9,fbec0c9023c3d48f,
potato_bangladesh,Potato Leaf Disease Dataset/Viral Leaf Roll/aug_0_5667.jpg,aug_0_5667.jpg,.jpg,16382,224,224,Viral Leaf Roll,True,4fcea04fca3cba7716f64eb876f019886e37ebf19f23e8e4e7e08d642b67f7db,a85f0b84508f9ff8,
potato_bangladesh,Potato Leaf Disease Dataset/Viral Leaf Roll/aug_0_8642.jpg,aug_0_8642.jpg,.jpg,15066,224,224,Viral Leaf Roll,True,235c4b1543f9cbfb4f147452c15438623b06be3253b4a0a8d5f469cd6632933e,a03fec4123c5ce9d,
potato_bangladesh,Potato Leaf Disease Dataset/Viral Leaf Roll/aug_0_8602.jpg,aug_0_8602.jpg,.jpg,15160,224,224,Viral Leaf Roll,True,7e569e1c29e9e994ac55a09d1a8fb523ab8f50acb0c48c4db5e712b3afaab218,d63d93a486ac24b7,
potato_bangladesh,Potato Leaf Disease Dataset/Viral Leaf Roll/aug_0_9737.jpg,aug_0_9737.jpg,.jpg,15902,224,224,Viral Leaf Roll,True,55536367322d38b575d563b1e19ef6ba2c02e257db9850bd26fb167b1532364e,804e6c5ee9d34ab3,
potato_bangladesh,Potato Leaf Disease Dataset/Viral Leaf Roll/aug_0_8501.jpg,aug_0_8501.jpg,.jpg,15982,224,224,Viral Leaf Roll,True,66a3d700d73cb2eac18897c20be8761a2b84eedf9774a9d3b89c8556b9ef3a15,e78928208f9dbacd,
potato_bangladesh,Potato Leaf Disease Dataset/Viral Leaf Roll/aug_0_4376.jpg,aug_0_4376.jpg,.jpg,16197,224,224,Viral Leaf Roll,True,ac3f95d8821546eec4d89275af4a81fa3d82c36cc7e37347780d2f1dde6da8c3,bb7571476c83984c,
potato_bangladesh,Potato Leaf Disease Dataset/Viral Leaf Roll/orig_6.jpg,orig_6.jpg,.jpg,17474,224,224,Viral Leaf Roll,False,51bc0e134476bb1c07a5787c75cb70f6040d8501d03889e5ff255a65a309d3eb,fd8bd73009ddc083,
potato_bangladesh,Potato Leaf Disease Dataset/Viral Leaf Roll/aug_0_5360.jpg,aug_0_5360.jpg,.jpg,15254,224,224,Viral Leaf Roll,True,aa40b6f6d30fdf8001eeabd2cd63aae2ab880a8cc7f6049e34feb7a20b73d8ee,d54a63810c65eff2,
potato_bangladesh,Potato Leaf Disease Dataset/Viral Leaf Roll/aug_0_9332.jpg,aug_0_9332.jpg,.jpg,16363,224,224,Viral Leaf Roll,True,5975613405ea68cf917b297d7f2640bb71414c1644e3d999fbec25dd8349decf,d417b28df9952625,
potato_bangladesh,Potato Leaf Disease Dataset/Viral Leaf Roll/aug_0_8278.jpg,aug_0_8278.jpg,.jpg,18616,224,224,Viral Leaf Roll,True,fb9b8cf8056226bd79225f05c111bc782c2e42db5b71c1063e4f9bd87cad1e01,c99ef166c3969605,
potato_bangladesh,Potato Leaf Disease Dataset/Viral Leaf Roll/aug_0_3836.jpg,aug_0_3836.jpg,.jpg,14187,224,224,Viral Leaf Roll,True,a19ed142ef0118cb16be8e3649cf01d5690d7f81684fbaae76f05969f51bf77f,e61e169d1f06135e,
potato_bangladesh,Potato Leaf Disease Dataset/Viral Leaf Roll/aug_0_7007.jpg,aug_0_7007.jpg,.jpg,15230,224,224,Viral Leaf Roll,True,0186cc843f45bf74a6e59e1ce7fb2a877ea53bb41a3651c76e2e48cd0535268c,fa9c7d1b2bc34412,
potato_bangladesh,Potato Leaf Disease Dataset/Viral Leaf Roll/aug_0_6470.jpg,aug_0_6470.jpg,.jpg,15701,224,224,Viral Leaf Roll,True,d47561880b36666e7ab6d8095d3d3de6c25756d055d519cc1269c71c6a5d8d9a,ab7a7a91d0fa1161,
potato_bangladesh,Potato Leaf Disease Dataset/Viral Leaf Roll/aug_0_7907.jpg,aug_0_7907.jpg,.jpg,15161,224,224,Viral Leaf Roll,True,007e586cccb8e1f6e4ee9dc222c2c73eb327cda13df28c5ecbf6b8a923ec713e,9589f54f3bb00cf0,
potato_bangladesh,Potato Leaf Disease Dataset/Viral Leaf Roll/aug_0_5851.jpg,aug_0_5851.jpg,.jpg,19360,224,224,Viral Leaf Roll,True,39217a4745ae9381c1fbc0c76734746b637931736ef1f31aa53b1f2f04541149,f84a628f3dc8b076,
potato_bangladesh,Potato Leaf Disease Dataset/Viral Leaf Roll/aug_0_9779.jpg,aug_0_9779.jpg,.jpg,15283,224,224,Viral Leaf Roll,True,20da0ed7b9538be8691fd846b482daf4045d965bc5926109be33695f13593efd,ec4dcab5ea22164b,
potato_bangladesh,Potato Leaf Disease Dataset/Viral Leaf Roll/aug_0_286.jpg,aug_0_286.jpg,.jpg,15999,224,224,Viral Leaf Roll,True,7a02a6d383a93cc8000e74217209650c0ddd2439fc958be459754ca800616252,d5215e3e19f20e93,
potato_bangladesh,Potato Leaf Disease Dataset/Viral Leaf Roll/orig_28.jpg,orig_28.jpg,.jpg,17529,224,224,Viral Leaf Roll,False,dbac9e515dd9c9ad1368064a892381d4c7f393d62cc360471c82608a0db59f08,f9050be66b574361,
potato_bangladesh,Potato Leaf Disease Dataset/Viral Leaf Roll/aug_0_5797.jpg,aug_0_5797.jpg,.jpg,14581,224,224,Viral Leaf Roll,True,3f373b5384af672560f49d0fdb63e0cbdc40c2210f70547cca2363d0ac6e4e2e,d93f305224bdab51,
potato_bangladesh,Potato Leaf Disease Dataset/Viral Leaf Roll/aug_0_764.jpg,aug_0_764.jpg,.jpg,14371,224,224,Viral Leaf Roll,True,8238c8eb8ce2a2c54fd6e66a1b2af1243fd4005f1a062dd2531c57eb475d5725,9defa207e0571c25,
potato_bangladesh,Potato Leaf Disease Dataset/Viral Leaf Roll/aug_0_6641.jpg,aug_0_6641.jpg,.jpg,18306,224,224,Viral Leaf Roll,True,d0be434c370a185a1df605ebddb0ce1f8cd8d592e3acbc4d056f37fbe8cd131c,97317a327417a24f,
potato_bangladesh,Potato Leaf Disease Dataset/Viral Leaf Roll/aug_0_5276.jpg,aug_0_5276.jpg,.jpg,16068,224,224,Viral Leaf Roll,True,fc92b61b3ef0ece87c29d1b994eb822b9276d4589a22df28e2e87b140de5eaa6,d9c03e35a61abba8,
potato_bangladesh,Potato Leaf Disease Dataset/Viral Leaf Roll/aug_0_8036.jpg,aug_0_8036.jpg,.jpg,15495,224,224,Viral Leaf Roll,True,351813e6baaeec97620348ad8b4e585d1af19bd41a1f5b9c03a7a28a1a75b314,b1b02a40bede467b,
potato_bangladesh,Potato Leaf Disease Dataset/Viral Leaf Roll/aug_0_2792.jpg,aug_0_2792.jpg,.jpg,15309,224,224,Viral Leaf Roll,True,154d37e1a71f2dc9513d8a5f34ef6ed20e8b79b7f5f428a35eba9ef82eaacb54,fc915e1632278d59,
potato_bangladesh,Potato Leaf Disease Dataset/Viral Leaf Roll/aug_0_7486.jpg,aug_0_7486.jpg,.jpg,14689,224,224,Viral Leaf Roll,True,29a2a70e1d5c19b1c98f7c78c63a519b9d919269db5589f8cc4658a4ac1dd635,ac80762f927a9d66,
potato_bangladesh,Potato Leaf Disease Dataset/Viral Leaf Roll/aug_0_9738.jpg,aug_0_9738.jpg,.jpg,15124,224,224,Viral Leaf Roll,True,7c6e13f984047c7b12d64e3ee65adbed9f1b7c9bfea995d3988b7b345d52e543,df5f250613d1d854,
potato_bangladesh,Potato Leaf Disease Dataset/Viral Leaf Roll/aug_0_9788.jpg,aug_0_9788.jpg,.jpg,12659,224,224,Viral Leaf Roll,True,eca56887eda75f3a97a67d099d8f3d57d90742a3fedb34ab1dfd0c4879ac5dfd,e733f387ce013641,
potato_bangladesh,Potato Leaf Disease Dataset/Viral Leaf Roll/aug_0_5515.jpg,aug_0_5515.jpg,.jpg,15172,224,224,Viral Leaf Roll,True,7782967889d303fcce42083e5de8cec2333ceb43a1a3463513c3cf9a6938f7cd,deb843dbb60899a2,
potato_bangladesh,Potato Leaf Disease Dataset/Viral Leaf Roll/aug_0_8459.jpg,aug_0_8459.jpg,.jpg,17030,224,224,Viral Leaf Roll,True,d3b1a9dd561b486d9f1b333ca1284ca39bae36751e7ada3465fd16d7902a5f67,d0dba65e21f0a665,
potato_bangladesh,Potato Leaf Disease Dataset/Viral Leaf Roll/aug_0_6617.jpg,aug_0_6617.jpg,.jpg,13220,224,224,Viral Leaf Roll,True,e5155081a2964f144ac22502d78eeb2bd6e1ba5c96ac54d8ad51659e668b76ad,8ce38e1d46eb34ca,
potato_bangladesh,Potato Leaf Disease Dataset/Viral Leaf Roll/orig_22.jpg,orig_22.jpg,.jpg,19312,224,224,Viral Leaf Roll,False,f4f40943085a407a603c0151bfeb19b613fe4ed10ffbb09651d4c43ddf293f8c,f7591436b929b582,
potato_bangladesh,Potato Leaf Disease Dataset/Viral Leaf Roll/aug_0_5675.jpg,aug_0_5675.jpg,.jpg,18150,224,224,Viral Leaf Roll,True,4954ba9e9d182cca92a37322acc934df768a034a42d34ae0108db6d4a31513c7,8460f8cee1e4d9f4,
potato_bangladesh,Potato Leaf Disease Dataset/Viral Leaf Roll/aug_0_7575.jpg,aug_0_7575.jpg,.jpg,14451,224,224,Viral Leaf Roll,True,f7133dc2937ddbdd2ab0f486cc0e28486475a3c1ac9e0f73f917d2c7b89743fc,e291c47f8ab3ec09,
potato_bangladesh,Potato Leaf Disease Dataset/Viral Leaf Roll/aug_0_1019.jpg,aug_0_1019.jpg,.jpg,14005,224,224,Viral Leaf Roll,True,fdc4c1da2515649760b5060b7a640c4a3f443b0105076bae2f7c6b5c8d5ef4c0,832a16f15ab7ce45,
potato_bangladesh,Potato Leaf Disease Dataset/Viral Leaf Roll/aug_0_9118.jpg,aug_0_9118.jpg,.jpg,15039,224,224,Viral Leaf Roll,True,6f0e9bfbfd9c83c6ddfc70758039ffe751c7f768baa665fa6cc4a9d0390b62db,9d9f20f71b1496a4,
potato_bangladesh,Potato Leaf Disease Dataset/Viral Leaf Roll/aug_0_2115.jpg,aug_0_2115.jpg,.jpg,15559,224,224,Viral Leaf Roll,True,c055f5e513e9a11bec9dcbf3747035f56542cb4e3b6d9587bf23ada32304f828,9f40237644638fde,
potato_bangladesh,Potato Leaf Disease Dataset/Viral Leaf Roll/aug_0_7845.jpg,aug_0_7845.jpg,.jpg,17781,224,224,Viral Leaf Roll,True,c9401dff3208493756a642efe9c246c985787cf50bd2607a8b6e3557718697c1,b6c5126b6e1b0f4a,
potato_bangladesh,Potato Leaf Disease Dataset/Viral Leaf Roll/aug_0_1782.jpg,aug_0_1782.jpg,.jpg,14829,224,224,Viral Leaf Roll,True,c87285aecb33b80ed5f7a2f1916135cd5b4843a7c3f47d2184cefd76fca830a9,884ff1ea6335a31a,
potato_bangladesh,Potato Leaf Disease Dataset/Viral Leaf Roll/aug_0_6568.jpg,aug_0_6568.jpg,.jpg,16877,224,224,Viral Leaf Roll,True,44831d9336a354296ed4a1f96193df4fd5b49ccc0df5f399a5dad053e4cfdd5d,ce386f4f91ac3861,
potato_bangladesh,Potato Leaf Disease Dataset/Viral Leaf Roll/orig_9.jpg,orig_9.jpg,.jpg,15968,224,224,Viral Leaf Roll,False,f9959f4944b207524c303ce647740de6603f066c010e8d820079ca381bdf50f5,eec9033f0033f47c,
potato_bangladesh,Potato Leaf Disease Dataset/Viral Leaf Roll/aug_0_7924.jpg,aug_0_7924.jpg,.jpg,15816,224,224,Viral Leaf Roll,True,83cab10b3344563f23cfb05406a8faaef20305ed8c0bdca8b1a392e9f2256068,e83368a1ba46b1fa,
potato_bangladesh,Potato Leaf Disease Dataset/Viral Leaf Roll/aug_0_5615.jpg,aug_0_5615.jpg,.jpg,16664,224,224,Viral Leaf Roll,True,35943448b070190e6511e85751e8a915795e3d440d564c4ca75edc6e41b30071,e266fec4191d532a,
potato_bangladesh,Potato Leaf Disease Dataset/Viral Leaf Roll/aug_0_533.jpg,aug_0_533.jpg,.jpg,16422,224,224,Viral Leaf Roll,True,d9abe5cf9ee4d7fb6d92f3a88918edefb844cef5f1e68ed1f260334934a07e4a,a2816a6ad09d73de,
potato_bangladesh,Potato Leaf Disease Dataset/Viral Leaf Roll/aug_0_1230.jpg,aug_0_1230.jpg,.jpg,15301,224,224,Viral Leaf Roll,True,a83c215042c2ee8bae5931c7521ba99f748cb8f7b7b507dd80004f17dd5d22f5,9d7d7aca340b81a5,
potato_bangladesh,Potato Leaf Disease Dataset/Viral Leaf Roll/aug_0_6831.jpg,aug_0_6831.jpg,.jpg,15172,224,224,Viral Leaf Roll,True,318173ecdfa5193726c8f37d472463eb5f64aa890284b0a719298456f925b033,a83c3c4077a99e8f,
potato_bangladesh,Potato Leaf Disease Dataset/Viral Leaf Roll/aug_0_7563.jpg,aug_0_7563.jpg,.jpg,19275,224,224,Viral Leaf Roll,True,a86fa289a9ee788f694887abe8307824986ee055a0155e75407056d34205e4f9,b93e460c71e38e3c,
potato_bangladesh,Potato Leaf Disease Dataset/Viral Leaf Roll/aug_0_1772.jpg,aug_0_1772.jpg,.jpg,13894,224,224,Viral Leaf Roll,True,3c33e3f73c17e1b04df93156600bfc0df00830de4876dce6c4b0710db04ee666,fe883e7151bea211,
potato_bangladesh,Potato Leaf Disease Dataset/Viral Leaf Roll/aug_0_3139.jpg,aug_0_3139.jpg,.jpg,16278,224,224,Viral Leaf Roll,True,e7badeb87af98f907f6de5989c7ccb13751f2cd365dd109d50ae915a52ddbdb9,9108bbd65ee44f19,
potato_bangladesh,Potato Leaf Disease Dataset/Viral Leaf Roll/orig_10.jpg,orig_10.jpg,.jpg,16537,224,224,Viral Leaf Roll,False,b4e0a67cf51b172a4387166811048bdce2781c547a549c15ca747c71fb4b6f3d,eaabb55c2995464c,
potato_bangladesh,Potato Leaf Disease Dataset/Viral Leaf Roll/aug_0_6664.jpg,aug_0_6664.jpg,.jpg,12897,224,224,Viral Leaf Roll,True,a841ab168aa70605ea5ae7f62a8cdb4aa4d4bb372991674cef635f4fa2fb2d4b,8783e0e8bcf29d94,
potato_bangladesh,Potato Leaf Disease Dataset/Viral Leaf Roll/aug_0_2961.jpg,aug_0_2961.jpg,.jpg,15505,224,224,Viral Leaf Roll,True,35be774bef50af0e9530f3c6916a91b68617970b1853fc0eb5d8b80812df4b64,ab06d9963816fd34,
potato_bangladesh,Potato Leaf Disease Dataset/Viral Leaf Roll/aug_0_2452.jpg,aug_0_2452.jpg,.jpg,13442,224,224,Viral Leaf Roll,True,bcb0feddc4f75ed815e850ef48f0927b9596e8dafd39c01bb60a4931e31f6b5d,92313ee08fbc30b7,
potato_bangladesh,Potato Leaf Disease Dataset/Viral Leaf Roll/aug_0_3764.jpg,aug_0_3764.jpg,.jpg,17159,224,224,Viral Leaf Roll,True,bd316f25d6811e337efaab14087316956ad2a01dbb191a1954de8ed71c41d92a,e11d3e9d9ae87106,
potato_bangladesh,Potato Leaf Disease Dataset/Viral Leaf Roll/aug_0_1014.jpg,aug_0_1014.jpg,.jpg,16393,224,224,Viral Leaf Roll,True,20c3ff1cc4f44f9ac0763d644df881143855b971e5d19ff043988180bd65615d,d9bd109e6e92270e,
potato_bangladesh,Potato Leaf Disease Dataset/Viral Leaf Roll/aug_0_1146.jpg,aug_0_1146.jpg,.jpg,13710,224,224,Viral Leaf Roll,True,bd5228a44c79de6d91651f0d569747cb1254b67f7a331aaf403f11dd7082aba9,a10cf80dd97306ef,
potato_bangladesh,Potato Leaf Disease Dataset/Viral Leaf Roll/aug_0_9720.jpg,aug_0_9720.jpg,.jpg,16111,224,224,Viral Leaf Roll,True,07cf32f19f9f6e6e2bdc62660c1d0b09395580208a6f64fba2ff7b45a9c14e0f,874d7d8118beeb11,
potato_bangladesh,Potato Leaf Disease Dataset/Viral Leaf Roll/aug_0_4806.jpg,aug_0_4806.jpg,.jpg,16778,224,224,Viral Leaf Roll,True,76b584a163a7f9c762050387b2f8f5fe50cd2cfe7e5fd3bea6bcf5729bda5be4,bcbc4379d9804ec6,
potato_bangladesh,Potato Leaf Disease Dataset/Viral Leaf Roll/aug_0_6272.jpg,aug_0_6272.jpg,.jpg,14231,224,224,Viral Leaf Roll,True,d2f222ca3813d8923e7ce92ce1b18f3be056a73ece2ceb37555f03cb918c154a,b9f8e0011df8e6e2,
potato_bangladesh,Potato Leaf Disease Dataset/Viral Leaf Roll/aug_0_5570.jpg,aug_0_5570.jpg,.jpg,13302,224,224,Viral Leaf Roll,True,ebfd3779cbd76b0208cbccd05acc1657c2aaeb828cd5fd7b78f1df6d251e66e6,adac17f9482789ac,
potato_bangladesh,Potato Leaf Disease Dataset/Viral Leaf Roll/aug_0_8351.jpg,aug_0_8351.jpg,.jpg,14708,224,224,Viral Leaf Roll,True,1e88be6823d07c057f10114dbfd00a850b7e4db30a17834fb0f23fe51c454c5d,aced127f0e921a99,
potato_bangladesh,Potato Leaf Disease Dataset/Viral Leaf Roll/aug_0_1497.jpg,aug_0_1497.jpg,.jpg,17197,224,224,Viral Leaf Roll,True,e6e8476c143def3cecd8b34d6df481f36b49198776d30baee3be4445d8fe46c9,b9276678a78da06a,
potato_bangladesh,Potato Leaf Disease Dataset/Viral Leaf Roll/orig_13.jpg,orig_13.jpg,.jpg,18957,224,224,Viral Leaf Roll,False,a3c25004bd16837558f3ce1860683877344718dcdbd981b56b583bab60d529c8,df02b295c96c3547,
potato_bangladesh,Potato Leaf Disease Dataset/Viral Leaf Roll/aug_0_6013.jpg,aug_0_6013.jpg,.jpg,16785,224,224,Viral Leaf Roll,True,89c1c5e08dd2199173bdcb692956eb92c9144c78efa7becded0c4d5237802d70,934514a3b2ec35b7,
potato_bangladesh,Potato Leaf Disease Dataset/Viral Leaf Roll/orig_26.jpg,orig_26.jpg,.jpg,19197,224,224,Viral Leaf Roll,False,50592fc67b720e8425aff11bd61f0b994736b748059b3630eeca737c733fecf5,fab824bc4f970469,
potato_bangladesh,Potato Leaf Disease Dataset/Viral Leaf Roll/aug_0_6074.jpg,aug_0_6074.jpg,.jpg,17088,224,224,Viral Leaf Roll,True,52936553a9b15084de9a554f006577481e1e6a468261a396b865631ac87e6976,b1be2bdf07c8084b,
potato_bangladesh,Potato Leaf Disease Dataset/Viral Leaf Roll/aug_0_6909.jpg,aug_0_6909.jpg,.jpg,17135,224,224,Viral Leaf Roll,True,eb101613a7382fce10b9b459f18419216a349acc621c8447c92479e2fe8ec710,b89332c00a1fddf6,
potato_bangladesh,Potato Leaf Disease Dataset/Viral Leaf Roll/aug_0_3333.jpg,aug_0_3333.jpg,.jpg,16988,224,224,Viral Leaf Roll,True,aa59d76b114498e1dc04bc05638e3aeba6ab274f51f65d4122010b1a76dc8224,b13607519ccd63ad,
potato_bangladesh,Potato Leaf Disease Dataset/Viral Leaf Roll/aug_0_6259.jpg,aug_0_6259.jpg,.jpg,15369,224,224,Viral Leaf Roll,True,f028a32a93d892e71fa86d1c73d0250a6a010aa5be9d40de3becb6140482a631,85cb17d6ba996861,
potato_bangladesh,Potato Leaf Disease Dataset/Viral Leaf Roll/aug_0_5722.jpg,aug_0_5722.jpg,.jpg,16444,224,224,Viral Leaf Roll,True,8b2206a80e3388fc9ecbf84093c772ad77a930ef2cc283ccc33bb6fd3af15326,8da466392f8d517a,
potato_bangladesh,Potato Leaf Disease Dataset/Viral Leaf Roll/aug_0_2425.jpg,aug_0_2425.jpg,.jpg,17768,224,224,Viral Leaf Roll,True,8a1fc04eb363dfa258484192a4a776730a715a9c4775c3b3d2e239f4958366a0,d3f039909a3f6097,
potato_bangladesh,Potato Leaf Disease Dataset/Viral Leaf Roll/aug_0_1549.jpg,aug_0_1549.jpg,.jpg,14341,224,224,Viral Leaf Roll,True,5267d50b002d96e6082f9242988ea5bdb812bcd1e522c802e77d3190acb915c7,f0f40486ae5439fb,
potato_bangladesh,Potato Leaf Disease Dataset/Viral Leaf Roll/aug_0_2939.jpg,aug_0_2939.jpg,.jpg,16629,224,224,Viral Leaf Roll,True,642a3033a698d25b366626fbdc71b853cb3f5dcdf1f0eb49e1784f8d0898baa8,e59cca2ac2bd5869,
potato_bangladesh,Potato Leaf Disease Dataset/Viral Leaf Roll/aug_0_9404.jpg,aug_0_9404.jpg,.jpg,14476,224,224,Viral Leaf Roll,True,22116f6cd8a09276fa0dfcc44e72a1d4b3ffd3df851727c39df5fa064e5c488a,879396a5b2752ab8,
potato_bangladesh,Potato Leaf Disease Dataset/Viral Leaf Roll/aug_0_6712.jpg,aug_0_6712.jpg,.jpg,13368,224,224,Viral Leaf Roll,True,09570a8c384be71a590276411a7cb3dce37f42f902f7226c0318e7b37c5f831e,a92c1bcc3f80c773,
potato_bangladesh,Potato Leaf Disease Dataset/Viral Leaf Roll/aug_0_6498.jpg,aug_0_6498.jpg,.jpg,14154,224,224,Viral Leaf Roll,True,a4396f5d506d77c91b774e3d963280d47ba80daf5ae6634e484c487307decdd3,f26260cede668656,
potato_bangladesh,Potato Leaf Disease Dataset/Viral Leaf Roll/aug_0_5253.jpg,aug_0_5253.jpg,.jpg,15157,224,224,Viral Leaf Roll,True,80fa01dd9aeb18dda4517fb4f4082c38d42f17b7a4a8bd11996825d66df53a73,806ff853f8834799,
potato_bangladesh,Potato Leaf Disease Dataset/Viral Leaf Roll/aug_0_1681.jpg,aug_0_1681.jpg,.jpg,17810,224,224,Viral Leaf Roll,True,47343fe2988816d7f8ad78967d1394c384ac1030191e27b172829ec9118c56ab,d93b1c758fc3a80a,
potato_bangladesh,Potato Leaf Disease Dataset/Viral Leaf Roll/aug_0_3141.jpg,aug_0_3141.jpg,.jpg,14568,224,224,Viral Leaf Roll,True,38abef99694bb24bb45e84ad9b4751ac7bcdda5a278676edc15ed965daa46b4a,9fa3334740503ff2,
potato_bangladesh,Potato Leaf Disease Dataset/Viral Leaf Roll/aug_0_2968.jpg,aug_0_2968.jpg,.jpg,14025,224,224,Viral Leaf Roll,True,8904d3a40e748a55267c313e9e856ece0a902181ef59c3a4b1480c3b28f3edc0,f47248c7c68cbf41,
potato_bangladesh,Potato Leaf Disease Dataset/Viral Leaf Roll/aug_0_7140.jpg,aug_0_7140.jpg,.jpg,19089,224,224,Viral Leaf Roll,True,69c9ffb8582408819978259de6344d8dabcd9d5fe0a858be5d825102c7f97124,ac9ad2b578cdcd01,
potato_bangladesh,Potato Leaf Disease Dataset/Viral Leaf Roll/aug_0_9469.jpg,aug_0_9469.jpg,.jpg,15311,224,224,Viral Leaf Roll,True,e0b13542bc96fafca33ad7968cf305a7a4f88299077da0e21d790c3754071206,bcbd640360f8da5a,
potato_bangladesh,Potato Leaf Disease Dataset/Viral Leaf Roll/aug_0_1555.jpg,aug_0_1555.jpg,.jpg,19018,224,224,Viral Leaf Roll,True,385200d3662283638c07fffbfb2f69ff29365de63e38f5d1f7500bdce5ea0b69,9f217190456aba7e,
potato_bangladesh,Potato Leaf Disease Dataset/Viral Leaf Roll/aug_0_8255.jpg,aug_0_8255.jpg,.jpg,14493,224,224,Viral Leaf Roll,True,429f3a824bce0316020fc1238576400edaf7886938265eb1852de405e5dbdd85,f664717e0eb40d52,
potato_bangladesh,Potato Leaf Disease Dataset/Viral Leaf Roll/aug_0_5075.jpg,aug_0_5075.jpg,.jpg,13378,224,224,Viral Leaf Roll,True,7c389d5ff8ee24740d53fd8a1764dffd68bfb6416b45b2057c721f3250a6477c,d497f4a77a0a1915,
potato_bangladesh,Potato Leaf Disease Dataset/Viral Leaf Roll/aug_0_967.jpg,aug_0_967.jpg,.jpg,17472,224,224,Viral Leaf Roll,True,52dc848e343c9e9dc405209347a23b0b50cbb535705f2a891373ae584eeea1bf,e9646939ca7a51d2,
potato_bangladesh,Potato Leaf Disease Dataset/Viral Leaf Roll/aug_0_4095.jpg,aug_0_4095.jpg,.jpg,17894,224,224,Viral Leaf Roll,True,b1fc9ca8e32911788a173dc1c3f66d24f24d610169b7126ad2fe7c01b38d2281,c0fc1f44e0393f59,
potato_bangladesh,Potato Leaf Disease Dataset/Viral Leaf Roll/aug_0_8936.jpg,aug_0_8936.jpg,.jpg,17629,224,224,Viral Leaf Roll,True,0102e717a4cf57b8ce69194f4daaa494e4cbeff4aa6bee29c2e88e9b74d4d04c,aad44b2a1b0babb9,
potato_bangladesh,Potato Leaf Disease Dataset/Viral Leaf Roll/aug_0_2146.jpg,aug_0_2146.jpg,.jpg,16539,224,224,Viral Leaf Roll,True,1de568b023537039293cf482420c81b9a1d140cd97ba944b5c428928a4adae0f,8d77dd1622b0d31c,
potato_bangladesh,Potato Leaf Disease Dataset/Viral Leaf Roll/orig_4.jpg,orig_4.jpg,.jpg,15720,224,224,Viral Leaf Roll,False,1ecaec0a88352f1c880297c16034a8405a8f2ee699a5e69db9353345bb02f678,d784b4fd4c308795,
potato_bangladesh,Potato Leaf Disease Dataset/Viral Leaf Roll/aug_0_2632.jpg,aug_0_2632.jpg,.jpg,13008,224,224,Viral Leaf Roll,True,81914fb35647b974a5f0508c44656d1f9d6cda7b71ea00f23199071059108454,be6244b765951aaa,
potato_bangladesh,Potato Leaf Disease Dataset/Viral Leaf Roll/aug_0_2889.jpg,aug_0_2889.jpg,.jpg,14372,224,224,Viral Leaf Roll,True,cc421dad6ca7114ef3efa06b6618e7efb725cfd0a1854cf6b5e3c3fa7e448072,f31870345b6b835e,
potato_bangladesh,Potato Leaf Disease Dataset/Viral Leaf Roll/aug_0_9347.jpg,aug_0_9347.jpg,.jpg,16172,224,224,Viral Leaf Roll,True,acfe2ad2d2ea5f1523195360dc33eb37f868185f973b8c79dfbfbac2826c51ee,ce2ab48e70f30759,
potato_bangladesh,Potato Leaf Disease Dataset/Viral Leaf Roll/aug_0_4331.jpg,aug_0_4331.jpg,.jpg,12421,224,224,Viral Leaf Roll,True,5e2f4c063d48fd809b17b12a8fb399ecc9a8746ae09f10aaee2e85234755f69c,c64e2c3f313299cd,
potato_bangladesh,Potato Leaf Disease Dataset/Viral Leaf Roll/aug_0_318.jpg,aug_0_318.jpg,.jpg,17002,224,224,Viral Leaf Roll,True,13559de004cdd4bffd64a2774c9551ccfc3c9cfcdd73df068a28f1b167418874,8d0de4ee8c47eac4,
potato_bangladesh,Potato Leaf Disease Dataset/Viral Leaf Roll/aug_0_3747.jpg,aug_0_3747.jpg,.jpg,17613,224,224,Viral Leaf Roll,True,338bf692044b3f9d76aae59c1bfbd65508b7cd8f1d2fdeb5e486e8342af70518,e3b88b64063577d8,
potato_bangladesh,Potato Leaf Disease Dataset/Viral Leaf Roll/aug_0_9989.jpg,aug_0_9989.jpg,.jpg,15336,224,224,Viral Leaf Roll,True,887120d6a8a8fc0e597e1703496eb9480e5c288faf53fdabad50373065b7b9c0,839b8f419cf110f7,
potato_bangladesh,Potato Leaf Disease Dataset/Viral Leaf Roll/aug_0_994.jpg,aug_0_994.jpg,.jpg,12909,224,224,Viral Leaf Roll,True,d1fed2918a0d404cefd20a02614e631b8f66fa2857193e85766815a105e71ff2,9750f307c72d5929,
potato_bangladesh,Potato Leaf Disease Dataset/Viral Leaf Roll/orig_17.jpg,orig_17.jpg,.jpg,20860,224,224,Viral Leaf Roll,False,2593350f2efecae3fb7b487258046ea4a2d636a43e84f1b986277360d4a857f4,d920af4b207ba576,
potato_bangladesh,Potato Leaf Disease Dataset/Viral Leaf Roll/aug_0_9149.jpg,aug_0_9149.jpg,.jpg,15031,224,224,Viral Leaf Roll,True,31facc2faba5a53495dee85668c7d834912ed07ad71c0691c171f0953b1ca95e,9a423617cdf9a86c,
potato_bangladesh,Potato Leaf Disease Dataset/Viral Leaf Roll/aug_0_9177.jpg,aug_0_9177.jpg,.jpg,14362,224,224,Viral Leaf Roll,True,32982eed0c36d879d31483d60eafd14a17b323db3121141b3493672ebe56906a,9ef9ce9164ecf002,
potato_bangladesh,Potato Leaf Disease Dataset/Viral Leaf Roll/aug_0_5421.jpg,aug_0_5421.jpg,.jpg,15248,224,224,Viral Leaf Roll,True,b24cb0281f3a8a173cb36d600526b3fcca0db291630c1459d44367c0a82e5ff9,ff49c82133bac70a,
potato_bangladesh,Potato Leaf Disease Dataset/Viral Leaf Roll/aug_0_5755.jpg,aug_0_5755.jpg,.jpg,18408,224,224,Viral Leaf Roll,True,c773b1334ebbace7df7e1d993e8fce988b8a687b230347afe29ee7f3e86350a2,e61912a6cdc597e8,
potato_bangladesh,Potato Leaf Disease Dataset/Viral Leaf Roll/aug_0_9542.jpg,aug_0_9542.jpg,.jpg,15751,224,224,Viral Leaf Roll,True,9f75fcdbf020319432061c089d655ddda8f553f8ee6a6f41a5a0bd8705ecf555,8d0353166df9f906,
potato_bangladesh,Potato Leaf Disease Dataset/Viral Leaf Roll/orig_30.jpg,orig_30.jpg,.jpg,19716,224,224,Viral Leaf Roll,False,e338986e974836f8c0c78c8e0b04ea1155143f29fb34f2397f726c26840bef94,e4282c8f94f47d71,
potato_bangladesh,Potato Leaf Disease Dataset/Viral Leaf Roll/aug_0_4234.jpg,aug_0_4234.jpg,.jpg,14507,224,224,Viral Leaf Roll,True,028cb577b91bd2e51b019d82164b38af2b1a605ccdb738e13d5ab95a3011aa7b,87d7263a4a0cad9b,
potato_bangladesh,Potato Leaf Disease Dataset/Viral Leaf Roll/aug_0_2326.jpg,aug_0_2326.jpg,.jpg,15656,224,224,Viral Leaf Roll,True,b0a62cb372ecd8d4fa1510cd694e265fc754df4a9ca0e1ae589d4440a9eced6a,c423af9034d7d4d9,
potato_bangladesh,Potato Leaf Disease Dataset/Viral Leaf Roll/aug_0_8429.jpg,aug_0_8429.jpg,.jpg,15162,224,224,Viral Leaf Roll,True,2dd3e4e5cf0548ac2244d032f05556b85f1f82eed9c3228d82ebbb9edf82cb3e,f284297b091dbc79,
potato_bangladesh,Potato Leaf Disease Dataset/Viral Leaf Roll/aug_0_4468.jpg,aug_0_4468.jpg,.jpg,15208,224,224,Viral Leaf Roll,True,00c4e075fbee52e9a7d16ac69152a39ae511a166b195cb1b1cb9f9b146dce981,bc5f43860f2e6075,
potato_bangladesh,Potato Leaf Disease Dataset/Viral Leaf Roll/aug_0_478.jpg,aug_0_478.jpg,.jpg,17115,224,224,Viral Leaf Roll,True,49cf211a1268149e09d7c742befd7d05e317d5ab0e01dcea874f963362d57537,a4cbbcd066f34c86,
potato_bangladesh,Potato Leaf Disease Dataset/Viral Leaf Roll/aug_0_4647.jpg,aug_0_4647.jpg,.jpg,15011,224,224,Viral Leaf Roll,True,9e09509f58c71f91d1afa00aec310b751baa8aebaa5fc389c2c06540b8bf9074,d60b3b0517035cfe,
potato_bangladesh,Potato Leaf Disease Dataset/Viral Leaf Roll/aug_0_8717.jpg,aug_0_8717.jpg,.jpg,15304,224,224,Viral Leaf Roll,True,376981e36ff0444c6b3e564d675840ee538a429473de4f1e636ae8d103699fad,a3c5e8fe95071a2a,
potato_bangladesh,Potato Leaf Disease Dataset/Viral Leaf Roll/aug_0_3735.jpg,aug_0_3735.jpg,.jpg,14751,224,224,Viral Leaf Roll,True,ba32b1091f15d0e0fed172926a56b5e49a5885e73e950b101c5953188b3bbcf8,c91794536515f1ad,
potato_bangladesh,Potato Leaf Disease Dataset/Viral Leaf Roll/aug_0_863.jpg,aug_0_863.jpg,.jpg,15893,224,224,Viral Leaf Roll,True,55df130a94263dffde1b4db620c3f2ac270d4c84f7caea41c22f0d5c3ed14c03,92c670d46a9569bb,
potato_bangladesh,Potato Leaf Disease Dataset/Viral Leaf Roll/orig_1.jpg,orig_1.jpg,.jpg,17855,224,224,Viral Leaf Roll,False,ceab719fb7205450ed062327e97b508e3db3ade025410ea33440ed4dfc62dc3c,daa0699a683b7e45,
potato_bangladesh,Potato Leaf Disease Dataset/Viral Leaf Roll/aug_0_7968.jpg,aug_0_7968.jpg,.jpg,15293,224,224,Viral Leaf Roll,True,4adb647e01339ad0b7ae18554d03477cec5b3d3776385c8cb1dea2489e40362c,ade9305762d5d60a,
potato_bangladesh,Potato Leaf Disease Dataset/Viral Leaf Roll/aug_0_7723.jpg,aug_0_7723.jpg,.jpg,16713,224,224,Viral Leaf Roll,True,64e92f5197ad6ea8bd1a102d3e4e9c0bdf072b7a36f0731ec5bc5728688d4c77,b9f1d007a5aba94a,
potato_bangladesh,Potato Leaf Disease Dataset/Viral Leaf Roll/aug_0_6297.jpg,aug_0_6297.jpg,.jpg,17229,224,224,Viral Leaf Roll,True,8353af0a1383da198f0e3daaa241bcea87a0061b5e23d72a55159a59ceaf66cc,8b3d884b46649cef,
potato_bangladesh,Potato Leaf Disease Dataset/Viral Leaf Roll/aug_0_1876.jpg,aug_0_1876.jpg,.jpg,14683,224,224,Viral Leaf Roll,True,1f2addc04153cc2d72d2ca19586320b7c15c8b348e77c6e72633ad7c0aafe821,e455883e45f0bfa4,
potato_bangladesh,Potato Leaf Disease Dataset/Viral Leaf Roll/aug_0_4636.jpg,aug_0_4636.jpg,.jpg,14446,224,224,Viral Leaf Roll,True,1945b1c7308ce865bf6fcbcc65c93de6cedb44e0cd4fcc97b7f93c99cf553bf4,af177259c6c265a4,
potato_bangladesh,Potato Leaf Disease Dataset/Viral Leaf Roll/aug_0_1717.jpg,aug_0_1717.jpg,.jpg,14647,224,224,Viral Leaf Roll,True,43d64cfec1b2a6a9227529e960fe0cc88f21d90f77b40ce5ad1d614e78bf1d13,cba0aaab4b58df41,
potato_bangladesh,Potato Leaf Disease Dataset/Viral Leaf Roll/aug_0_5252.jpg,aug_0_5252.jpg,.jpg,17854,224,224,Viral Leaf Roll,True,099be6a8a50995eb9b24ee3b5ab86969e0943d018c5029ff4cb97c1efa152971,cbd70f1ba31431a3,
potato_bangladesh,Potato Leaf Disease Dataset/Viral Leaf Roll/aug_0_9760.jpg,aug_0_9760.jpg,.jpg,15385,224,224,Viral Leaf Roll,True,fa0bca463561e35c0b3c55de146dd0182c3dd19b04500c28e9dc896ae754226e,f9561ea3a4455c66,
potato_bangladesh,Potato Leaf Disease Dataset/Viral Leaf Roll/aug_0_1115.jpg,aug_0_1115.jpg,.jpg,15226,224,224,Viral Leaf Roll,True,5aa693e593d9a2c2b2d67063c7a120a1381869039363816ac1075dd9b11836a8,9dc6214e94eea83b,
potato_bangladesh,Potato Leaf Disease Dataset/Viral Leaf Roll/aug_0_7738.jpg,aug_0_7738.jpg,.jpg,13082,224,224,Viral Leaf Roll,True,f199b34215a060984c84cd6f26c4d95c4a7fd92b72a2c64252e36f1e2cf04b89,e1643e16d88da33e,
potato_bangladesh,Potato Leaf Disease Dataset/Viral Leaf Roll/aug_0_263.jpg,aug_0_263.jpg,.jpg,12917,224,224,Viral Leaf Roll,True,8e92180e7769530209da83e43d7074b6229b62ee74284bc4cfbef0f1d683d70a,d5b23e5f4bb14188,
potato_bangladesh,Potato Leaf Disease Dataset/Viral Leaf Roll/aug_0_3848.jpg,aug_0_3848.jpg,.jpg,18396,224,224,Viral Leaf Roll,True,79730bca902b836f222003b4e43dcb31c8aaffdf9b22456414dd1a712e0b8553,fabc11ec5507ac29,
potato_bangladesh,Potato Leaf Disease Dataset/Viral Leaf Roll/aug_0_2922.jpg,aug_0_2922.jpg,.jpg,16991,224,224,Viral Leaf Roll,True,20c4521661e79e9f506ff0fe16ca44ab2c7bfaae3607c5aa03c0c474ce548b36,d95994b4cba3a338,
potato_bangladesh,Potato Leaf Disease Dataset/Viral Leaf Roll/aug_0_3364.jpg,aug_0_3364.jpg,.jpg,15691,224,224,Viral Leaf Roll,True,d83de2dee8c67da08333e5013e9ddd51115215a5a226d67fbb3531654a5a49d3,8327ce82cf64cd9c,
potato_bangladesh,Potato Leaf Disease Dataset/Viral Leaf Roll/orig_19.jpg,orig_19.jpg,.jpg,18924,224,224,Viral Leaf Roll,False,14f5a8c630e93c10b551607c5405182206bb2584b42da8c8526fe02009dd50af,db7a3c5a2e25b803,
potato_bangladesh,Potato Leaf Disease Dataset/Viral Leaf Roll/aug_0_6991.jpg,aug_0_6991.jpg,.jpg,17070,224,224,Viral Leaf Roll,True,c992d721b0bc7d26775fc6b0eec6334ef1eda44d19de04611cb77e27f76096fa,d582a163e2d0f6b5,
potato_bangladesh,Potato Leaf Disease Dataset/Viral Leaf Roll/aug_0_7946.jpg,aug_0_7946.jpg,.jpg,15324,224,224,Viral Leaf Roll,True,280645bdfdcd18d14f6664f8d082ae7754440793237bd7c4bac1593dd702702f,cb42c56e7c00e2df,
potato_bangladesh,Potato Leaf Disease Dataset/Viral Leaf Roll/aug_0_2528.jpg,aug_0_2528.jpg,.jpg,13964,224,224,Viral Leaf Roll,True,4fdb3d162c5307f131ce3c51d3c388ebd03bfe5e90912fa91b74b2c563e12d0e,ffb61962aaa88315,
potato_bangladesh,Potato Leaf Disease Dataset/Viral Leaf Roll/orig_12.jpg,orig_12.jpg,.jpg,15086,224,224,Viral Leaf Roll,False,2d41c58d417c84c5eb704e4df9ad9ba94efb15d04844891ea7ad348a1dd99872,d77aa385403a5f23,
potato_bangladesh,Potato Leaf Disease Dataset/Viral Leaf Roll/aug_0_5029.jpg,aug_0_5029.jpg,.jpg,13778,224,224,Viral Leaf Roll,True,435b193c5e6e8ef2b8b78c66bfc6bf6c28d07981e5f433269fab622f2be3a13d,f943d1a4f55a219c,
potato_bangladesh,Potato Leaf Disease Dataset/Viral Leaf Roll/aug_0_1973.jpg,aug_0_1973.jpg,.jpg,19635,224,224,Viral Leaf Roll,True,d1eef31e33b0a07e75373a9e346dca258a6192f93998d54656630c7ab4e6129c,fae2561286132df6,
potato_bangladesh,Potato Leaf Disease Dataset/Viral Leaf Roll/aug_0_2437.jpg,aug_0_2437.jpg,.jpg,13332,224,224,Viral Leaf Roll,True,9ce6328191f1c3f8f7789f573be41bee96e7eeec7c0e23fe7f942cbfc54601da,c1b36a5a9a64fcc4,
potato_bangladesh,Potato Leaf Disease Dataset/Viral Leaf Roll/aug_0_137.jpg,aug_0_137.jpg,.jpg,15345,224,224,Viral Leaf Roll,True,3138b9f20bc8472cf7ee624bc2f88910bbdbef977211285931f02922dc466aac,8fa1e13389da72b4,
potato_bangladesh,Potato Leaf Disease Dataset/Viral Leaf Roll/aug_0_3709.jpg,aug_0_3709.jpg,.jpg,13776,224,224,Viral Leaf Roll,True,a8125fbd156ec0c0384994db049e0a07ee30292b94238c1960271acadf542844,ea9568674ce8e546,
potato_bangladesh,Potato Leaf Disease Dataset/Viral Leaf Roll/aug_0_2286.jpg,aug_0_2286.jpg,.jpg,15923,224,224,Viral Leaf Roll,True,b22e622bb788c8b638aabbfe762165228f16749fb44edf0321218af2db2d4a6a,9bb165cca23d5a2a,
potato_bangladesh,Potato Leaf Disease Dataset/Viral Leaf Roll/aug_0_2141.jpg,aug_0_2141.jpg,.jpg,14218,224,224,Viral Leaf Roll,True,d539ad5a908611b8d91a8e811640b8cb42dbcdac79c3e5e4cc9bc5260c5002ce,c62d46b6c6f3a483,
potato_bangladesh,Potato Leaf Disease Dataset/Viral Leaf Roll/aug_0_982.jpg,aug_0_982.jpg,.jpg,15250,224,224,Viral Leaf Roll,True,196e140164861180cf7ab3c2ac6b6557e0898214c4a59eaea6529586d178350d,c0d9d517914e44fd,
potato_bangladesh,Potato Leaf Disease Dataset/Viral Leaf Roll/aug_0_9433.jpg,aug_0_9433.jpg,.jpg,14998,224,224,Viral Leaf Roll,True,d7316ebdcdf8b173d44238a6db1a646393649b1d4759bc0c6c0597d09e36d51f,a97b606f7f098285,
potato_bangladesh,Potato Leaf Disease Dataset/Viral Leaf Roll/orig_25.jpg,orig_25.jpg,.jpg,17294,224,224,Viral Leaf Roll,False,182d8aad5380f36385c76dd63c2af56a12d4239f13298b2f0fb4cc3fb6ef134f,a9876b9344bed00f,
potato_bangladesh,Potato Leaf Disease Dataset/Viral Leaf Roll/aug_0_1421.jpg,aug_0_1421.jpg,.jpg,17594,224,224,Viral Leaf Roll,True,7de890c5cb151e1cee77bd64faad8df3b9bd5585275e3e8231f6ff5613555935,a5329e6c71ddc12c,
potato_bangladesh,Potato Leaf Disease Dataset/Viral Leaf Roll/aug_0_7366.jpg,aug_0_7366.jpg,.jpg,14207,224,224,Viral Leaf Roll,True,43e67d844afbc58d1debef02e8cf2f138e1977943a9c5d7ef3fba4f7f298de88,87a7a759183ee438,
potato_bangladesh,Potato Leaf Disease Dataset/Viral Leaf Roll/aug_0_6156.jpg,aug_0_6156.jpg,.jpg,13607,224,224,Viral Leaf Roll,True,506f4bcf5687f05d77b6a3254ebcada92eaf0e782a7e88718742ed1e8f554a9e,d5e5052f6a1685c7,
potato_bangladesh,Potato Leaf Disease Dataset/Viral Leaf Roll/aug_0_20.jpg,aug_0_20.jpg,.jpg,19800,224,224,Viral Leaf Roll,True,d47be3e8048b91126cb471f2a10e167f65611adf944c2f6e6032aac51413cfff,836de0067e8d1eec,
potato_bangladesh,Potato Leaf Disease Dataset/Viral Leaf Roll/aug_0_7234.jpg,aug_0_7234.jpg,.jpg,17290,224,224,Viral Leaf Roll,True,aaf7cdb948c3c24a318e1e90b96bb331d0337e8b5c8b5e25570e6556ac41a81f,de30346389deb30d,
potato_bangladesh,Potato Leaf Disease Dataset/Viral Leaf Roll/orig_8.jpg,orig_8.jpg,.jpg,20370,224,224,Viral Leaf Roll,False,a39aed953c2210948da3c0567ef8b2ad83b3997c61a62301f62c2bf6c63fd379,f4899a23999cb17c,
potato_bangladesh,Potato Leaf Disease Dataset/Viral Leaf Roll/aug_0_7829.jpg,aug_0_7829.jpg,.jpg,14964,224,224,Viral Leaf Roll,True,f6b662a768db5a4ce4545da573a941aa1955400ce791d7d5cc7a6d86249eda79,c646bf943ac19723,
potato_bangladesh,Potato Leaf Disease Dataset/Viral Leaf Roll/aug_0_7316.jpg,aug_0_7316.jpg,.jpg,17153,224,224,Viral Leaf Roll,True,6fd76a643bafc5b9f6a882176436be27e2d2e10ca99c987ba1f44073f31a4eea,83a77982c75b3790,
potato_bangladesh,Potato Leaf Disease Dataset/Viral Leaf Roll/aug_0_2637.jpg,aug_0_2637.jpg,.jpg,14802,224,224,Viral Leaf Roll,True,a590474b50fada6ebdaea72d74c9ce1004616fe990e675f750db58d925472fc3,823f7cc965ac506e,
potato_bangladesh,Potato Leaf Disease Dataset/Viral Leaf Roll/aug_0_5868.jpg,aug_0_5868.jpg,.jpg,16942,224,224,Viral Leaf Roll,True,8ff771fec7466170cda51ce3eb67718f424bd2ca8f69998d959558cd0dc8c5dd,84f031a6abe87b1d,
potato_bangladesh,Potato Leaf Disease Dataset/Viral Leaf Roll/aug_0_1889.jpg,aug_0_1889.jpg,.jpg,15639,224,224,Viral Leaf Roll,True,5ef660f03cead3564fbe86f920070354a79f6a4b25011bc2cb94a3f0f175e855,88e7ff26c1422e8d,
potato_bangladesh,Potato Leaf Disease Dataset/Viral Leaf Roll/aug_0_5690.jpg,aug_0_5690.jpg,.jpg,17043,224,224,Viral Leaf Roll,True,0d527eef8a3ad280eb82673666296a10ddedb9556a6e20c292373859f89b54eb,f2ea71d8a6d68891,
potato_bangladesh,Potato Leaf Disease Dataset/Viral Leaf Roll/aug_0_787.jpg,aug_0_787.jpg,.jpg,16199,224,224,Viral Leaf Roll,True,4f605bb3fc7155a6f693d911b8340bf233da8594f70c1e1607e7582a47ee17f2,d67b292e841ff411,
potato_bangladesh,Potato Leaf Disease Dataset/Viral Leaf Roll/aug_0_9298.jpg,aug_0_9298.jpg,.jpg,14400,224,224,Viral Leaf Roll,True,b29cd73b8f55d6da1ce97d65bb8ee5e84bff1137dadb8c4537666ff8475d0dc1,af7ee33105852dd0,
potato_bangladesh,Potato Leaf Disease Dataset/Viral Leaf Roll/aug_0_2080.jpg,aug_0_2080.jpg,.jpg,13712,224,224,Viral Leaf Roll,True,6d7944a1f7aafab7e7802808d5f286e3aecb744edc2d0d07ea1b71ad0511aa36,ad6fb05470f6b20a,
potato_bangladesh,Potato Leaf Disease Dataset/Viral Leaf Roll/orig_18.jpg,orig_18.jpg,.jpg,19097,224,224,Viral Leaf Roll,False,68fc962645a5dfb48e742a06d182241855ebb3e79cba77878023ab53b60c33f1,db7b3c782e25a901,
potato_bangladesh,Potato Leaf Disease Dataset/Viral Leaf Roll/aug_0_102.jpg,aug_0_102.jpg,.jpg,15899,224,224,Viral Leaf Roll,True,f33a48c21591a1a636b4375e79ef356936b13aa53a5fe49a0ab437b3f22db2eb,d09fa1cb53564b15,
potato_bangladesh,Potato Leaf Disease Dataset/Viral Leaf Roll/aug_0_2852.jpg,aug_0_2852.jpg,.jpg,16373,224,224,Viral Leaf Roll,True,648071a84738ed3e3585ab595ae1a9962cf8fccd43ca988d8c4d3d6bfdb420df,f57d3bb53d090308,
potato_bangladesh,Potato Leaf Disease Dataset/Viral Leaf Roll/aug_0_8395.jpg,aug_0_8395.jpg,.jpg,15679,224,224,Viral Leaf Roll,True,5cd9a3c4685134f5422bd54c8ea3af55ecf3374e55c3d2173109cb9abe1d3600,e42f25853e2d938b,
potato_bangladesh,Potato Leaf Disease Dataset/Viral Leaf Roll/aug_0_414.jpg,aug_0_414.jpg,.jpg,14472,224,224,Viral Leaf Roll,True,cc724a86ad9e43f8a4865715d4584bfe4060022faa7bfa3f10c27557a196b55f,939e36522475c5cd,
potato_bangladesh,Potato Leaf Disease Dataset/Viral Leaf Roll/aug_0_7524.jpg,aug_0_7524.jpg,.jpg,13798,224,224,Viral Leaf Roll,True,f07c19e3bd0d85d92092eea6766199e7266f31d9ccbd436223b6d2a7a71736c9,b11b6d027a5f84f4,
potato_bangladesh,Potato Leaf Disease Dataset/Viral Leaf Roll/aug_0_7832.jpg,aug_0_7832.jpg,.jpg,16131,224,224,Viral Leaf Roll,True,4ce9521baedd17413b7ad2072b8a036c6a9102290ee86577075a0bc27fc8a85e,a9c17c1a58acaf1e,
potato_bangladesh,Potato Leaf Disease Dataset/Viral Leaf Roll/aug_0_7006.jpg,aug_0_7006.jpg,.jpg,13233,224,224,Viral Leaf Roll,True,f68bc6b596d3d1033ddc0ffa84a91ebc9389dfc0aefd4215e220626004e694e9,88e1e0383a4f87fe,
potato_bangladesh,Potato Leaf Disease Dataset/Viral Leaf Roll/aug_0_2890.jpg,aug_0_2890.jpg,.jpg,16377,224,224,Viral Leaf Roll,True,00b0188e99a5c1a4cbe548aa54772817ae745959514a881f1bb0229c1708e353,fb8c30bc6e151746,
potato_bangladesh,Potato Leaf Disease Dataset/Viral Leaf Roll/aug_0_2887.jpg,aug_0_2887.jpg,.jpg,16276,224,224,Viral Leaf Roll,True,1af7e0926a5c3dc6212d5c5359dc410be8e470b45f3d2386c5d100ea2fb9c8eb,a1d8cb006675daf6,
potato_bangladesh,Potato Leaf Disease Dataset/Viral Leaf Roll/aug_0_409.jpg,aug_0_409.jpg,.jpg,15530,224,224,Viral Leaf Roll,True,9affd979d33ea857168994f726503435a102c031599c1f6fc6d28108b6a55743,d9f1275e8872a685,
potato_bangladesh,Potato Leaf Disease Dataset/Viral Leaf Roll/aug_0_6608.jpg,aug_0_6608.jpg,.jpg,14377,224,224,Viral Leaf Roll,True,337791d5670a10a33975e6a5cba29102612168d108511a73c0d34c49c152e70f,f9d239783739260a,
potato_bangladesh,Potato Leaf Disease Dataset/Viral Leaf Roll/aug_0_9167.jpg,aug_0_9167.jpg,.jpg,12896,224,224,Viral Leaf Roll,True,995ef31fae5adcd611e628b620fc5986fd4c26823e937fbf25e12a04449c8c95,81191ce6f385cdb5,
potato_bangladesh,Potato Leaf Disease Dataset/Viral Leaf Roll/aug_0_7504.jpg,aug_0_7504.jpg,.jpg,14981,224,224,Viral Leaf Roll,True,70eaaf05bf979288de522488b150e7045a7122efa8959083997c148c68a5a5c2,f01295e47a4e6373,
potato_bangladesh,Potato Leaf Disease Dataset/Viral Leaf Roll/aug_0_5849.jpg,aug_0_5849.jpg,.jpg,17832,224,224,Viral Leaf Roll,True,882339b3dec4e510851189b564700cda3ba56b0a24efaeaf7855d652c9175c04,adc3545a7baf1a20,
potato_bangladesh,Potato Leaf Disease Dataset/Viral Leaf Roll/aug_0_6707.jpg,aug_0_6707.jpg,.jpg,13593,224,224,Viral Leaf Roll,True,f55673cfc25fb67e50239dc152d34d952bb8a06f15965cee961293a2c98c5e48,b500f061fd1f86ec,
potato_bangladesh,Potato Leaf Disease Dataset/Viral Leaf Roll/aug_0_6291.jpg,aug_0_6291.jpg,.jpg,19444,224,224,Viral Leaf Roll,True,3c18f76438f7670eff7f458776231e66529ccb25ebd3a44c9a0f5af87cab161c,961bec602dd347e1,
potato_bangladesh,Potato Leaf Disease Dataset/Viral Leaf Roll/aug_0_4219.jpg,aug_0_4219.jpg,.jpg,15027,224,224,Viral Leaf Roll,True,94abbf860fdb5b95bf4d47f0538190fc4652eb53bd91d77eeb9c3277fa82b6ad,9f9a02d2a658373d,
potato_bangladesh,Potato Leaf Disease Dataset/Viral Leaf Roll/aug_0_957.jpg,aug_0_957.jpg,.jpg,14076,224,224,Viral Leaf Roll,True,8280fb7becd90cc31c4ee48f89ab8343cded9d247cde30d1141d83b00e264b71,f0099dc8b8dec3d1,
potato_bangladesh,Potato Leaf Disease Dataset/Viral Leaf Roll/aug_0_105.jpg,aug_0_105.jpg,.jpg,13555,224,224,Viral Leaf Roll,True,31607113334119e12d225082ea14294bcb628934849ae381e3f7b37bc9ccbde3,c7607938b0f4de0e,
potato_bangladesh,Potato Leaf Disease Dataset/Viral Leaf Roll/aug_0_9921.jpg,aug_0_9921.jpg,.jpg,16448,224,224,Viral Leaf Roll,True,77b205078ac8f937297acd0f59db7af7d824900ed8865062d2489e7dbe14dd26,c35237b746ec86a1,
potato_bangladesh,Potato Leaf Disease Dataset/Viral Leaf Roll/aug_0_5469.jpg,aug_0_5469.jpg,.jpg,12717,224,224,Viral Leaf Roll,True,0418ad05bc4e89c738e42b4ab6ac2d620639e0fae5d9e793f9d021809a91ed53,f17e09bbec889522,
potato_bangladesh,Potato Leaf Disease Dataset/Viral Leaf Roll/aug_0_5879.jpg,aug_0_5879.jpg,.jpg,14310,224,224,Viral Leaf Roll,True,0c5245fb3fe81ab4e50231541d4c281e7ad2d5f83a0c52d345c5d0b1647bcce5,80bf2fe0a3a3aa2d,
potato_bangladesh,Potato Leaf Disease Dataset/Viral Leaf Roll/aug_0_1519.jpg,aug_0_1519.jpg,.jpg,15265,224,224,Viral Leaf Roll,True,cf350cb229fceac316572b71d0f3020afabc853a2203c72f1542e8b2a10996f6,dc8100f4f80db1ff,
potato_bangladesh,Potato Leaf Disease Dataset/Viral Leaf Roll/aug_0_183.jpg,aug_0_183.jpg,.jpg,16967,224,224,Viral Leaf Roll,True,0a53a29a4925885f4fd671158b8ae1e7f37a33dd27ef03755d1e7d63f0f99612,8cf3618d4f8079b6,
potato_bangladesh,Potato Leaf Disease Dataset/Viral Leaf Roll/aug_0_4361.jpg,aug_0_4361.jpg,.jpg,13801,224,224,Viral Leaf Roll,True,bb363486911e3cd37350eeb92b102b820c90b7c8da110214d187848402cdba52,bde7eef8f1000311,
potato_bangladesh,Potato Leaf Disease Dataset/Viral Leaf Roll/aug_0_6738.jpg,aug_0_6738.jpg,.jpg,15016,224,224,Viral Leaf Roll,True,7021bc4d3fbac5c73c723fd1f97cc8b7578af2761273e45f40987946008801e0,d764406ea5958aeb,
potato_bangladesh,Potato Leaf Disease Dataset/Viral Leaf Roll/orig_0.jpg,orig_0.jpg,.jpg,15377,224,224,Viral Leaf Roll,False,257ca02e2a039e4819bd0b95ce4c99743fa28f51973e8577c421a3c01b5e1183,cbbc469117d13bc2,
potato_bangladesh,Potato Leaf Disease Dataset/Viral Leaf Roll/aug_0_6214.jpg,aug_0_6214.jpg,.jpg,18213,224,224,Viral Leaf Roll,True,99d58a1bbb2d6030f59d2999f6f8a6679fa32c63c633764197d41916d040b802,a2d836c592687f8e,
potato_bangladesh,Potato Leaf Disease Dataset/Viral Leaf Roll/aug_0_3662.jpg,aug_0_3662.jpg,.jpg,15308,224,224,Viral Leaf Roll,True,5c8422554012ea1c25b531eaa9580bd7ac5675693cf16bbbe4af457928f2d560,e84647a4b656cdaa,
potato_bangladesh,Potato Leaf Disease Dataset/Viral Leaf Roll/aug_0_6666.jpg,aug_0_6666.jpg,.jpg,13005,224,224,Viral Leaf Roll,True,b1ba3cc2788d4aa49560aa0094b398dc8b91e24055183a008168d8aa5add89b2,9b021b10c1ff64bf,
potato_bangladesh,Potato Leaf Disease Dataset/Viral Leaf Roll/aug_0_7866.jpg,aug_0_7866.jpg,.jpg,14664,224,224,Viral Leaf Roll,True,41cfe07b2e922db94d5144d207815a9601d40249e15a7142e27484c04b07c289,ad0c1f696282fdb2,
potato_bangladesh,Potato Leaf Disease Dataset/Viral Leaf Roll/aug_0_439.jpg,aug_0_439.jpg,.jpg,18708,224,224,Viral Leaf Roll,True,25c8a7049eba7051f835b204ffa5d178b97a5c49c888edf9316eeccec6405027,929c58ec3c05beb5,
potato_bangladesh,Potato Leaf Disease Dataset/Viral Leaf Roll/aug_0_8257.jpg,aug_0_8257.jpg,.jpg,12699,224,224,Viral Leaf Roll,True,531ea6800057abfbd8e94b8d98aeb370c49cb5285896559c5156ece3333b4d94,87b1748a391e37c9,
potato_bangladesh,Potato Leaf Disease Dataset/Viral Leaf Roll/aug_0_9654.jpg,aug_0_9654.jpg,.jpg,16086,224,224,Viral Leaf Roll,True,442c2687b9aa7b74453ed6948ac64168da14e3ae6d3d596337ec2b21caf327cb,9b1b2f4688077e6a,
potato_bangladesh,Potato Leaf Disease Dataset/Viral Leaf Roll/aug_0_5904.jpg,aug_0_5904.jpg,.jpg,19151,224,224,Viral Leaf Roll,True,970d7602bc6285f85b220561f4fd851559cc788392e6b3a979f4a9ca8da3f2b3,f55e2d79b9184294,
potato_bangladesh,Potato Leaf Disease Dataset/Viral Leaf Roll/aug_0_4986.jpg,aug_0_4986.jpg,.jpg,18362,224,224,Viral Leaf Roll,True,7e2b764112b4d3c56a298cae69ddf4edda041b5dcbacd16914f9012149c42fc2,f0da99c847362277,
potato_bangladesh,Potato Leaf Disease Dataset/Viral Leaf Roll/aug_0_6506.jpg,aug_0_6506.jpg,.jpg,14962,224,224,Viral Leaf Roll,True,db47dc400ff91b43d1e2256c66f4d56c2244eb9a706276bb69203c3ecfb30a57,a2073332abebcf12,
potato_bangladesh,Potato Leaf Disease Dataset/Viral Leaf Roll/aug_0_3589.jpg,aug_0_3589.jpg,.jpg,11553,224,224,Viral Leaf Roll,True,9b9c1d658d9d62d0777ff023f949ff716c7e4f9e33aad11e152fce99fc7d618f,871879c9cfa64c69,
potato_bangladesh,Potato Leaf Disease Dataset/Viral Leaf Roll/aug_0_6320.jpg,aug_0_6320.jpg,.jpg,19612,224,224,Viral Leaf Roll,True,25d07338752d7acede06b16636c11dc5e38eb60465d3062fd41756a89c97b622,965e6a6d628236da,
potato_bangladesh,Potato Leaf Disease Dataset/Viral Leaf Roll/aug_0_8484.jpg,aug_0_8484.jpg,.jpg,14623,224,224,Viral Leaf Roll,True,4e064b7e82b286e3cee74eeec82051a3bd0a2ee2031a9365b952c167a89d51fb,e35d8a45505973f8,
potato_bangladesh,Potato Leaf Disease Dataset/Viral Leaf Roll/aug_0_9559.jpg,aug_0_9559.jpg,.jpg,15987,224,224,Viral Leaf Roll,True,b3fce2e3fe5e961124248290a46ad337e28bcf5a51ec689ed39155436d12766e,a267c1eb4ee01e55,
potato_bangladesh,Potato Leaf Disease Dataset/Viral Leaf Roll/aug_0_1430.jpg,aug_0_1430.jpg,.jpg,14846,224,224,Viral Leaf Roll,True,75fe2d9f2ff068a7ee91b5fc0527089a18acb80dfed17bf2f456b9ccd5c012f0,a1677cdc9895a09b,
potato_bangladesh,Potato Leaf Disease Dataset/Viral Leaf Roll/aug_0_650.jpg,aug_0_650.jpg,.jpg,13579,224,224,Viral Leaf Roll,True,ec21eb3108299434b0b2246b1d2e48476f60b4887b8e68507a66235b7896d60d,ab3c52dc32c3c764,
potato_bangladesh,Potato Leaf Disease Dataset/Viral Leaf Roll/aug_0_2810.jpg,aug_0_2810.jpg,.jpg,13730,224,224,Viral Leaf Roll,True,5a48c17ae01682344906858a2480db967a340ca81343cb21cec4590299d54934,a9e3b8a5c57a2d0c,
potato_bangladesh,Potato Leaf Disease Dataset/Viral Leaf Roll/aug_0_8644.jpg,aug_0_8644.jpg,.jpg,15017,224,224,Viral Leaf Roll,True,e92deec08b714c5dd5439092a7cd8d5f867e0781dba3db85f6c968b06c15aabe,87d564fa4839e91a,
potato_bangladesh,Potato Leaf Disease Dataset/Viral Leaf Roll/aug_0_4068.jpg,aug_0_4068.jpg,.jpg,15662,224,224,Viral Leaf Roll,True,52150f8913a3cbcdae50f65c5110a24d908a0eeb8234793a1bea1907bcbc0307,a5254b0b5629bad7,
potato_bangladesh,Potato Leaf Disease Dataset/Viral Leaf Roll/aug_0_2493.jpg,aug_0_2493.jpg,.jpg,15299,224,224,Viral Leaf Roll,True,81a62f89bb3bdfc07b5a3bf7289cf1e574d5e07f05fd3c65814e999fd0a2a15f,f29c9827f2830ef8,
potato_bangladesh,Potato Leaf Disease Dataset/Viral Leaf Roll/aug_0_2694.jpg,aug_0_2694.jpg,.jpg,15623,224,224,Viral Leaf Roll,True,987b6243865b322966ae3c1a2bf6f1c177a9ddffc5e1875f11cc31c29bf52edf,e90679c39cb4e6b0,
potato_bangladesh,Potato Leaf Disease Dataset/Viral Leaf Roll/aug_0_7356.jpg,aug_0_7356.jpg,.jpg,13719,224,224,Viral Leaf Roll,True,138e485b885767194950288292d4ee024676d88c2bbd86f5004f6973dfa595d3,d56b94b20b6c06d7,
potato_bangladesh,Potato Leaf Disease Dataset/Viral Leaf Roll/aug_0_5956.jpg,aug_0_5956.jpg,.jpg,16278,224,224,Viral Leaf Roll,True,5c45a1a66fd2a2bae7ebd890fbb74f2ef6c64ceacf9e05cc106c3e478c3b1ddb,86b1d89c69f0b4b3,
potato_bangladesh,Potato Leaf Disease Dataset/Viral Leaf Roll/aug_0_354.jpg,aug_0_354.jpg,.jpg,16942,224,224,Viral Leaf Roll,True,e9cd9e4cb95ea0b74cb3f23844a5e2a01339c9f1cfc002c8335141ec16deb549,ace4782ea293e725,
potato_bangladesh,Potato Leaf Disease Dataset/Viral Leaf Roll/aug_0_9744.jpg,aug_0_9744.jpg,.jpg,14399,224,224,Viral Leaf Roll,True,cccb3549140924f48e7fcf126f02b3f3002f9ebecba6060746a6d5487899d7d5,8a087da9ea4f3993,
potato_bangladesh,Potato Leaf Disease Dataset/Viral Leaf Roll/aug_0_2936.jpg,aug_0_2936.jpg,.jpg,14182,224,224,Viral Leaf Roll,True,ebc1504a010803f5c2fd44f33e262ac77fa3614c9c3c6c99f5208f78ed1f7ae9,e1b14f996632a61b,
potato_bangladesh,Potato Leaf Disease Dataset/Viral Leaf Roll/aug_0_3010.jpg,aug_0_3010.jpg,.jpg,16780,224,224,Viral Leaf Roll,True,d4d8b9958faa3c4cb9d5eb4dad318b1f465fd311558188c03887c11e22f7338c,f9136ac348a82d7e,
potato_bangladesh,Potato Leaf Disease Dataset/Viral Leaf Roll/aug_0_6799.jpg,aug_0_6799.jpg,.jpg,19722,224,224,Viral Leaf Roll,True,276263c23ae17f60df542824efd0cc070b8e626eff2fbbc5ace91af721959b33,940f3a25e3d1d517,
potato_bangladesh,Potato Leaf Disease Dataset/Viral Leaf Roll/orig_27.jpg,orig_27.jpg,.jpg,20290,224,224,Viral Leaf Roll,False,3af2fef98f99e6d0535712f3e5066ae5632349b1f5241ba19531bdd1e954fe2a,c625271bbbd8cac1,
potato_bangladesh,Potato Leaf Disease Dataset/Viral Leaf Roll/aug_0_6818.jpg,aug_0_6818.jpg,.jpg,17975,224,224,Viral Leaf Roll,True,3ed739d586f107f77cf7efec8602090ffdaf7e6b45cf2c67e6322c21ed2b2724,e4f127932b2ada58,
potato_bangladesh,Potato Leaf Disease Dataset/Viral Leaf Roll/aug_0_4227.jpg,aug_0_4227.jpg,.jpg,14778,224,224,Viral Leaf Roll,True,9a2a07f825a041ac52b446bb422554f81ad9708dff75060687e1e6470813d418,ce68499865f03a9f,
potato_bangladesh,Potato Leaf Disease Dataset/Viral Leaf Roll/orig_31.jpg,orig_31.jpg,.jpg,23295,224,224,Viral Leaf Roll,False,821427276ecc48db587cabf724dc741a5fb7a0426a85a4d104fda6b11e226892,b3894cf6067999c6,
potato_bangladesh,Potato Leaf Disease Dataset/Viral Leaf Roll/aug_0_6946.jpg,aug_0_6946.jpg,.jpg,18361,224,224,Viral Leaf Roll,True,4a9c4ca1029cea33ccc0f840ce992bc5e0e040d6f55cb4891b8b114680a50ca2,988769ad6794cea1,
potato_bangladesh,Potato Leaf Disease Dataset/Viral Leaf Roll/aug_0_401.jpg,aug_0_401.jpg,.jpg,11183,224,224,Viral Leaf Roll,True,acb3127bc6e938b35bc25d7fd2fb72f16825801b99f2a6572e03b8d4f38fb380,83a5e2587807e63f,
potato_bangladesh,Potato Leaf Disease Dataset/Viral Leaf Roll/aug_0_2755.jpg,aug_0_2755.jpg,.jpg,14543,224,224,Viral Leaf Roll,True,d3b8a63aae6b88f0725add725007e7a26dd265d7c91e66ad8483edfc456fb199,9dd822d4ca341bed,
potato_bangladesh,Potato Leaf Disease Dataset/Viral Leaf Roll/aug_0_6313.jpg,aug_0_6313.jpg,.jpg,12912,224,224,Viral Leaf Roll,True,26a4408624f289405ffa3a73719749c1d7f37ad138b62995ce7e987021762b5f,86e5d836668c65ce,
potato_bangladesh,Potato Leaf Disease Dataset/Viral Leaf Roll/aug_0_4970.jpg,aug_0_4970.jpg,.jpg,18827,224,224,Viral Leaf Roll,True,0eeef99145705768a8146fda53b39b362348d011f30cbecce70f823407b56c26,c6ba1f426e1e0575,
potato_bangladesh,Potato Leaf Disease Dataset/Viral Leaf Roll/aug_0_5697.jpg,aug_0_5697.jpg,.jpg,19156,224,224,Viral Leaf Roll,True,9e0a3b216261336df09b7a8648fc028ca98305545204b8267319e1b3395e934d,f33e712c0a9ac347,
potato_bangladesh,Potato Leaf Disease Dataset/Viral Leaf Roll/orig_3.jpg,orig_3.jpg,.jpg,15862,224,224,Viral Leaf Roll,False,d777b68f39f1de8bb97ba585d31a217560add7722ad93ca6700997f8bd7559fa,d685b57c6d168383,
potato_bangladesh,Potato Leaf Disease Dataset/Viral Leaf Roll/aug_0_1383.jpg,aug_0_1383.jpg,.jpg,18083,224,224,Viral Leaf Roll,True,20f84532635d7de34f83d97dc77c265cfcda1f5462700d15a1f28b1f45885583,b73129a09875b6ad,
potato_bangladesh,Potato Leaf Disease Dataset/Viral Leaf Roll/aug_0_6645.jpg,aug_0_6645.jpg,.jpg,13236,224,224,Viral Leaf Roll,True,084ccd4438173a35247f1578ba254f6142e68b2edf433908fdcb05cc1b24bb55,e9214964fe42c6d7,
potato_bangladesh,Potato Leaf Disease Dataset/Viral Leaf Roll/orig_16.jpg,orig_16.jpg,.jpg,17523,224,224,Viral Leaf Roll,False,8625e715f0fc8824aaaa78e5898db6b1844ce16b2bafa5f25bcc848d28d198bc,d6793d950f4a720c,
potato_bangladesh,Potato Leaf Disease Dataset/Viral Leaf Roll/aug_0_1414.jpg,aug_0_1414.jpg,.jpg,14848,224,224,Viral Leaf Roll,True,7722239f7885d72377d338b90d036f72d81f522b3d30fbe7fd0212af7eb83091,82587583353cf9d6,
potato_bangladesh,Potato Leaf Disease Dataset/Viral Leaf Roll/aug_0_9865.jpg,aug_0_9865.jpg,.jpg,13704,224,224,Viral Leaf Roll,True,11f4fffc80f58ca0ab9738d06fc83859f8f641d89537ee56a938878f67a26de6,bf7db00243b27c26,
potato_bangladesh,Potato Leaf Disease Dataset/Viral Leaf Roll/aug_0_8414.jpg,aug_0_8414.jpg,.jpg,19070,224,224,Viral Leaf Roll,True,93cb3ae798a1e86ec781b1322a7aba664ebbc1d0c30e8ef120f60bd0868ebc3a,b3397ec61818394f,
potato_bangladesh,Potato Leaf Disease Dataset/Viral Leaf Roll/orig_29.jpg,orig_29.jpg,.jpg,19865,224,224,Viral Leaf Roll,False,1c80824355d267ac53ca2773743942dc77e7d42bf21aaeaf0bf8c71a7e3c063c,e4282e8f94747d55,
potato_bangladesh,Potato Leaf Disease Dataset/Viral Leaf Roll/aug_0_294.jpg,aug_0_294.jpg,.jpg,14395,224,224,Viral Leaf Roll,True,f5c73bf214d5e9afd4847d337e5545e0fd754fd78bd79b4e5e5c1e962dbe3fe5,f79cd30381b532d2,
potato_bangladesh,Potato Leaf Disease Dataset/Viral Leaf Roll/aug_0_8028.jpg,aug_0_8028.jpg,.jpg,13383,224,224,Viral Leaf Roll,True,20432259230b4af789e4765dd3febb2eadd492304cea3ef4b17c4ba77f980a93,a9c49356acb42bad,
potato_bangladesh,Potato Leaf Disease Dataset/Viral Leaf Roll/aug_0_9306.jpg,aug_0_9306.jpg,.jpg,16631,224,224,Viral Leaf Roll,True,e097a6c1cfd5b86f7feeaf896cae344030e1ac1166a81d4554e39eeb79081ec7,fe10b67d078582b6,
potato_bangladesh,Potato Leaf Disease Dataset/Viral Leaf Roll/aug_0_4896.jpg,aug_0_4896.jpg,.jpg,14555,224,224,Viral Leaf Roll,True,427e9bdf412cddb1b7a2b331c38fd9afa4db81a04fcc6751bd68b100378ff094,abe45a8754ad552a,
potato_bangladesh,Potato Leaf Disease Dataset/Viral Leaf Roll/aug_0_9437.jpg,aug_0_9437.jpg,.jpg,13074,224,224,Viral Leaf Roll,True,de46aa38bea73777a61b9671b556bb7220ec1f2c146d7c2690e8a8384a3fd934,f293f0abe2b245a2,
potato_bangladesh,Potato Leaf Disease Dataset/Viral Leaf Roll/aug_0_4533.jpg,aug_0_4533.jpg,.jpg,14288,224,224,Viral Leaf Roll,True,23c5cb445f1d09a042246e7c7252fb35e92adcfea1ae3fa8e24a46e57e021e94,e56a630aab674ed0,
potato_bangladesh,Potato Leaf Disease Dataset/Viral Leaf Roll/orig_11.jpg,orig_11.jpg,.jpg,16489,224,224,Viral Leaf Roll,False,7bed96c38d012582a8909410614bc28bf0b9fc8e76ad6a73c420014d40f54803,d1a8b0d64b369eb2,
potato_bangladesh,Potato Leaf Disease Dataset/Viral Leaf Roll/aug_0_6371.jpg,aug_0_6371.jpg,.jpg,12897,224,224,Viral Leaf Roll,True,871945479801b80b09548969117d4be7b14886ae3f49e63cc99a94b4937c25fd,9fe629982655d945,
potato_bangladesh,Potato Leaf Disease Dataset/Viral Leaf Roll/aug_0_4736.jpg,aug_0_4736.jpg,.jpg,15517,224,224,Viral Leaf Roll,True,634f8f22c8217c5bc434de53ed673df0acc83a2167890b3ca3807a72ad9c2619,87f870cbd3692706,
potato_bangladesh,Potato Leaf Disease Dataset/Viral Leaf Roll/aug_0_2615.jpg,aug_0_2615.jpg,.jpg,14731,224,224,Viral Leaf Roll,True,67da1928f479f113244ff2e7077e5d6fe85eacebd58618c4a69f4335f5767abc,f3cf282e549898f8,
potato_bangladesh,Potato Leaf Disease Dataset/Viral Leaf Roll/aug_0_8242.jpg,aug_0_8242.jpg,.jpg,14994,224,224,Viral Leaf Roll,True,16efad0a86e8e98271b922af28d267ac5a108663d9e75f90c8ddfa40ddcdb12b,c60c6db4b3391bcc,
potato_bangladesh,Potato Leaf Disease Dataset/Viral Leaf Roll/aug_0_3120.jpg,aug_0_3120.jpg,.jpg,13326,224,224,Viral Leaf Roll,True,85dd2aad8764a9bab038abe0ab1b00912f517c079faeac329772b412a589b683,f414a2a5f139717c,
potato_bangladesh,Potato Leaf Disease Dataset/Viral Leaf Roll/aug_0_2013.jpg,aug_0_2013.jpg,.jpg,13230,224,224,Viral Leaf Roll,True,0d6fb08f29e2eac73cc69645a89376ba4947f28c14b0a6b08e9377d7b6401f87,8ec6c71679eda188,
potato_bangladesh,Potato Leaf Disease Dataset/Viral Leaf Roll/aug_0_2251.jpg,aug_0_2251.jpg,.jpg,14704,224,224,Viral Leaf Roll,True,17d367f5451010c71e7f383758aa6a46f0fe873d28c05e018b6703bfd4eb0a1f,8b0653f9009ff0f9,
potato_bangladesh,Potato Leaf Disease Dataset/Viral Leaf Roll/aug_0_8364.jpg,aug_0_8364.jpg,.jpg,15633,224,224,Viral Leaf Roll,True,1b59f05753cc4ba583eda617162877ac0d46d3dfaf51c7579c5f5ddb9604c6e1,8f267c029bb6ea07,
potato_bangladesh,Potato Leaf Disease Dataset/Viral Leaf Roll/orig_14.jpg,orig_14.jpg,.jpg,20177,224,224,Viral Leaf Roll,False,809d3a87c840c329d1f26cf15fbfdd04b25d7afb1ce5098e6e64f222139d7646,ffe09e70483a6e84,
potato_bangladesh,Potato Leaf Disease Dataset/Viral Leaf Roll/aug_0_3276.jpg,aug_0_3276.jpg,.jpg,16931,224,224,Viral Leaf Roll,True,ecdf4b99a80cd40ab425518d73425e21d9bb5d0295d8d179710db9f9f4ff2695,9418af52672135ef,
potato_bangladesh,Potato Leaf Disease Dataset/Viral Leaf Roll/aug_0_9090.jpg,aug_0_9090.jpg,.jpg,13893,224,224,Viral Leaf Roll,True,55ce261c10cf5b68c1053cc53971cfce75231c1247d08943b3e84640f0837fff,f0b11977d40d3c63,
potato_bangladesh,Potato Leaf Disease Dataset/Viral Leaf Roll/aug_0_3023.jpg,aug_0_3023.jpg,.jpg,16822,224,224,Viral Leaf Roll,True,3f6d07948d6121780f7c6da2c11c895effb0bf44abb30066f61c659f98f1cdd0,bd7066871ba3e4c1,
potato_bangladesh,Potato Leaf Disease Dataset/Viral Leaf Roll/aug_0_3642.jpg,aug_0_3642.jpg,.jpg,15222,224,224,Viral Leaf Roll,True,828cf18e3bb202d6590bdb23bc61621247ef746b4884d4a802d966bf193ff097,a535d6d4d2635227,
potato_bangladesh,Potato Leaf Disease Dataset/Viral Leaf Roll/aug_0_6414.jpg,aug_0_6414.jpg,.jpg,14724,224,224,Viral Leaf Roll,True,b6178d94645767da48f0817aa98b51cb6e1f223218eff5baf47905fd55cb1fed,d443a4e2f6b8f10d,
potato_bangladesh,Potato Leaf Disease Dataset/Viral Leaf Roll/aug_0_1388.jpg,aug_0_1388.jpg,.jpg,15282,224,224,Viral Leaf Roll,True,8fa9fd47659d02b6eafe11835ebe8d2ee61811e9cb64255c624c543fcd3bee7c,d26229f2746cf16a,
potato_bangladesh,Potato Leaf Disease Dataset/Viral Leaf Roll/aug_0_6073.jpg,aug_0_6073.jpg,.jpg,16469,224,224,Viral Leaf Roll,True,75382eb73228cf8bb438e8ac3f7b650b54b3dd04360020a3022c1ca0510ebad8,a0a4afb3334e50d7,
potato_bangladesh,Potato Leaf Disease Dataset/Viral Leaf Roll/aug_0_5175.jpg,aug_0_5175.jpg,.jpg,16491,224,224,Viral Leaf Roll,True,c1dc3bc211969cb5de67d3f1e10f8a2abf5908a658314b915dcfced33bf21b15,a329662f1e9a9317,
potato_bangladesh,Potato Leaf Disease Dataset/Viral Leaf Roll/aug_0_4855.jpg,aug_0_4855.jpg,.jpg,15196,224,224,Viral Leaf Roll,True,1299c8d7996383ce0f123ef6815a4d5afba945ba65d9bf04fd19284683772958,ea2be674d251e10d,
potato_bangladesh,Potato Leaf Disease Dataset/Viral Leaf Roll/aug_0_4803.jpg,aug_0_4803.jpg,.jpg,17035,224,224,Viral Leaf Roll,True,08767ca3ffa6d14502c3832f277cbb8ca460fe87f44fc72d1ea4655ee8370e15,de12d6c79090f437,
potato_bangladesh,Potato Leaf Disease Dataset/Viral Leaf Roll/aug_0_1838.jpg,aug_0_1838.jpg,.jpg,17592,224,224,Viral Leaf Roll,True,b7bba35f7d6a53cb02dd8e1f27c88ddebcb7ea1456a8d1d5a03abaae29503cee,a0f6217ad7ca532a,
potato_bangladesh,Potato Leaf Disease Dataset/Viral Leaf Roll/aug_0_3411.jpg,aug_0_3411.jpg,.jpg,15470,224,224,Viral Leaf Roll,True,1342260a37bb2e5735999c1ade6f4ad6ec47b049b7364e4a7d6d6dcd79ecc7ff,d2a3a19acaf4b525,
potato_bangladesh,Potato Leaf Disease Dataset/Viral Leaf Roll/aug_0_9474.jpg,aug_0_9474.jpg,.jpg,19808,224,224,Viral Leaf Roll,True,97e072dc99430205904bfb4741b45543fd7cdefeb4ddf70f6669479121bd5eb3,e56e0f8993232b9a,
potato_bangladesh,Potato Leaf Disease Dataset/Viral Leaf Roll/orig_21.jpg,orig_21.jpg,.jpg,23146,224,224,Viral Leaf Roll,False,32545cc78ac591d016e495c82e7365bcd7f857e7ed510decd0ed0d3bf221dff4,c08d37bc349b72a5,
potato_bangladesh,Potato Leaf Disease Dataset/Viral Leaf Roll/aug_0_9325.jpg,aug_0_9325.jpg,.jpg,17373,224,224,Viral Leaf Roll,True,3a6959ed55190f69ef8a351cf6e1223f0ed0e446caed49f5e1d3a2ab7178ab38,d4e9a4358e3893c7,
potato_bangladesh,Potato Leaf Disease Dataset/Viral Leaf Roll/aug_0_741.jpg,aug_0_741.jpg,.jpg,13854,224,224,Viral Leaf Roll,True,1f06c42818559fb947f2e2c3b3e0df56a3c7552cec9e693f912d37df52adb0fe,9ce6932648d3e693,
potato_bangladesh,Potato Leaf Disease Dataset/Viral Leaf Roll/orig_5.jpg,orig_5.jpg,.jpg,17976,224,224,Viral Leaf Roll,False,aec816bd860b7a7d32ea75093f6a902e9108ccfdeb6c38346a438b64a50aa1da,d381bd95089be72a,
potato_bangladesh,Potato Leaf Disease Dataset/Viral Leaf Roll/aug_0_2343.jpg,aug_0_2343.jpg,.jpg,13681,224,224,Viral Leaf Roll,True,d06c5acb93d68a78a80a18d2622dae516f75e74a1c19f65e152e8d437dbd8206,ea6a5a1dd5265235,
potato_bangladesh,Potato Leaf Disease Dataset/Viral Leaf Roll/aug_0_1432.jpg,aug_0_1432.jpg,.jpg,14079,224,224,Viral Leaf Roll,True,418f675d56114d7e2baa85f26b327460e3546d04e1b2701f4f836a5074d11c66,ea4685ab9a4d330f,
potato_bangladesh,Potato Leaf Disease Dataset/Viral Leaf Roll/aug_0_1133.jpg,aug_0_1133.jpg,.jpg,14392,224,224,Viral Leaf Roll,True,bfe912ce023593621bc5546407ee88f3d2d8a8966bdba217d2a20490698076c2,f6ae5acc80c5b43a,
potato_bangladesh,Potato Leaf Disease Dataset/Viral Leaf Roll/aug_0_9041.jpg,aug_0_9041.jpg,.jpg,14255,224,224,Viral Leaf Roll,True,b36ef7d9acf5ed2bc755ae01efb928d02fe3e4419a38e3f479541bad78adbc09,91ccf868ed5c2b85,
potato_bangladesh,Potato Leaf Disease Dataset/Viral Leaf Roll/aug_0_9451.jpg,aug_0_9451.jpg,.jpg,13352,224,224,Viral Leaf Roll,True,1f7857798845052852059516190059be81ad9476853ba0afe114b0c723c7e458,d17d0331642dabbc,
potato_bangladesh,Potato Leaf Disease Dataset/Bacterial Soft Rot/aug_0_2411.jpg,aug_0_2411.jpg,.jpg,13412,224,224,Bacterial Soft Rot,True,255bbec3c65d19642a8a73f55eefdcf52a5d62c6c1ddc3a391f5331c148f9f2b,c565f988f4435953,
potato_bangladesh,Potato Leaf Disease Dataset/Bacterial Soft Rot/aug_0_9077.jpg,aug_0_9077.jpg,.jpg,13920,224,224,Bacterial Soft Rot,True,dc7d0841f2f0f1e70181c7fbb41d468d7f8b9365e3e087caf80c88a9fe4b397c,99c86ae69a396c33,
potato_bangladesh,Potato Leaf Disease Dataset/Bacterial Soft Rot/aug_0_8087.jpg,aug_0_8087.jpg,.jpg,11639,224,224,Bacterial Soft Rot,True,2a7e5e5f55114dd74db0c4806bbe53b04b11bc77d3a1345ad44770073b4e2705,d64c49d523b38e17,
potato_bangladesh,Potato Leaf Disease Dataset/Bacterial Soft Rot/aug_0_1598.jpg,aug_0_1598.jpg,.jpg,19351,224,224,Bacterial Soft Rot,True,a925eb4c8bf63feeb02e4599427dcfe2a755b194f65277689f5a06a98d66fbd9,ba3347c1979f14b0,
potato_bangladesh,Potato Leaf Disease Dataset/Bacterial Soft Rot/aug_0_5343.jpg,aug_0_5343.jpg,.jpg,14164,224,224,Bacterial Soft Rot,True,07fc2103a8c764e42d1e81c79b8ebd925926257931720834f87e2e2db8fd2d50,d17f31c8cd389a15,
potato_bangladesh,Potato Leaf Disease Dataset/Bacterial Soft Rot/aug_0_7355.jpg,aug_0_7355.jpg,.jpg,15548,224,224,Bacterial Soft Rot,True,c2a17e5882068db06c472e3a85174b31b7971ff610b15d9b31a82f372a509b73,c6bf92811d8dda70,
potato_bangladesh,Potato Leaf Disease Dataset/Bacterial Soft Rot/aug_0_7881.jpg,aug_0_7881.jpg,.jpg,18899,224,224,Bacterial Soft Rot,True,339f0799849a9fde8bd3dc6dfbe25d972150eac2d8349779956b22a03b7e35f5,a740ccc10ee57b79,
potato_bangladesh,Potato Leaf Disease Dataset/Bacterial Soft Rot/aug_0_525.jpg,aug_0_525.jpg,.jpg,14029,224,224,Bacterial Soft Rot,True,44203afe92440ccfac3b3ad0ededfe188fdbb82ff38025ca9dcff49944d295d0,884c7245cf27b6e3,
potato_bangladesh,Potato Leaf Disease Dataset/Bacterial Soft Rot/aug_0_5942.jpg,aug_0_5942.jpg,.jpg,18744,224,224,Bacterial Soft Rot,True,c69d9a872131e4e3d7bebd846322947f92f21f91419245dcdf502313784c35e1,cca51463d820eefd,
potato_bangladesh,Potato Leaf Disease Dataset/Bacterial Soft Rot/aug_0_7535.jpg,aug_0_7535.jpg,.jpg,15161,224,224,Bacterial Soft Rot,True,09e93d0b4788bc3601bb6b824be96798d131ae47a098b9daac3e86cdf61b7f44,e62b1d6a6c5a459c,
potato_bangladesh,Potato Leaf Disease Dataset/Bacterial Soft Rot/aug_0_3541.jpg,aug_0_3541.jpg,.jpg,12487,224,224,Bacterial Soft Rot,True,3a98cb3b990960878eba10991b9e4666d6b6625d87b198227579c4476a42ffd8,c72dc35ed80d4d49,
potato_bangladesh,Potato Leaf Disease Dataset/Bacterial Soft Rot/aug_0_2084.jpg,aug_0_2084.jpg,.jpg,14720,224,224,Bacterial Soft Rot,True,afcfec11afc05eecb37aec3a31b7d7b6634dab2fad68dfd4db1659d266400f15,b2058673473d85ee,
potato_bangladesh,Potato Leaf Disease Dataset/Bacterial Soft Rot/aug_0_3547.jpg,aug_0_3547.jpg,.jpg,17813,224,224,Bacterial Soft Rot,True,2a4916246e98b243c9fb5c207ac14aaf066659ceb63ba386f95fce2945bb3389,a5c29e6c03bdca65,
potato_bangladesh,Potato Leaf Disease Dataset/Bacterial Soft Rot/aug_0_4654.jpg,aug_0_4654.jpg,.jpg,11854,224,224,Bacterial Soft Rot,True,f64acda511ed0d02fba58e66cf8152ab3f63932116b755f40ca619ecf7856c55,d0b7fd69d442e242,
potato_bangladesh,Potato Leaf Disease Dataset/Bacterial Soft Rot/aug_0_1009.jpg,aug_0_1009.jpg,.jpg,18828,224,224,Bacterial Soft Rot,True,5c75ed7e5ea0abe2feeeaf17dae113f2caafe291cbf23beb38a93d6e4c3ad8ca,e21f56c0a770bad8,
potato_bangladesh,Potato Leaf Disease Dataset/Bacterial Soft Rot/aug_0_9826.jpg,aug_0_9826.jpg,.jpg,15056,224,224,Bacterial Soft Rot,True,6b651740f1fc3152bfb884882f1a4a9319be4c4d19349c5d577982f975c67d4d,e1aa2e5ebd04b94c,
potato_bangladesh,Potato Leaf Disease Dataset/Bacterial Soft Rot/aug_0_8866.jpg,aug_0_8866.jpg,.jpg,12579,224,224,Bacterial Soft Rot,True,687197072d499ec80623396f324b65110567dd2d705442bfccab9f3b58fcabc0,8e057899cc61b5fa,
potato_bangladesh,Potato Leaf Disease Dataset/Bacterial Soft Rot/aug_0_1260.jpg,aug_0_1260.jpg,.jpg,12515,224,224,Bacterial Soft Rot,True,6b5b16aacef91641bbe02a79d30e93bac70a16b2418a90b2207b80c85dc5a1df,8cccf9f479c93411,
potato_bangladesh,Potato Leaf Disease Dataset/Bacterial Soft Rot/aug_0_8963.jpg,aug_0_8963.jpg,.jpg,11817,224,224,Bacterial Soft Rot,True,855166d8d40dba8c47639b60c66ac2c9c664738b97004bb05071adb9e2cee2b9,cfcada9c8134f505,
potato_bangladesh,Potato Leaf Disease Dataset/Bacterial Soft Rot/aug_0_1540.jpg,aug_0_1540.jpg,.jpg,15845,224,224,Bacterial Soft Rot,True,38203ebc28875b8d41f1ba4a8252cebddfde111058d868cd4ca2a2498333b15f,eea6135e88aa2cdc,
potato_bangladesh,Potato Leaf Disease Dataset/Bacterial Soft Rot/aug_0_6486.jpg,aug_0_6486.jpg,.jpg,12494,224,224,Bacterial Soft Rot,True,63a00fcce7c6d2c2c095d8afef568ed122db612319285065860b4db2f43ba251,978cb66c234c99b3,
potato_bangladesh,Potato Leaf Disease Dataset/Bacterial Soft Rot/aug_0_6191.jpg,aug_0_6191.jpg,.jpg,15300,224,224,Bacterial Soft Rot,True,1ba09c8c05c814a2867ef059a0219b62ddd0c72715aab7bc2d511e446411c8c2,9babc6d650ca9c15,
potato_bangladesh,Potato Leaf Disease Dataset/Bacterial Soft Rot/aug_0_8759.jpg,aug_0_8759.jpg,.jpg,18720,224,224,Bacterial Soft Rot,True,a1d6e11189517e0e144bf303fd2498a5725feb42da72373b32d4db65d68a3828,a4e4ccef3735211c,
potato_bangladesh,Potato Leaf Disease Dataset/Bacterial Soft Rot/aug_0_248.jpg,aug_0_248.jpg,.jpg,13747,224,224,Bacterial Soft Rot,True,2173353149f1d4aee5baf50aafe0b0fc5745800bf95e4913d0856c2951440f5f,8e94738ec64cb22f,
potato_bangladesh,Potato Leaf Disease Dataset/Bacterial Soft Rot/aug_0_8765.jpg,aug_0_8765.jpg,.jpg,11265,224,224,Bacterial Soft Rot,True,099292828e9eeaea3b3ee1516bebe122dc42a1e277626392dfde3472c7c500ae,e98866b33752aab4,
potato_bangladesh,Potato Leaf Disease Dataset/Bacterial Soft Rot/aug_0_3326.jpg,aug_0_3326.jpg,.jpg,11755,224,224,Bacterial Soft Rot,True,eea6e32082217ad59485a77f708c249cf96148de53b2e77143136a58e54af4ba,9c0fb1f0b4306af3,
potato_bangladesh,Potato Leaf Disease Dataset/Bacterial Soft Rot/aug_0_5207.jpg,aug_0_5207.jpg,.jpg,11809,224,224,Bacterial Soft Rot,True,2f46102eed5aaf2640822c344307476a462a7661f08b50e5535444ceb5b71871,cf274a50ce59c8dc,
potato_bangladesh,Potato Leaf Disease Dataset/Bacterial Soft Rot/aug_0_5411.jpg,aug_0_5411.jpg,.jpg,17146,224,224,Bacterial Soft Rot,True,83b40adaa9273a31342c8c5185b6475663a0481fd38812d4909e45096e0651df,d66d54d2d65489cc,
potato_bangladesh,Potato Leaf Disease Dataset/Bacterial Soft Rot/aug_0_5650.jpg,aug_0_5650.jpg,.jpg,19693,224,224,Bacterial Soft Rot,True,65470d9d799aa749a6b309213d4a217afb7596c530174580daf682bddd5b698a,c056b3ec0cb724cf,
potato_bangladesh,Potato Leaf Disease Dataset/Bacterial Soft Rot/aug_0_8828.jpg,aug_0_8828.jpg,.jpg,11545,224,224,Bacterial Soft Rot,True,6ffa753c9607ecdb63ac3cc835f64a61f570b47656f433a758c64c9657988a96,b5ec955a49664dc4,
potato_bangladesh,Potato Leaf Disease Dataset/Bacterial Soft Rot/aug_0_9972.jpg,aug_0_9972.jpg,.jpg,13028,224,224,Bacterial Soft Rot,True,493ebdb254a4d5d746b6fb90286c5af26fce42d2e668d40399e30168b172f9af,b19692712b16f09f,
potato_bangladesh,Potato Leaf Disease Dataset/Bacterial Soft Rot/aug_0_3518.jpg,aug_0_3518.jpg,.jpg,15958,224,224,Bacterial Soft Rot,True,1e10254701bc1b9cd4f5432c68e52cd12bf949fcd55ce6370185ccea2f3f6ae0,c8319629b3dcf4aa,
potato_bangladesh,Potato Leaf Disease Dataset/Bacterial Soft Rot/aug_0_9210.jpg,aug_0_9210.jpg,.jpg,15640,224,224,Bacterial Soft Rot,True,3d823d592706bdbdbd7c3d8d029e888eb07c14d8c28320c2afc78f404e6be106,a0d8fd33944c6957,
potato_bangladesh,Potato Leaf Disease Dataset/Bacterial Soft Rot/aug_0_1199.jpg,aug_0_1199.jpg,.jpg,11541,224,224,Bacterial Soft Rot,True,ebba0f18c6ae4b191091b9c94a45b1ecfd886963a84f32a5170cfb1570fe7110,8c23f0a65acbdf24,
potato_bangladesh,Potato Leaf Disease Dataset/Bacterial Soft Rot/aug_0_2652.jpg,aug_0_2652.jpg,.jpg,13805,224,224,Bacterial Soft Rot,True,4c05ed1abc70a7b7fffe89aa9e567ec5b4aecd82bec857f749dad5c888a7567d,99b26435bc48d375,
potato_bangladesh,Potato Leaf Disease Dataset/Bacterial Soft Rot/aug_0_5596.jpg,aug_0_5596.jpg,.jpg,12160,224,224,Bacterial Soft Rot,True,067124b9b3f4ca6b1bb912d01769b5d5f49795f31eb6b4973b80d5200df6b14b,f40b614b98aacecd,
potato_bangladesh,Potato Leaf Disease Dataset/Bacterial Soft Rot/aug_0_571.jpg,aug_0_571.jpg,.jpg,15219,224,224,Bacterial Soft Rot,True,5c4aa84a4f66ba2dbc6b2c4cb87326014734f672822e6dac80279e822f2b64e5,c2a26f15f41ba43d,
potato_bangladesh,Potato Leaf Disease Dataset/Bacterial Soft Rot/aug_0_3423.jpg,aug_0_3423.jpg,.jpg,15312,224,224,Bacterial Soft Rot,True,ea25187b62d0f14182edcf7233a28be7b75a7d5d6dd14c5980f3b7d00820f096,941be3960e365d8d,
potato_bangladesh,Potato Leaf Disease Dataset/Bacterial Soft Rot/aug_0_776.jpg,aug_0_776.jpg,.jpg,12368,224,224,Bacterial Soft Rot,True,407663c2967f20506c3ca9e6f9585882c2a5652b7d1e7b0b14a3a9e3d2f555db,d2ff48950d996a62,
potato_bangladesh,Potato Leaf Disease Dataset/Bacterial Soft Rot/aug_0_9395.jpg,aug_0_9395.jpg,.jpg,13454,224,224,Bacterial Soft Rot,True,ce2d3589ee8f42e9da89cb43362b9fb3034c25e25d06657d85b8a3905fe7ff82,ce26bbdc614187f0,
potato_bangladesh,Potato Leaf Disease Dataset/Bacterial Soft Rot/aug_0_1927.jpg,aug_0_1927.jpg,.jpg,11779,224,224,Bacterial Soft Rot,True,a289066037d913a828a4e56488311393bb1fe92aa0b6718f4a38b9377bff5e12,cab1894c473e3aab,
potato_bangladesh,Potato Leaf Disease Dataset/Bacterial Soft Rot/aug_0_2055.jpg,aug_0_2055.jpg,.jpg,17451,224,224,Bacterial Soft Rot,True,4b24c7ae8bed7d93a4d43cca7be154ebc78e8af6882390f9954b41c04aa47466,e9e97e03e931ca90,
potato_bangladesh,Potato Leaf Disease Dataset/Bacterial Soft Rot/aug_0_2042.jpg,aug_0_2042.jpg,.jpg,14177,224,224,Bacterial Soft Rot,True,dc25e3588d4aaca0bcff2d8341e44db53e5a72ae3707cec069df3fa66c79c720,c5ce2971b7926265,
potato_bangladesh,Potato Leaf Disease Dataset/Bacterial Soft Rot/aug_0_7954.jpg,aug_0_7954.jpg,.jpg,13895,224,224,Bacterial Soft Rot,True,0de4e692d91e0ae447ca1cdd4602e61adb8c8d093da937fbe28561dea3362c06,97f2e58de865500d,
potato_bangladesh,Potato Leaf Disease Dataset/Bacterial Soft Rot/aug_0_7719.jpg,aug_0_7719.jpg,.jpg,15417,224,224,Bacterial Soft Rot,True,65ed467024d4df56277246234fc199a35238b4e964495fade070016303944fb9,c30a68e43cdd88ef,
potato_bangladesh,Potato Leaf Disease Dataset/Bacterial Soft Rot/aug_0_2971.jpg,aug_0_2971.jpg,.jpg,15248,224,224,Bacterial Soft Rot,True,ea2f6d0a642936f0431ff9e429edbc5bc794f30a84390e6f10e06e6443dc80fc,e17eaadc0e24a2ba,
potato_bangladesh,Potato Leaf Disease Dataset/Bacterial Soft Rot/aug_0_2963.jpg,aug_0_2963.jpg,.jpg,12410,224,224,Bacterial Soft Rot,True,3140de9cc25f30c89c9ddaacd82bf59b1c42215c40e2b62bb1bf5b0fefc9230c,a32e4f1360cbd6cc,
potato_bangladesh,Potato Leaf Disease Dataset/Bacterial Soft Rot/aug_0_7937.jpg,aug_0_7937.jpg,.jpg,19851,224,224,Bacterial Soft Rot,True,78f2d0906930130fea555b339c327a29b8231b1b8fe38293504434e912c6d11b,bcd8b58b68989d58,
potato_bangladesh,Potato Leaf Disease Dataset/Bacterial Soft Rot/aug_0_520.jpg,aug_0_520.jpg,.jpg,14802,224,224,Bacterial Soft Rot,True,8329ff71b3d55e33ccb9250ec57db034c95b3b2d6feda998b71c0e8feaa041ec,ce505b2fff898260,
potato_bangladesh,Potato Leaf Disease Dataset/Bacterial Soft Rot/aug_0_6173.jpg,aug_0_6173.jpg,.jpg,12590,224,224,Bacterial Soft Rot,True,0757cbdce17c50b4ce01dc2d4c4f576d1be65a5c2108440ac2536e48f863c25d,8e54aa24cdf838bb,
potato_bangladesh,Potato Leaf Disease Dataset/Bacterial Soft Rot/aug_0_734.jpg,aug_0_734.jpg,.jpg,16637,224,224,Bacterial Soft Rot,True,58c43c616b73105f69ca824dad1155739781c804a9e1fbc42e8b4aba7bb00cba,a65168e2f6a42b3d,
potato_bangladesh,Potato Leaf Disease Dataset/Bacterial Soft Rot/aug_0_9190.jpg,aug_0_9190.jpg,.jpg,13745,224,224,Bacterial Soft Rot,True,c7cb7d8ce848dcb01d13b3b48bb78493298dc80c068e4853eb5263e6e3365dc0,adec39ac71d38324,
potato_bangladesh,Potato Leaf Disease Dataset/Bacterial Soft Rot/aug_0_7435.jpg,aug_0_7435.jpg,.jpg,19290,224,224,Bacterial Soft Rot,True,ae6708adeae15a4fca4d4a5a3dca3a5f58e2715fecfe6a762e90b9e9cad738b1,a32bf8b03c754d2c,
potato_bangladesh,Potato Leaf Disease Dataset/Bacterial Soft Rot/aug_0_9784.jpg,aug_0_9784.jpg,.jpg,15745,224,224,Bacterial Soft Rot,True,b1617f02d8a767a4863caea41e9a272abbeb759a6bfda356957e49a74481a948,c18ef7896b31dcc0,
potato_bangladesh,Potato Leaf Disease Dataset/Bacterial Soft Rot/aug_0_5971.jpg,aug_0_5971.jpg,.jpg,14970,224,224,Bacterial Soft Rot,True,80dcc87d9a57fe35ba232d8118bcc1294815aa3d8c73ee6ce474e07fff01795b,8f53c346acd62c72,
potato_bangladesh,Potato Leaf Disease Dataset/Bacterial Soft Rot/aug_0_1172.jpg,aug_0_1172.jpg,.jpg,11499,224,224,Bacterial Soft Rot,True,f0355cf8165ddb3900b469a2f821f840ef2b0c022ffe21aad07565805b79bb57,de16941967cd55a4,
potato_bangladesh,Potato Leaf Disease Dataset/Bacterial Soft Rot/aug_0_7596.jpg,aug_0_7596.jpg,.jpg,15675,224,224,Bacterial Soft Rot,True,730de40731ae0c82d204fb6a5987b62cf0432e9380c6b260c441633ca820af27,c98d1ee8ea46ca66,
potato_bangladesh,Potato Leaf Disease Dataset/Bacterial Soft Rot/aug_0_6549.jpg,aug_0_6549.jpg,.jpg,12257,224,224,Bacterial Soft Rot,True,3b70442852ab13d8fe6b9a6e7be89cce66c28876fce91240d637f2b6520bfb29,f8bae281d1db883c,
potato_bangladesh,Potato Leaf Disease Dataset/Bacterial Soft Rot/aug_0_4250.jpg,aug_0_4250.jpg,.jpg,17936,224,224,Bacterial Soft Rot,True,3432599fea3d4d2ef27083f15e20e75d172cb2497edd20e5476d60c213ead669,cb91d1a81d7dc835,
potato_bangladesh,Potato Leaf Disease Dataset/Bacterial Soft Rot/aug_0_5000.jpg,aug_0_5000.jpg,.jpg,17579,224,224,Bacterial Soft Rot,True,eb8492489e90b73b778ef828ecfe0b85225664d6f61b19c34e824a33706c9f7e,99c3215f6158af36,
potato_bangladesh,Potato Leaf Disease Dataset/Bacterial Soft Rot/aug_0_146.jpg,aug_0_146.jpg,.jpg,15825,224,224,Bacterial Soft Rot,True,2cd0d2236b72755a7fccdaf27b3f203f0ec30445496b47cc3f0aca105e5107ef,bb1ee40b5c637550,
potato_bangladesh,Potato Leaf Disease Dataset/Bacterial Soft Rot/aug_0_3754.jpg,aug_0_3754.jpg,.jpg,12078,224,224,Bacterial Soft Rot,True,fb4052d7f232b0e3c4fbf186aa466f63426e60378304cb83e58b554eee2c18bb,9a2ce283eb6a49f4,
potato_bangladesh,Potato Leaf Disease Dataset/Bacterial Soft Rot/aug_0_2183.jpg,aug_0_2183.jpg,.jpg,12192,224,224,Bacterial Soft Rot,True,c9f0c1b13830aa80b1d2652abe4ec61103656beb9cd0db037e47dcfafbbd00ea,dba32dcc9e768c01,
potato_bangladesh,Potato Leaf Disease Dataset/Bacterial Soft Rot/aug_0_3826.jpg,aug_0_3826.jpg,.jpg,12356,224,224,Bacterial Soft Rot,True,39432a55c3626468d664ffdeb8c45fa2d273ac67cb7e5c1391d0d720b14918f1,d3786863b6978d82,
potato_bangladesh,Potato Leaf Disease Dataset/Bacterial Soft Rot/aug_0_2379.jpg,aug_0_2379.jpg,.jpg,12971,224,224,Bacterial Soft Rot,True,3a37c84359e3f8c42eee747057b517561fdbc48befa6d489ed3c53f2dd7ccfa0,852eb065c7e1c99e,
potato_bangladesh,Potato Leaf Disease Dataset/Bacterial Soft Rot/aug_0_8905.jpg,aug_0_8905.jpg,.jpg,12029,224,224,Bacterial Soft Rot,True,eee8e2d8e3895faadbef46b0f10775c24a031a83a424a89c70ddb2e8cf58cdbd,8c0df3d90ee7e20c,
potato_bangladesh,Potato Leaf Disease Dataset/Bacterial Soft Rot/aug_0_9323.jpg,aug_0_9323.jpg,.jpg,12920,224,224,Bacterial Soft Rot,True,f748a0814a38417a0a7aa48c5dfa91b8d32b382a5a3118ebcddb6204e18f47ed,934f49d02978e5ad,
potato_bangladesh,Potato Leaf Disease Dataset/Bacterial Soft Rot/aug_0_4207.jpg,aug_0_4207.jpg,.jpg,15450,224,224,Bacterial Soft Rot,True,81b39536d9f9625e6926ccfade5db44f6c68cb4397cc1a7f88d18d34166d859b,89d2f9c62d867239,
potato_bangladesh,Potato Leaf Disease Dataset/Bacterial Soft Rot/aug_0_7305.jpg,aug_0_7305.jpg,.jpg,20100,224,224,Bacterial Soft Rot,True,6b1e8b0db7ba6d7d54ea7e6aa3c732c00368e34314a0329b77082c3e137b3e19,de5292f468dca472,
potato_bangladesh,Potato Leaf Disease Dataset/Bacterial Soft Rot/aug_0_2259.jpg,aug_0_2259.jpg,.jpg,13234,224,224,Bacterial Soft Rot,True,2b6be9a83f73e7a01b661bb0974112a77359a1b10813747c5bf10f06ffe285ba,c6d4a1b18ebc6639,
potato_bangladesh,Potato Leaf Disease Dataset/Bacterial Soft Rot/aug_0_9431.jpg,aug_0_9431.jpg,.jpg,11251,224,224,Bacterial Soft Rot,True,f9e4cb5140c166617a0184708f782dbec6dd4f5413fb5ff4d81695be8a27c872,9836dbed1491f40e,
potato_bangladesh,Potato Leaf Disease Dataset/Bacterial Soft Rot/orig_2.jpg,orig_2.jpg,.jpg,22525,224,224,Bacterial Soft Rot,False,2c005eb14d4e61d939d8aeab773b8c6078a066a7f1ca7838e4473435bf5e5791,92c64f365c23d754,
potato_bangladesh,Potato Leaf Disease Dataset/Bacterial Soft Rot/aug_0_1161.jpg,aug_0_1161.jpg,.jpg,18461,224,224,Bacterial Soft Rot,True,4c52c51c1a579a85e37ec704a1ae386a9d1f69ab9113cfbd1111e3198c791de4,94e2cc3d7321679a,
potato_bangladesh,Potato Leaf Disease Dataset/Bacterial Soft Rot/aug_0_5418.jpg,aug_0_5418.jpg,.jpg,13521,224,224,Bacterial Soft Rot,True,ace9171ebf2e7df4b9d4a03669fb795ce393dcc464bfb5ce688dd925610cc0c3,d97c8998369627b2,
potato_bangladesh,Potato Leaf Disease Dataset/Bacterial Soft Rot/aug_0_1086.jpg,aug_0_1086.jpg,.jpg,18815,224,224,Bacterial Soft Rot,True,738147857d39f4cf78d1d090d7519ec6b3247be166123e8d0548427a16bf1fad,89caf23cc3769589,
potato_bangladesh,Potato Leaf Disease Dataset/Bacterial Soft Rot/aug_0_398.jpg,aug_0_398.jpg,.jpg,13568,224,224,Bacterial Soft Rot,True,49508ef2d613b2e630536d8779fb5d7963568e710a5a00ff5ff081835328716c,c437fcc852794a1b,
potato_bangladesh,Potato Leaf Disease Dataset/Bacterial Soft Rot/aug_0_9243.jpg,aug_0_9243.jpg,.jpg,12515,224,224,Bacterial Soft Rot,True,607e231fafc14084821a9ff18b4ad3fb1bdcea0f446699e617e80d1abdd66c18,a2d8bf9ec111cba8,
potato_bangladesh,Potato Leaf Disease Dataset/Bacterial Soft Rot/aug_0_8140.jpg,aug_0_8140.jpg,.jpg,12300,224,224,Bacterial Soft Rot,True,c20c1651d68b2498cd9e04f88d39b2a05e39db25b7d60965c90ce1e41bb2b9cd,e5f063b492521e6b,
potato_bangladesh,Potato Leaf Disease Dataset/Bacterial Soft Rot/aug_0_7247.jpg,aug_0_7247.jpg,.jpg,14388,224,224,Bacterial Soft Rot,True,d57ef6b529a37e8c0cb79fb503d6aa26a052a7650d6a9bacbeaed0e7aadb388b,cc1e26149cd4dd75,
potato_bangladesh,Potato Leaf Disease Dataset/Bacterial Soft Rot/aug_0_392.jpg,aug_0_392.jpg,.jpg,11979,224,224,Bacterial Soft Rot,True,5b4d69f64f05600f1c38ecafab0b001cbf0197dc014874db40305cd5a4610469,9af0e898d264f5c9,
potato_bangladesh,Potato Leaf Disease Dataset/Bacterial Soft Rot/aug_0_5812.jpg,aug_0_5812.jpg,.jpg,12612,224,224,Bacterial Soft Rot,True,7eed8f82e1ce26d6d53ff90a3b8c9357a80387c8d9463d943545eb3c79ea6e9b,b769922c7bd1c306,
potato_bangladesh,Potato Leaf Disease Dataset/Bacterial Soft Rot/aug_0_7402.jpg,aug_0_7402.jpg,.jpg,19024,224,224,Bacterial Soft Rot,True,665fce353bca52fdd7ac07ce64a55274f0ab1deda789a49d0685689317df08cc,9f1361d8c093db17,
potato_bangladesh,Potato Leaf Disease Dataset/Bacterial Soft Rot/aug_0_9310.jpg,aug_0_9310.jpg,.jpg,11639,224,224,Bacterial Soft Rot,True,2e312c15bcd037acf74a7b836aef4afc83668db4dabaf836b7b8b1b3e741579d,d4a492db0f631aab,
potato_bangladesh,Potato Leaf Disease Dataset/Bacterial Soft Rot/aug_0_4050.jpg,aug_0_4050.jpg,.jpg,13788,224,224,Bacterial Soft Rot,True,d34e63c01e8c2feca6624ff30368ca179a072f6f15da21c16f5cdc43ee27718a,9361e3922e391cdb,
potato_bangladesh,Potato Leaf Disease Dataset/Bacterial Soft Rot/aug_0_9264.jpg,aug_0_9264.jpg,.jpg,12622,224,224,Bacterial Soft Rot,True,d1f20b8cdb4f4d7ef9fe0166db4bcb006571d2a8640a26e12123771cc6113022,a30ffccc3d316483,
potato_bangladesh,Potato Leaf Disease Dataset/Bacterial Soft Rot/aug_0_6821.jpg,aug_0_6821.jpg,.jpg,18429,224,224,Bacterial Soft Rot,True,91df4f2841f1512c5d3ba5adcb1a1e4aafaa11b143e40611e35287b9497859b1,9b0aca98f87654ab,
potato_bangladesh,Potato Leaf Disease Dataset/Bacterial Soft Rot/aug_0_8565.jpg,aug_0_8565.jpg,.jpg,12817,224,224,Bacterial Soft Rot,True,f7eb6f663fba40276bdccd640eefa2f53dcf12a86f898385e925d9d4c4325f97,d3794960970f9cd4,
potato_bangladesh,Potato Leaf Disease Dataset/Bacterial Soft Rot/aug_0_6953.jpg,aug_0_6953.jpg,.jpg,15165,224,224,Bacterial Soft Rot,True,064f501a5964a7488f34db795ed071254c4a6a448391975e434c7c4b4029b4e4,b770fade12182b26,
potato_bangladesh,Potato Leaf Disease Dataset/Bacterial Soft Rot/aug_0_1633.jpg,aug_0_1633.jpg,.jpg,15126,224,224,Bacterial Soft Rot,True,82f4702a8ac5992e774cdd55aba53f88516265a667fe66b8688a7e9237494fd5,94dc8dd852d06e67,
potato_bangladesh,Potato Leaf Disease Dataset/Bacterial Soft Rot/aug_0_1561.jpg,aug_0_1561.jpg,.jpg,15700,224,224,Bacterial Soft Rot,True,df2665fdaf580b805a8a5dca314e5c02b276079df46aecabd2f3957dddb6f538,e4a76a6bc257c528,
potato_bangladesh,Potato Leaf Disease Dataset/Bacterial Soft Rot/aug_0_2382.jpg,aug_0_2382.jpg,.jpg,17651,224,224,Bacterial Soft Rot,True,822109a589b950fb8dd237ac0541c5e0061d56114fb0fb1fde4e8a0c8652b767,dac6167515aaad58,
potato_bangladesh,Potato Leaf Disease Dataset/Bacterial Soft Rot/aug_0_8844.jpg,aug_0_8844.jpg,.jpg,19973,224,224,Bacterial Soft Rot,True,37b1b85c7ab3cb0c4641e63d74d34975785d43bdd18b1868dafafa5be819b2ff,da49d454119ceaf3,
potato_bangladesh,Potato Leaf Disease Dataset/Bacterial Soft Rot/aug_0_7680.jpg,aug_0_7680.jpg,.jpg,15263,224,224,Bacterial Soft Rot,True,aff7a99af47ec67b3c66bf9f49d81533c6e3a8b1816965ccc4f8a9ee06fcdfda,dde8f686070c9a4e,
potato_bangladesh,Potato Leaf Disease Dataset/Bacterial Soft Rot/aug_0_4333.jpg,aug_0_4333.jpg,.jpg,13984,224,224,Bacterial Soft Rot,True,e61542b58361bfde0bd93d1acfdd919cece521c6b68551e51a0754aafcfb53bd,c6e35030e15ed7b1,
potato_bangladesh,Potato Leaf Disease Dataset/Bacterial Soft Rot/aug_0_4617.jpg,aug_0_4617.jpg,.jpg,12638,224,224,Bacterial Soft Rot,True,b6626748b6c1db7c57fa811c79566f090188a0fd5b311d3ccc3ebd0a0cd4c49b,ce0e4a93a899d5f4,
potato_bangladesh,Potato Leaf Disease Dataset/Bacterial Soft Rot/aug_0_3484.jpg,aug_0_3484.jpg,.jpg,17906,224,224,Bacterial Soft Rot,True,5e31cf7eb747c3e3b3398fc6485e4eedcfc417731842454df8dd3e649b2800fc,b2e8c2649ccfa473,
potato_bangladesh,Potato Leaf Disease Dataset/Bacterial Soft Rot/aug_0_7754.jpg,aug_0_7754.jpg,.jpg,15549,224,224,Bacterial Soft Rot,True,c3c4588c1413cf989f75b2bf6ab0605a8b4b43c2202cb9cfded8a60063f19e9b,b101faf0dbd45893,
potato_bangladesh,Potato Leaf Disease Dataset/Bacterial Soft Rot/aug_0_3236.jpg,aug_0_3236.jpg,.jpg,14797,224,224,Bacterial Soft Rot,True,b8c9ea85707b45c1088462add772770784794ad143234b0e0ef5a5cbc9f5c359,992cc376a6c386ce,
potato_bangladesh,Potato Leaf Disease Dataset/Bacterial Soft Rot/aug_0_8013.jpg,aug_0_8013.jpg,.jpg,18293,224,224,Bacterial Soft Rot,True,0a09f4f7419ce59da9187c7c1446ac8202af10f5e986271b185b81a356459ed2,bcf8e43c0d2d89e8,
potato_bangladesh,Potato Leaf Disease Dataset/Bacterial Soft Rot/aug_0_6445.jpg,aug_0_6445.jpg,.jpg,12517,224,224,Bacterial Soft Rot,True,36b98da6d14e2d049ffaefd8eec2d1504f1654d7ddd414c0c0bcd35cc552cacc,842f9b3567c268ea,
potato_bangladesh,Potato Leaf Disease Dataset/Bacterial Soft Rot/aug_0_7074.jpg,aug_0_7074.jpg,.jpg,15283,224,224,Bacterial Soft Rot,True,f61944b1bb3e7c2c0641cc40282e779ddaa34ef02770e7ace9b9a5479b8b367a,ef9b8a75e0940f24,
potato_bangladesh,Potato Leaf Disease Dataset/Bacterial Soft Rot/aug_0_7475.jpg,aug_0_7475.jpg,.jpg,12754,224,224,Bacterial Soft Rot,True,7c6e6b9f3e911045c5991ac9f6a032dc5bd8713087324ba44e63d7bf489713ed,f48be8dab4259629,
potato_bangladesh,Potato Leaf Disease Dataset/Bacterial Soft Rot/aug_0_3229.jpg,aug_0_3229.jpg,.jpg,18263,224,224,Bacterial Soft Rot,True,04bb4b6283c61534e60176dc27e08b6161a2859d38b4e3c8f43e4dd759403a16,99b09b63138f662b,
potato_bangladesh,Potato Leaf Disease Dataset/Bacterial Soft Rot/aug_0_2435.jpg,aug_0_2435.jpg,.jpg,15120,224,224,Bacterial Soft Rot,True,65250c48782500642d591f6be53c60451bbc41bef5c62c50e3cb303826a7ca5d,a22c238f85b7b16b,
potato_bangladesh,Potato Leaf Disease Dataset/Bacterial Soft Rot/aug_0_9790.jpg,aug_0_9790.jpg,.jpg,11590,224,224,Bacterial Soft Rot,True,6199afd4aad07f9f7f7faca4ca66ec84297c698fd29bba89819716afbf5535f9,8c0c7790897ee337,
potato_bangladesh,Potato Leaf Disease Dataset/Bacterial Soft Rot/aug_0_9549.jpg,aug_0_9549.jpg,.jpg,18026,224,224,Bacterial Soft Rot,True,03f646a44b4f628f8b236abbb40a5915609da07d1c0a7ed72da49bd707720bec,cb93592ae4542be9,
potato_bangladesh,Potato Leaf Disease Dataset/Bacterial Soft Rot/aug_0_1719.jpg,aug_0_1719.jpg,.jpg,13811,224,224,Bacterial Soft Rot,True,6711b853ddefe04fd47c0faf76dcd1ede7d0b1680c32aceee629703903464164,e164dd798ec516c1,
potato_bangladesh,Potato Leaf Disease Dataset/Bacterial Soft Rot/aug_0_8214.jpg,aug_0_8214.jpg,.jpg,18011,224,224,Bacterial Soft Rot,True,2b612ebd9ae9283abc874dd4fcb9f5563c688395b587a14d752ae0565e02a113,a7865d631f6a053a,
potato_bangladesh,Potato Leaf Disease Dataset/Bacterial Soft Rot/aug_0_2926.jpg,aug_0_2926.jpg,.jpg,13727,224,224,Bacterial Soft Rot,True,1243c3f8a52ccb6307960493d3a201847c2187a446996a79108b8388a3ea77d3,9e6e9a3c39331931,
potato_bangladesh,Potato Leaf Disease Dataset/Bacterial Soft Rot/aug_0_7001.jpg,aug_0_7001.jpg,.jpg,11784,224,224,Bacterial Soft Rot,True,089dc5495bb351da1b9211406568adfdc3ff28b17af5d59a1323712a48b067b9,d25ecd9b31cec10a,
potato_bangladesh,Potato Leaf Disease Dataset/Bacterial Soft Rot/aug_0_633.jpg,aug_0_633.jpg,.jpg,12373,224,224,Bacterial Soft Rot,True,56aff79f1e852c638799da0159881d354dfd82a82f76d60b999861e5eed71858,915da96826a3d70f,
potato_bangladesh,Potato Leaf Disease Dataset/Bacterial Soft Rot/aug_0_5167.jpg,aug_0_5167.jpg,.jpg,12580,224,224,Bacterial Soft Rot,True,b39b92cd2c086bb937b8de22ca4a0fc5e8dfb4ae757bb1ebefce0fae4b042c8a,cf259c5261bd4969,
potato_bangladesh,Potato Leaf Disease Dataset/Bacterial Soft Rot/aug_0_7747.jpg,aug_0_7747.jpg,.jpg,14519,224,224,Bacterial Soft Rot,True,8de6cb0099a96b59549d684f7686217e5c8048ac1493d0e4f659a8f97683149b,9aa23ff1c4484dce,
potato_bangladesh,Potato Leaf Disease Dataset/Bacterial Soft Rot/aug_0_8902.jpg,aug_0_8902.jpg,.jpg,14055,224,224,Bacterial Soft Rot,True,d1b827d10ca70007ea647c5d185df9f3114c5cce540dfbec5c20355f1b5dbd03,b549c6662dbc926a,
potato_bangladesh,Potato Leaf Disease Dataset/Bacterial Soft Rot/aug_0_9342.jpg,aug_0_9342.jpg,.jpg,14555,224,224,Bacterial Soft Rot,True,093e71a408cce91280dc8b46376d65e69602f314c63cf5897c2a2a247afbbc93,8c17f2a0473c37cb,
potato_bangladesh,Potato Leaf Disease Dataset/Bacterial Soft Rot/aug_0_6107.jpg,aug_0_6107.jpg,.jpg,19606,224,224,Bacterial Soft Rot,True,b44aabdd51ec8523d80114b3cd234b7501aa64f482d5b9199a0336e45cd08d6d,b34e29d2e6e5c229,
potato_bangladesh,Potato Leaf Disease Dataset/Bacterial Soft Rot/aug_0_8274.jpg,aug_0_8274.jpg,.jpg,16001,224,224,Bacterial Soft Rot,True,16e194f863cde1bb56f616f33782a3ca47e383e9f7b412094238a4ed2c14fa12,c177342e9616927d,
potato_bangladesh,Potato Leaf Disease Dataset/Bacterial Soft Rot/aug_0_8386.jpg,aug_0_8386.jpg,.jpg,16211,224,224,Bacterial Soft Rot,True,796d9a87a94958e9228f22878c547addfb33a938af199639999edf710683f12c,8dbcca11c9ecd331,
potato_bangladesh,Potato Leaf Disease Dataset/Bacterial Soft Rot/aug_0_2111.jpg,aug_0_2111.jpg,.jpg,14199,224,224,Bacterial Soft Rot,True,ba1e65fb39475c9f5ee61112670ace754dadd3ad396f2f563400019fdc17f0d1,c5ebd543741c6cc1,
potato_bangladesh,Potato Leaf Disease Dataset/Bacterial Soft Rot/aug_0_7986.jpg,aug_0_7986.jpg,.jpg,17656,224,224,Bacterial Soft Rot,True,a3fb82ef28e460215ec7f6edd5cbc915b0ca73ba1aa4db0621903b0d375134aa,c40f8e5672e69ca5,
potato_bangladesh,Potato Leaf Disease Dataset/Bacterial Soft Rot/aug_0_3207.jpg,aug_0_3207.jpg,.jpg,14764,224,224,Bacterial Soft Rot,True,2e7c6ff37f3f1da0b160d98414f726821eae90ee48cbbbd7759627b831a682d3,f0afa03f48a45ea3,
potato_bangladesh,Potato Leaf Disease Dataset/Bacterial Soft Rot/aug_0_1618.jpg,aug_0_1618.jpg,.jpg,16473,224,224,Bacterial Soft Rot,True,8411602ffdaeb26ab0e79a185b5f7b9db0b2ef0e59f0453f056289d40f8a6932,8165e15fc648b4f9,
potato_bangladesh,Potato Leaf Disease Dataset/Bacterial Soft Rot/aug_0_3102.jpg,aug_0_3102.jpg,.jpg,12399,224,224,Bacterial Soft Rot,True,ac3b4b423ecf96886b0556e37c790fcd9ef53331b3e9bca56051a38c83bf741a,80889dc37116fadf,
potato_bangladesh,Potato Leaf Disease Dataset/Bacterial Soft Rot/aug_0_5986.jpg,aug_0_5986.jpg,.jpg,10821,224,224,Bacterial Soft Rot,True,6106ee5a52a3c16fa7634c0e01aedbdb0e83d92c2846f577af0aa9fc04ff146e,ee4970e38c1f582b,
potato_bangladesh,Potato Leaf Disease Dataset/Bacterial Soft Rot/aug_0_556.jpg,aug_0_556.jpg,.jpg,17747,224,224,Bacterial Soft Rot,True,f44112faef344d92ca65b131bd232f38d26fb9a3606ea0068e9d28df2e633d2c,ed4e6215320716df,
potato_bangladesh,Potato Leaf Disease Dataset/Bacterial Soft Rot/aug_0_4961.jpg,aug_0_4961.jpg,.jpg,14314,224,224,Bacterial Soft Rot,True,e9d590ab5b523c3a7da7689faa758567564f1106105d0cb36c94572459f8053b,b5754c894c67d722,
potato_bangladesh,Potato Leaf Disease Dataset/Bacterial Soft Rot/aug_0_4919.jpg,aug_0_4919.jpg,.jpg,11823,224,224,Bacterial Soft Rot,True,8f9f064fb968b9e628ae989387c9a8063e1b1e0ed2b503196e536738b8e98ed7,c8c33d3c130d27f3,
potato_bangladesh,Potato Leaf Disease Dataset/Bacterial Soft Rot/aug_0_8924.jpg,aug_0_8924.jpg,.jpg,13050,224,224,Bacterial Soft Rot,True,f04cfb6e710afbd32d2c6909acc9b08ee49a1fbbf68597022b20f0701aa50047,94c87493cc2ef19b,
potato_bangladesh,Potato Leaf Disease Dataset/Bacterial Soft Rot/aug_0_2256.jpg,aug_0_2256.jpg,.jpg,17747,224,224,Bacterial Soft Rot,True,e16c96e6eff5a3130eca5ddbd7125acbb9daeb38ba7dd9add726403f715ab292,c13aa95c62b4f4a7,
potato_bangladesh,Potato Leaf Disease Dataset/Bacterial Soft Rot/aug_0_2338.jpg,aug_0_2338.jpg,.jpg,17475,224,224,Bacterial Soft Rot,True,32b47f215501a781b90d77a35d89e855cf04b66088326114e6e7d9d3ea7e2eea,cc589098faf6370b,
potato_bangladesh,Potato Leaf Disease Dataset/Bacterial Soft Rot/aug_0_4817.jpg,aug_0_4817.jpg,.jpg,12688,224,224,Bacterial Soft Rot,True,dd8322a4b4f1af51f7c20060d9238fda38830e5918aa8a35d1257b09eac14163,d649896524de78ad,
potato_bangladesh,Potato Leaf Disease Dataset/Bacterial Soft Rot/aug_0_6092.jpg,aug_0_6092.jpg,.jpg,19638,224,224,Bacterial Soft Rot,True,1d9e5bec89edbc0286dffece2210aeff31f28e11d96aa54858fa14b2c315276a,a5fdc021c8fd1c39,
potato_bangladesh,Potato Leaf Disease Dataset/Bacterial Soft Rot/aug_0_8289.jpg,aug_0_8289.jpg,.jpg,18695,224,224,Bacterial Soft Rot,True,ed8fa60e6cd5c62f60a8560c611492526cf5356851e4526b6b251142b612b20e,d520bc536b66f4d0,
potato_bangladesh,Potato Leaf Disease Dataset/Bacterial Soft Rot/aug_0_4153.jpg,aug_0_4153.jpg,.jpg,12809,224,224,Bacterial Soft Rot,True,618df24590374130039ac5b6b4e6cafd343b384c9d2a1ba5a104b36d46b4fbaf,f2a48e246d9be18b,
potato_bangladesh,Potato Leaf Disease Dataset/Bacterial Soft Rot/aug_0_4646.jpg,aug_0_4646.jpg,.jpg,12172,224,224,Bacterial Soft Rot,True,58c2923336c7ff01a041fa5cbb4b75b97afd63dcc8b04c01de53263faebb6cb7,c2c0bd39fcc640fc,
potato_bangladesh,Potato Leaf Disease Dataset/Bacterial Soft Rot/aug_0_8490.jpg,aug_0_8490.jpg,.jpg,11210,224,224,Bacterial Soft Rot,True,a30e02efaf8dc3ff55d6f5fbf8797c9993fa4ed1821f59b6ad12f77923bcb44e,e9ce633952a15749,
potato_bangladesh,Potato Leaf Disease Dataset/Bacterial Soft Rot/aug_0_8024.jpg,aug_0_8024.jpg,.jpg,12858,224,224,Bacterial Soft Rot,True,84e8bdc6429b03f4101d9baf128fa1f30b25c7d5fe0a4b37c563ac849ee38c36,93849cae36f888ee,
potato_bangladesh,Potato Leaf Disease Dataset/Bacterial Soft Rot/aug_0_858.jpg,aug_0_858.jpg,.jpg,19826,224,224,Bacterial Soft Rot,True,4ec9a86befbc698782315e1019625c2783fa5c8088decfbe044792d817cc6747,9a138595bd28a9cf,
potato_bangladesh,Potato Leaf Disease Dataset/Bacterial Soft Rot/aug_0_5726.jpg,aug_0_5726.jpg,.jpg,14404,224,224,Bacterial Soft Rot,True,b79f2dfd6f655eeeecf6038f07b28bee24bfeff51e9674d2867ddfd62d1b0f6f,9d53736bc1f10c38,
potato_bangladesh,Potato Leaf Disease Dataset/Bacterial Soft Rot/aug_0_2185.jpg,aug_0_2185.jpg,.jpg,15687,224,224,Bacterial Soft Rot,True,7a735acb4ecea7ba042a9a82e0d63afb8c8621ffb8c9e2cd69da201d544cdfe7,984fc09df8d334a6,
potato_bangladesh,Potato Leaf Disease Dataset/Bacterial Soft Rot/aug_0_5930.jpg,aug_0_5930.jpg,.jpg,18532,224,224,Bacterial Soft Rot,True,3193791c47a140ca6cb0fc99dffee3489249a65a5b174378532003e3a4604e44,b54b6950da15754d,
potato_bangladesh,Potato Leaf Disease Dataset/Bacterial Soft Rot/aug_0_4571.jpg,aug_0_4571.jpg,.jpg,11466,224,224,Bacterial Soft Rot,True,465d85e9248f85439738971a5a54b83cd0add0c3a4a66a21e9b7984b890bb5c5,dda592d8cb23614e,
potato_bangladesh,Potato Leaf Disease Dataset/Bacterial Soft Rot/aug_0_4498.jpg,aug_0_4498.jpg,.jpg,14092,224,224,Bacterial Soft Rot,True,ca8363b5058c868ec6c415e6bed436c745231d2a08f968a8c78a2206ca0b8faf,f03d64a5cd6e3885,
potato_bangladesh,Potato Leaf Disease Dataset/Bacterial Soft Rot/aug_0_7799.jpg,aug_0_7799.jpg,.jpg,15169,224,224,Bacterial Soft Rot,True,f76de3ed81bab03d31766a723c65508ea42dd75f97d5c641b42fa1dbeee9d8a8,fa496295b48fce42,
potato_bangladesh,Potato Leaf Disease Dataset/Bacterial Soft Rot/aug_0_3786.jpg,aug_0_3786.jpg,.jpg,15946,224,224,Bacterial Soft Rot,True,b168a1ad07bc3bd2ff9a35c5e9aa972f0b17d3ed635f9f4d5309297c82bb329b,f0efa0377aa1582c,
potato_bangladesh,Potato Leaf Disease Dataset/Bacterial Soft Rot/aug_0_6347.jpg,aug_0_6347.jpg,.jpg,16313,224,224,Bacterial Soft Rot,True,206f349e29db7dee294731f24960a6773829bbac1afb6f7fe819388dcca433e2,ff67741881c1f1c1,
potato_bangladesh,Potato Leaf Disease Dataset/Bacterial Soft Rot/aug_0_8322.jpg,aug_0_8322.jpg,.jpg,19869,224,224,Bacterial Soft Rot,True,037356bd10fe2186cc1263b1b18dec95ebb3302806280c7fd418164fa5dd6230,b64c09c6cfcdd225,
potato_bangladesh,Potato Leaf Disease Dataset/Bacterial Soft Rot/aug_0_8642.jpg,aug_0_8642.jpg,.jpg,15463,224,224,Bacterial Soft Rot,True,90db3334009d1f3ab662c191f6b31f25abf1c8f2c9d2ad7d5d1d937220773a38,cce7d43286a2e366,
potato_bangladesh,Potato Leaf Disease Dataset/Bacterial Soft Rot/aug_0_6213.jpg,aug_0_6213.jpg,.jpg,11638,224,224,Bacterial Soft Rot,True,259ce3f0e585e2947e0f7be7fabbec631d5026497c94869b7eb513792cff4c1b,8c6d33970f4b8761,
potato_bangladesh,Potato Leaf Disease Dataset/Bacterial Soft Rot/aug_0_9040.jpg,aug_0_9040.jpg,.jpg,14387,224,224,Bacterial Soft Rot,True,b009606508746c8a4801976cc8b65cb76e578c083a2cfc2aa5b39b3fcbc811ea,970a62649f9037f6,
potato_bangladesh,Potato Leaf Disease Dataset/Bacterial Soft Rot/aug_0_917.jpg,aug_0_917.jpg,.jpg,11118,224,224,Bacterial Soft Rot,True,c9182ef8ee64a384d01fe42d5dbd3a7dff611ff88253205f1bac1b83fd5367f2,d2e6cd93186b6686,
potato_bangladesh,Potato Leaf Disease Dataset/Bacterial Soft Rot/aug_0_9048.jpg,aug_0_9048.jpg,.jpg,13072,224,224,Bacterial Soft Rot,True,a906fefd8a8aefb596b0cbf8075b67a5faca91d7236ab844e09799a31281733b,8523efd3661c0d1e,
potato_bangladesh,Potato Leaf Disease Dataset/Bacterial Soft Rot/aug_0_1640.jpg,aug_0_1640.jpg,.jpg,18532,224,224,Bacterial Soft Rot,True,8124179b4d32c60a0ea798275a4c185afe4b9f1ff75a42f48cd9b665f4e05106,c6915ba1cd10bfe2,
potato_bangladesh,Potato Leaf Disease Dataset/Bacterial Soft Rot/aug_0_5431.jpg,aug_0_5431.jpg,.jpg,12098,224,224,Bacterial Soft Rot,True,fef24f62f4cb6ac4588817861b8c4354d9f10e1fa0012707bdd8007788b45675,9a608f1f708f29e3,
potato_bangladesh,Potato Leaf Disease Dataset/Bacterial Soft Rot/aug_0_8912.jpg,aug_0_8912.jpg,.jpg,19787,224,224,Bacterial Soft Rot,True,c0a3f0e0d15f8baccb1c9844e356f7ba3510de09d2fbfc8086771ddd48b6ba2e,d4c81797266b9dd0,
potato_bangladesh,Potato Leaf Disease Dataset/Bacterial Soft Rot/aug_0_3787.jpg,aug_0_3787.jpg,.jpg,18666,224,224,Bacterial Soft Rot,True,733fac228674a671699c05fecd66b5d9221c009f6628d9a1b988a62ed897bc64,a815ccdad48c778b,
potato_bangladesh,Potato Leaf Disease Dataset/Bacterial Soft Rot/aug_0_8758.jpg,aug_0_8758.jpg,.jpg,18207,224,224,Bacterial Soft Rot,True,28bade633ecd749ef3f594effa142ac307edcc31be08789ddfcd2738a0eb561d,f6850c2bec2b7e82,
potato_bangladesh,Potato Leaf Disease Dataset/Bacterial Soft Rot/aug_0_6293.jpg,aug_0_6293.jpg,.jpg,14521,224,224,Bacterial Soft Rot,True,2f202be0a00bc80ebf2edac759b4a158e69912557bc9416340458604b74916c3,951b78acd1782cc7,
potato_bangladesh,Potato Leaf Disease Dataset/Bacterial Soft Rot/aug_0_915.jpg,aug_0_915.jpg,.jpg,12352,224,224,Bacterial Soft Rot,True,19d505aeb0b513f580e83bb948f62ea78f6c3cddae93c661fb30c156a7b0fcf7,d9e128689c33de93,
potato_bangladesh,Potato Leaf Disease Dataset/Bacterial Soft Rot/aug_0_5691.jpg,aug_0_5691.jpg,.jpg,18763,224,224,Bacterial Soft Rot,True,6169859505a187b837fe52296fba1630cabd804e0031cbfc53aa93cd87cc2822,9e1fb592414c43be,
potato_bangladesh,Potato Leaf Disease Dataset/Bacterial Soft Rot/aug_0_7920.jpg,aug_0_7920.jpg,.jpg,14320,224,224,Bacterial Soft Rot,True,1fc75600cc481b5b29fb7f99893952bff0646e626e199fd60d7649e19027ee49,b915f7a99c8c0a1b,
potato_bangladesh,Potato Leaf Disease Dataset/Bacterial Soft Rot/orig_6.jpg,orig_6.jpg,.jpg,14871,224,224,Bacterial Soft Rot,False,c5494dc75f7599255866643bd39a847a76bf6e6c65cc4d5322a0a68ecf1f4cad,917db871fa3886b0,
potato_bangladesh,Potato Leaf Disease Dataset/Bacterial Soft Rot/aug_0_7078.jpg,aug_0_7078.jpg,.jpg,14882,224,224,Bacterial Soft Rot,True,4747bcd9277b99a31c15a1d97bc73dd98649f8bbe25c4fd68636990e438ed784,9b0c4f5ab19aaaf0,
potato_bangladesh,Potato Leaf Disease Dataset/Bacterial Soft Rot/aug_0_6593.jpg,aug_0_6593.jpg,.jpg,11208,224,224,Bacterial Soft Rot,True,27cac589bc08f689450f8f1c044b602c1f4e090a6cb0786d9795be7ec9b45bca,d930e5e12f2d4b38,
potato_bangladesh,Potato Leaf Disease Dataset/Bacterial Soft Rot/aug_0_4916.jpg,aug_0_4916.jpg,.jpg,14683,224,224,Bacterial Soft Rot,True,2569092d6c3d054ba57263668f34fbcfff1047b56fa88c653b273acb2a76d59c,b1fd85cc1293d25a,
potato_bangladesh,Potato Leaf Disease Dataset/Bacterial Soft Rot/aug_0_9662.jpg,aug_0_9662.jpg,.jpg,18186,224,224,Bacterial Soft Rot,True,ab2496ba595895907399f37234f9ab48fa9ab6585e9bf6f26a2a18c5820834a8,b74a09d0b974e9a6,
potato_bangladesh,Potato Leaf Disease Dataset/Bacterial Soft Rot/aug_0_8804.jpg,aug_0_8804.jpg,.jpg,12732,224,224,Bacterial Soft Rot,True,00d0a62802cf387d1add4801e5523342cf371a454462d69338a8f3630427787a,c7ced6b561204bca,
potato_bangladesh,Potato Leaf Disease Dataset/Bacterial Soft Rot/aug_0_7375.jpg,aug_0_7375.jpg,.jpg,14835,224,224,Bacterial Soft Rot,True,6dfd1eb6ef8670ef4d8aad00caef563cccec2b23ac67a394df3677288452c2b7,ca0e7512f13672d9,
potato_bangladesh,Potato Leaf Disease Dataset/Bacterial Soft Rot/aug_0_8611.jpg,aug_0_8611.jpg,.jpg,11975,224,224,Bacterial Soft Rot,True,736a5794592a122e53b5391dbde02f002a41869fb6141b33900a6f77ccb79095,8c9eb14d6096fe23,
potato_bangladesh,Potato Leaf Disease Dataset/Bacterial Soft Rot/aug_0_7651.jpg,aug_0_7651.jpg,.jpg,12334,224,224,Bacterial Soft Rot,True,d78a9e14416f739712640498b33e55cf867a77222ce7dc52c50953bda58aeb2e,9247b91c8af9c3cc,
potato_bangladesh,Potato Leaf Disease Dataset/Bacterial Soft Rot/aug_0_9300.jpg,aug_0_9300.jpg,.jpg,19532,224,224,Bacterial Soft Rot,True,8b963fbab563362ede9d332fb1c06364fa7ae65a9e3b2f97eb03e99cef4b1326,cf16494cd83b98a7,
potato_bangladesh,Potato Leaf Disease Dataset/Bacterial Soft Rot/aug_0_1955.jpg,aug_0_1955.jpg,.jpg,18663,224,224,Bacterial Soft Rot,True,a76a390877b5c143bc54a75d5e22fcfbdb257ba691e2a4eebe77ec253cb887b5,b31ede1a270027cf,
potato_bangladesh,Potato Leaf Disease Dataset/Bacterial Soft Rot/aug_0_1887.jpg,aug_0_1887.jpg,.jpg,13334,224,224,Bacterial Soft Rot,True,64a8ac284271959254d03af9d73b7d00264f4a5c7ca58b1e0c7123d713e53b83,90688b822f79f4fa,
potato_bangladesh,Potato Leaf Disease Dataset/Bacterial Soft Rot/aug_0_1523.jpg,aug_0_1523.jpg,.jpg,14742,224,224,Bacterial Soft Rot,True,7929bebf1a1c83898c73743aaa095cbf205b8bdf6959c1b013d7a84902c615ca,87e15b1b463326e5,
potato_bangladesh,Potato Leaf Disease Dataset/Bacterial Soft Rot/aug_0_2646.jpg,aug_0_2646.jpg,.jpg,11345,224,224,Bacterial Soft Rot,True,0e8e360456b6ef1e588e8a874387b11af028ab3ca5cf72c89e722e9549984946,b0870f724dcfd4a8,
potato_bangladesh,Potato Leaf Disease Dataset/Bacterial Soft Rot/aug_0_6780.jpg,aug_0_6780.jpg,.jpg,19820,224,224,Bacterial Soft Rot,True,a7f8792890398b06d7608d15a54f4752f55689bf2bc3bc031ce74d8c93e35ce9,ee157d6c8324196d,
potato_bangladesh,Potato Leaf Disease Dataset/Bacterial Soft Rot/aug_0_6465.jpg,aug_0_6465.jpg,.jpg,17628,224,224,Bacterial Soft Rot,True,aa667c49aa8f411b036c6bbee03a02b53a443c703088d406b162c69719198834,8f4eac3df2c50331,
potato_bangladesh,Potato Leaf Disease Dataset/Bacterial Soft Rot/aug_0_764.jpg,aug_0_764.jpg,.jpg,11903,224,224,Bacterial Soft Rot,True,2b6d38d7426abea168c1c754f08ae656a7637688cf9739f39d244bae1c379a8f,8629c83ce5b66e36,
potato_bangladesh,Potato Leaf Disease Dataset/Bacterial Soft Rot/aug_0_337.jpg,aug_0_337.jpg,.jpg,12273,224,224,Bacterial Soft Rot,True,b15a3c3be1d2b3883365f4737067c2f29caf692343e1f8e3c0f03d7ca5a1a72d,d3831d953a687173,
potato_bangladesh,Potato Leaf Disease Dataset/Bacterial Soft Rot/aug_0_9677.jpg,aug_0_9677.jpg,.jpg,13754,224,224,Bacterial Soft Rot,True,34deda4ef30838839438b6b9e7b061d9767e0cdb3feaec314999ed616a0b8c1d,cc15339cf263b487,
potato_bangladesh,Potato Leaf Disease Dataset/Bacterial Soft Rot/aug_0_9328.jpg,aug_0_9328.jpg,.jpg,17455,224,224,Bacterial Soft Rot,True,3938d054045138ee3b20d5b4ec9d8b491ea9c65bb6c34725d35ddf8347eb4013,f0991bf98c522be4,
potato_bangladesh,Potato Leaf Disease Dataset/Bacterial Soft Rot/aug_0_1667.jpg,aug_0_1667.jpg,.jpg,17391,224,224,Bacterial Soft Rot,True,28841ca9b03ed7c4e7c4c1ade93c8497161368ef60bbb3a4356a71f5c23a24d9,f82ccc686350ab6f,
potato_bangladesh,Potato Leaf Disease Dataset/Bacterial Soft Rot/aug_0_2792.jpg,aug_0_2792.jpg,.jpg,19559,224,224,Bacterial Soft Rot,True,0435af1d5717aca9f048addb984581670a28034f8540bbadb375e682503d0928,bbb028978b19ea56,
potato_bangladesh,Potato Leaf Disease Dataset/Bacterial Soft Rot/aug_0_7574.jpg,aug_0_7574.jpg,.jpg,15136,224,224,Bacterial Soft Rot,True,3242c9885ab09cc096bcf0f182026078b3a633f04dcfd7049c916468ba31e0cc,efa2114b8cb9554e,
potato_bangladesh,Potato Leaf Disease Dataset/Bacterial Soft Rot/aug_0_5041.jpg,aug_0_5041.jpg,.jpg,12704,224,224,Bacterial Soft Rot,True,d83f61563d9ff8acf835f9213a155933329a7c7ab8edce82317574cbd1c8b63d,93b4fa2f99032c1b,
potato_bangladesh,Potato Leaf Disease Dataset/Bacterial Soft Rot/aug_0_8641.jpg,aug_0_8641.jpg,.jpg,11674,224,224,Bacterial Soft Rot,True,3f2ee65803473f40bb6ddb350db6993f99bce85bcbda84d050bab6f5ac9bf3fb,914cc793b1d31cad,
potato_bangladesh,Potato Leaf Disease Dataset/Bacterial Soft Rot/aug_0_3041.jpg,aug_0_3041.jpg,.jpg,15617,224,224,Bacterial Soft Rot,True,22d2bf865d5fcdaea5e64c7650adcbd501a52a216519f4f6ac28fade378319ed,99aba7a62165ca2e,
potato_bangladesh,Potato Leaf Disease Dataset/Bacterial Soft Rot/aug_0_9900.jpg,aug_0_9900.jpg,.jpg,12443,224,224,Bacterial Soft Rot,True,0c4dc9a0077047ccf9693d5bcd7c8b4f16210fd265684b1d424c2d50a67a355c,933f9d23878100ff,
potato_bangladesh,Potato Leaf Disease Dataset/Bacterial Soft Rot/aug_0_5426.jpg,aug_0_5426.jpg,.jpg,19029,224,224,Bacterial Soft Rot,True,beee6a070117ea75b26d19b8e7cb1e05d82d5ddfc1ff9ba5c382fc0a8fc28848,803ef4f8696fa909,
potato_bangladesh,Potato Leaf Disease Dataset/Bacterial Soft Rot/aug_0_308.jpg,aug_0_308.jpg,.jpg,18437,224,224,Bacterial Soft Rot,True,4d75acd2c21df22ae4a0f328c37b9c2198c3a3897d3bcd26b8bcf28abb2561b9,a92a37632db87256,
potato_bangladesh,Potato Leaf Disease Dataset/Bacterial Soft Rot/aug_0_1856.jpg,aug_0_1856.jpg,.jpg,13510,224,224,Bacterial Soft Rot,True,8db32a8ab01dd3e365995125be18d3fd57c04335cb12bc46573ce94ea1b4b1d5,99f22d09b33d5689,
potato_bangladesh,Potato Leaf Disease Dataset/Bacterial Soft Rot/aug_0_681.jpg,aug_0_681.jpg,.jpg,11664,224,224,Bacterial Soft Rot,True,a5fd1913e9fd22dc3cc6a61b56e6b1102e9037d7271ca4aacbc1f54f1b1372c1,ced894a9675f5a04,
potato_bangladesh,Potato Leaf Disease Dataset/Bacterial Soft Rot/aug_0_1688.jpg,aug_0_1688.jpg,.jpg,11406,224,224,Bacterial Soft Rot,True,6cb01d3ab95a30d290e14a1730046a52b043509552b9c1c4c8e50fb482ae73b1,8fe7cc195165bb02,
potato_bangladesh,Potato Leaf Disease Dataset/Bacterial Soft Rot/aug_0_2115.jpg,aug_0_2115.jpg,.jpg,17804,224,224,Bacterial Soft Rot,True,f3e2546d60ccfaa3c0767605265d1c2e44deab1a69d49249a68bc8c4345f36c3,b3b3a406f29eaca1,
potato_bangladesh,Potato Leaf Disease Dataset/Bacterial Soft Rot/aug_0_3444.jpg,aug_0_3444.jpg,.jpg,18392,224,224,Bacterial Soft Rot,True,718329de06c7f6966500152fa0552ce269b7f59437d2400f26bbec40e0d31db8,9d39e0f164e0b92e,
potato_bangladesh,Potato Leaf Disease Dataset/Bacterial Soft Rot/aug_0_9638.jpg,aug_0_9638.jpg,.jpg,14133,224,224,Bacterial Soft Rot,True,4f3701997740cc01e8f8f48c0ddb33f3972244756cd2e6315c3e40c6fd8cf264,953560a9dbe166f0,
potato_bangladesh,Potato Leaf Disease Dataset/Bacterial Soft Rot/aug_0_6610.jpg,aug_0_6610.jpg,.jpg,12283,224,224,Bacterial Soft Rot,True,0ac05c9da8f099e9cd29101b26f9f89f3584484de8376e266e2e64831a7665bf,9a296cb3c2564f9c,
potato_bangladesh,Potato Leaf Disease Dataset/Bacterial Soft Rot/aug_0_2377.jpg,aug_0_2377.jpg,.jpg,19164,224,224,Bacterial Soft Rot,True,4acc30d945a90a01763ae7b6b61104cb6dfedbe7f874b5cc116511508366ccec,ca96b55b334ae885,
potato_bangladesh,Potato Leaf Disease Dataset/Bacterial Soft Rot/aug_0_6903.jpg,aug_0_6903.jpg,.jpg,13196,224,224,Bacterial Soft Rot,True,c8c20f64153c79eebbcd188d74b849eaf927879623ff401c7989135630a9bcb9,c192bd63acd983e4,
potato_bangladesh,Potato Leaf Disease Dataset/Bacterial Soft Rot/aug_0_9939.jpg,aug_0_9939.jpg,.jpg,14822,224,224,Bacterial Soft Rot,True,895935bf8efe4d328034d98f5bdd155d3c16416a6c48dd817cab11fb37abb7a5,b84ae5e02d9e9b54,
potato_bangladesh,Potato Leaf Disease Dataset/Bacterial Soft Rot/aug_0_4235.jpg,aug_0_4235.jpg,.jpg,17868,224,224,Bacterial Soft Rot,True,982455470038d11fe8c8cc7ddfba754794b4ecb7dc03357dfab0ad2b7ef9c80b,93cb1363e70328f3,
potato_bangladesh,Potato Leaf Disease Dataset/Bacterial Soft Rot/aug_0_4530.jpg,aug_0_4530.jpg,.jpg,12562,224,224,Bacterial Soft Rot,True,69e7e394f4ae32854cb83b9cb2b32799795dfffcc4f3602d1514c7d1f1b7c281,92989fc377071b51,
potato_bangladesh,Potato Leaf Disease Dataset/Bacterial Soft Rot/aug_0_3534.jpg,aug_0_3534.jpg,.jpg,14806,224,224,Bacterial Soft Rot,True,9bdf3e044ed93132c17cb99714ad4c77da9513e7a09ea1e4b8086be71a009431,c0daaaf8a285e2f6,
potato_bangladesh,Potato Leaf Disease Dataset/Bacterial Soft Rot/aug_0_1802.jpg,aug_0_1802.jpg,.jpg,12050,224,224,Bacterial Soft Rot,True,e0a5bfb0e75116d875ec4deee95dda9699d03aad71d9868927024d2bb86a5894,a42b74e3cece062e,
potato_bangladesh,Potato Leaf Disease Dataset/Bacterial Soft Rot/aug_0_4624.jpg,aug_0_4624.jpg,.jpg,18463,224,224,Bacterial Soft Rot,True,a391f3ec234e62a57292265bf7dc8caf92bc321d024f54be5c51739f236867a0,e48c24a4b1e7acb7,
potato_bangladesh,Potato Leaf Disease Dataset/Bacterial Soft Rot/aug_0_6179.jpg,aug_0_6179.jpg,.jpg,15759,224,224,Bacterial Soft Rot,True,6f39413a8457114a7960b7fcc9ac69aafe6ef253a6b7e27bd57d4902a12fc464,cf17b32e1380dc2e,
potato_bangladesh,Potato Leaf Disease Dataset/Bacterial Soft Rot/aug_0_1277.jpg,aug_0_1277.jpg,.jpg,15343,224,224,Bacterial Soft Rot,True,ad1db7dcbc31be9ce5cd29e352a92d923430418a900a6fd7acb14968d17acba2,ecbeb3a30b1b4a22,
potato_bangladesh,Potato Leaf Disease Dataset/Bacterial Soft Rot/aug_0_8329.jpg,aug_0_8329.jpg,.jpg,12872,224,224,Bacterial Soft Rot,True,1a30c457e38c0e4e7ecfb25e05d9d1d59a8943f9f2c43bfd7dea9cbe695bf265,9778b79322b098ec,
potato_bangladesh,Potato Leaf Disease Dataset/Bacterial Soft Rot/aug_0_9124.jpg,aug_0_9124.jpg,.jpg,11513,224,224,Bacterial Soft Rot,True,5c5a018bdd6d39ce293f9607397b38749d772faad8707f3d19236ec72887c904,a30c2a32e2cfdeb2,
potato_bangladesh,Potato Leaf Disease Dataset/Bacterial Soft Rot/aug_0_4274.jpg,aug_0_4274.jpg,.jpg,11689,224,224,Bacterial Soft Rot,True,f969c431e255a20aad7e5936d18f378942cffa1a8126cd2f5e520d482e86da92,cad13d3c58c472f8,
potato_bangladesh,Potato Leaf Disease Dataset/Bacterial Soft Rot/aug_0_3378.jpg,aug_0_3378.jpg,.jpg,15441,224,224,Bacterial Soft Rot,True,3f536d3cf675e1be7ee6f607b852bdfdd6efb3244d8467ccd5b1b1f3737e49a8,92325cdac2bcb476,
potato_bangladesh,Potato Leaf Disease Dataset/Bacterial Soft Rot/aug_0_1983.jpg,aug_0_1983.jpg,.jpg,14809,224,224,Bacterial Soft Rot,True,d4e5e6b1697af922be8a067f45d37e788ff082dc2c71f116653a133afdc89630,93358584de22e3be,
potato_bangladesh,Potato Leaf Disease Dataset/Bacterial Soft Rot/aug_0_1743.jpg,aug_0_1743.jpg,.jpg,13556,224,224,Bacterial Soft Rot,True,582fcb140ceb5e469231007c07a603c7a6e6f1ee14bd93efcfccbc05540d9dc1,c73179dee020aba3,
potato_bangladesh,Potato Leaf Disease Dataset/Bacterial Soft Rot/aug_0_9371.jpg,aug_0_9371.jpg,.jpg,18093,224,224,Bacterial Soft Rot,True,8ba474514cf09e94686537207e99bf14e4df82bfee3f34b00258a22573178972,e64be2870b1bc4e3,
potato_bangladesh,Potato Leaf Disease Dataset/Bacterial Soft Rot/aug_0_1443.jpg,aug_0_1443.jpg,.jpg,19746,224,224,Bacterial Soft Rot,True,2fcd02ef17db00440c27f61834ee5a23b639223d94356204a396d4a694e7fea7,b418dbccfa252b13,
potato_bangladesh,Potato Leaf Disease Dataset/Bacterial Soft Rot/aug_0_7407.jpg,aug_0_7407.jpg,.jpg,17935,224,224,Bacterial Soft Rot,True,a4055e903700f5939e29035264d5eeb13db9410596e7a7fba3320d00311a7214,d1adf9dc3617c401,
potato_bangladesh,Potato Leaf Disease Dataset/Bacterial Soft Rot/aug_0_3476.jpg,aug_0_3476.jpg,.jpg,15326,224,224,Bacterial Soft Rot,True,5f3714188ffb19ef5b2ea8210dbbfc315628a08582e517ae28777155db968bb9,c8059a4c73f34ade,
potato_bangladesh,Potato Leaf Disease Dataset/Bacterial Soft Rot/aug_0_4956.jpg,aug_0_4956.jpg,.jpg,14996,224,224,Bacterial Soft Rot,True,3ce33a1f65e0e693ef221a9fa23b7fdc8a040827f5e4eaf500d2093b3de10706,99c4e34a2a8acef9,
potato_bangladesh,Potato Leaf Disease Dataset/Bacterial Soft Rot/aug_0_6852.jpg,aug_0_6852.jpg,.jpg,12538,224,224,Bacterial Soft Rot,True,31e40054d2d27df68457df822a0d003eb309952c881cf61b5382195a62c54b53,924f1f3a66d803e6,
potato_bangladesh,Potato Leaf Disease Dataset/Bacterial Soft Rot/aug_0_3555.jpg,aug_0_3555.jpg,.jpg,12204,224,224,Bacterial Soft Rot,True,fdafc40b0ab8518a2e0fb0b3764304c7e440f89b74d2a7d632329ce8bf9f6edd,91a70f635add5035,
potato_bangladesh,Potato Leaf Disease Dataset/Bacterial Soft Rot/aug_0_37.jpg,aug_0_37.jpg,.jpg,12757,224,224,Bacterial Soft Rot,True,522e72a4e19872208841ae22b9af825f76968acd2a6afd267be566f736d5f782,c4f24abc651c9567,
potato_bangladesh,Potato Leaf Disease Dataset/Bacterial Soft Rot/aug_0_1505.jpg,aug_0_1505.jpg,.jpg,11472,224,224,Bacterial Soft Rot,True,b4a2adf280a9fa448d3a95b70c5dbc5a68ef8d7b235b013fd20f1529e000b8d4,cb46ccb1aa4354bd,
potato_bangladesh,Potato Leaf Disease Dataset/Bacterial Soft Rot/aug_0_70.jpg,aug_0_70.jpg,.jpg,11573,224,224,Bacterial Soft Rot,True,64a146df5ccc6a2a3a82b4a66ca1509be649620eed219bf51751446960e6abc4,863c18ebd9c16367,
potato_bangladesh,Potato Leaf Disease Dataset/Bacterial Soft Rot/aug_0_8674.jpg,aug_0_8674.jpg,.jpg,12863,224,224,Bacterial Soft Rot,True,4e7b6d12094d28f7490a100a7fd78b66eb971798cfe939a5c9186b5897881f32,8c05f3c167f106ed,
potato_bangladesh,Potato Leaf Disease Dataset/Bacterial Soft Rot/aug_0_4304.jpg,aug_0_4304.jpg,.jpg,17779,224,224,Bacterial Soft Rot,True,d174c85321083605d13892fab21f97f8811f159832520236b545af07a92d546d,c262d7c9dd5068ec,
potato_bangladesh,Potato Leaf Disease Dataset/Bacterial Soft Rot/aug_0_6143.jpg,aug_0_6143.jpg,.jpg,14672,224,224,Bacterial Soft Rot,True,73564a7bc61930f8ca83d0cb92c548eb0d7a69abeb1eea5453d0e41598ede967,859a4b7caf2c1e07,
potato_bangladesh,Potato Leaf Disease Dataset/Bacterial Soft Rot/aug_0_714.jpg,aug_0_714.jpg,.jpg,19374,224,224,Bacterial Soft Rot,True,154b7b8d9db522210df2bcdcfc127549b191de539bed7c770590631f2949bab0,daac995f6212aa95,
potato_bangladesh,Potato Leaf Disease Dataset/Bacterial Soft Rot/aug_0_2146.jpg,aug_0_2146.jpg,.jpg,15344,224,224,Bacterial Soft Rot,True,924dbf0a4649654c65ee4fabd577ccfac3098164b24ce55e05b001f28487cbec,d93615c2bdcd15c4,
potato_bangladesh,Potato Leaf Disease Dataset/Bacterial Soft Rot/aug_0_9183.jpg,aug_0_9183.jpg,.jpg,17658,224,224,Bacterial Soft Rot,True,087199501c1f4f4728d5ba09561a15688ebf5500d0244bdba8106f64f3772ba0,f1247ccf9d941c07,
potato_bangladesh,Potato Leaf Disease Dataset/Bacterial Soft Rot/aug_0_5462.jpg,aug_0_5462.jpg,.jpg,12004,224,224,Bacterial Soft Rot,True,0ff269c99e4e9317ccc27c7eb81d3a8eb211003730f422c9aec993ac7062c3bf,838f9ef080b619e7,
potato_bangladesh,Potato Leaf Disease Dataset/Bacterial Soft Rot/orig_4.jpg,orig_4.jpg,.jpg,18000,224,224,Bacterial Soft Rot,False,1efdf29d7493c8e86ee9ffde7d8793116fa5a14b02a251a3b3862cb3d51564ec,b4e5e6728c565866,
potato_bangladesh,Potato Leaf Disease Dataset/Bacterial Soft Rot/aug_0_3111.jpg,aug_0_3111.jpg,.jpg,14722,224,224,Bacterial Soft Rot,True,9f94ad979ce1a5f159c4f9edeb8773c7d00d87eaed91641d4882cc437e5442fd,cf7b189108da716d,
potato_bangladesh,Potato Leaf Disease Dataset/Bacterial Soft Rot/aug_0_6438.jpg,aug_0_6438.jpg,.jpg,11847,224,224,Bacterial Soft Rot,True,990ea7312cc5c18e1baae3a87341f680596f864933860c772cfdfe9e75b4857a,9d738490bfeb3428,
potato_bangladesh,Potato Leaf Disease Dataset/Bacterial Soft Rot/aug_0_7011.jpg,aug_0_7011.jpg,.jpg,18839,224,224,Bacterial Soft Rot,True,fe36208649289600aa9ed45b6cc5ce0dbab97bb15054cfe90602a5c3d822a9f9,a63b69173bc2b434,
potato_bangladesh,Potato Leaf Disease Dataset/Bacterial Soft Rot/aug_0_9177.jpg,aug_0_9177.jpg,.jpg,14806,224,224,Bacterial Soft Rot,True,36538476a1a6ab204947e1892bcb887353c1160aa104481ddd907306ac671d17,a162f0da7633683d,
potato_bangladesh,Potato Leaf Disease Dataset/Bacterial Soft Rot/aug_0_265.jpg,aug_0_265.jpg,.jpg,18744,224,224,Bacterial Soft Rot,True,1442ff0a69b1fb207d201e7152b8f7e18c564ac74064b622ed471cba0e101a46,9ff40d3b73e5001a,
potato_bangladesh,Potato Leaf Disease Dataset/Bacterial Soft Rot/aug_0_6180.jpg,aug_0_6180.jpg,.jpg,19201,224,224,Bacterial Soft Rot,True,f1d83bb259f901ca94cee93240c4d048f33f97b762a55a6a69ebf84180cb0781,8f1b8d82694d57b8,
potato_bangladesh,Potato Leaf Disease Dataset/Bacterial Soft Rot/aug_0_6252.jpg,aug_0_6252.jpg,.jpg,12180,224,224,Bacterial Soft Rot,True,594eb18f517fef050858c706dc782c075e81a57a2bd235d4daee0b843f10e4b5,e6b0ca9a742b9e15,
potato_bangladesh,Potato Leaf Disease Dataset/Bacterial Soft Rot/aug_0_8872.jpg,aug_0_8872.jpg,.jpg,12176,224,224,Bacterial Soft Rot,True,0ef5720ac774ddc75a06cd4d5694da4a008f391781e40a63d488920eff46f1ec,f6dd909a4b6831c5,
potato_bangladesh,Potato Leaf Disease Dataset/Bacterial Soft Rot/aug_0_5874.jpg,aug_0_5874.jpg,.jpg,13862,224,224,Bacterial Soft Rot,True,8b1706efdc0e26d52cc3fff7038f9a66e85955c49ce4cc7a90c9a9235f9a90d6,c2cbfe3079d1a843,
potato_bangladesh,Potato Leaf Disease Dataset/Bacterial Soft Rot/aug_0_4090.jpg,aug_0_4090.jpg,.jpg,17460,224,224,Bacterial Soft Rot,True,dd025a11b5dc111e7687c80fccb96dcd24386984c7c86c9a4be1f6f03cd326a0,c95ac8093ef1ce27,
potato_bangladesh,Potato Leaf Disease Dataset/Bacterial Soft Rot/aug_0_8802.jpg,aug_0_8802.jpg,.jpg,14854,224,224,Bacterial Soft Rot,True,69ac37c4dfb6d9bea63b5359288bc8dcf8512baf6b0a78a6d676466d12126618,c7da31c0de2970b3,
potato_bangladesh,Potato Leaf Disease Dataset/Bacterial Soft Rot/aug_0_9637.jpg,aug_0_9637.jpg,.jpg,13209,224,224,Bacterial Soft Rot,True,cb2bdac7e3027c60ae0f2542da466235933b830cc8e5d3ee5b11b8c503998907,c2cffc3069d38949,
potato_bangladesh,Potato Leaf Disease Dataset/Bacterial Soft Rot/aug_0_1637.jpg,aug_0_1637.jpg,.jpg,15178,224,224,Bacterial Soft Rot,True,e6c048ff4b8f05aa4dbb164e4cc8fa220a573987ea89127716ea56fcbadb646b,e3d35bb75462a070,
potato_bangladesh,Potato Leaf Disease Dataset/Bacterial Soft Rot/aug_0_9810.jpg,aug_0_9810.jpg,.jpg,11966,224,224,Bacterial Soft Rot,True,8bcd8c55164c374dee0b80dcb5ae6c5b8f7eb85da56ce7ceb494b06d8acdb6d4,9904f3ce4e98db43,
potato_bangladesh,Potato Leaf Disease Dataset/Bacterial Soft Rot/aug_0_599.jpg,aug_0_599.jpg,.jpg,11847,224,224,Bacterial Soft Rot,True,a9c27b0e2793b90c962fd9cf3748a56024189dd00b5bea84d66d25547cc2c8a7,f2956cc9526a3cc3,
potato_bangladesh,Potato Leaf Disease Dataset/Bacterial Soft Rot/aug_0_9679.jpg,aug_0_9679.jpg,.jpg,12613,224,224,Bacterial Soft Rot,True,20c6b253b959e1c1b3bf9cba0b4a5edc22866060975a4061e90a29f24ea4fd7b,d3b5a8b664c99a51,
potato_bangladesh,Potato Leaf Disease Dataset/Bacterial Soft Rot/aug_0_8406.jpg,aug_0_8406.jpg,.jpg,11847,224,224,Bacterial Soft Rot,True,768496e3be1e25a3630c4c877834cab81c861d514a94cb4488f8efbd6dd96ebc,f9ac74338daa425a,
potato_bangladesh,Potato Leaf Disease Dataset/Bacterial Soft Rot/aug_0_5582.jpg,aug_0_5582.jpg,.jpg,11797,224,224,Bacterial Soft Rot,True,0c4ddf35306e29baec22e2c435757a01b328f0ab72203f277aec92504eab0cad,daa7984c4474aeab,
potato_bangladesh,Potato Leaf Disease Dataset/Bacterial Soft Rot/aug_0_7458.jpg,aug_0_7458.jpg,.jpg,14399,224,224,Bacterial Soft Rot,True,2b549fa460413422d8379383a232ea224a33ae6e815ae83336127a3938e8c57b,8cc634abe593b652,
potato_bangladesh,Potato Leaf Disease Dataset/Bacterial Soft Rot/orig_1.jpg,orig_1.jpg,.jpg,18144,224,224,Bacterial Soft Rot,False,4e36336cf43e7f9e8ab230d2e2ad275a9e9d3442c33382179198cb7e39353c18,cd6380985ecdbc69,
potato_bangladesh,Potato Leaf Disease Dataset/Bacterial Soft Rot/aug_0_9763.jpg,aug_0_9763.jpg,.jpg,15614,224,224,Bacterial Soft Rot,True,a4de6c583a186f5a68a29b52889341f57ce36e2e478a7623e825d815dbb46d1c,b0d4ca29367a57c6,
potato_bangladesh,Potato Leaf Disease Dataset/Bacterial Soft Rot/aug_0_8326.jpg,aug_0_8326.jpg,.jpg,14026,224,224,Bacterial Soft Rot,True,aceb3159d5bde20021045972892bb51762ab3e272a6857e5049d94c575260152,cca568b1fd3829b2,
potato_bangladesh,Potato Leaf Disease Dataset/Bacterial Soft Rot/aug_0_995.jpg,aug_0_995.jpg,.jpg,13125,224,224,Bacterial Soft Rot,True,209df598b65d627ce9eeb2c0bd36de8e6cbe134ab4e82347f78ce5a8a15fe464,cc98733aa34dd8b2,
potato_bangladesh,Potato Leaf Disease Dataset/Bacterial Soft Rot/aug_0_4146.jpg,aug_0_4146.jpg,.jpg,14186,224,224,Bacterial Soft Rot,True,9cc289b07aad37e7571b2d4a9031559c726c2ae28a66d9caf8450c34ab4cab59,cc21cab77159acaa,
potato_bangladesh,Potato Leaf Disease Dataset/Bacterial Soft Rot/aug_0_8709.jpg,aug_0_8709.jpg,.jpg,14649,224,224,Bacterial Soft Rot,True,9dbcdb99874c4cde8f737c14a46e0edbf9762e5dc7c6bd877cd8d648437c8b79,db7eb5156244328d,
potato_bangladesh,Potato Leaf Disease Dataset/Bacterial Soft Rot/aug_0_7594.jpg,aug_0_7594.jpg,.jpg,12088,224,224,Bacterial Soft Rot,True,bc39b7845a4cda042b4d2d1efb02023f8ccc55ffb3f601ca0c04a7e553ab30d5,99d9d1300e63cbbc,
potato_bangladesh,Potato Leaf Disease Dataset/Bacterial Soft Rot/aug_0_2560.jpg,aug_0_2560.jpg,.jpg,19114,224,224,Bacterial Soft Rot,True,c8aba445c9be416e477aaaea077d475160550ed592f26735794f643774d0b095,90f61b33cc1e60e7,
potato_bangladesh,Potato Leaf Disease Dataset/Bacterial Soft Rot/aug_0_610.jpg,aug_0_610.jpg,.jpg,13113,224,224,Bacterial Soft Rot,True,ae0f2da7c387079e48fcf9327fd4f87e9985414ca56b8cb23de485b90ee1bfe7,d651994b6bf8605a,
potato_bangladesh,Potato Leaf Disease Dataset/Bacterial Soft Rot/aug_0_3112.jpg,aug_0_3112.jpg,.jpg,17821,224,224,Bacterial Soft Rot,True,7a943fbdd33daa910fbf43c94c71dbd7ea2cf2b84421ae56b90c4b1f1a8d949c,b83f3a834360e65e,
potato_bangladesh,Potato Leaf Disease Dataset/Bacterial Soft Rot/aug_0_280.jpg,aug_0_280.jpg,.jpg,15144,224,224,Bacterial Soft Rot,True,e3605a9971027c52a9b9373b48f7045f406ff0122ed90024135d4971a3f783b2,c781ae0de20fcd66,
potato_bangladesh,Potato Leaf Disease Dataset/Bacterial Soft Rot/aug_0_4959.jpg,aug_0_4959.jpg,.jpg,17408,224,224,Bacterial Soft Rot,True,75d95e60295b5bf6559f0a9c8f85ed599beee6eded4f6df33c4263bdd56c191b,e475c398b95b1ab0,
potato_bangladesh,Potato Leaf Disease Dataset/Bacterial Soft Rot/aug_0_5197.jpg,aug_0_5197.jpg,.jpg,11454,224,224,Bacterial Soft Rot,True,4fda1a07864c819b65707e6b1ab9ac13d167e00111e2c97ad0f713459a0b7597,e4bca171bcbe4059,
potato_bangladesh,Potato Leaf Disease Dataset/Bacterial Soft Rot/aug_0_9144.jpg,aug_0_9144.jpg,.jpg,14765,224,224,Bacterial Soft Rot,True,3f77269865e5e486da38ddb6e72eb052f8b1df50a676d35b19338ed23c57b57f,b42f60bb1fc117c1,
potato_bangladesh,Potato Leaf Disease Dataset/Bacterial Soft Rot/aug_0_6619.jpg,aug_0_6619.jpg,.jpg,13245,224,224,Bacterial Soft Rot,True,a38095a901135e2e76bd96c7f04ea02363fc40ee2ddaacb47e97e659c41871f1,d62d72589d6427cc,
potato_bangladesh,Potato Leaf Disease Dataset/Bacterial Soft Rot/aug_0_4197.jpg,aug_0_4197.jpg,.jpg,11665,224,224,Bacterial Soft Rot,True,f271765ffeda4d281d147110b22f18f0f8790e63a0e73b6101ce535b5bc79713,8b1ccef3188b75a4,
potato_bangladesh,Potato Leaf Disease Dataset/Bacterial Soft Rot/aug_0_5569.jpg,aug_0_5569.jpg,.jpg,18397,224,224,Bacterial Soft Rot,True,a200ac945375d6a76547da92dbaa1acac5518fc74b3783131a650e89fe8fd030,bb8316c5a5663f14,
potato_bangladesh,Potato Leaf Disease Dataset/Bacterial Soft Rot/aug_0_8254.jpg,aug_0_8254.jpg,.jpg,11347,224,224,Bacterial Soft Rot,True,b1febd216c11a941897e7adb707613445ff70039194a011c4e0b1b91009bfeaf,dc4866339037db27,
potato_bangladesh,Potato Leaf Disease Dataset/Bacterial Soft Rot/aug_0_6762.jpg,aug_0_6762.jpg,.jpg,15073,224,224,Bacterial Soft Rot,True,98a5ef90955494a7bca9afb7418a14c2e1ced7de17f12b5fba47d1f713622a89,af02f2e36a7a51d0,
potato_bangladesh,Potato Leaf Disease Dataset/Bacterial Soft Rot/aug_0_8172.jpg,aug_0_8172.jpg,.jpg,13718,224,224,Bacterial Soft Rot,True,553e8cc9cd8e546de9d22811f8812d016b52274f5060cf298496485676805c7f,8a55792be5c055e6,
potato_bangladesh,Potato Leaf Disease Dataset/Bacterial Soft Rot/aug_0_7751.jpg,aug_0_7751.jpg,.jpg,18640,224,224,Bacterial Soft Rot,True,d366edc8cc2e2d8b7d254aec8020ba46638f06eb5693645e2dcf1881ed9ae0ab,9d60af14636966ad,
potato_bangladesh,Potato Leaf Disease Dataset/Bacterial Soft Rot/aug_0_744.jpg,aug_0_744.jpg,.jpg,12420,224,224,Bacterial Soft Rot,True,ea5abf2d298f243f4bab4beef2b7ca0737f38cd02e3f05cbe433cc1c293d1242,e5ebe5b1c150a26a,
potato_bangladesh,Potato Leaf Disease Dataset/Bacterial Soft Rot/aug_0_1800.jpg,aug_0_1800.jpg,.jpg,18351,224,224,Bacterial Soft Rot,True,6d85ca437355f5084d07a01584ca1906fca9579ea1f8babb0fb643bf5304ef33,a6c0cce826fe6738,
potato_bangladesh,Potato Leaf Disease Dataset/Bacterial Soft Rot/aug_0_6872.jpg,aug_0_6872.jpg,.jpg,11581,224,224,Bacterial Soft Rot,True,1e921a7afdc67d903c789f81e0101deea3365593fa42cece29d2d2fdc1fa50a3,d8b198ccc554575b,
potato_bangladesh,Potato Leaf Disease Dataset/Bacterial Soft Rot/aug_0_8686.jpg,aug_0_8686.jpg,.jpg,12257,224,224,Bacterial Soft Rot,True,8a5148cdfe0a1be0ea0fdedc7eb53f51901faa07ab2f73c384c14e9c6b731290,c70a6925ac7391ed,
potato_bangladesh,Potato Leaf Disease Dataset/Bacterial Soft Rot/aug_0_9595.jpg,aug_0_9595.jpg,.jpg,19610,224,224,Bacterial Soft Rot,True,ce4aa55b2ba17142180f8455685b4ee1273f813a4bc8aa3bed3fbfa113bfe287,a050e9123ff8e4f6,
potato_bangladesh,Potato Leaf Disease Dataset/Bacterial Soft Rot/aug_0_1997.jpg,aug_0_1997.jpg,.jpg,14727,224,224,Bacterial Soft Rot,True,be7bece6c5a97f12e6f7581132189bba73b2ecd44b072a982707ea80a245d7f4,c198b5d194fa96cc,
potato_bangladesh,Potato Leaf Disease Dataset/Bacterial Soft Rot/aug_0_4927.jpg,aug_0_4927.jpg,.jpg,17937,224,224,Bacterial Soft Rot,True,cd3d1ceae8c9a96ade29d8fd0353dbb72be11d30fa9463c3472ca7e97ff9b272,9987e0845aad1fba,
potato_bangladesh,Potato Leaf Disease Dataset/Bacterial Soft Rot/aug_0_6425.jpg,aug_0_6425.jpg,.jpg,20137,224,224,Bacterial Soft Rot,True,76f21c23b27a2fb2f401dec70ac74c67e05a9c37a6045e1407968b547b269cba,fac52238d5a8de58,
potato_bangladesh,Potato Leaf Disease Dataset/Bacterial Soft Rot/aug_0_7084.jpg,aug_0_7084.jpg,.jpg,14598,224,224,Bacterial Soft Rot,True,314a9b843a62d669f12e6f3cb1094401c7c9104df5edad9a2c90b12c1d4a3454,e0cb88677ca35369,
potato_bangladesh,Potato Leaf Disease Dataset/Bacterial Soft Rot/aug_0_5043.jpg,aug_0_5043.jpg,.jpg,12939,224,224,Bacterial Soft Rot,True,d57083e569d6b67d0b869c10e66cabb05f61bf02f355c895d61c5c1185fc8b40,d5e7b1488efca032,
potato_bangladesh,Potato Leaf Disease Dataset/Bacterial Soft Rot/aug_0_3462.jpg,aug_0_3462.jpg,.jpg,18151,224,224,Bacterial Soft Rot,True,5ff395b1fb6dd5fad56eec4ce39da4447e6ac280563774407a5c03e2fc29ddaa,fb93e41768b50c29,
potato_bangladesh,Potato Leaf Disease Dataset/Bacterial Soft Rot/aug_0_6122.jpg,aug_0_6122.jpg,.jpg,17970,224,224,Bacterial Soft Rot,True,dbad0a7d0e76f1d87a137f17b5956113d06916d481e3eba0954220bb10437082,e696eadb2803ea49,
potato_bangladesh,Potato Leaf Disease Dataset/Bacterial Soft Rot/aug_0_4414.jpg,aug_0_4414.jpg,.jpg,11964,224,224,Bacterial Soft Rot,True,977d82028e5c2e848fea0ec43a38521700fc153b822cb1962de053a45d3c8b80,cfa4e6331cadae01,
potato_bangladesh,Potato Leaf Disease Dataset/Bacterial Soft Rot/aug_0_3352.jpg,aug_0_3352.jpg,.jpg,12104,224,224,Bacterial Soft Rot,True,46ffb3e70a8960045bf0ec2db19c225790da2eb8b05556f207b069fdd38d7d8f,d6f349aa316a2f03,
potato_bangladesh,Potato Leaf Disease Dataset/Bacterial Soft Rot/aug_0_9244.jpg,aug_0_9244.jpg,.jpg,11163,224,224,Bacterial Soft Rot,True,9ebfac58d54fabc9ca49561c67d3b01962d04cafb78272312c404fb3bd062c55,ceb28358cf92a8ab,
potato_bangladesh,Potato Leaf Disease Dataset/Bacterial Soft Rot/aug_0_1854.jpg,aug_0_1854.jpg,.jpg,17801,224,224,Bacterial Soft Rot,True,a92e657924c5012266081f8585a99a7fe1c2729daf2ad08856c4038992f49f88,e669e62719c7e190,
potato_bangladesh,Potato Leaf Disease Dataset/Bacterial Soft Rot/aug_0_5759.jpg,aug_0_5759.jpg,.jpg,15899,224,224,Bacterial Soft Rot,True,437c8725d64a2be82a940cdf3eba3e1b8e6111cfdcdeafcfd97917a3a16531fc,9946c74e35199daa,
potato_bangladesh,Potato Leaf Disease Dataset/Bacterial Soft Rot/aug_0_3615.jpg,aug_0_3615.jpg,.jpg,15257,224,224,Bacterial Soft Rot,True,3a31e3fd293d39d59ee0159a4fc2c8a65241fa09156e118392355d09a9f2494e,e0af3b4ebe04b944,
potato_bangladesh,Potato Leaf Disease Dataset/Bacterial Soft Rot/aug_0_2941.jpg,aug_0_2941.jpg,.jpg,18604,224,224,Bacterial Soft Rot,True,3d0a88e30722bc1099da26ca06dc3ff89d4fb94f4894b77557c7d9ad8f33b7b4,d958c91136f1cf07,
potato_bangladesh,Potato Leaf Disease Dataset/Bacterial Soft Rot/aug_0_3361.jpg,aug_0_3361.jpg,.jpg,18053,224,224,Bacterial Soft Rot,True,bd956cab8e4ac363d10990be1e211e8af3ede96cfc72a7713285a51e6f5dc1b2,ec91be218af06f19,
potato_bangladesh,Potato Leaf Disease Dataset/Bacterial Soft Rot/aug_0_3482.jpg,aug_0_3482.jpg,.jpg,10758,224,224,Bacterial Soft Rot,True,5837e5a2b654533ddb7b909b1903c73c31c0cc46dbe453b76942bfed91d57581,ec70f39cb4ea1612,
potato_bangladesh,Potato Leaf Disease Dataset/Bacterial Soft Rot/aug_0_5358.jpg,aug_0_5358.jpg,.jpg,17566,224,224,Bacterial Soft Rot,True,28b7872a555ac0ad491a1ad44bee867a34dc528ee41eb55ff803bf22d975e006,b14aace8f2e0ac5b,
potato_bangladesh,Potato Leaf Disease Dataset/Bacterial Soft Rot/aug_0_73.jpg,aug_0_73.jpg,.jpg,17895,224,224,Bacterial Soft Rot,True,a8ad5a81d88ee1166b6e793480f1f0affb541768b8ff09449907332abe47ade2,9ac2d33ef65c4503,
potato_bangladesh,Potato Leaf Disease Dataset/Bacterial Soft Rot/aug_0_7832.jpg,aug_0_7832.jpg,.jpg,19998,224,224,Bacterial Soft Rot,True,d4186dee9420255855301226f50a21c9837b3f1c5adc8f56db0abbccc5fe165a,f3852829ca3bd6a9,
potato_bangladesh,Potato Leaf Disease Dataset/Bacterial Soft Rot/aug_0_8978.jpg,aug_0_8978.jpg,.jpg,15526,224,224,Bacterial Soft Rot,True,cb63fcbae43412df1bf5f2c0927bbb854041d2d76f40cba7475238938147fdc5,8e92112cfe721fc9,
potato_bangladesh,Potato Leaf Disease Dataset/Bacterial Soft Rot/aug_0_7450.jpg,aug_0_7450.jpg,.jpg,11709,224,224,Bacterial Soft Rot,True,376e5edf1abb842f381d4d807fcd5773a64b5db07cadb73739116e559a005c78,877b1c895070e5db,
potato_bangladesh,Potato Leaf Disease Dataset/Bacterial Soft Rot/aug_0_7468.jpg,aug_0_7468.jpg,.jpg,15140,224,224,Bacterial Soft Rot,True,0f54ee9cb32ca4828a4d860737dc2692e344b939932115fc8a352cbd0b815f24,b70438b46ea36fa2,
potato_bangladesh,Potato Leaf Disease Dataset/Bacterial Soft Rot/aug_0_2890.jpg,aug_0_2890.jpg,.jpg,10939,224,224,Bacterial Soft Rot,True,f2e7995e6be0ab4976db60702638cb7b99c7d4e963ed936ae394f69b5178e21e,bd6837b6070f04e3,
potato_bangladesh,Potato Leaf Disease Dataset/Bacterial Soft Rot/aug_0_7892.jpg,aug_0_7892.jpg,.jpg,10328,224,224,Bacterial Soft Rot,True,be4e7ce5d1e5dad7f439a4b73d4935b3695eeea20a667ade52d7d75cd56ad6e2,ad27c7c9f44b00f8,
potato_bangladesh,Potato Leaf Disease Dataset/Bacterial Soft Rot/aug_0_7504.jpg,aug_0_7504.jpg,.jpg,15297,224,224,Bacterial Soft Rot,True,efc24394cb70b99a99abd209194418965ea444abda712fddd3212e7f1432ff64,ce53c2cc8c532f93,
potato_bangladesh,Potato Leaf Disease Dataset/Bacterial Soft Rot/aug_0_4130.jpg,aug_0_4130.jpg,.jpg,18179,224,224,Bacterial Soft Rot,True,ac40f07b3902f540d8a5d0e6741094785383ea97e3c12f473b96dd4eadb42d11,f9316ba1abad4548,
potato_bangladesh,Potato Leaf Disease Dataset/Bacterial Soft Rot/aug_0_9945.jpg,aug_0_9945.jpg,.jpg,12617,224,224,Bacterial Soft Rot,True,e090a214aeeb74c64f89b3bb685d9c301dc384e81d012e6556681ae5ba59c64d,e697f4c89ad57021,
potato_bangladesh,Potato Leaf Disease Dataset/Bacterial Soft Rot/aug_0_205.jpg,aug_0_205.jpg,.jpg,18709,224,224,Bacterial Soft Rot,True,ca13e823e9bc999b87f1fbb5b0a52da22368fa00cc8c3c093204b8d3e02346d3,876d438bb183fa68,
potato_bangladesh,Potato Leaf Disease Dataset/Bacterial Soft Rot/aug_0_1779.jpg,aug_0_1779.jpg,.jpg,15665,224,224,Bacterial Soft Rot,True,ed9efe4a849e966d50556004aec1df937c1450d48b12aa4fc5ea29c3942a69fc,a10f64e1dfa849ad,
potato_bangladesh,Potato Leaf Disease Dataset/Bacterial Soft Rot/aug_0_2513.jpg,aug_0_2513.jpg,.jpg,15821,224,224,Bacterial Soft Rot,True,022bed139b7ce546efd36ffd6b390c02b0a062dc17c1826d773956bdc080c333,e71d89b862a03e97,
potato_bangladesh,Potato Leaf Disease Dataset/Bacterial Soft Rot/aug_0_4962.jpg,aug_0_4962.jpg,.jpg,14643,224,224,Bacterial Soft Rot,True,70d76d24545a498a0e7c039db9778c5d4e157d32d901e2408ce4d5d396a029b2,f4b5b105d124df13,
potato_bangladesh,Potato Leaf Disease Dataset/Bacterial Soft Rot/aug_0_4529.jpg,aug_0_4529.jpg,.jpg,18397,224,224,Bacterial Soft Rot,True,35f16c9f0f1ae89f7f1c9d0399a5c87a7158a5b8ac6c653f9dfb20e88f9aa743,cd53cfc940395c2b,
potato_bangladesh,Potato Leaf Disease Dataset/Bacterial Soft Rot/aug_0_4451.jpg,aug_0_4451.jpg,.jpg,16221,224,224,Bacterial Soft Rot,True,5e91f64aeb3649daadb40afb0ac4cb9144be052ca3b5588a7010e6cad7a2baa0,e0543ea39d878ba6,
potato_bangladesh,Potato Leaf Disease Dataset/Bacterial Soft Rot/aug_0_773.jpg,aug_0_773.jpg,.jpg,15276,224,224,Bacterial Soft Rot,True,f6f467130764fd5516f3f5320c98d0d73d57f03514dd68e2fc3565c43622caa4,99d143c8f7acc632,
potato_bangladesh,Potato Leaf Disease Dataset/Bacterial Soft Rot/aug_0_7244.jpg,aug_0_7244.jpg,.jpg,17093,224,224,Bacterial Soft Rot,True,d9461f3abcea5be39a1cc6d973485037072cbfdab5a62c95d5a904562322c704,f1963e244ba4cf38,
potato_bangladesh,Potato Leaf Disease Dataset/Bacterial Soft Rot/aug_0_4273.jpg,aug_0_4273.jpg,.jpg,12151,224,224,Bacterial Soft Rot,True,6b65f10562b7c0f779a7c441fabde69983197258f980506a5a9c136925671ea1,a35a3f1ecf350a50,
potato_bangladesh,Potato Leaf Disease Dataset/Bacterial Soft Rot/aug_0_4437.jpg,aug_0_4437.jpg,.jpg,15736,224,224,Bacterial Soft Rot,True,b18a30c20c1d8a00a2270205c3809bc275e682301c2823e0d646a6bef04282ff,9a0d0e5991abde6a,
potato_bangladesh,Potato Leaf Disease Dataset/Bacterial Soft Rot/aug_0_5948.jpg,aug_0_5948.jpg,.jpg,18704,224,224,Bacterial Soft Rot,True,82a515a5483f8a0c1b37d2dfbe1e210f7004af4cc3f3682e77c1dba1771fe2ee,a13db83e7d4d0d09,
potato_bangladesh,Potato Leaf Disease Dataset/Bacterial Soft Rot/aug_0_5878.jpg,aug_0_5878.jpg,.jpg,18298,224,224,Bacterial Soft Rot,True,300639161dc6f76e911fc5454eb7da414212493d02eb92fc67b3218ae6ba828b,e69c1639c9ba2707,
potato_bangladesh,Potato Leaf Disease Dataset/Bacterial Soft Rot/aug_0_370.jpg,aug_0_370.jpg,.jpg,12478,224,224,Bacterial Soft Rot,True,4f5326cefe75c86cd5fd8f6e42c736efa0f1797b3fadb97b5e6eb8e5d39681d3,c522d86becac6b15,
potato_bangladesh,Potato Leaf Disease Dataset/Bacterial Soft Rot/aug_0_5091.jpg,aug_0_5091.jpg,.jpg,17323,224,224,Bacterial Soft Rot,True,147cdd61b327c95e00541e6ac07fec08660bb955a3d14b297601e934f57d59c1,990cc1cf8fa1a2de,
potato_bangladesh,Potato Leaf Disease Dataset/Bacterial Soft Rot/orig_0.jpg,orig_0.jpg,.jpg,15983,224,224,Bacterial Soft Rot,False,195e3305aa9b77e3483b9fbf588f05498f6b2ca2c9722cd1cb67b3711a20e495,c525bddca4714572,
potato_bangladesh,Potato Leaf Disease Dataset/Bacterial Soft Rot/aug_0_842.jpg,aug_0_842.jpg,.jpg,19526,224,224,Bacterial Soft Rot,True,0ffd84ac625c23bd5e9c9dbce3cd71a55246472930d52a326b3f503ba6e8b029,c49a9a4c5e6fa433,
potato_bangladesh,Potato Leaf Disease Dataset/Bacterial Soft Rot/aug_0_6171.jpg,aug_0_6171.jpg,.jpg,11844,224,224,Bacterial Soft Rot,True,e0a3bbc22aa3667ae85c06050bbf263ce3d2b10abcfb16f939bd2a2fe67054a8,cf2ddb5ad8090aa3,
potato_bangladesh,Potato Leaf Disease Dataset/Bacterial Soft Rot/aug_0_1219.jpg,aug_0_1219.jpg,.jpg,15476,224,224,Bacterial Soft Rot,True,3c089035414006c0983bc6699cd9949feb60a10e9f8e1da2ba5ae7e2e393f77f,b4fb7b09e851ec10,
potato_bangladesh,Potato Leaf Disease Dataset/Bacterial Soft Rot/aug_0_7394.jpg,aug_0_7394.jpg,.jpg,14982,224,224,Bacterial Soft Rot,True,b5be5a5b60a8579efd113557ba23b83255895f941a2b2b57985fe82733ff55ff,da9c816ed87618ad,
potato_bangladesh,Potato Leaf Disease Dataset/Bacterial Soft Rot/aug_0_439.jpg,aug_0_439.jpg,.jpg,15818,224,224,Bacterial Soft Rot,True,b797e2eff57a6ca8ca8f6f81363a7df632679eb30608dd8b7b9bb2bd563a1502,984fc047bcc8ff50,
potato_bangladesh,Potato Leaf Disease Dataset/Bacterial Soft Rot/aug_0_7912.jpg,aug_0_7912.jpg,.jpg,11992,224,224,Bacterial Soft Rot,True,fefabf6d88068e8e239c9b0ea3cf7c926f8b07dea6a0670ccc2d254b39ee6a4e,8d91f093cc26dce3,
potato_bangladesh,Potato Leaf Disease Dataset/Bacterial Soft Rot/aug_0_2501.jpg,aug_0_2501.jpg,.jpg,15211,224,224,Bacterial Soft Rot,True,124d19e997a5cd2e0059eb4e862f8bcaa50900cb6649103679d8ace38013dd63,b4006bf6e8a66ee2,
potato_bangladesh,Potato Leaf Disease Dataset/Bacterial Soft Rot/aug_0_5607.jpg,aug_0_5607.jpg,.jpg,18491,224,224,Bacterial Soft Rot,True,2c20be9927ca0df67ea27ab2030261dbe296e9e02dee920e9cb06383d0bcaabf,b0e25d7a216d931d,
potato_bangladesh,Potato Leaf Disease Dataset/Bacterial Soft Rot/aug_0_7232.jpg,aug_0_7232.jpg,.jpg,13151,224,224,Bacterial Soft Rot,True,80558ad11f623dbda86dd137cd2c54e7349eaef88f224cb8fcb223b9bc8a0d69,87a31e91e9e8c89d,
potato_bangladesh,Potato Leaf Disease Dataset/Bacterial Soft Rot/aug_0_5581.jpg,aug_0_5581.jpg,.jpg,12492,224,224,Bacterial Soft Rot,True,79e0f79bd90c1f0994e4eefd9c6a2b98954319c2e1d760a988db7fcaae1b135f,cc88a7729237a9d9,
potato_bangladesh,Potato Leaf Disease Dataset/Bacterial Soft Rot/aug_0_5968.jpg,aug_0_5968.jpg,.jpg,15587,224,224,Bacterial Soft Rot,True,765f6cfdeae7ecbb6fbf50ee00137307e7f5ccfd6ad245551489d71f87af0fd5,e773ba88d9e0e00d,
potato_bangladesh,Potato Leaf Disease Dataset/Bacterial Soft Rot/aug_0_5111.jpg,aug_0_5111.jpg,.jpg,14997,224,224,Bacterial Soft Rot,True,6491c079bbcb3ff637681d096ad0647366a981237dbc035cda35a096a6c35c30,f46ba5aa03a9bb30,
potato_bangladesh,Potato Leaf Disease Dataset/Bacterial Soft Rot/aug_0_5468.jpg,aug_0_5468.jpg,.jpg,11700,224,224,Bacterial Soft Rot,True,f023b4f84fbada2d866e259b73406fbc7a5d3560f3d21910ff4d660d4c76cd7c,8a72e72f4a8b90e3,
potato_bangladesh,Potato Leaf Disease Dataset/Bacterial Soft Rot/aug_0_4306.jpg,aug_0_4306.jpg,.jpg,14221,224,224,Bacterial Soft Rot,True,44a80400809eef713890b8a6b886cb9667dedbb9ffd92e78abcc3be953b2a58a,b7790e01d2b69726,
potato_bangladesh,Potato Leaf Disease Dataset/Bacterial Soft Rot/aug_0_7393.jpg,aug_0_7393.jpg,.jpg,12806,224,224,Bacterial Soft Rot,True,5d522a2b25bb54bb8982f9e5e86ec653cf2f6a146ce4dbc9fbd714255c61b140,f6b7ad8837684512,
potato_bangladesh,Potato Leaf Disease Dataset/Bacterial Soft Rot/aug_0_8868.jpg,aug_0_8868.jpg,.jpg,14341,224,224,Bacterial Soft Rot,True,4a5774d6fa06eede9bee97b098eed9cefb17b0c8066424673bf858392f072574,e9b92f9082293e97,
potato_bangladesh,Potato Leaf Disease Dataset/Bacterial Soft Rot/aug_0_896.jpg,aug_0_896.jpg,.jpg,19256,224,224,Bacterial Soft Rot,True,872ac16384347a97c601a8284c73ed055ecbd9c6ae080e1b1d030882065d02b9,dab1d828f6c612f2,
potato_bangladesh,Potato Leaf Disease Dataset/Bacterial Soft Rot/aug_0_1251.jpg,aug_0_1251.jpg,.jpg,17032,224,224,Bacterial Soft Rot,True,43f1025765e9b4a0e8ba903bb481917fe04d74704fd05e738393a26930dfea38,a3261a8f42f3b9aa,
potato_bangladesh,Potato Leaf Disease Dataset/Bacterial Soft Rot/aug_0_2627.jpg,aug_0_2627.jpg,.jpg,17502,224,224,Bacterial Soft Rot,True,a9ef1542fa87c116e5ace6ff38079811e80b503c2825ac44562d28fddeb8f443,b74a5dd291327925,
potato_bangladesh,Potato Leaf Disease Dataset/Bacterial Soft Rot/aug_0_4334.jpg,aug_0_4334.jpg,.jpg,15327,224,224,Bacterial Soft Rot,True,a8b48c1882bb0d38893baf69b104217ad87fb8f7808f6d8f2f1b6cc4cc6cbea2,948b78a4d0b3afd1,
potato_bangladesh,Potato Leaf Disease Dataset/Bacterial Soft Rot/aug_0_8964.jpg,aug_0_8964.jpg,.jpg,12256,224,224,Bacterial Soft Rot,True,c5039cf84639344f8167222d3b58a6b530cbf507fd9344eaab7f26b54094b558,e546d06be59e1607,
potato_bangladesh,Potato Leaf Disease Dataset/Bacterial Soft Rot/aug_0_7790.jpg,aug_0_7790.jpg,.jpg,18359,224,224,Bacterial Soft Rot,True,5e799f570fc2ad8116ab6accadde94e2d5efb7dffe5b8988ca4827359f592cc3,b7cb9f6003fc8aa0,
potato_bangladesh,Potato Leaf Disease Dataset/Bacterial Soft Rot/aug_0_2947.jpg,aug_0_2947.jpg,.jpg,10387,224,224,Bacterial Soft Rot,True,193e91f380a81256591090c73443bdf93049708a680b1c79898b7af384927979,ec5861435a86bd4f,
potato_bangladesh,Potato Leaf Disease Dataset/Bacterial Soft Rot/aug_0_8314.jpg,aug_0_8314.jpg,.jpg,16475,224,224,Bacterial Soft Rot,True,93c76c59857d294ad37b274ff02100fcf7b283bd47ec78ed388c130d1166e935,ded287903ff8206c,
potato_bangladesh,Potato Leaf Disease Dataset/Bacterial Soft Rot/aug_0_6750.jpg,aug_0_6750.jpg,.jpg,17921,224,224,Bacterial Soft Rot,True,6d81ebb748d8d090229a9193f10bd41940a884d7133cf7f9538dc9d48ad2f431,9d43998f1e507e64,
potato_bangladesh,Potato Leaf Disease Dataset/Bacterial Soft Rot/aug_0_5323.jpg,aug_0_5323.jpg,.jpg,17288,224,224,Bacterial Soft Rot,True,252a9d1fd54072138be59197312cbff7931da4a40eaf07ebebe2125dcd7da8d3,a6c4cf67372118c7,
potato_bangladesh,Potato Leaf Disease Dataset/Bacterial Soft Rot/aug_0_262.jpg,aug_0_262.jpg,.jpg,17173,224,224,Bacterial Soft Rot,True,0a9d7d3f84b905026742b58fdd0ffb9ca2bef3b18c5dfbb4095e959092531a0e,88a5c9c5f0330ffc,
potato_bangladesh,Potato Leaf Disease Dataset/Bacterial Soft Rot/aug_0_4780.jpg,aug_0_4780.jpg,.jpg,12118,224,224,Bacterial Soft Rot,True,ed1cd1986f2a050cf48ffa3e5bccee2d987eb00684306505e47be327283308f6,871f84c082bf96f6,
potato_bangladesh,Potato Leaf Disease Dataset/Bacterial Soft Rot/aug_0_2572.jpg,aug_0_2572.jpg,.jpg,12135,224,224,Bacterial Soft Rot,True,10ebaccef8fceda8f17f425a4c4b41d92c663a56bc4adad53979c8a25be39312,8793b28ae72aa971,
potato_bangladesh,Potato Leaf Disease Dataset/Bacterial Soft Rot/aug_0_857.jpg,aug_0_857.jpg,.jpg,13342,224,224,Bacterial Soft Rot,True,11274314108bb433b4e441c21f0a2a9be78d0a2147f6386df1634e8bec34eb73,c4cb8d3831b75ab4,
potato_bangladesh,Potato Leaf Disease Dataset/Bacterial Soft Rot/aug_0_5697.jpg,aug_0_5697.jpg,.jpg,15418,224,224,Bacterial Soft Rot,True,c1fa83c564c7a1848428d98bc212c9f762ddaeb8a62590b90a18c1bc6d38f0a9,94a9a093bb3e792c,
potato_bangladesh,Potato Leaf Disease Dataset/Bacterial Soft Rot/aug_0_1968.jpg,aug_0_1968.jpg,.jpg,14458,224,224,Bacterial Soft Rot,True,97a264d091401a620b2710924f6323e1961a58e8256a17a7a8c1a4593ffe96f4,dc2148ceacaeaaad,
potato_bangladesh,Potato Leaf Disease Dataset/Bacterial Soft Rot/orig_3.jpg,orig_3.jpg,.jpg,22798,224,224,Bacterial Soft Rot,False,7328cc4195820481c7e22a33461dac4c04e1baeb01f0449a12262e40d8717d39,9906bbd15a6b4a8b,
potato_bangladesh,Potato Leaf Disease Dataset/Bacterial Soft Rot/aug_0_7297.jpg,aug_0_7297.jpg,.jpg,12077,224,224,Bacterial Soft Rot,True,6baa19f8b9eb87210d8e77b88a28606c5e1f7dcf69e37ed319343a773bb62f30,840fb19d8b699c3d,
potato_bangladesh,Potato Leaf Disease Dataset/Bacterial Soft Rot/aug_0_1522.jpg,aug_0_1522.jpg,.jpg,14898,224,224,Bacterial Soft Rot,True,0a2d5121a872b564dc41217f1a3d72d574ce4df2cd3c059fb114804c5064e75b,be48c4f98693e685,
potato_bangladesh,Potato Leaf Disease Dataset/Bacterial Soft Rot/aug_0_3793.jpg,aug_0_3793.jpg,.jpg,12090,224,224,Bacterial Soft Rot,True,1124fb59ceeed68251414a64ed9f117a23e76d3bd9b1d38b5c1af96a139050b8,f399d046afc5506a,
potato_bangladesh,Potato Leaf Disease Dataset/Bacterial Soft Rot/aug_0_2217.jpg,aug_0_2217.jpg,.jpg,12682,224,224,Bacterial Soft Rot,True,26e3c5b71943db3bdc71fe122fc9da80e87ce91fb34f4e6ce183a920ce22caf9,f4c1c3863e7314ce,
potato_bangladesh,Potato Leaf Disease Dataset/Bacterial Soft Rot/aug_0_1775.jpg,aug_0_1775.jpg,.jpg,18882,224,224,Bacterial Soft Rot,True,edb5919f7c26070f971158b590aee00d39c2db34ac0f3630b0a6fd15b59f9df7,a4a73231bd25da3a,
potato_bangladesh,Potato Leaf Disease Dataset/Bacterial Soft Rot/aug_0_5640.jpg,aug_0_5640.jpg,.jpg,16109,224,224,Bacterial Soft Rot,True,af3d4a0e071afda58c4b6bbec6c81e1cd901341f478886c5fd59a1dfc659c585,a50fc1d7e1e26961,
potato_bangladesh,Potato Leaf Disease Dataset/Bacterial Soft Rot/aug_0_4903.jpg,aug_0_4903.jpg,.jpg,13441,224,224,Bacterial Soft Rot,True,208cf34a588c2b2b8b438b14e9051601d76bc6c5e639b3f983fa40f517c37de1,9341ff33d889e524,
potato_bangladesh,Potato Leaf Disease Dataset/Bacterial Soft Rot/aug_0_3932.jpg,aug_0_3932.jpg,.jpg,18552,224,224,Bacterial Soft Rot,True,1c0659d47c475b849b8599b9412ae46f4d2dcfb2b453a59584f7a64862970a8c,f6919d33ab224cb8,
potato_bangladesh,Potato Leaf Disease Dataset/Bacterial Soft Rot/aug_0_9890.jpg,aug_0_9890.jpg,.jpg,18749,224,224,Bacterial Soft Rot,True,101f859d9bda50ae0183c54e56eb21fa81c3bef13406e4b9f3c7bd3bba3350df,8f0ca4e464d3bba6,
potato_bangladesh,Potato Leaf Disease Dataset/Bacterial Soft Rot/aug_0_1685.jpg,aug_0_1685.jpg,.jpg,18012,224,224,Bacterial Soft Rot,True,73f7b668930af9ef9fdd96da8fa73a4cb20e4009bfb901e697952763436cddff,c4674c9ab5a92d5a,
potato_bangladesh,Potato Leaf Disease Dataset/Bacterial Soft Rot/aug_0_1617.jpg,aug_0_1617.jpg,.jpg,17909,224,224,Bacterial Soft Rot,True,c9292cef07d63ccc8d2e60ca600860589234bf172fcbf1236fe3b11097fd2472,e98929b34bac525e,
potato_bangladesh,Potato Leaf Disease Dataset/Bacterial Soft Rot/aug_0_3461.jpg,aug_0_3461.jpg,.jpg,14613,224,224,Bacterial Soft Rot,True,04225d2afe2de7f6daac659d0577e1a93ed92f6abe1ca72ee3c589d990ccdf5c,c86f3b44ce18bc8e,
potato_bangladesh,Potato Leaf Disease Dataset/Bacterial Soft Rot/aug_0_5171.jpg,aug_0_5171.jpg,.jpg,19102,224,224,Bacterial Soft Rot,True,f9f75a181bfddee8c35421383d2fc1078e82fd28cfe55207f88d180c01d224d9,f00943c9b27e8dce,
potato_bangladesh,Potato Leaf Disease Dataset/Bacterial Soft Rot/aug_0_3414.jpg,aug_0_3414.jpg,.jpg,11620,224,224,Bacterial Soft Rot,True,69e252bf9d225264d12ee486cce2fd4d9bff541dd505c8cb07988a0ad81835c2,d2e692d94d45751c,
potato_bangladesh,Potato Leaf Disease Dataset/Bacterial Soft Rot/aug_0_1218.jpg,aug_0_1218.jpg,.jpg,13380,224,224,Bacterial Soft Rot,True,956b8313caba69232af8d13d9240f06c1b7c5660b057b0359c102646e8400d4d,9b792c404f70c65f,
potato_bangladesh,Potato Leaf Disease Dataset/Bacterial Soft Rot/aug_0_5201.jpg,aug_0_5201.jpg,.jpg,11789,224,224,Bacterial Soft Rot,True,a363f7e55042c9f0f94c60fab3d78c23258932e84dad188370ff67d19ce65cf4,980fc7728e3d2d58,
potato_bangladesh,Potato Leaf Disease Dataset/Bacterial Soft Rot/aug_0_3230.jpg,aug_0_3230.jpg,.jpg,15968,224,224,Bacterial Soft Rot,True,8e23fe7f6907c7a75aead7a7d585ce217de2c66e2202e63934e91e982cad610e,f8657192c7e0c05f,
potato_bangladesh,Potato Leaf Disease Dataset/Bacterial Soft Rot/aug_0_4321.jpg,aug_0_4321.jpg,.jpg,17899,224,224,Bacterial Soft Rot,True,25b292a069cbdbd1b5d4957205780fb8cf04cba852504d2343c40b5bd0b2c7eb,de61a9809e889f5b,
potato_bangladesh,Potato Leaf Disease Dataset/Bacterial Soft Rot/aug_0_4567.jpg,aug_0_4567.jpg,.jpg,11427,224,224,Bacterial Soft Rot,True,d7a4ec3bfb6b4faa12ebaf2d10c4653325352a03bfcc1dc5cd9a9ed20b08074b,8e5cb37af03618a3,
potato_bangladesh,Potato Leaf Disease Dataset/Bacterial Soft Rot/aug_0_7120.jpg,aug_0_7120.jpg,.jpg,12326,224,224,Bacterial Soft Rot,True,f5856138d897bb43e789c95e6e2d3e03b7fd1fbbc62a9d8162eb70dd13b7bc63,8cfaba7651a438c3,
potato_bangladesh,Potato Leaf Disease Dataset/Bacterial Soft Rot/aug_0_6482.jpg,aug_0_6482.jpg,.jpg,15894,224,224,Bacterial Soft Rot,True,b9bdbdd35465358e8cf8036254d58506bcdd7a94e5545537e8b3c3f0b4d3cad8,859ecb7cace500f8,
potato_bangladesh,Potato Leaf Disease Dataset/Bacterial Soft Rot/aug_0_2033.jpg,aug_0_2033.jpg,.jpg,19946,224,224,Bacterial Soft Rot,True,7ce79c6afd8e8b5f815a8a33e9c49699babfd106719f44563c741648fd7cc354,c6114dd51b86bb99,
potato_bangladesh,Potato Leaf Disease Dataset/Bacterial Soft Rot/aug_0_951.jpg,aug_0_951.jpg,.jpg,12236,224,224,Bacterial Soft Rot,True,1c03367da5d896cd9694a6d0f3c11e584808d0cfb8f470e5033bfcd3aea4b6ec,d2960f5b925966b4,
potato_bangladesh,Potato Leaf Disease Dataset/Bacterial Soft Rot/aug_0_4795.jpg,aug_0_4795.jpg,.jpg,18453,224,224,Bacterial Soft Rot,True,726a98b9fc6a9a33ed727cd6dbbdc6f5cbd37ae0f18e2949a8bfffba5c9ef540,f9463e87a09197e4,
potato_bangladesh,Potato Leaf Disease Dataset/Bacterial Soft Rot/aug_0_9412.jpg,aug_0_9412.jpg,.jpg,12078,224,224,Bacterial Soft Rot,True,611ab60cf7637c421582773f13f11d37e20e23f2d70e82f49b91ee4e458ec0c0,c05bf13e7b8486f0,
potato_bangladesh,Potato Leaf Disease Dataset/Bacterial Soft Rot/aug_0_4029.jpg,aug_0_4029.jpg,.jpg,11840,224,224,Bacterial Soft Rot,True,f73846596e8a5160e17745f5bfb7f3f15b8150976001b1f6e05d98688dc9b894,cfdad0ad63464b84,
potato_bangladesh,Potato Leaf Disease Dataset/Bacterial Soft Rot/aug_0_8519.jpg,aug_0_8519.jpg,.jpg,15649,224,224,Bacterial Soft Rot,True,e6643842966072b6d9e68d777d2b6c4e769751c82a200db549465c0d73ce306b,b3c0e47848356f8f,
potato_bangladesh,Potato Leaf Disease Dataset/Bacterial Soft Rot/aug_0_334.jpg,aug_0_334.jpg,.jpg,20335,224,224,Bacterial Soft Rot,True,a2cecf2256cbac8288f5b4b8e59079027b6d11172127e9905f7006693b6cba0d,874ca2ab664a9ed5,
potato_bangladesh,Potato Leaf Disease Dataset/Bacterial Soft Rot/aug_0_8974.jpg,aug_0_8974.jpg,.jpg,11424,224,224,Bacterial Soft Rot,True,baf8b359d86aec3f096eb827dabc19fb97872b31d4f71467fd1d96fc4331fffc,d9dc35a5c41bb152,
potato_bangladesh,Potato Leaf Disease Dataset/Bacterial Soft Rot/aug_0_5398.jpg,aug_0_5398.jpg,.jpg,17697,224,224,Bacterial Soft Rot,True,5117910035ed9480017c3d0a107389791b614e16d151eeb35e674267301ca331,b3f63c58e5a9490c,
potato_bangladesh,Potato Leaf Disease Dataset/Bacterial Soft Rot/aug_0_8660.jpg,aug_0_8660.jpg,.jpg,14740,224,224,Bacterial Soft Rot,True,f14f86415b4f48728689a89e809dca9e7fa9e1edacaa55b686184d3e71da6fd1,b059fd3bb54a4a14,
potato_bangladesh,Potato Leaf Disease Dataset/Bacterial Soft Rot/aug_0_6704.jpg,aug_0_6704.jpg,.jpg,14424,224,224,Bacterial Soft Rot,True,984f0b064c4615502be1dc43b3711a8570b7d774a6916ad607f8e3c68fef4971,f7a299c769186255,
potato_bangladesh,Potato Leaf Disease Dataset/Bacterial Soft Rot/aug_0_2280.jpg,aug_0_2280.jpg,.jpg,14378,224,224,Bacterial Soft Rot,True,f98a288817747e63d6bd628a5290e2d8e07a562304a01e2e5d8b7e4d41b3fed1,ac193445e1ecd717,
potato_bangladesh,Potato Leaf Disease Dataset/Bacterial Soft Rot/aug_0_4177.jpg,aug_0_4177.jpg,.jpg,15314,224,224,Bacterial Soft Rot,True,45df9920b1d484dfe3021f882ce274a33f2d31191048b17779fb52224c0fb05e,b8b5d5ca1b166934,
potato_bangladesh,Potato Leaf Disease Dataset/Bacterial Soft Rot/aug_0_8821.jpg,aug_0_8821.jpg,.jpg,11871,224,224,Bacterial Soft Rot,True,e5cf37b386c524f14d2f276bf261c96f28b54a7fdbc2af3c2f3b7286a5a167ed,83a5e50eccd48c9f,
potato_bangladesh,Potato Leaf Disease Dataset/Bacterial Soft Rot/aug_0_352.jpg,aug_0_352.jpg,.jpg,13426,224,224,Bacterial Soft Rot,True,4e63e61dc511e6650e04abac1855961613a63176e86e3755a069eed254535605,dfd72e0691b85123,
potato_bangladesh,Potato Leaf Disease Dataset/Bacterial Soft Rot/aug_0_7229.jpg,aug_0_7229.jpg,.jpg,15480,224,224,Bacterial Soft Rot,True,3224d303170be4d1591981ad33a2c5de023e4b00ec25634f8e4c44a89df7a2dc,9daf53125964261f,
potato_bangladesh,Potato Leaf Disease Dataset/Bacterial Soft Rot/aug_0_7364.jpg,aug_0_7364.jpg,.jpg,18586,224,224,Bacterial Soft Rot,True,41d13eb99692f7a4a0bb6f0544141d21725b3ad309773974bd0a7a4e9d7901e9,a8ab1e69e79b5250,
potato_bangladesh,Potato Leaf Disease Dataset/Bacterial Soft Rot/aug_0_8531.jpg,aug_0_8531.jpg,.jpg,12744,224,224,Bacterial Soft Rot,True,05e09864fbf993fefe45abc74d18f4ae0e5d0325e392a4a31d6c1ce1ce0b2049,9f219d7e9213303b,
potato_bangladesh,Potato Leaf Disease Dataset/Bacterial Soft Rot/orig_5.jpg,orig_5.jpg,.jpg,13840,224,224,Bacterial Soft Rot,False,fc1e28388b2d48d199aea324869c21468ef19cbd79600d421b02e8b84cb26edb,8fe6983367769421,
potato_bangladesh,Potato Leaf Disease Dataset/Bacterial Soft Rot/aug_0_7383.jpg,aug_0_7383.jpg,.jpg,18679,224,224,Bacterial Soft Rot,True,4dd70599cb22d3576fa0fe8980896374d1a46cfc5eb2cbbefa2f7fefcc218b25,c4ca9b4fb4a7a099,
potato_bangladesh,Potato Leaf Disease Dataset/Bacterial Soft Rot/aug_0_2445.jpg,aug_0_2445.jpg,.jpg,14865,224,224,Bacterial Soft Rot,True,0a2fb7e9a608ba306a12a4c43dc888906698f5b8919f6fa84e30251020a69df3,cd68e780327e32a7,
potato_bangladesh,Potato Leaf Disease Dataset/Bacterial Soft Rot/aug_0_7085.jpg,aug_0_7085.jpg,.jpg,14449,224,224,Bacterial Soft Rot,True,b12f469dc5b40434b9e63f31a150288c1fba9a3657564eb84d85e3f1717181bc,f46ab5ce40554367,
potato_bangladesh,Potato Leaf Disease Dataset/Bacterial Soft Rot/aug_0_503.jpg,aug_0_503.jpg,.jpg,11874,224,224,Bacterial Soft Rot,True,2c4b5eeae6fc9d3f42a2b41ac6ae0e322162a8c83b85add0131d6344c2dff778,a4cebbf00a7f602a,
potato_bangladesh,Potato Leaf Disease Dataset/Bacterial Soft Rot/aug_0_3092.jpg,aug_0_3092.jpg,.jpg,12600,224,224,Bacterial Soft Rot,True,246940834d5c1b1930077c4cec49aac3e320889f8f0c917b472a4a41d0131f78,e5e6f24463e174b0,
potato_bangladesh,Potato Leaf Disease Dataset/Bacterial Soft Rot/aug_0_1602.jpg,aug_0_1602.jpg,.jpg,12458,224,224,Bacterial Soft Rot,True,24c3cc09f7591ff1fbefa3dff6940fef85ea4d99f3e166f4e5695f08af9b69ca,9407b89e8969cf3c,
potato_bangladesh,Potato Leaf Disease Dataset/Viral PVX/aug_0_4660.jpg,aug_0_4660.jpg,.jpg,15921,224,224,Viral PVX,True,b5a530eb17b62b0845a387db7a08c3ab9079c426dfa12cf8eca159f9cb23bc5d,9a05769d0fc67499,
potato_bangladesh,Potato Leaf Disease Dataset/Viral PVX/aug_0_4489.jpg,aug_0_4489.jpg,.jpg,14983,224,224,Viral PVX,True,d40cf54ebccfc286e9a101755bf6c4f2282fbbbc8104dfcbc0fae8a08a0b4f3d,c6b24c71b9915e69,
potato_bangladesh,Potato Leaf Disease Dataset/Viral PVX/aug_0_3940.jpg,aug_0_3940.jpg,.jpg,15363,224,224,Viral PVX,True,7d41b4896f73eb25fe03039662eb3c7a8a6c046bd9e798b0bd62486e618c3175,e7212d418bd2b6d6,
potato_bangladesh,Potato Leaf Disease Dataset/Viral PVX/aug_0_2157.jpg,aug_0_2157.jpg,.jpg,9560,224,224,Viral PVX,True,e4e0cab90dfb121613b7acc11e6337def9a173a9292e423083db401dbbff6a0a,b1b42492e6ea7a56,
potato_bangladesh,Potato Leaf Disease Dataset/Viral PVX/aug_0_1090.jpg,aug_0_1090.jpg,.jpg,12177,224,224,Viral PVX,True,719ae85554430da873378bbb6d3f2e2da0ede64a69dad1df20c59326152f52d1,cccc3088bc8e77e6,
potato_bangladesh,Potato Leaf Disease Dataset/Viral PVX/aug_0_9023.jpg,aug_0_9023.jpg,.jpg,10830,224,224,Viral PVX,True,ea598ed92f177d1f860821c95952c6aa746389339d490a51aa4ba15a328239ca,9a514ef32a0df1d2,
potato_bangladesh,Potato Leaf Disease Dataset/Viral PVX/aug_0_8279.jpg,aug_0_8279.jpg,.jpg,16970,224,224,Viral PVX,True,3c0dfff62ad88d8937951344298ca5983e239e1443e3fe87e3311a229461fbb2,d79634b22542d6e5,
potato_bangladesh,Potato Leaf Disease Dataset/Viral PVX/aug_0_5005.jpg,aug_0_5005.jpg,.jpg,15523,224,224,Viral PVX,True,6fc2343280ef313a58d5c2c85746f0010d3734c0f6cd19b4e4023af170783ae0,9be449166773c239,
potato_bangladesh,Potato Leaf Disease Dataset/Viral PVX/aug_0_7335.jpg,aug_0_7335.jpg,.jpg,16289,224,224,Viral PVX,True,eef76d9199f0f2dad6e24ab96e4c24f80797327b9141d3c0b1f53348821bdfc4,89c367f133fc4138,
potato_bangladesh,Potato Leaf Disease Dataset/Viral PVX/aug_0_5180.jpg,aug_0_5180.jpg,.jpg,17058,224,224,Viral PVX,True,3480596568fce795b21a3f5c4384fba11cf26da16e34c789d6f43d1320204bea,8f933ed02a172766,
potato_bangladesh,Potato Leaf Disease Dataset/Viral PVX/aug_0_3547.jpg,aug_0_3547.jpg,.jpg,15586,224,224,Viral PVX,True,958ecda8237f96b01783365d1786b6fba736f91516134c46c73bd28c27ddc9ad,db36996079d8d4a4,
potato_bangladesh,Potato Leaf Disease Dataset/Viral PVX/aug_0_5354.jpg,aug_0_5354.jpg,.jpg,15634,224,224,Viral PVX,True,720bda632c8b5406070adbc23ee7b7c45e92ef22536f22adfeb5c85e40c5371f,d66c355964d38d8a,
potato_bangladesh,Potato Leaf Disease Dataset/Viral PVX/aug_0_97.jpg,aug_0_97.jpg,.jpg,15452,224,224,Viral PVX,True,5228a62b471a778d550b114349b7c550442bef5dd396b4012b4dc5ae6e5c7963,eba532d16c27522e,
potato_bangladesh,Potato Leaf Disease Dataset/Viral PVX/aug_0_7782.jpg,aug_0_7782.jpg,.jpg,15757,224,224,Viral PVX,True,364c06b77324acac27d15d3187a848c921a419e63b17a63a765ee158d79abddf,f4ca65866b862af4,
potato_bangladesh,Potato Leaf Disease Dataset/Viral PVX/aug_0_5313.jpg,aug_0_5313.jpg,.jpg,16436,224,224,Viral PVX,True,58c1abaa1454a38baffc8699409e51b1e5ad40cf1a0e67a67e8f58974b4dafdd,81af718730537cd3,
potato_bangladesh,Potato Leaf Disease Dataset/Viral PVX/aug_0_8869.jpg,aug_0_8869.jpg,.jpg,11352,224,224,Viral PVX,True,b869700c334930b309059c9ffe678204367af5bd1851d738ce78d1531d918df0,cd4a2b15de1d3391,
potato_bangladesh,Potato Leaf Disease Dataset/Viral PVX/aug_0_454.jpg,aug_0_454.jpg,.jpg,14960,224,224,Viral PVX,True,d947715b9b90d1d44255188f65f11975b2f49af3e092c4a9aaf8bd1d2528e596,d59456a0956cebd4,
potato_bangladesh,Potato Leaf Disease Dataset/Viral PVX/aug_0_3085.jpg,aug_0_3085.jpg,.jpg,15632,224,224,Viral PVX,True,29fa70d8ae5d1fdb1e4a3e0165b3601591f12d2656ef89a06ccab1081a50de4c,a2e7c787a8c75063,
potato_bangladesh,Potato Leaf Disease Dataset/Viral PVX/aug_0_6206.jpg,aug_0_6206.jpg,.jpg,15922,224,224,Viral PVX,True,87a05b94431bb2f4161efb39525e1126160d1e49fa4590eb1206252a02fd6e45,8d1d0fcce97f080d,
potato_bangladesh,Potato Leaf Disease Dataset/Viral PVX/aug_0_2518.jpg,aug_0_2518.jpg,.jpg,11826,224,224,Viral PVX,True,b46578246c728f8f28888300aa9f182f43690edb08d630679f2f186ececaa4a1,de0971c0a771db2c,
potato_bangladesh,Potato Leaf Disease Dataset/Viral PVX/aug_0_248.jpg,aug_0_248.jpg,.jpg,15032,224,224,Viral PVX,True,74ebb4803dcd76a38cec35a9792e7c0b8bf988297558765d1c5a4ba2604e1c0f,87a30bf66c201f5e,
potato_bangladesh,Potato Leaf Disease Dataset/Viral PVX/aug_0_8415.jpg,aug_0_8415.jpg,.jpg,10660,224,224,Viral PVX,True,6483ddb9238a4916d3d6680a38f0d450a8630c82c7d321007398605c746b8de1,969c4c4c0db2f33b,
potato_bangladesh,Potato Leaf Disease Dataset/Viral PVX/aug_0_2265.jpg,aug_0_2265.jpg,.jpg,11361,224,224,Viral PVX,True,932704d295f94c2e8637b6bdb62fcda2a6456ffc2f345e39f40e7a125f2d3af7,963929aaf3281dd6,
potato_bangladesh,Potato Leaf Disease Dataset/Viral PVX/aug_0_5871.jpg,aug_0_5871.jpg,.jpg,11662,224,224,Viral PVX,True,454abfcdf338e819ee78812d640bcac7af516824fd0b6d2926a0e42382bcde15,8d996ce4ecc8c96c,
potato_bangladesh,Potato Leaf Disease Dataset/Viral PVX/aug_0_200.jpg,aug_0_200.jpg,.jpg,16372,224,224,Viral PVX,True,ebe4e18b5f750524b9d12a203833e096cd1fa60b657c7e09c2250130584cbdff,c64e4f4c332d2c4f,
potato_bangladesh,Potato Leaf Disease Dataset/Viral PVX/aug_0_9555.jpg,aug_0_9555.jpg,.jpg,16352,224,224,Viral PVX,True,d1cca6451ac972daf54f9de1754df54cd11125825025cd2587aea1a9fab6499a,d2b603ae3da21bd4,
potato_bangladesh,Potato Leaf Disease Dataset/Viral PVX/aug_0_8968.jpg,aug_0_8968.jpg,.jpg,14378,224,224,Viral PVX,True,1893e1b202ffd475c0682cf7173b93b19dd4e8a4e27d3d7b357fe85e3d01c81e,d69921a2ea52aeea,
potato_bangladesh,Potato Leaf Disease Dataset/Viral PVX/aug_0_5516.jpg,aug_0_5516.jpg,.jpg,17361,224,224,Viral PVX,True,df4f65b0860efb4202743ec9056916d15e6e3864134271171cb7b5b46381f5c9,9a081d2dcfe8a15f,
potato_bangladesh,Potato Leaf Disease Dataset/Viral PVX/aug_0_3382.jpg,aug_0_3382.jpg,.jpg,15926,224,224,Viral PVX,True,54686a458688a3558b770237af98c8fd6d65545e9bf33d769130f529009077ee,d5c921da6d566916,
potato_bangladesh,Potato Leaf Disease Dataset/Viral PVX/aug_0_1249.jpg,aug_0_1249.jpg,.jpg,15149,224,224,Viral PVX,True,847b87bba9c7816460d2540f460f12eabea1da86536d9e6ec73fd8dd70a620e0,b48278c69d71e66c,
potato_bangladesh,Potato Leaf Disease Dataset/Viral PVX/aug_0_3396.jpg,aug_0_3396.jpg,.jpg,17523,224,224,Viral PVX,True,6d52fe182a3381ea6353a7248ac557f035691c3d060244a0b88a86d76a2b7cc7,e6df14a1396954aa,
potato_bangladesh,Potato Leaf Disease Dataset/Viral PVX/aug_0_1332.jpg,aug_0_1332.jpg,.jpg,17333,224,224,Viral PVX,True,f3a330d66cf3578cdc2ccf37d6b2981ede58e6ec67e7386bf6e1ee3af9d5fe5c,d9dbabc25a820f31,
potato_bangladesh,Potato Leaf Disease Dataset/Viral PVX/aug_0_9358.jpg,aug_0_9358.jpg,.jpg,15477,224,224,Viral PVX,True,e0a3ab20579ba4f27e8d97971e7af8b9134a7834c213865fec67b9f4b9eafb63,dbe632d822eca48d,
potato_bangladesh,Potato Leaf Disease Dataset/Viral PVX/aug_0_5388.jpg,aug_0_5388.jpg,.jpg,16681,224,224,Viral PVX,True,e3555cc2fdf16a5ff8c57e5493c2603ea3d7dc92104e5afb39b31de50a8cd3ce,faac2abd064934c7,
potato_bangladesh,Potato Leaf Disease Dataset/Viral PVX/aug_0_4540.jpg,aug_0_4540.jpg,.jpg,15390,224,224,Viral PVX,True,715427b430d0ce1b9123583b9d632493cb38a448cdbf3d012ad700c77a7321ed,827ce0cd79ce1c8b,
potato_bangladesh,Potato Leaf Disease Dataset/Viral PVX/aug_0_1296.jpg,aug_0_1296.jpg,.jpg,16822,224,224,Viral PVX,True,832b09da5769e2dedb2e2fcea15bd3a9f72675dff9a969f9c74dc4749ff1c76e,d01627f42af5143f,
potato_bangladesh,Potato Leaf Disease Dataset/Viral PVX/aug_0_6804.jpg,aug_0_6804.jpg,.jpg,15729,224,224,Viral PVX,True,38990de9abaeab97cf9623f6df5bc0b63ba6af94903797b21ab9b4bbed78fdfd,9c757d3d061b1869,
potato_bangladesh,Potato Leaf Disease Dataset/Viral PVX/aug_0_6504.jpg,aug_0_6504.jpg,.jpg,15862,224,224,Viral PVX,True,fbd39ae78df2c912d170df8f16fa2ecfc8a8f0f6cdb729cc4854389d4d6dad31,807e3b1f1f03a327,
potato_bangladesh,Potato Leaf Disease Dataset/Viral PVX/aug_0_2715.jpg,aug_0_2715.jpg,.jpg,16637,224,224,Viral PVX,True,b92869b8ee10821b85d7563a4f9a9a74041def7760f348785686eef2d41aa36e,d76b325e269a891a,
potato_bangladesh,Potato Leaf Disease Dataset/Viral PVX/aug_0_3526.jpg,aug_0_3526.jpg,.jpg,14132,224,224,Viral PVX,True,2d09f90d1104dc7797593502d73cf1f4965ace0b934f0c5b8d257c1ccc7ed45c,834572727bd81cdc,
potato_bangladesh,Potato Leaf Disease Dataset/Viral PVX/aug_0_5115.jpg,aug_0_5115.jpg,.jpg,15424,224,224,Viral PVX,True,f2be6e6f6adecb77bb1fd4a62267da200f760e59b442ec45c3c5a0b0f415b6d1,ca2a6b5297b4e949,
potato_bangladesh,Potato Leaf Disease Dataset/Viral PVX/aug_0_8747.jpg,aug_0_8747.jpg,.jpg,16773,224,224,Viral PVX,True,f0c0062a29c26eb16b5d1a6b68981252282327ec2c667d8848db368d2f391802,a9f67d425cd09782,
potato_bangladesh,Potato Leaf Disease Dataset/Viral PVX/aug_0_1749.jpg,aug_0_1749.jpg,.jpg,11378,224,224,Viral PVX,True,6194637913c6023e0e1a363884f53be450ea10e40f743b37b1ebac25b5b86842,9700e3ee43b7cc13,
potato_bangladesh,Potato Leaf Disease Dataset/Viral PVX/aug_0_8863.jpg,aug_0_8863.jpg,.jpg,16385,224,224,Viral PVX,True,b078ca4a9b340e71187ad19ae1be4306066ad401eb07805af6fc8f364ed00a5a,c9ae52eaada1534a,
potato_bangladesh,Potato Leaf Disease Dataset/Viral PVX/aug_0_6165.jpg,aug_0_6165.jpg,.jpg,15663,224,224,Viral PVX,True,138df13fe040b11a8aff9d37b52cb7f0d00f5e39a5cde01b36fb338ca59a3502,de931ab23333a493,
potato_bangladesh,Potato Leaf Disease Dataset/Viral PVX/aug_0_9045.jpg,aug_0_9045.jpg,.jpg,11112,224,224,Viral PVX,True,a34fedaaae327774823f98da451145a5edcadbc67179fe124982b809efafbf24,9d7907fc814facc0,
potato_bangladesh,Potato Leaf Disease Dataset/Viral PVX/aug_0_9110.jpg,aug_0_9110.jpg,.jpg,17869,224,224,Viral PVX,True,0301d2e24c255a8958ac55a73953f4244ad9f9ed2cb293c1214fad86b9fd54ce,fc947d432d582b70,
potato_bangladesh,Potato Leaf Disease Dataset/Viral PVX/aug_0_9691.jpg,aug_0_9691.jpg,.jpg,15296,224,224,Viral PVX,True,792e063fc94d7a90623549d1923227c0cfccbb0db056ab4dd4cb5ad43101bcf6,d7a52d25688959b3,
potato_bangladesh,Potato Leaf Disease Dataset/Viral PVX/aug_0_1328.jpg,aug_0_1328.jpg,.jpg,11276,224,224,Viral PVX,True,3f79caf9fc1ed1e03fe365ef8df9d38a3c3f06b894e2d4094fd8b9d1551ee9a7,dcd4343776cc8269,
potato_bangladesh,Potato Leaf Disease Dataset/Viral PVX/aug_0_3533.jpg,aug_0_3533.jpg,.jpg,15133,224,224,Viral PVX,True,9244ec2eeffeb2fd34e2ae9bdc8fee5930f597c95763f7a0f37fa196b04d91e7,8007e9e333f389f1,
potato_bangladesh,Potato Leaf Disease Dataset/Viral PVX/aug_0_5775.jpg,aug_0_5775.jpg,.jpg,16230,224,224,Viral PVX,True,474ad324634b8886847513bd6e5cf79b41bf13e95a2b76d642b2290fbcecaa1f,b976715842579347,
potato_bangladesh,Potato Leaf Disease Dataset/Viral PVX/aug_0_2833.jpg,aug_0_2833.jpg,.jpg,16688,224,224,Viral PVX,True,06de5db4432b575bc4a04fdcc032d1794c3c5e6abd7cfea497a226241d02f5ae,9c7dfd6f0f090901,
potato_bangladesh,Potato Leaf Disease Dataset/Viral PVX/aug_0_9707.jpg,aug_0_9707.jpg,.jpg,14059,224,224,Viral PVX,True,8f4bc54c0a09eec6c8525c3ea34ed051164e6053cdc4419791e48d517db3743d,da3c5960adc4665b,
potato_bangladesh,Potato Leaf Disease Dataset/Viral PVX/aug_0_8606.jpg,aug_0_8606.jpg,.jpg,10798,224,224,Viral PVX,True,02e7c2ae797d6046b2e03efd2de547b46b79ba776e74c48ebd4f8651c1229d03,c22d1386acfe7361,
potato_bangladesh,Potato Leaf Disease Dataset/Viral PVX/aug_0_3710.jpg,aug_0_3710.jpg,.jpg,16167,224,224,Viral PVX,True,eee44c46709fda94b5fbe912a7ca91d8805dd815f33abc2a8cbdbffcfd882e7e,db72535cb90a8a4d,
potato_bangladesh,Potato Leaf Disease Dataset/Viral PVX/aug_0_3137.jpg,aug_0_3137.jpg,.jpg,15946,224,224,Viral PVX,True,acc0ed9f3cd6e9d75c361aa8adf747c4a78f005532b7af9af5cd468f4525435b,d657289568b44bad,
potato_bangladesh,Potato Leaf Disease Dataset/Viral PVX/aug_0_972.jpg,aug_0_972.jpg,.jpg,16824,224,224,Viral PVX,True,0f853884e144086aed8dbcddde4f124dca85a55c785717361a1153fdf72db277,82ad529e8f53782e,
potato_bangladesh,Potato Leaf Disease Dataset/Viral PVX/orig_2.jpg,orig_2.jpg,.jpg,20447,224,224,Viral PVX,False,9f53653414e9eda8c1f7a768730d8b69aa6e0aebc95682b7f0880ae8e10d328b,cea325d23d9019de,
potato_bangladesh,Potato Leaf Disease Dataset/Viral PVX/aug_0_6390.jpg,aug_0_6390.jpg,.jpg,16549,224,224,Viral PVX,True,06f8caf75783d8ddb3768da1d51d22086be726ef9a48359f3d18ab944750c1b8,e4592561293f3b93,
potato_bangladesh,Potato Leaf Disease Dataset/Viral PVX/aug_0_5099.jpg,aug_0_5099.jpg,.jpg,11920,224,224,Viral PVX,True,87b1240a4f510f04a409cfb96d654e9197b8170c9e69669e4d4f24394008627f,8fab63560c5c3c9c,
potato_bangladesh,Potato Leaf Disease Dataset/Viral PVX/aug_0_4818.jpg,aug_0_4818.jpg,.jpg,16095,224,224,Viral PVX,True,7fb9e0ba47db264ae1a85643a1b38247d855d80e365ef9a3220485e558d4c879,889d3ad1342bf137,
potato_bangladesh,Potato Leaf Disease Dataset/Viral PVX/aug_0_643.jpg,aug_0_643.jpg,.jpg,16211,224,224,Viral PVX,True,6158b677b362e5a7d5624c78e93f9c20024cdf62d6e3ecd30b977e907ace1d44,dd1b313a27768325,
potato_bangladesh,Potato Leaf Disease Dataset/Viral PVX/aug_0_837.jpg,aug_0_837.jpg,.jpg,16272,224,224,Viral PVX,True,14ac2c0aa50beddd8dcbff63909eb2edb71c3f6d0bae336152cf359f9fd51f94,b4823fd02f36494f,
potato_bangladesh,Potato Leaf Disease Dataset/Viral PVX/aug_0_806.jpg,aug_0_806.jpg,.jpg,15278,224,224,Viral PVX,True,5f71b34c389b1ef5395b366dca38b286dc2430d2587668c0a033292b3cff1a44,db1b13350a2ed45b,
potato_bangladesh,Potato Leaf Disease Dataset/Viral PVX/aug_0_8619.jpg,aug_0_8619.jpg,.jpg,16679,224,224,Viral PVX,True,a0609c20530df447692cfcd872941fa35bde43833d4cc182cbf7f5996cfe8d8e,86027610787dfc7e,
potato_bangladesh,Potato Leaf Disease Dataset/Viral PVX/aug_0_400.jpg,aug_0_400.jpg,.jpg,15869,224,224,Viral PVX,True,4bfa8313c31f57c19f51f22140ace8000321a786ee583fe28970a04f3dd218f6,958ee86d94162e8f,
potato_bangladesh,Potato Leaf Disease Dataset/Viral PVX/aug_0_1615.jpg,aug_0_1615.jpg,.jpg,15981,224,224,Viral PVX,True,994d5b4b6664f74a76dcde12c6530d53bea283817efee667f6807a3293197b44,cde3a5553ba2298c,
potato_bangladesh,Potato Leaf Disease Dataset/Viral PVX/aug_0_7618.jpg,aug_0_7618.jpg,.jpg,11438,224,224,Viral PVX,True,c39c86b2bdd036ac275376499a10e2a5121c94f91486f49ecaadd85a08cbbb90,9e0173c08d6773f2,
potato_bangladesh,Potato Leaf Disease Dataset/Viral PVX/aug_0_421.jpg,aug_0_421.jpg,.jpg,16686,224,224,Viral PVX,True,643926fe7c1e580ee780b7e27e728e97b567a222efc558e1d934ed0d6abcdfce,d2c937d3425ac374,
potato_bangladesh,Potato Leaf Disease Dataset/Viral PVX/aug_0_2474.jpg,aug_0_2474.jpg,.jpg,16319,224,224,Viral PVX,True,e99162a56046e6ee21a2df2617c73605a2afad8e3dd8f5264072a5ca6e15c67c,d701310f39735af1,
potato_bangladesh,Potato Leaf Disease Dataset/Viral PVX/aug_0_6625.jpg,aug_0_6625.jpg,.jpg,11903,224,224,Viral PVX,True,f3fda7edf4f73d10137d75341b7dc00a2e63acbc01d0198d2cef32a81dfeca92,dcbcc286be630617,
potato_bangladesh,Potato Leaf Disease Dataset/Viral PVX/aug_0_5679.jpg,aug_0_5679.jpg,.jpg,12083,224,224,Viral PVX,True,ad89f914c21e7764cbb5349e8e12834c7595cff9ace57f2749011e96e1d626ac,82c2365555d9e9a7,
potato_bangladesh,Potato Leaf Disease Dataset/Viral PVX/aug_0_5662.jpg,aug_0_5662.jpg,.jpg,17494,224,224,Viral PVX,True,a803d95c7222ffbedd0ef4c7ca6840463f0ae9f310fa0f78c44a6a9b44f1eb33,aed62d944af51266,
potato_bangladesh,Potato Leaf Disease Dataset/Viral PVX/aug_0_3731.jpg,aug_0_3731.jpg,.jpg,15434,224,224,Viral PVX,True,a9c376c974ca8ccc21bbd3f56910c9af9145abfa60d740a8e1831692e6c44a4b,819b17397367cc23,
potato_bangladesh,Potato Leaf Disease Dataset/Viral PVX/aug_0_3026.jpg,aug_0_3026.jpg,.jpg,17542,224,224,Viral PVX,True,b1b91a880a313be47fb4cdf6c7f84310ed35ebef6ca6e148ea3b7bade97baf46,83e205855be07dee,
potato_bangladesh,Potato Leaf Disease Dataset/Viral PVX/aug_0_40.jpg,aug_0_40.jpg,.jpg,16347,224,224,Viral PVX,True,8f64ecaa6eef001e6543dbbf000df8234fbfb7a36e805668269596a48aa51afb,808f7cca965c0bfa,
potato_bangladesh,Potato Leaf Disease Dataset/Viral PVX/aug_0_2494.jpg,aug_0_2494.jpg,.jpg,14858,224,224,Viral PVX,True,347ae24973615a19d92dc3931339d252204adb0e294a625aac60b75b5942f8a9,9de3c9132516ee54,
potato_bangladesh,Potato Leaf Disease Dataset/Viral PVX/aug_0_9565.jpg,aug_0_9565.jpg,.jpg,15067,224,224,Viral PVX,True,f1bf18ac53c0aa397542c6c45b980f701cc144b8c2ee64b69b81c724e3c98446,9c7efd2f46070541,
potato_bangladesh,Potato Leaf Disease Dataset/Viral PVX/aug_0_3863.jpg,aug_0_3863.jpg,.jpg,14402,224,224,Viral PVX,True,63ce7a69cf897e44242d17c521d7b4c21e36136f5b9d44a03e3ee06cea4e8a56,d6313627648c5be9,
potato_bangladesh,Potato Leaf Disease Dataset/Viral PVX/aug_0_3484.jpg,aug_0_3484.jpg,.jpg,15902,224,224,Viral PVX,True,abe3f7199127e26f2cfa8d362cda020809f6cdb0b4ba81c5e194a7f5e54f8057,8e4e66677a225770,
potato_bangladesh,Potato Leaf Disease Dataset/Viral PVX/aug_0_6264.jpg,aug_0_6264.jpg,.jpg,16857,224,224,Viral PVX,True,7935354db740b07770f3aec9cfedfac9f1cd735df4e3a5a0b5628318c474dd07,8b413358c373f956,
potato_bangladesh,Potato Leaf Disease Dataset/Viral PVX/aug_0_5055.jpg,aug_0_5055.jpg,.jpg,15787,224,224,Viral PVX,True,70520b43aeb8a3231c9d68675bde8a27f72f30bc0f630e835065c1007bcb9a5d,8d07c4f9d242fa39,
potato_bangladesh,Potato Leaf Disease Dataset/Viral PVX/aug_0_9787.jpg,aug_0_9787.jpg,.jpg,15704,224,224,Viral PVX,True,797f756ff8d6c7ef99a02977c3117939ce6d07dd5e94b990a07aa179ff9c87fc,846361797b785c69,
potato_bangladesh,Potato Leaf Disease Dataset/Viral PVX/aug_0_420.jpg,aug_0_420.jpg,.jpg,11589,224,224,Viral PVX,True,2d478d334409e5adc36f83631bca27ac4d32ee2ae2f5167fbfbf7b6c61207adf,847b6816b02fdc37,
potato_bangladesh,Potato Leaf Disease Dataset/Viral PVX/aug_0_7106.jpg,aug_0_7106.jpg,.jpg,14893,224,224,Viral PVX,True,0db30ed4a84fdc59cfa4ec86269a14f09ba4967fa215a4ccadc5be68764bc75e,d98b599ca97150ad,
potato_bangladesh,Potato Leaf Disease Dataset/Viral PVX/aug_0_2109.jpg,aug_0_2109.jpg,.jpg,16251,224,224,Viral PVX,True,8be14e43b6c3754d3bf93d489a1437f42916125a39915d299f5c938f06d093cc,8eb66fe84adcc288,
potato_bangladesh,Potato Leaf Disease Dataset/Viral PVX/aug_0_2606.jpg,aug_0_2606.jpg,.jpg,16784,224,224,Viral PVX,True,a456ce340fae3d37ee746ae19dfc0838fa54fda0cbf6107ed72fefe46e4e6a45,8ab84739f3c9871a,
potato_bangladesh,Potato Leaf Disease Dataset/Viral PVX/aug_0_9389.jpg,aug_0_9389.jpg,.jpg,15776,224,224,Viral PVX,True,17d68f853ac1cf41419fd6ea4e97dd9b7b60e9a1ca8fcf853a5c8f4c18f702e6,e3d3749f08ad5438,
potato_bangladesh,Potato Leaf Disease Dataset/Viral PVX/aug_0_1291.jpg,aug_0_1291.jpg,.jpg,14716,224,224,Viral PVX,True,c86ad0008d3d6812f91eb917b400528a87d1cb9bef40891c6da1bfbc99c71d5a,e1a5256888dbb3ec,
potato_bangladesh,Potato Leaf Disease Dataset/Viral PVX/aug_0_7561.jpg,aug_0_7561.jpg,.jpg,11740,224,224,Viral PVX,True,fd1b25867eb79f5ee1f509e39691b71571ae6f27418a44c2bab9e3158956938f,9b4cc338059ae6f5,
potato_bangladesh,Potato Leaf Disease Dataset/Viral PVX/aug_0_6553.jpg,aug_0_6553.jpg,.jpg,17343,224,224,Viral PVX,True,d086749fe47988152f2f68a466123ad98bf50424ea2eefb93a095407f6b465c2,81931f3322778edc,
potato_bangladesh,Potato Leaf Disease Dataset/Viral PVX/aug_0_1135.jpg,aug_0_1135.jpg,.jpg,16853,224,224,Viral PVX,True,e54729fd4c283866f13eaff77f2d3d55bca3e0ba180bb225d527e8daddbe39f8,e82cae87c3bc5323,
potato_bangladesh,Potato Leaf Disease Dataset/Viral PVX/aug_0_582.jpg,aug_0_582.jpg,.jpg,16020,224,224,Viral PVX,True,8788bc2d6b3db8a71aa483afa1462e65095347bcacf00ba35e8ec71be67d3775,984d4d447ce62eea,
potato_bangladesh,Potato Leaf Disease Dataset/Viral PVX/aug_0_9279.jpg,aug_0_9279.jpg,.jpg,17456,224,224,Viral PVX,True,f0331480a4797f3fe3a363087e1b9b5bddecc888972e1209bdb3099556ad58fb,d12821e3ea0956ff,
potato_bangladesh,Potato Leaf Disease Dataset/Viral PVX/aug_0_8342.jpg,aug_0_8342.jpg,.jpg,15099,224,224,Viral PVX,True,a999699f159eba4b17df905b43fb71e3e04041c5fec2b2d7f5f160d878f85e8e,92f0703d5c0ce78f,
potato_bangladesh,Potato Leaf Disease Dataset/Viral PVX/aug_0_4620.jpg,aug_0_4620.jpg,.jpg,17507,224,224,Viral PVX,True,992056d16efecb260dd926af89a6b2ffcda8282a6692a435adf9f091b73fa423,81e74bc450fea3d4,
potato_bangladesh,Potato Leaf Disease Dataset/Viral PVX/aug_0_5774.jpg,aug_0_5774.jpg,.jpg,15606,224,224,Viral PVX,True,e79cc2dcf7816b8899160eb9cee7ce86372d3d7594c9a7abb984161034441ad2,84b86e1e638feb0c,
potato_bangladesh,Potato Leaf Disease Dataset/Viral PVX/aug_0_2127.jpg,aug_0_2127.jpg,.jpg,15690,224,224,Viral PVX,True,80d98ba25718e5a5899faf446544f6a68e9543fba9617821ee074c88fb2cee8c,91371512c1f9be0f,
potato_bangladesh,Potato Leaf Disease Dataset/Viral PVX/aug_0_9944.jpg,aug_0_9944.jpg,.jpg,15146,224,224,Viral PVX,True,218465377df92a56718017ab94f6d25a4a04fd7ddde6cd5df45874019028f929,ba86024dddfd016d,
potato_bangladesh,Potato Leaf Disease Dataset/Viral PVX/aug_0_5986.jpg,aug_0_5986.jpg,.jpg,16359,224,224,Viral PVX,True,a5192928d0e9dfa3c33a40d22529758b8a4ba907c068dc8bfe97cbde395f658e,9c795f0a031871fe,
potato_bangladesh,Potato Leaf Disease Dataset/Viral PVX/aug_0_3971.jpg,aug_0_3971.jpg,.jpg,15499,224,224,Viral PVX,True,94b7b042c98cb1ff65e03a52ef58d50f1a7d1155e75326faec928c470de3c20b,c4944ebc9753a9a5,
potato_bangladesh,Potato Leaf Disease Dataset/Viral PVX/aug_0_4442.jpg,aug_0_4442.jpg,.jpg,16050,224,224,Viral PVX,True,ca00349233d14eeb29ff7befa40c4d6e8df03900ade5fd6ba38f5ea26153e9ff,d7e3e5112a398e58,
potato_bangladesh,Potato Leaf Disease Dataset/Viral PVX/aug_0_2454.jpg,aug_0_2454.jpg,.jpg,16288,224,224,Viral PVX,True,b69cf489f0e27779cc53ce156d7ba43dfc440de4562224bb7781ffbcf6a67654,d456b5a551a7546c,
potato_bangladesh,Potato Leaf Disease Dataset/Viral PVX/aug_0_5189.jpg,aug_0_5189.jpg,.jpg,11701,224,224,Viral PVX,True,5d6e8188cc71abcd87cfa6608b3b7c70e292def0d4675cce490a14c97fbe3922,bb6c4816db25d2e1,
potato_bangladesh,Potato Leaf Disease Dataset/Viral PVX/aug_0_6234.jpg,aug_0_6234.jpg,.jpg,15827,224,224,Viral PVX,True,59b662955356fd04681a1c5f9eb3eab769e56c1957bdd1176041404e27050e8a,de5d3c033d236a38,
potato_bangladesh,Potato Leaf Disease Dataset/Viral PVX/aug_0_9948.jpg,aug_0_9948.jpg,.jpg,15489,224,224,Viral PVX,True,d8b43bbbfecefc11306966f1636288c6f35630ad62c22ae4dc2f87e203910d86,9f7b3b0f02e0fc40,
potato_bangladesh,Potato Leaf Disease Dataset/Viral PVX/aug_0_6517.jpg,aug_0_6517.jpg,.jpg,14875,224,224,Viral PVX,True,3c29cfa134d98944f69ab3b65571f67ce1309364ed2d090de31c48a08288e91d,d63034246c8ddb5f,
potato_bangladesh,Potato Leaf Disease Dataset/Viral PVX/aug_0_6215.jpg,aug_0_6215.jpg,.jpg,11617,224,224,Viral PVX,True,d426f74808aeeef9d4156c2f17e0809b745c872f5234e32d2affb370c5b67094,9e9c4ccc09197b79,
potato_bangladesh,Potato Leaf Disease Dataset/Viral PVX/aug_0_16.jpg,aug_0_16.jpg,.jpg,16322,224,224,Viral PVX,True,1d8bed8c6e64205565a62cee99ceadf61aefe80cd2660aad56e62f7a98768335,df013b0f38626af8,
potato_bangladesh,Potato Leaf Disease Dataset/Viral PVX/aug_0_1518.jpg,aug_0_1518.jpg,.jpg,17045,224,224,Viral PVX,True,38ea22506e10c01dbc23211dcd1d4f6c1d5d4b641df04bef96e97e25048632f4,d5a1158455fddb18,
potato_bangladesh,Potato Leaf Disease Dataset/Viral PVX/aug_0_2118.jpg,aug_0_2118.jpg,.jpg,15265,224,224,Viral PVX,True,408a6a2c3811dc6b346c24a5623837ee8b0d4e4b216137fdce0906544cf383e8,cad14ead95ca6926,
potato_bangladesh,Potato Leaf Disease Dataset/Viral PVX/aug_0_7510.jpg,aug_0_7510.jpg,.jpg,17692,224,224,Viral PVX,True,6615daf3b15287d285f9ed0c4b0f2742eb0d94f8a8f071c0dc70b2c85a9ce3c3,f9912a5117a743b9,
potato_bangladesh,Potato Leaf Disease Dataset/Viral PVX/aug_0_8024.jpg,aug_0_8024.jpg,.jpg,16375,224,224,Viral PVX,True,16b95133ec7e07ba70fbd557a6e0dbd397af7537f5e5be474c29afddeceb529d,85315efa7858d54a,
potato_bangladesh,Potato Leaf Disease Dataset/Viral PVX/aug_0_9446.jpg,aug_0_9446.jpg,.jpg,15173,224,224,Viral PVX,True,23555da18e21518ce70982cba50e6dd52e16642ab5e39f53a23e939dcdf082e5,e9905f5f5f47a010,
potato_bangladesh,Potato Leaf Disease Dataset/Viral PVX/aug_0_3365.jpg,aug_0_3365.jpg,.jpg,16296,224,224,Viral PVX,True,5986cc9d990cca68c87c7fafce185d22e75411b55474f4d87b49cee5aeff2cfd,f982705b46545c6f,
potato_bangladesh,Potato Leaf Disease Dataset/Viral PVX/aug_0_7595.jpg,aug_0_7595.jpg,.jpg,15519,224,224,Viral PVX,True,e70026d94c772b247b76ca0203b27c5eac70ff66e48d3e31d1301d52b41082a4,93e713e7909179c4,
potato_bangladesh,Potato Leaf Disease Dataset/Viral PVX/aug_0_9384.jpg,aug_0_9384.jpg,.jpg,17249,224,224,Viral PVX,True,2c2a5c75bf70156b0896ed57d0fc3bacd90d954349a77de54862c131a17358b9,99594d4b7467bd01,
potato_bangladesh,Potato Leaf Disease Dataset/Viral PVX/aug_0_3220.jpg,aug_0_3220.jpg,.jpg,15495,224,224,Viral PVX,True,25bc702dfe409abfbe40596542bc4b5f234036f415ce6babec5a648da6a2926c,9243f3f803eb3c0b,
potato_bangladesh,Potato Leaf Disease Dataset/Viral PVX/aug_0_2161.jpg,aug_0_2161.jpg,.jpg,15538,224,224,Viral PVX,True,159731c8519db2004baadbd8d2588f94c81f520f6170b58ebd7dcd4795ce988c,8e4c55edc17ea843,
potato_bangladesh,Potato Leaf Disease Dataset/Viral PVX/aug_0_1771.jpg,aug_0_1771.jpg,.jpg,16986,224,224,Viral PVX,True,1dd0771a7d6654ec2d18de8d53db3ccf5fe833ef15f93265e2558e932f2e6154,d9e45be30ad056b4,
potato_bangladesh,Potato Leaf Disease Dataset/Viral PVX/aug_0_5910.jpg,aug_0_5910.jpg,.jpg,11287,224,224,Viral PVX,True,eb079c5806d2ea212211060c6226d513e5a3f1a186bc9988b6cb53434770fc1c,d9d1a53674b818cb,
potato_bangladesh,Potato Leaf Disease Dataset/Viral PVX/aug_0_2650.jpg,aug_0_2650.jpg,.jpg,18191,224,224,Viral PVX,True,dd29da18c7a7dcbf8ef0640a94e63ef3b4a9cdb3d68c43a23ae4271804f18b35,db3c7b1727228d41,
potato_bangladesh,Potato Leaf Disease Dataset/Viral PVX/aug_0_9967.jpg,aug_0_9967.jpg,.jpg,15262,224,224,Viral PVX,True,9e6e06bdd197664366301cf3860d3b0479c2104e7ddd81e3b2e892ec51e2070f,a29f618779315c78,
potato_bangladesh,Potato Leaf Disease Dataset/Viral PVX/aug_0_2110.jpg,aug_0_2110.jpg,.jpg,15413,224,224,Viral PVX,True,9d9d40153a505b16420621d04af6df50f50c66d8e7767bec7b0823c0bd9f66f7,c2b34bb3c646a593,
potato_bangladesh,Potato Leaf Disease Dataset/Viral PVX/aug_0_5431.jpg,aug_0_5431.jpg,.jpg,16215,224,224,Viral PVX,True,13f4416244c7b7e97db3ecaa52005cd36e1877ca380ee78c40c2836954c4a086,d9c87d816aa866b5,
potato_bangladesh,Potato Leaf Disease Dataset/Viral PVX/aug_0_1392.jpg,aug_0_1392.jpg,.jpg,15063,224,224,Viral PVX,True,9444734b89a9f7e9a079434399dcc122c97fd043a3e95ccb50c8db6534afe843,dc29514f5189a97d,
potato_bangladesh,Potato Leaf Disease Dataset/Viral PVX/aug_0_6701.jpg,aug_0_6701.jpg,.jpg,16859,224,224,Viral PVX,True,af96690a8779ff11a2f22dd0b74271e87e4c3356812a08f49f66234cbdd4e7d6,d2ec566d6d2d0741,
potato_bangladesh,Potato Leaf Disease Dataset/Viral PVX/aug_0_2003.jpg,aug_0_2003.jpg,.jpg,14593,224,224,Viral PVX,True,0f08af0121bcf7ef5bd5d577aec8f16d73548ac1eec9395155095b0345e70e69,eaa9b4d1f928839a,
potato_bangladesh,Potato Leaf Disease Dataset/Viral PVX/aug_0_822.jpg,aug_0_822.jpg,.jpg,17332,224,224,Viral PVX,True,f6eed08b92cd5353684f2c5e623637aa7f38472cd7af1e7f8cc7a8763a10e534,dc2c72b5a943a98e,
potato_bangladesh,Potato Leaf Disease Dataset/Viral PVX/aug_0_9374.jpg,aug_0_9374.jpg,.jpg,16188,224,224,Viral PVX,True,0d019c84a2fe249d1c5786bd1d377b27e1b75d6df92d775c435d67f83640263b,884f1087d861ffab,
potato_bangladesh,Potato Leaf Disease Dataset/Viral PVX/aug_0_450.jpg,aug_0_450.jpg,.jpg,16754,224,224,Viral PVX,True,2758f8035cd146cfdd6232c9290a51d57b3430b5672ffcc234fd6a59c89f8b40,fc6caa8a4a9c568b,
potato_bangladesh,Potato Leaf Disease Dataset/Viral PVX/aug_0_2564.jpg,aug_0_2564.jpg,.jpg,14546,224,224,Viral PVX,True,9c3bcafaa9888e696fa26cb1bb647ee7e2978e959f76776d62179a4971568a6f,a1326088e2c75fbf,
potato_bangladesh,Potato Leaf Disease Dataset/Viral PVX/aug_0_359.jpg,aug_0_359.jpg,.jpg,16373,224,224,Viral PVX,True,7c3d80463fa5eacf4c7f69d6ef86586244d09521beec8c36241db75c5811cc8f,df3f3b19876140a8,
potato_bangladesh,Potato Leaf Disease Dataset/Viral PVX/aug_0_9388.jpg,aug_0_9388.jpg,.jpg,16880,224,224,Viral PVX,True,d461926f4d840f8448387128db45ed13314589ec0baa9865814a00f70573986f,8794238fbae75078,
potato_bangladesh,Potato Leaf Disease Dataset/Viral PVX/aug_0_2975.jpg,aug_0_2975.jpg,.jpg,16689,224,224,Viral PVX,True,113c47b074511aab28f5a7e068f3120bff863a2dccd077861d4c6d577c57552f,985b194e51735c79,
potato_bangladesh,Potato Leaf Disease Dataset/Viral PVX/aug_0_6976.jpg,aug_0_6976.jpg,.jpg,11806,224,224,Viral PVX,True,66e6cfe8daadf7fc4479ea00333a70fb2c15949a2d6fa9e39b48f316354fed1d,ed3879e8b84ea831,
potato_bangladesh,Potato Leaf Disease Dataset/Viral PVX/aug_0_5588.jpg,aug_0_5588.jpg,.jpg,15757,224,224,Viral PVX,True,c19e62a64027f783e13166699c6db3d20fccd076564a2da9208056aca38d2a5a,c3b84fec60cb1ad2,
potato_bangladesh,Potato Leaf Disease Dataset/Viral PVX/aug_0_5756.jpg,aug_0_5756.jpg,.jpg,17046,224,224,Viral PVX,True,87dc400569dd477c947e2f69f53da2e462057a76a1de6d35800a59e14479eee2,8f33120253bf6e2d,
potato_bangladesh,Potato Leaf Disease Dataset/Viral PVX/aug_0_6055.jpg,aug_0_6055.jpg,.jpg,15803,224,224,Viral PVX,True,0c4e4dcbc921f3eea6549748c6c178b545d1b5eae12ed65d3e9c3988275a1615,e743b7e6246c811e,
potato_bangladesh,Potato Leaf Disease Dataset/Viral PVX/aug_0_7894.jpg,aug_0_7894.jpg,.jpg,16708,224,224,Viral PVX,True,a9f033f2c1cac9bf68bf839ca0d2bac660fd5bd79a246151650f0b0a957bb06e,8eb9669c3f8e8143,
potato_bangladesh,Potato Leaf Disease Dataset/Viral PVX/aug_0_389.jpg,aug_0_389.jpg,.jpg,11403,224,224,Viral PVX,True,2f65382c56ac7fcf5c2f2056b5744e64ca0ca221d6774db2daa4de19800fccec,e32090a168787fef,
potato_bangladesh,Potato Leaf Disease Dataset/Viral PVX/aug_0_2646.jpg,aug_0_2646.jpg,.jpg,18010,224,224,Viral PVX,True,5e9e12506c0b513d4678b39e0f7354024ac6e39115d710ea43921c3b59ef3ddc,d633071612bc7676,
potato_bangladesh,Potato Leaf Disease Dataset/Viral PVX/aug_0_8114.jpg,aug_0_8114.jpg,.jpg,18031,224,224,Viral PVX,True,4175b1bc4310c7297750bef4260ba32666413ac14809abd4ac848a0d0563c2ab,c92f2d197c325d31,
potato_bangladesh,Potato Leaf Disease Dataset/Viral PVX/aug_0_3937.jpg,aug_0_3937.jpg,.jpg,17520,224,224,Viral PVX,True,2f0dd7ebd7c3a9b5c41fda6ccc0c5c3caf18c21b4b5a40ed725840f00b019104,87b40a9eafd5502e,
potato_bangladesh,Potato Leaf Disease Dataset/Viral PVX/aug_0_2371.jpg,aug_0_2371.jpg,.jpg,18638,224,224,Viral PVX,True,99ada4beb901b228c35e1d6664110098b806b38acb5c58f3c7ab3a60b17c09a9,84f61561fd059dc6,
potato_bangladesh,Potato Leaf Disease Dataset/Viral PVX/aug_0_2032.jpg,aug_0_2032.jpg,.jpg,16793,224,224,Viral PVX,True,5ffa3c9b2053c0c31b4a5ae186aefb753f8da61320662035a2443fc18ad169aa,d7da235a49578287,
potato_bangladesh,Potato Leaf Disease Dataset/Viral PVX/aug_0_6011.jpg,aug_0_6011.jpg,.jpg,15840,224,224,Viral PVX,True,7e07125ef92c947f0d60757b19a062dab50f8cc7d0bc3fb5162c08a597816483,d2ed74870cc3eb18,
potato_bangladesh,Potato Leaf Disease Dataset/Viral PVX/aug_0_5549.jpg,aug_0_5549.jpg,.jpg,16722,224,224,Viral PVX,True,d4296772911821a3861d44ee94d43b3a187b0f21328b222e4eb26e3130a7d0c8,d2cd76921652a7c3,
potato_bangladesh,Potato Leaf Disease Dataset/Viral PVX/aug_0_5633.jpg,aug_0_5633.jpg,.jpg,16025,224,224,Viral PVX,True,dfea72e2e1c0a0e72ebc946f88e2baaf17ea28debf070a39f823e5275eac90f4,dc734ea1b87950ac,
potato_bangladesh,Potato Leaf Disease Dataset/Viral PVX/aug_0_4288.jpg,aug_0_4288.jpg,.jpg,15136,224,224,Viral PVX,True,8c1f3277d8cf1a2820e29ae18e1708532f40dd0a14dd802e4f414b1aee0bc3a7,933c1f14c2f1f836,
potato_bangladesh,Potato Leaf Disease Dataset/Viral PVX/aug_0_9626.jpg,aug_0_9626.jpg,.jpg,15986,224,224,Viral PVX,True,49eae64916c345791652343d5ea47cc8c1d4cc6d08202534b0c84308ca4859a1,dc87202d6fa95369,
potato_bangladesh,Potato Leaf Disease Dataset/Viral PVX/aug_0_1759.jpg,aug_0_1759.jpg,.jpg,15667,224,224,Viral PVX,True,e00367768041bbc9645082a91bc5c8744e90ed7c6f72caffc5bee0832829c5a8,83296b843dc31ef9,
potato_bangladesh,Potato Leaf Disease Dataset/Viral PVX/aug_0_6581.jpg,aug_0_6581.jpg,.jpg,10903,224,224,Viral PVX,True,4dc2b097694d68b1a4ee4f82ccb66a8f8390fbca0ad3840f109a8efadd992124,8c73291a53c972f6,
potato_bangladesh,Potato Leaf Disease Dataset/Viral PVX/aug_0_198.jpg,aug_0_198.jpg,.jpg,15324,224,224,Viral PVX,True,6f5cf5a60d1b8898bd312de6b2304a791943303c9e168f683e8f571e7eb79342,bbfd425c91951469,
potato_bangladesh,Potato Leaf Disease Dataset/Viral PVX/aug_0_2324.jpg,aug_0_2324.jpg,.jpg,15139,224,224,Viral PVX,True,d59a5157ef9ef1b8f16808da19e2a749313b3c3c513f703f195b131950f11611,a170383ce8dfa3c3,
potato_bangladesh,Potato Leaf Disease Dataset/Viral PVX/aug_0_7695.jpg,aug_0_7695.jpg,.jpg,17746,224,224,Viral PVX,True,b4931cb3f6f10ead55e702b63ca22c1589f4ac2c7688fc58a794bf5a1a23e085,edc021d4fb29dc31,
potato_bangladesh,Potato Leaf Disease Dataset/Viral PVX/aug_0_5515.jpg,aug_0_5515.jpg,.jpg,16238,224,224,Viral PVX,True,5130ccb90e9623070f39165c2f2ffc1658cc89a67375733c71066ce726e69f3c,d5ccce7406669ad1,
potato_bangladesh,Potato Leaf Disease Dataset/Viral PVX/aug_0_3041.jpg,aug_0_3041.jpg,.jpg,16621,224,224,Viral PVX,True,cbe55fcdc48dda8cf69e83a3a627caa0c75dcd4151820b4cce333f77b7ffd2fb,ced345688bd5582e,
potato_bangladesh,Potato Leaf Disease Dataset/Viral PVX/aug_0_5975.jpg,aug_0_5975.jpg,.jpg,16615,224,224,Viral PVX,True,c366443f6edb2c9ce413985f69446710f44b4481dee4c149fc29908920f9d1fe,83bc470833a8ff0f,
potato_bangladesh,Potato Leaf Disease Dataset/Viral PVX/aug_0_6276.jpg,aug_0_6276.jpg,.jpg,15105,224,224,Viral PVX,True,157c016b628a29de66753af93651fbcfabc9dc07804e682bb2b273218fb75593,d429296e4a56fb52,
potato_bangladesh,Potato Leaf Disease Dataset/Viral PVX/aug_0_1386.jpg,aug_0_1386.jpg,.jpg,16236,224,224,Viral PVX,True,9eabd89c5bc1d7f277c81eea124fbf09eb3d6d1b32add7afbdddb1d15152848c,8ae50733ef9e10a3,
potato_bangladesh,Potato Leaf Disease Dataset/Viral PVX/aug_0_5246.jpg,aug_0_5246.jpg,.jpg,10740,224,224,Viral PVX,True,a4148fcf40a3c1e351dd035645e12ccc6b011d48cafbb0a673adf1ceaad50a94,c92618a76f593cac,
potato_bangladesh,Potato Leaf Disease Dataset/Viral PVX/aug_0_5107.jpg,aug_0_5107.jpg,.jpg,16203,224,224,Viral PVX,True,f04d89435ccf7932833fd419452f9609b66d2d42ea3f8b486d4ccea5045f47de,d7ec32442491bcdb,
potato_bangladesh,Potato Leaf Disease Dataset/Viral PVX/aug_0_255.jpg,aug_0_255.jpg,.jpg,15925,224,224,Viral PVX,True,2e5d35a0919c253738004ad3d6f632c179eb5ed84548ce7e16eb63dd8db6330d,d19ce4aa3ac7ac31,
potato_bangladesh,Potato Leaf Disease Dataset/Viral PVX/aug_0_5675.jpg,aug_0_5675.jpg,.jpg,10944,224,224,Viral PVX,True,e8749f8f9e10a302e5627e1116d984683bedb49eb0a9c8c44a8edc01ee317e6c,9275cef26e1d1348,
potato_bangladesh,Potato Leaf Disease Dataset/Viral PVX/aug_0_7575.jpg,aug_0_7575.jpg,.jpg,14786,224,224,Viral PVX,True,32b5bb0ac0616d41f814668a75ebe851362b48700e15750dae1e8345a4355981,b47e3f17a60301b9,
potato_bangladesh,Potato Leaf Disease Dataset/Viral PVX/aug_0_9218.jpg,aug_0_9218.jpg,.jpg,17988,224,224,Viral PVX,True,39496d8500988c28ab9e91a5bb90aea35ba60024f4e0c8982d7ef49bffd11c87,d7b016d6f8c50aa6,
potato_bangladesh,Potato Leaf Disease Dataset/Viral PVX/aug_0_1950.jpg,aug_0_1950.jpg,.jpg,16789,224,224,Viral PVX,True,f56d2e7129c3450991609e1e72893ddf0daa7b3cec3578e92c5a410d316f15bf,83b91399fe36e10c,
potato_bangladesh,Potato Leaf Disease Dataset/Viral PVX/aug_0_2522.jpg,aug_0_2522.jpg,.jpg,15545,224,224,Viral PVX,True,bd7aaca7227e93046be0698ba4de18c6eab4dbca21dc3ef94194efd4b2658663,ae3a575f140491ed,
potato_bangladesh,Potato Leaf Disease Dataset/Viral PVX/aug_0_1845.jpg,aug_0_1845.jpg,.jpg,16806,224,224,Viral PVX,True,70bf3270adf742336dd9f69a2f9d317bf049177e36cc3a5bfddf7a094bd21e76,873c4b6d7c4cd053,
potato_bangladesh,Potato Leaf Disease Dataset/Viral PVX/aug_0_4837.jpg,aug_0_4837.jpg,.jpg,17573,224,224,Viral PVX,True,d25cbcdfecc3419f9183d4b3afd61644a507dc0fe7287bea41c0eb6596a0327b,833c05367091ebef,
potato_bangladesh,Potato Leaf Disease Dataset/Viral PVX/aug_0_5173.jpg,aug_0_5173.jpg,.jpg,16186,224,224,Viral PVX,True,a558eb1b8d958da31b40f7d978adc576bfecb2285f21a42c78ce4ff5b67d33f6,d997b4aa7a80a754,
potato_bangladesh,Potato Leaf Disease Dataset/Viral PVX/aug_0_1055.jpg,aug_0_1055.jpg,.jpg,15517,224,224,Viral PVX,True,8990beeeb37d079992c7d83e1450133792fcc79b27f9170a6791ed959cb618ae,c5d82ba756c6c159,
potato_bangladesh,Potato Leaf Disease Dataset/Viral PVX/aug_0_2083.jpg,aug_0_2083.jpg,.jpg,16975,224,224,Viral PVX,True,4d68590b1ad8565d8ea41e9be66be062a1564f61bfec38c50e46be9c7d320500,89067f5c636c5aac,
potato_bangladesh,Potato Leaf Disease Dataset/Viral PVX/aug_0_6959.jpg,aug_0_6959.jpg,.jpg,15978,224,224,Viral PVX,True,e323bc233c827a09bdaa27dddcc9b37db6a214a3c899e96c0b4ff39209acab87,d0625c74fc8e8e93,
potato_bangladesh,Potato Leaf Disease Dataset/Viral PVX/aug_0_1230.jpg,aug_0_1230.jpg,.jpg,15782,224,224,Viral PVX,True,079b9405479b7f0a2857123f3fb9e890dbe7f63eb120e54c8aaab128818f7ff3,dae473cb2a9d141c,
potato_bangladesh,Potato Leaf Disease Dataset/Viral PVX/aug_0_4263.jpg,aug_0_4263.jpg,.jpg,16600,224,224,Viral PVX,True,633d151655c9a41fede2aa616c074597420caa52d0ee15ca28ef6f356746c074,d7fe585b6013a2a2,
potato_bangladesh,Potato Leaf Disease Dataset/Viral PVX/aug_0_4905.jpg,aug_0_4905.jpg,.jpg,11390,224,224,Viral PVX,True,e1e3155f27eaccdb16e57c9362b120a121323f3704333a1caefc7c9a5c378f8b,9a7315a4338dccf8,
potato_bangladesh,Potato Leaf Disease Dataset/Viral PVX/aug_0_9746.jpg,aug_0_9746.jpg,.jpg,16715,224,224,Viral PVX,True,c3f8c8fb56905be2aebd872a05748864a4c610221c8b3188c8fcea63da006e5e,dcb719633383d944,
potato_bangladesh,Potato Leaf Disease Dataset/Viral PVX/aug_0_4347.jpg,aug_0_4347.jpg,.jpg,15775,224,224,Viral PVX,True,ac60182b8e76a52ee0d1ba35348d4da9cfbddf723fd67ae3ab8e985736a96f24,892d750f38871cf9,
potato_bangladesh,Potato Leaf Disease Dataset/Viral PVX/aug_0_6255.jpg,aug_0_6255.jpg,.jpg,16431,224,224,Viral PVX,True,9024f7a193846276c1f17a0d8cea2ac4bdc19a2b36a438b01929e45efa4ad3d7,9bf6533662646295,
potato_bangladesh,Potato Leaf Disease Dataset/Viral PVX/aug_0_5297.jpg,aug_0_5297.jpg,.jpg,10572,224,224,Viral PVX,True,5bb944a8ef9375d855af731b3532102ed4c2ad50205a0ee73db445da4912e05c,c8339c6a505eb34f,
potato_bangladesh,Potato Leaf Disease Dataset/Viral PVX/aug_0_724.jpg,aug_0_724.jpg,.jpg,11823,224,224,Viral PVX,True,988d633612fc89fd57db52b6ffe1985e79e202063457409b27507676b4b0afe4,cedc94901036bf4f,
potato_bangladesh,Potato Leaf Disease Dataset/Viral PVX/aug_0_2443.jpg,aug_0_2443.jpg,.jpg,17094,224,224,Viral PVX,True,c2cb7429cb3a4157bf609677329b48e838cab3b925f71b802106a594066f6e48,fb503da3cf2a428a,
potato_bangladesh,Potato Leaf Disease Dataset/Viral PVX/aug_0_6729.jpg,aug_0_6729.jpg,.jpg,11493,224,224,Viral PVX,True,f02e46c56e7dc29d1ebbec6078f7c1e5675ad49fc2ef24a9649b802125b98701,9a714efb2a0d11da,
potato_bangladesh,Potato Leaf Disease Dataset/Viral PVX/aug_0_302.jpg,aug_0_302.jpg,.jpg,15295,224,224,Viral PVX,True,cb5d77681566c7dfedd66ee8844add0d09d6e138c92aa054e95fef725d6d6e71,ca576b95502eb469,
potato_bangladesh,Potato Leaf Disease Dataset/Viral PVX/aug_0_655.jpg,aug_0_655.jpg,.jpg,11691,224,224,Viral PVX,True,fcc9cdf2c5d0acdffaae484983ebaeb52992e992e46fa2d37824924c6d3e1c89,89c1a52e7af8d94a,
potato_bangladesh,Potato Leaf Disease Dataset/Viral PVX/aug_0_3013.jpg,aug_0_3013.jpg,.jpg,15503,224,224,Viral PVX,True,1615ca0f6d75af4ac1a58ead3c44ff87a218d68c6aebaa430cf59269a2fa3cd0,d2ea0e4a0ad5f5b8,
potato_bangladesh,Potato Leaf Disease Dataset/Viral PVX/aug_0_4049.jpg,aug_0_4049.jpg,.jpg,17431,224,224,Viral PVX,True,dbb0c16f9ad7e6b3c8f1ebd980bbf8f3dc1d8e6c850ab75ecc2642e03abb5565,b97d0b0eb3149783,
potato_bangladesh,Potato Leaf Disease Dataset/Viral PVX/aug_0_8122.jpg,aug_0_8122.jpg,.jpg,17272,224,224,Viral PVX,True,772b9d2e0e10e505121fbb04ec070a0a4710e1c24fd8759a36686b06da72e8d5,9c037a175b68f570,
potato_bangladesh,Potato Leaf Disease Dataset/Viral PVX/aug_0_8422.jpg,aug_0_8422.jpg,.jpg,17130,224,224,Viral PVX,True,b49e5371ae7e10350e16e2a7389a1322f706ac49f589483333bf88b7bc4f7235,a30df43fa51672b0,
potato_bangladesh,Potato Leaf Disease Dataset/Viral PVX/aug_0_612.jpg,aug_0_612.jpg,.jpg,11020,224,224,Viral PVX,True,27d225ca2d4bffe9163e3f62c28350daf9d3b37e00110dbb7795e50c43e21740,855e61fc1611379b,
potato_bangladesh,Potato Leaf Disease Dataset/Viral PVX/aug_0_8628.jpg,aug_0_8628.jpg,.jpg,17272,224,224,Viral PVX,True,b8e6c92a454b0772df51c8e441887a122235336218d2dda0c15b0a7cf7d59030,d99fa8ea50a75451,
potato_bangladesh,Potato Leaf Disease Dataset/Viral PVX/aug_0_8898.jpg,aug_0_8898.jpg,.jpg,15985,224,224,Viral PVX,True,247cb03429d9b3d6f2bd0657917ed6370f71826b42aa32c9a4a7b41435b81ff6,d2e976c252e350ec,
potato_bangladesh,Potato Leaf Disease Dataset/Viral PVX/aug_0_7370.jpg,aug_0_7370.jpg,.jpg,16394,224,224,Viral PVX,True,d02cd0c4dfaaa9b207e1d39bbb323dbfa678796c8dfa4dfc378df0f673c9f102,d8572a630776ae25,
potato_bangladesh,Potato Leaf Disease Dataset/Viral PVX/aug_0_7642.jpg,aug_0_7642.jpg,.jpg,15525,224,224,Viral PVX,True,1d646d64beae0216e81d049d16b422b6cce40a7281ed6431ade3ff10796fdf15,853f723d38b860ad,
potato_bangladesh,Potato Leaf Disease Dataset/Viral PVX/aug_0_4506.jpg,aug_0_4506.jpg,.jpg,10677,224,224,Viral PVX,True,b2289ebc957957d5f9ed597df280e59a314585fa4f2e7bf57604961a5822c8d7,82bc3d8ee78b7144,
potato_bangladesh,Potato Leaf Disease Dataset/Viral PVX/aug_0_7959.jpg,aug_0_7959.jpg,.jpg,11397,224,224,Viral PVX,True,efc45f075a56b65f32c62c021ed282fc02cbbc1f4ceaee5b6b3cccc92bcd6add,ca7cf300d9a67d82,
potato_bangladesh,Potato Leaf Disease Dataset/Viral PVX/aug_0_5935.jpg,aug_0_5935.jpg,.jpg,15496,224,224,Viral PVX,True,7ece866025e398c90cb3e9934b84c1250c417ab75ab5e2a8d93c06106db33eea,854053e3782fb3b5,
potato_bangladesh,Potato Leaf Disease Dataset/Viral PVX/aug_0_3138.jpg,aug_0_3138.jpg,.jpg,11422,224,224,Viral PVX,True,812cc767c0a1996c5275c59727793d4ae2ce266676eafed77c3232a2b6de9ecb,ce9ff77911212486,
potato_bangladesh,Potato Leaf Disease Dataset/Viral PVX/aug_0_5570.jpg,aug_0_5570.jpg,.jpg,15676,224,224,Viral PVX,True,5a16650b8ab55dad4ff4a9dc4077482b081afbbc27e7a4afffa716201b565fd2,ccf318c46524fd69,
potato_bangladesh,Potato Leaf Disease Dataset/Viral PVX/aug_0_5101.jpg,aug_0_5101.jpg,.jpg,15978,224,224,Viral PVX,True,6e8b232f7742b7bc4c3f5c151316da0befa43f50ab959c932c7efc4b2c27684c,d1e55ab1f5391b02,
potato_bangladesh,Potato Leaf Disease Dataset/Viral PVX/aug_0_7258.jpg,aug_0_7258.jpg,.jpg,15945,224,224,Viral PVX,True,a9ab6e72985955490858060d8530ad0104c09205de5e22b5c22e2cf95f8fdae5,8743236a6f5be990,
potato_bangladesh,Potato Leaf Disease Dataset/Viral PVX/aug_0_9163.jpg,aug_0_9163.jpg,.jpg,15501,224,224,Viral PVX,True,f5d1619fbd083ffb15ff6e9fda5033331b057f973b538929550b1ad314b79a2d,dd5ba15661a426b5,
potato_bangladesh,Potato Leaf Disease Dataset/Viral PVX/aug_0_3452.jpg,aug_0_3452.jpg,.jpg,16718,224,224,Viral PVX,True,6427c3e12496a159dae00e2c67f45c5702efb58403a2743fc89f09ab9012f01b,d4cd7849b489a74e,
potato_bangladesh,Potato Leaf Disease Dataset/Viral PVX/aug_0_3268.jpg,aug_0_3268.jpg,.jpg,17028,224,224,Viral PVX,True,4c904b3cd1177f93c2b0584a0a0c99057f94f169b438f66fbbb0a3808d896787,ebcc5f85449c46aa,
potato_bangladesh,Potato Leaf Disease Dataset/Viral PVX/aug_0_6348.jpg,aug_0_6348.jpg,.jpg,11074,224,224,Viral PVX,True,f553bd67489d48c70cdd84f9bcfc30d58a8d562fddb63f6bc56579820a06945e,93a1e1243abc3de5,
potato_bangladesh,Potato Leaf Disease Dataset/Viral PVX/aug_0_4744.jpg,aug_0_4744.jpg,.jpg,16013,224,224,Viral PVX,True,0dd0ef14c087772503c7a5f25fc60c45c54e870bd8d51ca5db6a3ad6b445418b,c7bc21be606e6853,
potato_bangladesh,Potato Leaf Disease Dataset/Viral PVX/aug_0_116.jpg,aug_0_116.jpg,.jpg,17006,224,224,Viral PVX,True,607f7be5490b214e35955a185b4e169a64faa9d7dd2efd45b647b336fffb4f08,d06d1e6c0915677e,
potato_bangladesh,Potato Leaf Disease Dataset/Viral PVX/aug_0_1663.jpg,aug_0_1663.jpg,.jpg,15814,224,224,Viral PVX,True,d6f7e21fbc14dc0eadf3a8cab7795e36b5ef6ea6f225a60c1a302af6fde01116,8e270516e86f4f1b,
potato_bangladesh,Potato Leaf Disease Dataset/Viral PVX/aug_0_4124.jpg,aug_0_4124.jpg,.jpg,15621,224,224,Viral PVX,True,0c8e8310e4ada277c532ed14434be78e02b78e5d7fe5b3e7ef2510d60d502da0,854733f22bb7502b,
potato_bangladesh,Potato Leaf Disease Dataset/Viral PVX/aug_0_6626.jpg,aug_0_6626.jpg,.jpg,18139,224,224,Viral PVX,True,3db0456e67f900388290ed703fbbff5a34373066b390bec07cdcf914420550ba,dc1aa858b559be86,
potato_bangladesh,Potato Leaf Disease Dataset/Viral PVX/aug_0_6259.jpg,aug_0_6259.jpg,.jpg,16572,224,224,Viral PVX,True,ba08a4c80090c2b9092a7ad028fa4895549f900230e868245c7e7f0d74986c97,8cb10458fec61ff1,
potato_bangladesh,Potato Leaf Disease Dataset/Viral PVX/aug_0_2472.jpg,aug_0_2472.jpg,.jpg,11452,224,224,Viral PVX,True,a8f06927e9e45aba1834201bc6997f83e3a258e0df302d9625b5b4cdd96cb778,97e5a96d482f1233,
potato_bangladesh,Potato Leaf Disease Dataset/Viral PVX/aug_0_9371.jpg,aug_0_9371.jpg,.jpg,11389,224,224,Viral PVX,True,5c457ceaca17307e731822787d4f0ceddf4474f306ccc62f2ed44feae66ea82d,ccce2c8537795c16,
potato_bangladesh,Potato Leaf Disease Dataset/Viral PVX/aug_0_8072.jpg,aug_0_8072.jpg,.jpg,16725,224,224,Viral PVX,True,370b4f7346461f43c495bd8edea02da6f8d3c28d204355b1b7bb7bbd7b85b8e3,8fb12e9f6b894348,
potato_bangladesh,Potato Leaf Disease Dataset/Viral PVX/aug_0_4001.jpg,aug_0_4001.jpg,.jpg,11033,224,224,Viral PVX,True,0691ce277f29e35fe1b817f7e9314c7313be9e43901e2050fd02466ab1484235,d364e3c7f09a06e4,
potato_bangladesh,Potato Leaf Disease Dataset/Viral PVX/aug_0_2499.jpg,aug_0_2499.jpg,.jpg,15788,224,224,Viral PVX,True,00740726cc781ac622989b45a97adf74c40709b5cafabe2e8da4c1d014355a7e,f88f3cc17f108d8c,
potato_bangladesh,Potato Leaf Disease Dataset/Viral PVX/aug_0_3107.jpg,aug_0_3107.jpg,.jpg,15972,224,224,Viral PVX,True,9380278b4af31ffb51c584ce83806db793449b933e1b69c4b6030f2b679e36b6,d1512a947ca6d9ce,
potato_bangladesh,Potato Leaf Disease Dataset/Viral PVX/aug_0_807.jpg,aug_0_807.jpg,.jpg,16406,224,224,Viral PVX,True,dd29bf8281b3d8f50b8c5ffc7a3bd5d48afeae8ae3285bca3bf6b3da56e65dbb,8b7f7d3e0e07a180,
potato_bangladesh,Potato Leaf Disease Dataset/Viral PVX/aug_0_8032.jpg,aug_0_8032.jpg,.jpg,15308,224,224,Viral PVX,True,b1170b915539e179d42d8b173413b5cb0ef906f27745342133264a6b436d75fe,9edefa1d3a0b0981,
potato_bangladesh,Potato Leaf Disease Dataset/Viral PVX/aug_0_5551.jpg,aug_0_5551.jpg,.jpg,15200,224,224,Viral PVX,True,76c31c841ed0bd503974df99b9d210b52f186e054d3f9bd927a880e362ec9981,e9b05d175747a03c,
potato_bangladesh,Potato Leaf Disease Dataset/Viral PVX/aug_0_9448.jpg,aug_0_9448.jpg,.jpg,14900,224,224,Viral PVX,True,c14197c77d41849ca246202aa0d5ff81568f6cd7d83bcf1fdc551ae3f4e54152,f42125256db953ab,
potato_bangladesh,Potato Leaf Disease Dataset/Viral PVX/aug_0_5079.jpg,aug_0_5079.jpg,.jpg,16868,224,224,Viral PVX,True,aeac60b369490a0b07d819fe01a16dee5dba3af0368b7fc40efbcf811725075a,cea706e037b316ca,
potato_bangladesh,Potato Leaf Disease Dataset/Viral PVX/aug_0_1338.jpg,aug_0_1338.jpg,.jpg,11448,224,224,Viral PVX,True,22fed79f90dadcc3f8944b410d6a999056e8ec13d752c62fa37c843da06a837b,b8e87c7e1f83a124,
potato_bangladesh,Potato Leaf Disease Dataset/Viral PVX/aug_0_7550.jpg,aug_0_7550.jpg,.jpg,16610,224,224,Viral PVX,True,fa9c61bb5855f2917348efc0d842192006efd99566c9c21b1ea0054b17b0773d,db4601360adb7975,
potato_bangladesh,Potato Leaf Disease Dataset/Viral PVX/aug_0_6789.jpg,aug_0_6789.jpg,.jpg,17003,224,224,Viral PVX,True,4691499fdbec0b6dbdf03899a65e9dad9d86dca4308a6fb0336036ca945c6a98,bee07ee8695a8053,
potato_bangladesh,Potato Leaf Disease Dataset/Viral PVX/aug_0_2386.jpg,aug_0_2386.jpg,.jpg,15839,224,224,Viral PVX,True,4bf58ef956f840b95ff266c98299c7cabce7b62bf0fe453c53ccdb666eea98f5,d616352e6c34e9a5,
potato_bangladesh,Potato Leaf Disease Dataset/Viral PVX/aug_0_1489.jpg,aug_0_1489.jpg,.jpg,15673,224,224,Viral PVX,True,ec8959641c90f45156957dcbe63ad15ca4e423e7dc5c4da1c7e303e34a2161f4,ccb319db28a67646,
potato_bangladesh,Potato Leaf Disease Dataset/Viral PVX/orig_4.jpg,orig_4.jpg,.jpg,19211,224,224,Viral PVX,False,79976e5b992dc672b96e5e5e02178cae19968eefb5526b436cc3d521947b0ff0,d5e921d269b4e196,
potato_bangladesh,Potato Leaf Disease Dataset/Viral PVX/aug_0_7539.jpg,aug_0_7539.jpg,.jpg,15191,224,224,Viral PVX,True,b828be2cf7959a8f192edc9f8a570959dc99a51dff2b6f3cc46a776cc9554a6c,843d663363c3579c,
potato_bangladesh,Potato Leaf Disease Dataset/Viral PVX/aug_0_9989.jpg,aug_0_9989.jpg,.jpg,15736,224,224,Viral PVX,True,23f23b5595e8c612b036622928c989d6beee1aa91360a7c1036dbf2e28ce71e4,86330205e4ae7fdb,
potato_bangladesh,Potato Leaf Disease Dataset/Viral PVX/aug_0_7091.jpg,aug_0_7091.jpg,.jpg,15023,224,224,Viral PVX,True,fbb456dded9472084299d610b1167265dc0e412597299f02ae494bd44ca67acc,99a249bd3caf0e46,
potato_bangladesh,Potato Leaf Disease Dataset/Viral PVX/aug_0_6180.jpg,aug_0_6180.jpg,.jpg,11778,224,224,Viral PVX,True,4832fcaf488782d1b315024e3d8156f3aa9a23f29c072c438f22f1a475e19310,e8c83cbef25214d6,
potato_bangladesh,Potato Leaf Disease Dataset/Viral PVX/aug_0_9629.jpg,aug_0_9629.jpg,.jpg,15574,224,224,Viral PVX,True,8828e8a8d1fc4d04d43af3fd63dbe4b853e8e075b9ce7b96c52b0d7da96b4959,dea921aa6b162b2b,
potato_bangladesh,Potato Leaf Disease Dataset/Viral PVX/aug_0_346.jpg,aug_0_346.jpg,.jpg,16443,224,224,Viral PVX,True,aa952aab8608847f14dc9df16c5be51d81999a8a2971f8b365ad7f3749e995c2,879c6086501fbebe,
potato_bangladesh,Potato Leaf Disease Dataset/Viral PVX/aug_0_6252.jpg,aug_0_6252.jpg,.jpg,15800,224,224,Viral PVX,True,7a878884c5ffcd6bd99826ce7609344ba7d138fbd6add00da8bb82b8410eaa53,ce056c5d5a6d1533,
potato_bangladesh,Potato Leaf Disease Dataset/Viral PVX/aug_0_8402.jpg,aug_0_8402.jpg,.jpg,15356,224,224,Viral PVX,True,743ede2c262e5dc9bb2d086e0c3e53104f1afc4a8849595e23dbad232dcfe45f,d716b5ad50563859,
potato_bangladesh,Potato Leaf Disease Dataset/Viral PVX/aug_0_1477.jpg,aug_0_1477.jpg,.jpg,17804,224,224,Viral PVX,True,84bce614de1ba64109d1a90c7f30f90f91ec9163c1a4df886d87d6ee36690dab,da1732742a6c16af,
potato_bangladesh,Potato Leaf Disease Dataset/Viral PVX/aug_0_3800.jpg,aug_0_3800.jpg,.jpg,16875,224,224,Viral PVX,True,25e13571434557c2e9216b8a2560e84d4b6c2f98f5f3d6ce85e6a3b1fbf7ced7,df8d01eb0675ba84,
potato_bangladesh,Potato Leaf Disease Dataset/Viral PVX/aug_0_3077.jpg,aug_0_3077.jpg,.jpg,16651,224,224,Viral PVX,True,937e841b9a0007a79466361b71bdbe5b79739804b78c995675bb69d4890f8350,847c7c7457bea803,
potato_bangladesh,Potato Leaf Disease Dataset/Viral PVX/aug_0_8301.jpg,aug_0_8301.jpg,.jpg,14715,224,224,Viral PVX,True,93b37c26d0731089a582d0457ed5b156e7c80c0b4a21f0c62069b6a96c927eb3,8cf6c2d5725c3a98,
potato_bangladesh,Potato Leaf Disease Dataset/Viral PVX/aug_0_279.jpg,aug_0_279.jpg,.jpg,16007,224,224,Viral PVX,True,7826a9417758b876aa5b88e98106ef73e95c9484ef1fa4f0d21138c33ae7a23e,81bf758738c3ac83,
potato_bangladesh,Potato Leaf Disease Dataset/Viral PVX/aug_0_5644.jpg,aug_0_5644.jpg,.jpg,11247,224,224,Viral PVX,True,52702b64a5755d15777031cd70de6cd8ef6ae0c6b0030900ab39b42ac01ab444,edad216b8bc2304f,
potato_bangladesh,Potato Leaf Disease Dataset/Viral PVX/orig_1.jpg,orig_1.jpg,.jpg,20441,224,224,Viral PVX,False,31f31ce48075d9dd216605d0b3425f12ac458e82402673fabd829debff8420e3,dcc28cd50e5629b7,
potato_bangladesh,Potato Leaf Disease Dataset/Viral PVX/aug_0_4284.jpg,aug_0_4284.jpg,.jpg,11212,224,224,Viral PVX,True,8e8179d0cdb351aa0c45e1c186c699b9b9698d2719945b5426d36b7541327705,eb1e6a077a81c39a,
potato_bangladesh,Potato Leaf Disease Dataset/Viral PVX/aug_0_6139.jpg,aug_0_6139.jpg,.jpg,15225,224,224,Viral PVX,True,83b6ecc34907308eaa5b1d40a318d2840113350b5dc2c0605c5ab37b5dbd94b8,d62c9b497259d4cc,
potato_bangladesh,Potato Leaf Disease Dataset/Viral PVX/aug_0_6668.jpg,aug_0_6668.jpg,.jpg,15908,224,224,Viral PVX,True,549d3352e0f5f1ba35ee9eb2b6b5860c647aadcfbd35e351e0918efe675ef69e,d5d8395a6093aaad,
potato_bangladesh,Potato Leaf Disease Dataset/Viral PVX/aug_0_6692.jpg,aug_0_6692.jpg,.jpg,15857,224,224,Viral PVX,True,b97ce050e379cc7c79ac21289e421c5b179d37c01fd6c08abea1e25ae41f0a65,8ebd678c730c71c1,
potato_bangladesh,Potato Leaf Disease Dataset/Viral PVX/aug_0_7341.jpg,aug_0_7341.jpg,.jpg,11341,224,224,Viral PVX,True,46275a0da0b45f1e5fa7580ed91dfd77fff62779386c6a466c5053e52e15e7e5,daf2334359ad01dc,
potato_bangladesh,Potato Leaf Disease Dataset/Viral PVX/aug_0_3930.jpg,aug_0_3930.jpg,.jpg,16396,224,224,Viral PVX,True,af25acc0d5a00eb9f39eae5bba829f74cee8cd8a3e8c956416492e41112b76bf,bdff44b974856240,
potato_bangladesh,Potato Leaf Disease Dataset/Viral PVX/aug_0_8840.jpg,aug_0_8840.jpg,.jpg,16132,224,224,Viral PVX,True,45ad7c8abe8030b0f784da276e30c23176a6119f504d994ac1ebd449a5bc1f4a,8d9d2adf14899d1c,
potato_bangladesh,Potato Leaf Disease Dataset/Viral PVX/aug_0_9845.jpg,aug_0_9845.jpg,.jpg,15496,224,224,Viral PVX,True,1be23ef44776faae0e6d7e0b3c86d40a7991f09176ce3d4f7236a67db8548a81,992c1915d3f8f836,
potato_bangladesh,Potato Leaf Disease Dataset/Viral PVX/aug_0_1257.jpg,aug_0_1257.jpg,.jpg,18224,224,224,Viral PVX,True,ae08a84c2f923dffc28129f137ec87b1cd7368f09633feeb925d85dc5715f6e7,80e940f87d7a4fe1,
potato_bangladesh,Potato Leaf Disease Dataset/Viral PVX/aug_0_5197.jpg,aug_0_5197.jpg,.jpg,16541,224,224,Viral PVX,True,af7614544a5491f28f0411d136e1f2c1a75ac2bee81c7ca0c79c0624b69e3c6e,8c3436e10bf6c8af,
potato_bangladesh,Potato Leaf Disease Dataset/Viral PVX/aug_0_315.jpg,aug_0_315.jpg,.jpg,17615,224,224,Viral PVX,True,4a891b0ff7d4e43a4365fb8d3ffcf3fcdf27f3d8f3bb02411f15461a796a0e59,debb77362a0643c0,
potato_bangladesh,Potato Leaf Disease Dataset/Viral PVX/aug_0_3618.jpg,aug_0_3618.jpg,.jpg,16337,224,224,Viral PVX,True,45e6f48d932ab0ca44d05c6bf51967af478d0ffec5eb82e04f0b14dc5b274216,8ca3782e115ad9dd,
potato_bangladesh,Potato Leaf Disease Dataset/Viral PVX/aug_0_170.jpg,aug_0_170.jpg,.jpg,16243,224,224,Viral PVX,True,04684c66f5319a3383963e2ab187a97b7adae92c3456fd98549523b99499bd6e,994afd0d6708e7e0,
potato_bangladesh,Potato Leaf Disease Dataset/Viral PVX/aug_0_5693.jpg,aug_0_5693.jpg,.jpg,10895,224,224,Viral PVX,True,4425586d4ea38382643275dbcb19d6d774a8080a0e82601122f04e906cff506f,eec6460f15b23a3c,
potato_bangladesh,Potato Leaf Disease Dataset/Viral PVX/aug_0_2199.jpg,aug_0_2199.jpg,.jpg,16564,224,224,Viral PVX,True,f11a3f32d241fbf13e447f42eb059ed0d91925284b9ff5592b822f680a4789ed,ccdd68b45b2b704a,
potato_bangladesh,Potato Leaf Disease Dataset/Viral PVX/aug_0_2998.jpg,aug_0_2998.jpg,.jpg,15861,224,224,Viral PVX,True,d3556e3d7822f16d0235d813284d332b4047e354abe11d5dba458bba7aab601c,99e67d1c1e43034f,
potato_bangladesh,Potato Leaf Disease Dataset/Viral PVX/aug_0_3789.jpg,aug_0_3789.jpg,.jpg,11637,224,224,Viral PVX,True,45d21cb2bec089a2437bf916dbd6c3d971c2d6065d70b04ee135dfd26c130d0d,cc2b3648760bcc7d,
potato_bangladesh,Potato Leaf Disease Dataset/Viral PVX/aug_0_5380.jpg,aug_0_5380.jpg,.jpg,17295,224,224,Viral PVX,True,78da588eb822a018fe68dab3b8a0700a96264f0496a853deb4ff5321655f9c6f,896758667d14253f,
potato_bangladesh,Potato Leaf Disease Dataset/Viral PVX/aug_0_4845.jpg,aug_0_4845.jpg,.jpg,16721,224,224,Viral PVX,True,b5ae4f707755d6994821002eef208d0925164c8d30008c6232da03c34e9e20b7,9d754d2b2b350719,
potato_bangladesh,Potato Leaf Disease Dataset/Viral PVX/aug_0_720.jpg,aug_0_720.jpg,.jpg,10898,224,224,Viral PVX,True,4d2b80986ea8a4fa98f34fe7e3d4b6d76d0f6c9d71685a44c7e25f3be6bee9ed,d678f7005384f8da,
potato_bangladesh,Potato Leaf Disease Dataset/Viral PVX/aug_0_154.jpg,aug_0_154.jpg,.jpg,16066,224,224,Viral PVX,True,e9fbc52509c7dfd949d9e38a6b8579ca94277de4cd0c1af6e0ea930ccd48affb,dc6c2ab642bcd698,
potato_bangladesh,Potato Leaf Disease Dataset/Viral PVX/aug_0_6238.jpg,aug_0_6238.jpg,.jpg,15155,224,224,Viral PVX,True,e7f7c5cdec29a182f4e331c0911aa6fe5264e8f3e8106d53003c46efceedac3d,eaac1708d4c9753e,
potato_bangladesh,Potato Leaf Disease Dataset/Viral PVX/aug_0_3841.jpg,aug_0_3841.jpg,.jpg,15394,224,224,Viral PVX,True,dc2d74f33600e34502ecb5e0010c07f1f7aff55f8c1e3cd2da92633f02a602c9,9df3ee993119030d,
potato_bangladesh,Potato Leaf Disease Dataset/Viral PVX/aug_0_4765.jpg,aug_0_4765.jpg,.jpg,16581,224,224,Viral PVX,True,0e20dc91c9e137257f60688223a44d479200f8fcc164013455de297824dfc715,8b9a7192bf70c274,
potato_bangladesh,Potato Leaf Disease Dataset/Viral PVX/aug_0_6141.jpg,aug_0_6141.jpg,.jpg,17032,224,224,Viral PVX,True,5451a14fff55dd601886aa9114ea3b4d77cf1f7f3ba34f3c9232f94322817449,9d75490f213f1599,
potato_bangladesh,Potato Leaf Disease Dataset/Viral PVX/aug_0_5510.jpg,aug_0_5510.jpg,.jpg,15845,224,224,Viral PVX,True,549d5f976689d53028318de60b84e98ddf8191f722b0dd5ce3eeb7e7cd1a4dea,893ff5073ec18ec0,
potato_bangladesh,Potato Leaf Disease Dataset/Viral PVX/aug_0_826.jpg,aug_0_826.jpg,.jpg,17815,224,224,Viral PVX,True,6ca7fbb38083ac41a8fc6b6d0be98a491193304fc5a5f3aa6a482e9f9e1d1ec4,ba8270a64eb75297,
potato_bangladesh,Potato Leaf Disease Dataset/Viral PVX/aug_0_3301.jpg,aug_0_3301.jpg,.jpg,15779,224,224,Viral PVX,True,d7b1162898bae47e81196a09fb719ff3b488a61813721ef916736be276356e3e,87676779a9780896,
potato_bangladesh,Potato Leaf Disease Dataset/Viral PVX/aug_0_4048.jpg,aug_0_4048.jpg,.jpg,17208,224,224,Viral PVX,True,fb8b3b3ceade17727a4f5d1aed038f9c1f680aac081900c9546e96ed95de1060,89e31ba6eb263478,
potato_bangladesh,Potato Leaf Disease Dataset/Viral PVX/aug_0_3060.jpg,aug_0_3060.jpg,.jpg,17065,224,224,Viral PVX,True,487da19d01bc9c53d3e7a7905768a1003d44153e615adab7cea702c06b062319,dd08595abd240a7f,
potato_bangladesh,Potato Leaf Disease Dataset/Viral PVX/aug_0_1547.jpg,aug_0_1547.jpg,.jpg,15008,224,224,Viral PVX,True,c123682fb25135880c221406e930d93825135fd2c27ca88cd22d4cb307a639e2,995d4cee6600e676,
potato_bangladesh,Potato Leaf Disease Dataset/Viral PVX/aug_0_2080.jpg,aug_0_2080.jpg,.jpg,17615,224,224,Viral PVX,True,ab405146efe37428311e34a9355844872021153935f500d623e11b2c4bc87a24,867710793e049fe6,
potato_bangladesh,Potato Leaf Disease Dataset/Viral PVX/aug_0_3559.jpg,aug_0_3559.jpg,.jpg,16175,224,224,Viral PVX,True,b35cf5e01abfe0f68bbeec213fc7fb27e655438a90d49fef80a617b62aff5f50,d72743b5054dad83,
potato_bangladesh,Potato Leaf Disease Dataset/Viral PVX/aug_0_4846.jpg,aug_0_4846.jpg,.jpg,15602,224,224,Viral PVX,True,e584aff96299229ce7efd494f7e40ecf01418d10b953301043111950acb6ecfc,dbe633d81368a436,
potato_bangladesh,Potato Leaf Disease Dataset/Viral PVX/aug_0_6576.jpg,aug_0_6576.jpg,.jpg,12089,224,224,Viral PVX,True,a6c11331be4e6022a8c81d9e04e0702f98ad7041d9ef60581e4fa020c7aff479,9a70663926667cd3,
potato_bangladesh,Potato Leaf Disease Dataset/Viral PVX/aug_0_456.jpg,aug_0_456.jpg,.jpg,17014,224,224,Viral PVX,True,1194267c2dad408b3892d169ac3e4a34ba116e48a258dc340191916d4eba7d66,92ac3bf510fe5407,
potato_bangladesh,Potato Leaf Disease Dataset/Viral PVX/aug_0_9132.jpg,aug_0_9132.jpg,.jpg,14951,224,224,Viral PVX,True,e07ae2347f662acc60c6f81536e539b686ba5d2e5d0926595aba41da0b6b2869,868dccc62ef28ae6,
potato_bangladesh,Potato Leaf Disease Dataset/Viral PVX/aug_0_4429.jpg,aug_0_4429.jpg,.jpg,14895,224,224,Viral PVX,True,8681bd609c05ff917cbd4e1ad29a13f3ac8e75b8b8e114d79b7444b5b4397e59,f56c2dd8a8b51546,
potato_bangladesh,Potato Leaf Disease Dataset/Viral PVX/aug_0_9529.jpg,aug_0_9529.jpg,.jpg,14957,224,224,Viral PVX,True,eb43f2cd6751392ccd4d7071304ec31e2dcdb6a2dd13996e0cf54e82175c1929,937f3f00c2e18c3e,
potato_bangladesh,Potato Leaf Disease Dataset/Viral PVX/aug_0_336.jpg,aug_0_336.jpg,.jpg,17319,224,224,Viral PVX,True,76c9702542fe68edd8dfb08fe32402a6566fab6fd69ce84b17ae3e53b1e69188,d4b51e910d2ff581,
potato_bangladesh,Potato Leaf Disease Dataset/Viral PVX/aug_0_5415.jpg,aug_0_5415.jpg,.jpg,11667,224,224,Viral PVX,True,fa659dd6be7e6ea884c571b99c2c8159c53758e7cc85fd87e04a1f3fb5fd18cc,b652c5f4342d253b,
potato_bangladesh,Potato Leaf Disease Dataset/Viral PVX/aug_0_7065.jpg,aug_0_7065.jpg,.jpg,17351,224,224,Viral PVX,True,b087bd051ee934640d0b1e50c161dacde3a011ab3c6a17986bd8356f0039dc03,885f7f1f03c150f8,
potato_bangladesh,Potato Leaf Disease Dataset/Viral PVX/aug_0_5448.jpg,aug_0_5448.jpg,.jpg,16839,224,224,Viral PVX,True,9f8538cf6eada4ae82246d8403aaee725ff593d5431e2bf4fa296d63836b8693,8ab30dbe5c8347a3,
potato_bangladesh,Potato Leaf Disease Dataset/Viral PVX/aug_0_3675.jpg,aug_0_3675.jpg,.jpg,16535,224,224,Viral PVX,True,efbfd5d2b3f7b6a8290d60ae45581664aa181151399cce3a5aca72ffa8807e32,860306eff42b59f4,
potato_bangladesh,Potato Leaf Disease Dataset/Viral PVX/aug_0_3730.jpg,aug_0_3730.jpg,.jpg,15753,224,224,Viral PVX,True,8e6f6afb7daf37828162c1e44f1d578d9b962e57f95d495b5c9994b2233f13a3,a72f23ec09d3ee01,
potato_bangladesh,Potato Leaf Disease Dataset/Viral PVX/aug_0_6084.jpg,aug_0_6084.jpg,.jpg,16057,224,224,Viral PVX,True,5a75543631adb8fff4aa98f1a369e651f1bde96606f19d3f96537a12a925cf6a,895d0d4b427e752e,
potato_bangladesh,Potato Leaf Disease Dataset/Viral PVX/aug_0_7413.jpg,aug_0_7413.jpg,.jpg,16236,224,224,Viral PVX,True,2cb51575c6530d64cad5481c90c733648a70437981bd192c30cfb0b6fb89e19a,bb8b738e12b0d29c,
potato_bangladesh,Potato Leaf Disease Dataset/Viral PVX/aug_0_2320.jpg,aug_0_2320.jpg,.jpg,18088,224,224,Viral PVX,True,b20ae8b5d1b3d954a304abe72683805f6ca3b838044af7687c1f6810729bea0b,9e9940d831ebd467,
potato_bangladesh,Potato Leaf Disease Dataset/Viral PVX/aug_0_6149.jpg,aug_0_6149.jpg,.jpg,16069,224,224,Viral PVX,True,ad77ff5df3f2e4d04a87811657b2892ea66188a750dd05dafc6b3ab4aaa61b60,855c656c53179da6,
potato_bangladesh,Potato Leaf Disease Dataset/Viral PVX/aug_0_4269.jpg,aug_0_4269.jpg,.jpg,15331,224,224,Viral PVX,True,1be9e0a5e7bfda2a41fff2ffa6744e67214bc270503d68e343870c88156530f8,bf823fc10f1c503e,
potato_bangladesh,Potato Leaf Disease Dataset/Viral PVX/aug_0_4131.jpg,aug_0_4131.jpg,.jpg,16207,224,224,Viral PVX,True,c8c44bb1872c284518c701a48e117eeee33fbb623b7fc88bf322c6194b0d6a46,8b62187653570f75,
potato_bangladesh,Potato Leaf Disease Dataset/Viral PVX/aug_0_2777.jpg,aug_0_2777.jpg,.jpg,16513,224,224,Viral PVX,True,1c1613f39ff367c8c780396ad227347df1315cfaab87d0cf681c7fe7703413a6,8d796b36811bc8f4,
potato_bangladesh,Potato Leaf Disease Dataset/Viral PVX/aug_0_4180.jpg,aug_0_4180.jpg,.jpg,14369,224,224,Viral PVX,True,af9895b0f8fc5297e5dd43396e4eb82569b9e57cafda40dbad6ff582e547b24f,c3477111f1e4bcca,
potato_bangladesh,Potato Leaf Disease Dataset/Viral PVX/aug_0_1827.jpg,aug_0_1827.jpg,.jpg,15995,224,224,Viral PVX,True,7a4ac9239e9f17e252c6ccf495aeac390fa379bdb0eb30741a4649c2070e2a56,96f173b468cc2b89,
potato_bangladesh,Potato Leaf Disease Dataset/Viral PVX/aug_0_7650.jpg,aug_0_7650.jpg,.jpg,17083,224,224,Viral PVX,True,7159e57b218d70b84525774702525ca5a6564c0d64c5df4286787aac218a1297,bbbe7092b46ac264,
potato_bangladesh,Potato Leaf Disease Dataset/Viral PVX/aug_0_6130.jpg,aug_0_6130.jpg,.jpg,17331,224,224,Viral PVX,True,33f3cd28d5144b751b5ed0ca5ed34575a47b4ea18067afb0cf66a752fe6ea5c2,ccb258e2b4ccacec,
potato_bangladesh,Potato Leaf Disease Dataset/Viral PVX/aug_0_3503.jpg,aug_0_3503.jpg,.jpg,15902,224,224,Viral PVX,True,267ca3fcbde5f2c85992b0a56547c448b0bfc0eee8bf39386a0e4ca70f146c99,893ded0e7c8f0f01,
potato_bangladesh,Potato Leaf Disease Dataset/Viral PVX/orig_0.jpg,orig_0.jpg,.jpg,19419,224,224,Viral PVX,False,932e5118963ff3410e67b3eaf8f182e0089c637c75e5ad50b977dd67b8f63418,d569345b6556ac92,
potato_bangladesh,Potato Leaf Disease Dataset/Viral PVX/aug_0_7779.jpg,aug_0_7779.jpg,.jpg,15934,224,224,Viral PVX,True,788497be1b0203e2072bfd4c86471e47da38cd185e2834c9e2843807f375795c,d57c4b7583a64c51,
potato_bangladesh,Potato Leaf Disease Dataset/Viral PVX/aug_0_3890.jpg,aug_0_3890.jpg,.jpg,16073,224,224,Viral PVX,True,7fd31dc07b773a45608c9b77df95780a15b51932f0f9a8d53020719849392098,9e6c5e4e632f2611,
potato_bangladesh,Potato Leaf Disease Dataset/Viral PVX/aug_0_1839.jpg,aug_0_1839.jpg,.jpg,15256,224,224,Viral PVX,True,2e235989f889ab0c2475e480f4092419d66b3bab8125639ce4c1723497a0c62b,f38127ab0869fa2d,
potato_bangladesh,Potato Leaf Disease Dataset/Viral PVX/aug_0_2666.jpg,aug_0_2666.jpg,.jpg,16186,224,224,Viral PVX,True,b3062474e150f25c1005fc43aba3b7715e654856edc7f6afb9d5685bd5d43144,824367f831bcf938,
potato_bangladesh,Potato Leaf Disease Dataset/Viral PVX/aug_0_9297.jpg,aug_0_9297.jpg,.jpg,15380,224,224,Viral PVX,True,8a89dc8ec4a87cc9afbffe759030d988d7f9fae7ee729f69f6ab2b7c924d1f4a,f26666bd5482b5a2,
potato_bangladesh,Potato Leaf Disease Dataset/Viral PVX/aug_0_1447.jpg,aug_0_1447.jpg,.jpg,14890,224,224,Viral PVX,True,4b1f07a5db1456c4f084bf454608e8d8dd64f79c3c6e72bd887349f8b27179f3,ca516cad95682797,
potato_bangladesh,Potato Leaf Disease Dataset/Viral PVX/aug_0_9585.jpg,aug_0_9585.jpg,.jpg,16490,224,224,Viral PVX,True,4b333e86f8e84032b33b091aab7192d828cf78714ca66a44dc3a131c823ffcdf,8e47657330fb7111,
potato_bangladesh,Potato Leaf Disease Dataset/Viral PVX/aug_0_8307.jpg,aug_0_8307.jpg,.jpg,16390,224,224,Viral PVX,True,e735bb9b967540b5b9a602c5909203615a79098248829241194f8415893dd06c,89b0541c7cd6a7cb,
potato_bangladesh,Potato Leaf Disease Dataset/Viral PVX/aug_0_9654.jpg,aug_0_9654.jpg,.jpg,16127,224,224,Viral PVX,True,8aaccd344de703e875984dd29c687c4b9f2d69db6e71ffaac599ce7424af7f17,dd0845d29ff4aae0,
potato_bangladesh,Potato Leaf Disease Dataset/Viral PVX/aug_0_5537.jpg,aug_0_5537.jpg,.jpg,11166,224,224,Viral PVX,True,4d34828273d0c88d1810f894bf12f00210d5516017bda1f711e2f541183da11c,c182f1593b7ca687,
potato_bangladesh,Potato Leaf Disease Dataset/Viral PVX/aug_0_3327.jpg,aug_0_3327.jpg,.jpg,16250,224,224,Viral PVX,True,99560664d04719e568b952c101f70debf8bd6c7c820b622048728958d6ce6512,d01256b7796a1d74,
potato_bangladesh,Potato Leaf Disease Dataset/Viral PVX/aug_0_480.jpg,aug_0_480.jpg,.jpg,15016,224,224,Viral PVX,True,1cb30e74737406ef13e771bdab1db99fbda6bb515cb9b5641686c3d38841375f,80679fd731acc28d,
potato_bangladesh,Potato Leaf Disease Dataset/Viral PVX/aug_0_3163.jpg,aug_0_3163.jpg,.jpg,11987,224,224,Viral PVX,True,70df5067ef2df5601355aec90c69bc1074634bf52441ffdc1fd197f22cc8be2f,d82b344946ecfb8c,
potato_bangladesh,Potato Leaf Disease Dataset/Viral PVX/aug_0_3740.jpg,aug_0_3740.jpg,.jpg,15814,224,224,Viral PVX,True,4a8bec388822867c66a3d6dbe8ae53fb86853774bbf5fca0c24a27016c0c6ffd,807076f87d293e1e,
potato_bangladesh,Potato Leaf Disease Dataset/Viral PVX/aug_0_789.jpg,aug_0_789.jpg,.jpg,10709,224,224,Viral PVX,True,25226c12c6ee0129f085d6dba950555f5f23e321afe51bea927f2e621b4fd431,e7eb1580b87c4b58,
potato_bangladesh,Potato Leaf Disease Dataset/Viral PVX/aug_0_6881.jpg,aug_0_6881.jpg,.jpg,11546,224,224,Viral PVX,True,3d7228a9db2d0c6c740f0f4c02a5858d98a6e32df198eb8ad65cec6b144d2579,c9e1526095cda5f9,
potato_bangladesh,Potato Leaf Disease Dataset/Viral PVX/aug_0_3438.jpg,aug_0_3438.jpg,.jpg,16429,224,224,Viral PVX,True,343a7beec1fde617511b51db6a34fcb92ddf2aaf6a2ecca3bd1dc8d5510af907,824667ef312f4179,
potato_bangladesh,Potato Leaf Disease Dataset/Viral PVX/aug_0_4030.jpg,aug_0_4030.jpg,.jpg,16100,224,224,Viral PVX,True,145b0ba0c387a0cfc06fea82acc648749793da7879fcbb82a6ecbf2c1f39cce9,f92d220d515d56dc,
potato_bangladesh,Potato Leaf Disease Dataset/Viral PVX/aug_0_5273.jpg,aug_0_5273.jpg,.jpg,15903,224,224,Viral PVX,True,66de70cf3d9018c4c26ecf24c2d04360bebbd7fa4b94ac7411049d0b8ed2a38e,9ce301b1cc9e5aea,
potato_bangladesh,Potato Leaf Disease Dataset/Viral PVX/aug_0_3771.jpg,aug_0_3771.jpg,.jpg,17463,224,224,Viral PVX,True,5ab5399e2189d70261b4131d11384fd1d92aa7a73ebd4554c23e1e867fa7d23e,8f475223c738a753,
potato_bangladesh,Potato Leaf Disease Dataset/Viral PVX/aug_0_7027.jpg,aug_0_7027.jpg,.jpg,16820,224,224,Viral PVX,True,825b5e2015229a980c53443bb93b358d0de18685085b1010221beab5ec1092bf,f86d74ac462b7d10,
potato_bangladesh,Potato Leaf Disease Dataset/Viral PVX/aug_0_5584.jpg,aug_0_5584.jpg,.jpg,16292,224,224,Viral PVX,True,922c66becaa4cd7093a41d02c98f3127b0a39fe51b217caa5b37952c45ffc9dd,8af20e3ecaef0529,
potato_bangladesh,Potato Leaf Disease Dataset/Viral PVX/aug_0_3602.jpg,aug_0_3602.jpg,.jpg,11794,224,224,Viral PVX,True,3d1d7361844d8b6ff3be8feb4d58818e78838221737568237bb7d35d7dea7bfb,e8306fc8a3dcf074,
potato_bangladesh,Potato Leaf Disease Dataset/Viral PVX/aug_0_9275.jpg,aug_0_9275.jpg,.jpg,17712,224,224,Viral PVX,True,fda086eb2d9ed258cc78e5759b837bacd3fa6558d98ac21c5e15b371651be916,e85da9c90bcb45b1,
potato_bangladesh,Potato Leaf Disease Dataset/Viral PVX/aug_0_8964.jpg,aug_0_8964.jpg,.jpg,12225,224,224,Viral PVX,True,a3d1bf25c8d236ec843ed53057c653dc9b4720e6ee20ad2da61be7af48f13535,9629a5b27de2136c,
potato_bangladesh,Potato Leaf Disease Dataset/Viral PVX/aug_0_354.jpg,aug_0_354.jpg,.jpg,16367,224,224,Viral PVX,True,1fbf24aa54756c1a807382aad710a70008cdc0931e39a01219ade19c5f19ef66,d9a05ca3add4a09f,
potato_bangladesh,Potato Leaf Disease Dataset/Viral PVX/aug_0_5706.jpg,aug_0_5706.jpg,.jpg,17494,224,224,Viral PVX,True,84dbd2147dfdb0eb1085d675358af8dc865f3c9f3a63676a43eee831f406b047,86384fabbd4cd449,
potato_bangladesh,Potato Leaf Disease Dataset/Viral PVX/aug_0_7445.jpg,aug_0_7445.jpg,.jpg,11947,224,224,Viral PVX,True,eaf663943c612e2c3b88b5ea126baaf9b40fcef9537bfc851725ce255dc6c7ef,da6c334c9a673932,
potato_bangladesh,Potato Leaf Disease Dataset/Viral PVX/aug_0_1654.jpg,aug_0_1654.jpg,.jpg,15970,224,224,Viral PVX,True,78e4a138f692f5087983d56feedfbbc5a05b32a13629152dfea08f1e4c6e5195,99860bfcdc01cef8,
potato_bangladesh,Potato Leaf Disease Dataset/Viral PVX/aug_0_5036.jpg,aug_0_5036.jpg,.jpg,17118,224,224,Viral PVX,True,70eab7d928ec5d12a1e662a645c5524988c9f1b6fafb4f9a508ac2c986a0681a,89b0547cee47ab4a,
potato_bangladesh,Potato Leaf Disease Dataset/Viral PVX/aug_0_159.jpg,aug_0_159.jpg,.jpg,11774,224,224,Viral PVX,True,06485963e2c190ecfebd6a83bcddaed9081c1ee963c0f4be4280534adb896125,c8373d46a0579cf1,
potato_bangladesh,Potato Leaf Disease Dataset/Viral PVX/aug_0_8197.jpg,aug_0_8197.jpg,.jpg,15075,224,224,Viral PVX,True,dced040a4fdbf4899bd2f664632aee8722241eba76ac207597784ec88f282a25,ddc149bc16eba852,
potato_bangladesh,Potato Leaf Disease Dataset/Viral PVX/aug_0_8465.jpg,aug_0_8465.jpg,.jpg,15851,224,224,Viral PVX,True,3268b601f1e8ff7cbdf1400428dbb83cd4dc93adfd3a62707b8f3f56f68d374f,893923e1133ef917,
potato_bangladesh,Potato Leaf Disease Dataset/Viral PVX/aug_0_4970.jpg,aug_0_4970.jpg,.jpg,17060,224,224,Viral PVX,True,086cdc7ca993ff59bebc3de6581e592aab98bab27fa75eab933ed1459c21ad6f,99a419b171aa7c5e,
potato_bangladesh,Potato Leaf Disease Dataset/Viral PVX/orig_3.jpg,orig_3.jpg,.jpg,19495,224,224,Viral PVX,False,88c739173ba5e274ac0b809ada0febcefa15f8e60af55c23931ab00e1146ad5b,d5e920d265d6e196,
potato_bangladesh,Potato Leaf Disease Dataset/Viral PVX/aug_0_7024.jpg,aug_0_7024.jpg,.jpg,15169,224,224,Viral PVX,True,d26fcd44cdae87a1938728644afd64e9d30dd8f54867e23f68be2b80a3dede8e,df795b68862c4952,
potato_bangladesh,Potato Leaf Disease Dataset/Viral PVX/aug_0_8387.jpg,aug_0_8387.jpg,.jpg,15770,224,224,Viral PVX,True,6c40741e1c69a841b7c7dce3eb12b1df891a0746dba3f5abbd33f2132c2f5492,d75920d66a96fa82,
potato_bangladesh,Potato Leaf Disease Dataset/Viral PVX/aug_0_6499.jpg,aug_0_6499.jpg,.jpg,15371,224,224,Viral PVX,True,25db5f98b89c70039af8eb70560df4fac3ec09770ec3ef3912eefa7cc562a4ce,88d905e5e9835eec,
potato_bangladesh,Potato Leaf Disease Dataset/Viral PVX/aug_0_6737.jpg,aug_0_6737.jpg,.jpg,16318,224,224,Viral PVX,True,589aeaea6270b1282d75f3ceaa0d016aa814856b1ef6222fb3fb2366f1f3ff1b,dd5948b4bc795286,
potato_bangladesh,Potato Leaf Disease Dataset/Viral PVX/aug_0_524.jpg,aug_0_524.jpg,.jpg,15818,224,224,Viral PVX,True,65b65e93da21a99fb634dd12903dda377e0464493d48af35c9c4d130fb8fc5ef,bc046666727a7a8d,
potato_bangladesh,Potato Leaf Disease Dataset/Viral PVX/aug_0_1442.jpg,aug_0_1442.jpg,.jpg,17552,224,224,Viral PVX,True,3faaa4d7c68d06cbc29add07918f58ba67aba6c7e488145217df17e386475586,81681b4f13b3d2dd,
potato_bangladesh,Potato Leaf Disease Dataset/Viral PVX/aug_0_4188.jpg,aug_0_4188.jpg,.jpg,16104,224,224,Viral PVX,True,1010b108dc0e719aae7bf38feefc1a8b5755f5cbcc3991ebf7201f81ba8dd591,d8ee6b2abe160598,
potato_bangladesh,Potato Leaf Disease Dataset/Viral PVX/aug_0_4035.jpg,aug_0_4035.jpg,.jpg,16164,224,224,Viral PVX,True,40845154de6a73250dd5d8999aff15bd4d857721d6c4d6746588e916b0b43736,ca5549bd916ab433,
potato_bangladesh,Potato Leaf Disease Dataset/Viral PVX/aug_0_992.jpg,aug_0_992.jpg,.jpg,15732,224,224,Viral PVX,True,c3ffc97f0d31423107a0f58e134d1d3b3cf3192feb3c722876bc0ab38ae38ddc,9b823afec20ed9c1,
potato_bangladesh,Potato Leaf Disease Dataset/Viral PVX/aug_0_7249.jpg,aug_0_7249.jpg,.jpg,16312,224,224,Viral PVX,True,527bf432af05be0681365c4fef17e047ef98d23e7629e356c4081640a6560c41,d1db0bc15ce310fc,
potato_bangladesh,Potato Leaf Disease Dataset/Viral PVX/aug_0_9437.jpg,aug_0_9437.jpg,.jpg,14936,224,224,Viral PVX,True,933e05e30b301751c2c4ba3dcd9b6ff4771814ce86ac3e573c9e1f403c20e48e,a413c777be6a5818,
potato_bangladesh,Potato Leaf Disease Dataset/Viral PVX/aug_0_5806.jpg,aug_0_5806.jpg,.jpg,17023,224,224,Viral PVX,True,b311194243931312866c9c794120a12bde686151d88d34b1f28af7f2ed1bf177,dda239a84b6a6a5a,
potato_bangladesh,Potato Leaf Disease Dataset/Viral PVX/aug_0_4114.jpg,aug_0_4114.jpg,.jpg,11287,224,224,Viral PVX,True,579feb4f147413700ab128c6975f537637917878102b75599857a302d78b1c4f,8b7c631d277a58c1,
potato_bangladesh,Potato Leaf Disease Dataset/Viral PVX/aug_0_7583.jpg,aug_0_7583.jpg,.jpg,14818,224,224,Viral PVX,True,2ddf8c1e566feb653e2884202a4f0f7e578609eda9f10c79f673e0deb53d42cd,c4b159739bcb45c4,
potato_bangladesh,Potato Leaf Disease Dataset/Viral PVX/aug_0_6415.jpg,aug_0_6415.jpg,.jpg,15058,224,224,Viral PVX,True,17d6c311a94174b8308cc953f6c68c7a5457c2d9552985bdb60b470b0e5dc445,d2d11ab370a6b276,
potato_bangladesh,Potato Leaf Disease Dataset/Viral PVX/aug_0_8298.jpg,aug_0_8298.jpg,.jpg,18221,224,224,Viral PVX,True,f39a31f7b8176e6917db646cac0948f87f697f93896f978490db4893c9fe7597,db38227e75ae038c,
potato_bangladesh,Potato Leaf Disease Dataset/Viral PVX/aug_0_1493.jpg,aug_0_1493.jpg,.jpg,15800,224,224,Viral PVX,True,cd8f03d754ef7eddba3467deb73dfd7546161a0ee10b7d1582ed00621f8c9934,92841bbe67862f71,
potato_bangladesh,Potato Leaf Disease Dataset/Viral PVX/aug_0_3312.jpg,aug_0_3312.jpg,.jpg,16198,224,224,Viral PVX,True,63665ceb2c909ac7f8d8ede5a155cb08bbeafcf98dd6c7c3a4d71df21dfec613,d9d22bb55ae94429,
potato_bangladesh,Potato Leaf Disease Dataset/Viral PVX/aug_0_8991.jpg,aug_0_8991.jpg,.jpg,15707,224,224,Viral PVX,True,82a250da09fa5b0f9c163d7ef1b21a2165bca5f9d2622286355a3abbd1a88bc2,813e670bf38f5a0c,
potato_bangladesh,Potato Leaf Disease Dataset/Viral PVX/aug_0_1070.jpg,aug_0_1070.jpg,.jpg,17028,224,224,Viral PVX,True,1837575b2a279216aa40a2dee5f43815e9f5012968a42c8d4f3553ea44cb4bad,d1d42e443da5257b,
potato_bangladesh,Potato Leaf Disease Dataset/Viral PVX/aug_0_638.jpg,aug_0_638.jpg,.jpg,16226,224,224,Viral PVX,True,a92c197cebc71dc81bd4d751243906e5edb358691cd4e0e1704f436d656560ca,d0292e3e4fd7a894,
potato_bangladesh,Potato Leaf Disease Dataset/Viral PVX/aug_0_8379.jpg,aug_0_8379.jpg,.jpg,16670,224,224,Viral PVX,True,5b2eb79ed38b55c7797cdb1a02bf1d5447529d690002a1d982c9dfb5ae8fb4e1,a9216d831ec90bfd,
potato_bangladesh,Potato Leaf Disease Dataset/Viral PVX/aug_0_664.jpg,aug_0_664.jpg,.jpg,17215,224,224,Viral PVX,True,ebb3e308ea88ffd95b61a8ad5660938078e43725c3b589eafd427ddf4ceaf09c,92c93ae323b9798c,
potato_bangladesh,Potato Leaf Disease Dataset/Viral PVX/aug_0_2215.jpg,aug_0_2215.jpg,.jpg,11438,224,224,Viral PVX,True,40b761d88697c933c2703a8319097ce60d531ad2c24b7bf073b3d97847276919,e4f49929396923c7,
potato_bangladesh,Potato Leaf Disease Dataset/Viral PVX/aug_0_6513.jpg,aug_0_6513.jpg,.jpg,11958,224,224,Viral PVX,True,37030d52015f0682a802f2a61d62807c8a22ed584e6a5f04eeb3af619b84b118,ec331c116fb83356,
potato_bangladesh,Potato Leaf Disease Dataset/Viral PVX/aug_0_2529.jpg,aug_0_2529.jpg,.jpg,17271,224,224,Viral PVX,True,a26719439f22d99f1fab4b3cc681a189606ac3c6102c71c17a6de6f70042143c,dd5121564b94eaad,
potato_bangladesh,Potato Leaf Disease Dataset/Viral PVX/aug_0_7194.jpg,aug_0_7194.jpg,.jpg,14898,224,224,Viral PVX,True,216495dc25038a90ae67e8e1ec54cb2f9e5c676eea91e9adba15c23af12861fa,d29d34a191ed5b15,
potato_bangladesh,Potato Leaf Disease Dataset/Viral PVX/aug_0_2678.jpg,aug_0_2678.jpg,.jpg,15562,224,224,Viral PVX,True,791fccb118f7524e843d9fef408134d14df430667d68ee93ace768cc2731b4d1,d0915a99b27369ba,
potato_bangladesh,Potato Leaf Disease Dataset/Viral PVX/aug_0_6088.jpg,aug_0_6088.jpg,.jpg,16010,224,224,Viral PVX,True,0583b13ad377a5ed9cea57cf6cc97004d22f1062f740fc1ec62ef20e7bbb6a2e,8eb9678c7138f14c,
potato_bangladesh,Potato Leaf Disease Dataset/Viral PVX/aug_0_6024.jpg,aug_0_6024.jpg,.jpg,12061,224,224,Viral PVX,True,f70027da5000ad2d9426694a7daa8f9ff367ae7646345c0dd989330c41ce1f81,e4ce1c8e6f433127,
potato_bangladesh,Potato Leaf Disease Dataset/Viral PVX/aug_0_466.jpg,aug_0_466.jpg,.jpg,16315,224,224,Viral PVX,True,6558a62afaff624c7c409e6f7a0e86c245cdbadb3c83cd0e6febf8a72eb21c6d,d4153479d55e5235,
potato_bangladesh,Potato Leaf Disease Dataset/Viral PVX/aug_0_3770.jpg,aug_0_3770.jpg,.jpg,17383,224,224,Viral PVX,True,62de65ea6dee1b0df67740977dc5e46558a24f9531022d5e651f35a190035801,d2b25fb8043ab4ce,
potato_bangladesh,Potato Leaf Disease Dataset/Viral PVX/aug_0_4955.jpg,aug_0_4955.jpg,.jpg,17351,224,224,Viral PVX,True,31d6d1b320168e0e93a4e538900e3a2ccbe1dab1a8bb2ebfc984e8d1696ed5b8,cecc16c4f414bb78,
potato_bangladesh,Potato Leaf Disease Dataset/Viral PVX/aug_0_3610.jpg,aug_0_3610.jpg,.jpg,10979,224,224,Viral PVX,True,5451bc74eb1842034e5463e707ebe141a6d731581e606b698f3d5a63b0e114bd,d00936bd4950f67b,
potato_bangladesh,Potato Leaf Disease Dataset/Viral PVX/aug_0_1838.jpg,aug_0_1838.jpg,.jpg,14866,224,224,Viral PVX,True,d3ec424fd6b09df65c8282a498a29e70fbff3b32fdedd0358167c85626dba2a9,d5da21966b4652e9,
potato_bangladesh,Potato Leaf Disease Dataset/Viral PVX/aug_0_1083.jpg,aug_0_1083.jpg,.jpg,17468,224,224,Viral PVX,True,6ea69a1801fc723a2c48da78401eb3269241ef01661002dde001edbaad16103a,dd347ab45721bc42,
potato_bangladesh,Potato Leaf Disease Dataset/Viral PVX/aug_0_238.jpg,aug_0_238.jpg,.jpg,16058,224,224,Viral PVX,True,81f296e26dbff6d4495c72eafb2db8b8e6d1c998f4df5e9e6ae3ad6e1bcf83b0,88597e7e1e1f4701,
potato_bangladesh,Potato Leaf Disease Dataset/Viral PVX/aug_0_7521.jpg,aug_0_7521.jpg,.jpg,17424,224,224,Viral PVX,True,724ba47a7557df9f2169e0823e76bd951c8a4d331006c2f98b9a77b66cb8f290,85b6239ba755782c,
potato_bangladesh,Potato Leaf Disease Dataset/Viral PVX/aug_0_2794.jpg,aug_0_2794.jpg,.jpg,15055,224,224,Viral PVX,True,8e3087c5bedece7b934ba364e0e5223dc50a5fe27a1a2b2bd5beadba11b8f291,cec446a95638e557,
potato_bangladesh,Potato Leaf Disease Dataset/Viral PVX/aug_0_2227.jpg,aug_0_2227.jpg,.jpg,14832,224,224,Viral PVX,True,857d401fc9e062cf0321d549c04084c96cf2818f169fc5924341c411b1855cc1,843e230be3de5fa0,
potato_bangladesh,Potato Leaf Disease Dataset/Viral PVX/aug_0_8441.jpg,aug_0_8441.jpg,.jpg,16411,224,224,Viral PVX,True,989d0f20bb7f6d5590e339b16a7d930df5d35752d72afce63a3e2bd66e4c4f9d,83c4ebf23b70f80c,
potato_bangladesh,Potato Leaf Disease Dataset/Viral PVX/aug_0_703.jpg,aug_0_703.jpg,.jpg,16437,224,224,Viral PVX,True,ecfcd991ee6b24b070232a5717f2c978a8c3dcf43d15f1b3611527cbf4f5f13b,aec721047b1366ee,
potato_bangladesh,Potato Leaf Disease Dataset/Viral PVX/orig_5.jpg,orig_5.jpg,.jpg,13243,224,224,Viral PVX,False,7f9738b68b8a4cb377a84c5ca38ececf40b34a977ccfad1ddb2c39d345a20fa5,ccd6b69772d48a41,
potato_bangladesh,Potato Leaf Disease Dataset/Viral PVX/aug_0_1831.jpg,aug_0_1831.jpg,.jpg,15043,224,224,Viral PVX,True,7c61ef2427e3d8bb8c27cdbfc82e68abd3d5bd783f8c405b9e094a8ef6b9bfb8,c1ac29696ed8da33,
potato_bangladesh,Potato Leaf Disease Dataset/Viral PVX/aug_0_1859.jpg,aug_0_1859.jpg,.jpg,18096,224,224,Viral PVX,True,03a9dd4b76ce0c91f5804f9df9e1d6c9a30ce95c40a9d9bae087e30b449538c0,d5173631d0acadb4,
potato_bangladesh,Potato Leaf Disease Dataset/Viral PVX/aug_0_7085.jpg,aug_0_7085.jpg,.jpg,16894,224,224,Viral PVX,True,0b829c73cf293c6d8dc61f9f231f2d5282f1fc880f8f41b7db547c2502485a29,cbef2af1601af130,
potato_bangladesh,Potato Leaf Disease Dataset/Viral PVX/aug_0_5181.jpg,aug_0_5181.jpg,.jpg,15614,224,224,Viral PVX,True,892b2bb51c43c75b5aaa25cbc26145183c7a7f05a7eeba425948684ae3dd8090,878d06b9edda20c7,
potato_bangladesh,Potato Leaf Disease Dataset/Viral PVX/aug_0_3470.jpg,aug_0_3470.jpg,.jpg,18283,224,224,Viral PVX,True,3babfdabbfe343a31840da773701a70e4717c75eed4e2303a5580762ada3270a,90ad751bfd22a3e0,
potato_bangladesh,Potato Leaf Disease Dataset/Viral PVX/aug_0_691.jpg,aug_0_691.jpg,.jpg,16823,224,224,Viral PVX,True,566bc84c07990f9d0a10be876150a32db00584f2296dab17c7519b7e68fadf91,de9434b62d06552f,
