source_dataset,relative_path,filename,extension,file_size,width,height,raw_class_name,is_augmented,sha256,phash,error
potato_pld,Testing/Early_Blight/Early_Blight_155.jpg,Early_Blight_155.jpg,.jpg,7825,256,256,Early_Blight,False,5c32e2007ce1e0c4714975918d26ad72a07d6eb3e05a3be551845b20697aea3c,aecee4e885e196a1,
potato_pld,Testing/Early_Blight/Early_Blight_96.jpg,Early_Blight_96.jpg,.jpg,8240,256,256,Early_Blight,False,761575581800eca29cd61349ed9cd3a9f20356e970bbd8ba163dbd82bca2317f,fde1d087839e8f08,
potato_pld,Testing/Early_Blight/Early_Blight_78.jpg,Early_Blight_78.jpg,.jpg,12002,256,256,Early_Blight,False,df7b9ec154734acbf06c71b345de791ef2b0c0e0946917e08a40f779836f4198,abb1b1d3c1cac349,
potato_pld,Testing/Early_Blight/Early_Blight_61.jpg,Early_Blight_61.jpg,.jpg,12960,256,256,Early_Blight,False,e54cdd06bc74582145b770558e9bd6dedf5d01800c551e827c1903fc043c10d9,eaa8e0d5858e9ed2,
potato_pld,Testing/Early_Blight/Early_Blight_28.jpg,Early_Blight_28.jpg,.jpg,7917,256,256,Early_Blight,False,3aa21c128686595af07165e23561662c5cef612ec675cb1979a1ffecbf5412f3,afceb0aed094cb12,
potato_pld,Testing/Early_Blight/Early_Blight_58.jpg,Early_Blight_58.jpg,.jpg,10746,256,256,Early_Blight,False,c2c70af4f70cc9d0f69027d19c7603ba48ff6a36594a7033f14b73b376a73373,fbbbe054858096d3,
potato_pld,Testing/Early_Blight/Early_Blight_129.jpg,Early_Blight_129.jpg,.jpg,10501,256,256,Early_Blight,False,2dccae2b491c73abd000c72074c84802df267624a13697fdff7d8387cf55db97,aacaa0a9d1959f96,
potato_pld,Testing/Early_Blight/Early_Blight_150.jpg,Early_Blight_150.jpg,.jpg,9505,256,256,Early_Blight,False,83c854881cff1fadfc7d8fc3df6e2aabf85a72e4b3dd6f152aa164da78c93377,ee1be1e886a18d87,
potato_pld,Testing/Early_Blight/Early_Blight_132.jpg,Early_Blight_132.jpg,.jpg,7035,256,256,Early_Blight,False,efa486284c45bf86c594a3421be49f9f3f8a61fc900ff25e059bb4f31afe5ad6,aee4e4a494971e96,
potato_pld,Testing/Early_Blight/Early_Blight_75.jpg,Early_Blight_75.jpg,.jpg,11196,256,256,Early_Blight,False,8e6a1ac6d9a1d5486b8e470f3b9b54fa84b00a88b5515c27aa1e1339d168c9ac,ff99b49dd08ac04c,
potato_pld,Testing/Early_Blight/Early_Blight_120.jpg,Early_Blight_120.jpg,.jpg,9196,256,256,Early_Blight,False,fffcd69a4ff7aca77d42ee1e7934f3f3f90dbf76c9f34a9334d98b99bfc55b81,fa8be0f88581d687,
potato_pld,Testing/Early_Blight/Early_Blight_91.jpg,Early_Blight_91.jpg,.jpg,10168,256,256,Early_Blight,False,3c135c9fd4de928c1174d02c40b0ddc53a1f7a28475b40858a53d5f176e69685,fadae0aa82d1de41,
potato_pld,Testing/Early_Blight/Early_Blight_63.jpg,Early_Blight_63.jpg,.jpg,10640,256,256,Early_Blight,False,b501e45e59d2f7e03d60155cd20f14d6e1768754723921ac140b5f9f8e7ac08f,aae1b5c2d20bcb1d,
potato_pld,Testing/Early_Blight/Early_Blight_146.jpg,Early_Blight_146.jpg,.jpg,6798,256,256,Early_Blight,False,54bd3150ea69c3ade41b6c72610888729fc2faae79d5bde0e5475ca00dfb30e7,aebda42984f196e1,
potato_pld,Testing/Early_Blight/Early_Blight_133.jpg,Early_Blight_133.jpg,.jpg,8611,256,256,Early_Blight,False,2fd8bfb5ca2d777252c79f3ca60372e97850c7ce481c35c195e455c3711c6170,eae0a407961eded8,
potato_pld,Testing/Early_Blight/Early_Blight_11.jpg,Early_Blight_11.jpg,.jpg,8526,256,256,Early_Blight,False,2900e5114dccbf97efb6ca95151700e009398ebe4a98b99084e1e77b2e20b7c1,af48f5e9d04582ae,
potato_pld,Testing/Early_Blight/Early_Blight_134.jpg,Early_Blight_134.jpg,.jpg,10789,256,256,Early_Blight,False,f49e56092381f606f4ec55604bd9a2485d5bc10edc6d12a4c2cd4cf1084c47f4,fd3ec2788aa1b0c5,
potato_pld,Testing/Early_Blight/Early_Blight_110.jpg,Early_Blight_110.jpg,.jpg,9880,256,256,Early_Blight,False,64aa0a73e066d11111c4e2faa736cfbc902a9f2ce751a98b94648ea81e273f6a,be95b058d2a8d34d,
potato_pld,Testing/Early_Blight/Early_Blight_119.jpg,Early_Blight_119.jpg,.jpg,10698,256,256,Early_Blight,False,5273260fac20d6cc261973d4658f0c62ca72735b0f6be37d4e14a1a30d96cfea,fecae0ac82949f1a,
potato_pld,Testing/Early_Blight/Early_Blight_34.jpg,Early_Blight_34.jpg,.jpg,9336,256,256,Early_Blight,False,d3f1a6a8dff8c8470fbdc5cf4cde61e638ef83d73e388405f4736e1728d9a2e6,ff95b05a82e8d509,
potato_pld,Testing/Early_Blight/Early_Blight_70.jpg,Early_Blight_70.jpg,.jpg,7807,256,256,Early_Blight,False,b1e8bbcea3744e470cbafd1ab50229102f8c49a5646618ddf524c3396ca16435,bbb8b09091da9b4d,
potato_pld,Testing/Early_Blight/Early_Blight_152.jpg,Early_Blight_152.jpg,.jpg,12250,256,256,Early_Blight,False,50ea62103e6ed93f842857da3c03a99f872ed7a9eb97371380878474dc43ced2,eaf6e14a85ae9c81,
potato_pld,Testing/Early_Blight/Early_Blight_83.jpg,Early_Blight_83.jpg,.jpg,8852,256,256,Early_Blight,False,2903d3bff3618f21ced340573f5aa78a6af48417038a08d2bcdbaec758de891c,ed96f40282ff8f01,
potato_pld,Testing/Early_Blight/Early_Blight_31.jpg,Early_Blight_31.jpg,.jpg,9763,256,256,Early_Blight,False,4de008038d8b0b6dc5ffead3f2bd42b97e8c56f9e8e9521317b51d5be0df906b,aa6aa505d7ac8af4,
potato_pld,Testing/Early_Blight/Early_Blight_52.jpg,Early_Blight_52.jpg,.jpg,8808,256,256,Early_Blight,False,636784785d55a5b59efaa063bf4f479a14ac5cf1207fd1c71b2a553095b67d7a,ee9ce4d886491e2b,
potato_pld,Testing/Early_Blight/Early_Blight_66.jpg,Early_Blight_66.jpg,.jpg,12119,256,256,Early_Blight,False,a151866270490b2d02a561aeabffcb35b1946de08f5fff0993c4aa0cac6a9dd3,ea9fa5f894c090cb,
potato_pld,Testing/Early_Blight/Early_Blight_35.jpg,Early_Blight_35.jpg,.jpg,9565,256,256,Early_Blight,False,53671bdc100c8269f6106f95c859831ad3f3541b1b1933d6c83a72e390a4bba9,fbc6a0ab91159b38,
potato_pld,Testing/Early_Blight/Early_Blight_111.jpg,Early_Blight_111.jpg,.jpg,8668,256,256,Early_Blight,False,210763fdd80461336179fb8cca5dd8a134a49a32d7012823fa0600efc08ac369,ef83f41182ef9710,
potato_pld,Testing/Early_Blight/Early_Blight_62.jpg,Early_Blight_62.jpg,.jpg,11048,256,256,Early_Blight,False,02eb1614a18eff14969b82167799af0db13af5a577665955c7b0e56194307a5a,aac6b1ac97f09a92,
potato_pld,Testing/Early_Blight/Early_Blight_2.jpg,Early_Blight_2.jpg,.jpg,8884,256,256,Early_Blight,False,33e0548a01cce5d739938cf9d95b735ed820a71caf1163316c27bfbb945623e2,aeb4e442c62e8e79,
potato_pld,Testing/Early_Blight/Early_Blight_130.jpg,Early_Blight_130.jpg,.jpg,9577,256,256,Early_Blight,False,5c6a22470f57c5ae0e9caabe1fc49e4e63f567cd028c2fcb8677b1a5d4ba0b74,ee60b5c6d406923f,
potato_pld,Testing/Early_Blight/Early_Blight_156.jpg,Early_Blight_156.jpg,.jpg,9290,256,256,Early_Blight,False,d42af2d46c6603cb6be81b0312534d5a242ae804481f01cacd6490335a1e161b,abccf56c81e487a4,
potato_pld,Testing/Early_Blight/Early_Blight_43.jpg,Early_Blight_43.jpg,.jpg,11803,256,256,Early_Blight,False,cc0d38c8f33492f464e57538259131f33e28056abc7ee30732d6079ea8ce69e0,bac1e583941f8abc,
potato_pld,Testing/Early_Blight/Early_Blight_141.jpg,Early_Blight_141.jpg,.jpg,10111,256,256,Early_Blight,False,18322f381bbe220e5b80fcbcfdeb442944db37fea48263c568b05f0582f29c97,af0ea03dd7f090d2,
potato_pld,Testing/Early_Blight/Early_Blight_42.jpg,Early_Blight_42.jpg,.jpg,10675,256,256,Early_Blight,False,e53634425bfc04e609ed711a6c5b8c3ad55900051fda94cd9aec7d0974584343,aeedb4a8d0d0da92,
potato_pld,Testing/Early_Blight/Early_Blight_47.jpg,Early_Blight_47.jpg,.jpg,9069,256,256,Early_Blight,False,3c2caa6fe16fc056b65cf70270d056df1c87c73208c65307cff3fada744364ce,bfc1b04fd2a88b15,
potato_pld,Testing/Early_Blight/Early_Blight_1.jpg,Early_Blight_1.jpg,.jpg,13118,256,256,Early_Blight,False,38222c1263b0e0c034e002c4e2d1ec49eb2dd5c7ab960c413e9993fea5400fed,bb4ef12dc0b485d2,
potato_pld,Testing/Early_Blight/Early_Blight_80.jpg,Early_Blight_80.jpg,.jpg,9932,256,256,Early_Blight,False,ad442b35c73591961bf68dd4393120ed9c88f249a9edfe65c997c6ee13406c5f,ffb6b002d0d582e9,
potato_pld,Testing/Early_Blight/Early_Blight_97.jpg,Early_Blight_97.jpg,.jpg,10511,256,256,Early_Blight,False,e464732036ebf4c48a1b73d01b5b0fa9dc60b2760f00256c962d3a681675d730,fa85c05e8b1cf570,
potato_pld,Testing/Early_Blight/Early_Blight_71.jpg,Early_Blight_71.jpg,.jpg,11513,256,256,Early_Blight,False,1ae9cc874e0e3a3c5025589f88dd09a47e116544bcd45300dfd13ddb453baab1,bbf8b0a5d1b483c2,
potato_pld,Testing/Early_Blight/Early_Blight_124.jpg,Early_Blight_124.jpg,.jpg,10110,256,256,Early_Blight,False,27ccd6d3430f7ecf956c22fb248dcd160854b452315d7e1672e89db83af5bb5b,ffc2b4add0c4c28a,
potato_pld,Testing/Early_Blight/Early_Blight_38.jpg,Early_Blight_38.jpg,.jpg,8848,256,256,Early_Blight,False,c861ac261c26be99df69f72a7a44d090b01bb814fc1a992c00be8c1f6504b248,afceb1ecd1a482c2,
potato_pld,Testing/Early_Blight/Early_Blight_64.jpg,Early_Blight_64.jpg,.jpg,10281,256,256,Early_Blight,False,499fd402d316b9c48718cdf5aee7e81b548f1c85b17bb198998bb5b1926079be,afbcb452d068c16d,
potato_pld,Testing/Early_Blight/Early_Blight_46.jpg,Early_Blight_46.jpg,.jpg,9526,256,256,Early_Blight,False,01c7d23aa1b5180425bc5948e81428a9c60d24de7b6b5036cf8ddf21cd856aac,baaeb1f591b0c292,
potato_pld,Testing/Early_Blight/Early_Blight_147.jpg,Early_Blight_147.jpg,.jpg,7687,256,256,Early_Blight,False,5b007570d975c1f3562da57bdbb23fc1dd98ec0fb1b912a5f2405a6c2c5e0904,fee0a407d68eca1c,
potato_pld,Testing/Early_Blight/Early_Blight_112.jpg,Early_Blight_112.jpg,.jpg,8035,256,256,Early_Blight,False,0aa895d26449ed84f5ae994fc5ba17fec64779af1b16bdb52e6ee633428ec08e,bed3e436c2e88ac1,
potato_pld,Testing/Early_Blight/Early_Blight_88.jpg,Early_Blight_88.jpg,.jpg,9821,256,256,Early_Blight,False,eacc418c34c78e4fddf0d8f7d4ce3767a686ca7fb23c33aee14004173c190738,ead8a1eb85a59585,
potato_pld,Testing/Early_Blight/Early_Blight_121.jpg,Early_Blight_121.jpg,.jpg,10781,256,256,Early_Blight,False,51a7eac5e51d5f85e07bb7dbb370d669c3254baac4245f82ae1b5a40a9862044,afb6b0d6d4c0c24d,
potato_pld,Testing/Early_Blight/Early_Blight_50.jpg,Early_Blight_50.jpg,.jpg,11942,256,256,Early_Blight,False,853e0e397f7dfdb44702b1a46f394e9e0efe7a6918afaa09b6d7cbfbcd203d06,aa1be97f815885f0,
potato_pld,Testing/Early_Blight/Early_Blight_139.jpg,Early_Blight_139.jpg,.jpg,10327,256,256,Early_Blight,False,ddcb2929130e9f76dc2e0d189d3bfe1d8029c29f51cf5c5299dcb332bd2af0f8,ee09e4f985e19685,
potato_pld,Testing/Early_Blight/Early_Blight_5.jpg,Early_Blight_5.jpg,.jpg,7878,256,256,Early_Blight,False,3788824a53e6f0d8e4afe59dfafa63766213f27d5c37a222d86944e529cb769b,aee4b486d29e8a3a,
potato_pld,Testing/Early_Blight/Early_Blight_115.jpg,Early_Blight_115.jpg,.jpg,8747,256,256,Early_Blight,False,5be5ca113d888ab14ea1f17f9c87d7770d5d66981854f703d311009a3b1034a4,abece444859e5e92,
potato_pld,Testing/Early_Blight/Early_Blight_59.jpg,Early_Blight_59.jpg,.jpg,10911,256,256,Early_Blight,False,1be5942d8949f27be410a5ee93479d4d7e5e11d2ed1ddaa4935560628feeae04,bbccf1acc094c792,
potato_pld,Testing/Early_Blight/Early_Blight_73.jpg,Early_Blight_73.jpg,.jpg,12123,256,256,Early_Blight,False,732040fcb869ea3a9971363e4337c56c4bcb2d4af68152392e642c9f21c38465,feb4e090830acfd9,
potato_pld,Testing/Early_Blight/Early_Blight_131.jpg,Early_Blight_131.jpg,.jpg,8397,256,256,Early_Blight,False,52dda4cd057763d331b5f46a17d0599a6a78b9939a8f6bc19a4e4aff53c7d2e7,bf68b4a5d0978392,
potato_pld,Testing/Early_Blight/Early_Blight_162.jpg,Early_Blight_162.jpg,.jpg,8937,256,256,Early_Blight,False,e1cd1e69f57203c7503ac9f0403bb26fd47089e8bed72ebdaa4db64300957a0d,af89f17cc4e08ec4,
potato_pld,Testing/Early_Blight/Early_Blight_148.jpg,Early_Blight_148.jpg,.jpg,9064,256,256,Early_Blight,False,5211a2a0206f7c16302a57744906cafbbd59596188bd9cbeb62258ae9225ba77,fb1eb0ac92f092d2,
potato_pld,Testing/Early_Blight/Early_Blight_4.jpg,Early_Blight_4.jpg,.jpg,8344,256,256,Early_Blight,False,37e6bb44e428fc1aba5c4053acf92f3d39a9f760c3a6c5745f5eeaf1d306ab5e,ea9ae1f0858194ef,
potato_pld,Testing/Early_Blight/Early_Blight_74.jpg,Early_Blight_74.jpg,.jpg,8177,256,256,Early_Blight,False,a8e4763fd1b8529ec4c253c9795da5b4bbfeda0c1459d056881ba05da9906c46,ebcae18d87dc9448,
potato_pld,Testing/Early_Blight/Early_Blight_106.jpg,Early_Blight_106.jpg,.jpg,8982,256,256,Early_Blight,False,f9adaad86dd5604c0302e3ffd5368a08ca06f8f0a3b98ef2c5605203e83671cf,eb9fa0f8d7e09280,
potato_pld,Testing/Early_Blight/Early_Blight_14.jpg,Early_Blight_14.jpg,.jpg,8840,256,256,Early_Blight,False,c4e35c1cd749ed92db14879094b996a1c861d0595807c47671c381db10face72,ea95e0f485c09f47,
potato_pld,Testing/Early_Blight/Early_Blight_123.jpg,Early_Blight_123.jpg,.jpg,9574,256,256,Early_Blight,False,f314a59f6c755bafd1c37f4f4b9e5be7600b5f479e6ab630fb302e02fbdca76a,aa60e10797fe9654,
potato_pld,Testing/Early_Blight/Early_Blight_94.jpg,Early_Blight_94.jpg,.jpg,9610,256,256,Early_Blight,False,1161f62e0956e0441aa02f1c044ac22ed4a51b0f6f5b13e7e138ed740ebb3b92,ffe0e025c7748ea0,
potato_pld,Testing/Early_Blight/Early_Blight_82.jpg,Early_Blight_82.jpg,.jpg,10665,256,256,Early_Blight,False,670235cffad2b17785230e3b10cc6256f463d561c47163e9c5cf9f1953b0af0f,aa01b51e9329dbb5,
potato_pld,Testing/Early_Blight/Early_Blight_145.jpg,Early_Blight_145.jpg,.jpg,6716,256,256,Early_Blight,False,4d5a402d4ef5f4d42c58032db6a0c6c6ef38fc4d90eebcabf1b0b59c3489c551,aa3de57a860196a7,
potato_pld,Testing/Early_Blight/Early_Blight_68.jpg,Early_Blight_68.jpg,.jpg,11337,256,256,Early_Blight,False,dce8d9df171e6c31bc624a0a806178bef37f87d11bd0febc134482c604c47f86,bf66b0ad8296c352,
potato_pld,Testing/Early_Blight/Early_Blight_116.jpg,Early_Blight_116.jpg,.jpg,8615,256,256,Early_Blight,False,6b92b2dbb06a627ac973e6f200e85e349441f8c8df3b1c8c88db004bd68cfd6f,aee0a407d60fda3c,
potato_pld,Testing/Early_Blight/Early_Blight_48.jpg,Early_Blight_48.jpg,.jpg,10395,256,256,Early_Blight,False,4c7c69d0ed07cb6d45e56817035e8f215e3dd596e9ee8b765ddc322d0e603811,be35a0f2c7c086cb,
potato_pld,Testing/Early_Blight/Early_Blight_72.jpg,Early_Blight_72.jpg,.jpg,9921,256,256,Early_Blight,False,5a36bbb1ee9428b139adb2adeff5abb95c97e2d31609cb7a37628ca54c08195b,aa52e515877ade50,
potato_pld,Testing/Early_Blight/Early_Blight_158.jpg,Early_Blight_158.jpg,.jpg,9488,256,256,Early_Blight,False,d669241442778ac9e3d57460367cfe3289a630ab4efb2452c68c70f65c5efa84,aee4e42586978e9a,
potato_pld,Testing/Early_Blight/Early_Blight_142.jpg,Early_Blight_142.jpg,.jpg,5647,256,256,Early_Blight,False,440f0ef530227dca34cefe5cd11dd513af0dec42ed05c84ac9829c4f4bea8b8c,ef9ae0bc84f084c7,
potato_pld,Testing/Early_Blight/Early_Blight_10.jpg,Early_Blight_10.jpg,.jpg,7899,256,256,Early_Blight,False,a4cd376b21e4cee0e11f7508df78f00e30c43984165002ee5deee4f87d5d1411,bf91b452d2a9d10d,
potato_pld,Testing/Early_Blight/Early_Blight_127.jpg,Early_Blight_127.jpg,.jpg,9992,256,256,Early_Blight,False,7ac72f71894c8f4769c04ded177b8e4e63999911a0dbaa68489b3e036540feb4,ab3de070870296f7,
potato_pld,Testing/Early_Blight/Early_Blight_103.jpg,Early_Blight_103.jpg,.jpg,9277,256,256,Early_Blight,False,ce301db580dac257816fd146ff1c94964d89cb2363491667c205633d133cc2dd,bbe0a107d33e9a38,
potato_pld,Testing/Early_Blight/Early_Blight_32.jpg,Early_Blight_32.jpg,.jpg,8993,256,256,Early_Blight,False,d2671c01493a1d668e6c388810d6a83c698dc628e863358838f83be33b4e27ff,bac3b087917f4a70,
potato_pld,Testing/Early_Blight/Early_Blight_122.jpg,Early_Blight_122.jpg,.jpg,8835,256,256,Early_Blight,False,7f7f90d6deaf7ef532bb9a64687e4cc98b0ded23d0b439ace2632b7b725e7f67,ff4ab0afd014c352,
potato_pld,Testing/Early_Blight/Early_Blight_33.jpg,Early_Blight_33.jpg,.jpg,9339,256,256,Early_Blight,False,eb0fafaf70331b36c4aa65de2b1475adbd31a8ff9672e700341771143364434b,aaa0e11785d6d7b2,
potato_pld,Testing/Early_Blight/Early_Blight_144.jpg,Early_Blight_144.jpg,.jpg,6617,256,256,Early_Blight,False,786c4b715aeba4cfa5e510e4327c2c15aabd1c21d5d1f00edae16328506b6e83,efb6e0f485c092c3,
potato_pld,Testing/Early_Blight/Early_Blight_93.jpg,Early_Blight_93.jpg,.jpg,7960,256,256,Early_Blight,False,d3b5c009988e8ca9ee57776c7d4f7a4500439cf4208b493c4d00cb208d4a8281,bed8f4c09281db8d,
potato_pld,Testing/Early_Blight/Early_Blight_45.jpg,Early_Blight_45.jpg,.jpg,10807,256,256,Early_Blight,False,59e7803726b223dbaa43262edc63a2647eed0c17ef4975ba3d9b2982ab5ab586,ba4af0ab90a5cba3,
potato_pld,Testing/Early_Blight/Early_Blight_135.jpg,Early_Blight_135.jpg,.jpg,8051,256,256,Early_Blight,False,ed3ee83a8ea30c15df9b4d692f65f924622727800680c1ecb5e6d25b56194485,fae0e407859f945a,
potato_pld,Testing/Early_Blight/Early_Blight_154.jpg,Early_Blight_154.jpg,.jpg,7510,256,256,Early_Blight,False,fc43409745eda2d988a855ecbaf709d46828029a4b26b71ae84492ad1d5b1763,ea70a10f85fc86f8,
potato_pld,Testing/Early_Blight/Early_Blight_128.jpg,Early_Blight_128.jpg,.jpg,10402,256,256,Early_Blight,False,cb1d1c0b05d19852dd6016fb34d379bf31a58a6c4b612eeea26feedd4bf75cbd,be9ca1fcd4f09290,
potato_pld,Testing/Early_Blight/Early_Blight_84.jpg,Early_Blight_84.jpg,.jpg,9690,256,256,Early_Blight,False,b422fc94345b2cd7c1050259253f771cdb9dd7854d0ec4628f48df3aeab40614,bf99c149c2ac9f84,
potato_pld,Testing/Early_Blight/Early_Blight_40.jpg,Early_Blight_40.jpg,.jpg,9879,256,256,Early_Blight,False,fb1211e81c6b23a579a23bf8910aee5eb0a342d4a73e5c56b14cf6d87bdd5402,afe1b156d02ad30d,
potato_pld,Testing/Early_Blight/Early_Blight_53.jpg,Early_Blight_53.jpg,.jpg,10112,256,256,Early_Blight,False,7c8bb04624fbc81e95b9405793d4844bab98af0dd91f7518924a98fefbc7e2b5,aae6a5a284e796c6,
potato_pld,Testing/Early_Blight/Early_Blight_107.jpg,Early_Blight_107.jpg,.jpg,11104,256,256,Early_Blight,False,4509adb472c24aa463aeec5c08a1205cdbbd85cb1ae0561aa26b625eadbc3223,fbe1a180959d9a9a,
potato_pld,Testing/Early_Blight/Early_Blight_16.jpg,Early_Blight_16.jpg,.jpg,10683,256,256,Early_Blight,False,178521aad230b8595c6472ba60c5842e8b7a1108910c593c11c93e1ebd023153,ea37a5f485e094c3,
potato_pld,Testing/Early_Blight/Early_Blight_57.jpg,Early_Blight_57.jpg,.jpg,10603,256,256,Early_Blight,False,888106d0879cca63639e7359db4b87e8ce71580eb49f917bb5b3851b5ba8843e,ffc9a5d9c000929f,
potato_pld,Testing/Early_Blight/Early_Blight_7.jpg,Early_Blight_7.jpg,.jpg,8295,256,256,Early_Blight,False,e3b8f3b8fd9c4b72d9e8794e909e8bd9e6a93016ef45f8ee7e497d44316accab,aa9ae5b994d19e82,
potato_pld,Testing/Early_Blight/Early_Blight_160.jpg,Early_Blight_160.jpg,.jpg,9109,256,256,Early_Blight,False,c9303fb3fe85a741f619ec77b70b991e2d04ab73143cf8243c0ae029270d2188,ab38f4cd8245c3ae,
potato_pld,Testing/Early_Blight/Early_Blight_108.jpg,Early_Blight_108.jpg,.jpg,13007,256,256,Early_Blight,False,404a3fab17233669ad707d85e92625d851baed7b90088eaa861ec1beba901587,bbd3b0ab80b5d390,
potato_pld,Testing/Early_Blight/Early_Blight_25.jpg,Early_Blight_25.jpg,.jpg,9195,256,256,Early_Blight,False,d619243a1ffd69c31d3ddf36280c540935330204b2e23f8cada98a63d43c984d,ea9ba4f895c0d2c3,
potato_pld,Testing/Early_Blight/Early_Blight_51.jpg,Early_Blight_51.jpg,.jpg,9044,256,256,Early_Blight,False,774eb0f10b8107cfa21fe225996a9714abd3a68a5fadc5952c56563cc2b3f01c,bf68b425d016c3ba,
potato_pld,Testing/Early_Blight/Early_Blight_104.jpg,Early_Blight_104.jpg,.jpg,11187,256,256,Early_Blight,False,ac087da884599fc56d3c74a3568c51224c9699f6d108f784d20a0a0c62da14c5,fb95e05283681f27,
potato_pld,Testing/Early_Blight/Early_Blight_60.jpg,Early_Blight_60.jpg,.jpg,9149,256,256,Early_Blight,False,d1846eacb319519c092b6e6e7a6a0bb42b121b50247f085c9ce1235c5da894c1,adccd084cb1e9f38,
potato_pld,Testing/Early_Blight/Early_Blight_37.jpg,Early_Blight_37.jpg,.jpg,9756,256,256,Early_Blight,False,5ed601e425583f427d9b6b8937202333d5f934f7e4f94322251e141a82b4c95f,a84aa5ad9655de8a,
potato_pld,Testing/Early_Blight/Early_Blight_161.jpg,Early_Blight_161.jpg,.jpg,10171,256,256,Early_Blight,False,544125297699b250a7fb9c5ab458942c21ab5a37efcdf736fb6327ae4f44f02d,fa9aa08c874dde68,
potato_pld,Testing/Early_Blight/Early_Blight_55.jpg,Early_Blight_55.jpg,.jpg,11494,256,256,Early_Blight,False,53f3aa2b4e9447fdc281d8db3a570df12f5d42ae52ab265b2b11c2624e46c46a,ef4ae0a58244deba,
potato_pld,Testing/Early_Blight/Early_Blight_90.jpg,Early_Blight_90.jpg,.jpg,8559,256,256,Early_Blight,False,8e487c096ef1f476657ecbb74d6646a34f184b72830aeed4294f1008169e9f02,fb9ab07c91a093c5,
potato_pld,Testing/Early_Blight/Early_Blight_69.jpg,Early_Blight_69.jpg,.jpg,10209,256,256,Early_Blight,False,4654f4dd9bb57e8cc78d5a431e8eae5ff04cae556b74c6c28a0782d1fb9dcd99,abb1b1d2d04bc16d,
potato_pld,Testing/Early_Blight/Early_Blight_118.jpg,Early_Blight_118.jpg,.jpg,8952,256,256,Early_Blight,False,234111262b81e57bae5e3cf55c541bec29e20e9b2594a415b449a6316f8ff1ee,ffc8a0ac9734de10,
potato_pld,Testing/Early_Blight/Early_Blight_29.jpg,Early_Blight_29.jpg,.jpg,9523,256,256,Early_Blight,False,2b3b9a6bc9cafc6ffe73642f852e5b67a48483661546bb4dd989eb27e5d7eddc,ef16d05a8a78cde0,
potato_pld,Testing/Early_Blight/Early_Blight_26.jpg,Early_Blight_26.jpg,.jpg,8142,256,256,Early_Blight,False,f589a4bc886da58570ee3b4456bb032568383378ce9479f5b8da7d3f550f735f,bbb1f15ac069c169,
potato_pld,Testing/Early_Blight/Early_Blight_12.jpg,Early_Blight_12.jpg,.jpg,10820,256,256,Early_Blight,False,7ae91c76d17a7cded7c622362f2d852b553eeb6b4bce0c5c6fa3aabeb8d3cf20,aa96a57ad4e0cae1,
potato_pld,Testing/Early_Blight/Early_Blight_138.jpg,Early_Blight_138.jpg,.jpg,11575,256,256,Early_Blight,False,cd4907de2ff92519dbf7a253e0f273d9f8d9f57809e7c328d2cf5712ad4149ac,aee9b544d4a3d207,
potato_pld,Testing/Early_Blight/Early_Blight_125.jpg,Early_Blight_125.jpg,.jpg,10281,256,256,Early_Blight,False,f43d2729b39fcf350eaa85e71dda3a506a64e6734491928f9cc2f96ce58ff2cc,ffb5b452d00bd089,
potato_pld,Testing/Early_Blight/Early_Blight_79.jpg,Early_Blight_79.jpg,.jpg,8672,256,256,Early_Blight,False,cf5e8d5c6d8ab0ac7c2bcc6814c9d861fcf1a2996973b72c01199aba54c43ec8,beb5d0ca894d816e,
potato_pld,Testing/Early_Blight/Early_Blight_98.jpg,Early_Blight_98.jpg,.jpg,13278,256,256,Early_Blight,False,03819a5a49769544748816d79af4a517b005e9f6b3158f29405c253d3a968c27,ff24b55ed03882b1,
potato_pld,Testing/Early_Blight/Early_Blight_30.jpg,Early_Blight_30.jpg,.jpg,8901,256,256,Early_Blight,False,42b73fe80cfffc863ce5110ffddc9f574f635f26aa648974f85b7c86b6b9b973,adb2f052822bcf65,
potato_pld,Testing/Early_Blight/Early_Blight_101.jpg,Early_Blight_101.jpg,.jpg,12302,256,256,Early_Blight,False,683ec840f0934c4d90445575e6a494b3f6c56d7ff2e3b2f30b792b8c912439fa,be81f45ed0aad309,
potato_pld,Testing/Early_Blight/Early_Blight_19.jpg,Early_Blight_19.jpg,.jpg,9167,256,256,Early_Blight,False,d1b531a879b43c8e1d2442baa962485587494ef5468f1262c3450c2a7127a31e,abc2e10f95bd80bc,
potato_pld,Testing/Early_Blight/Early_Blight_18.jpg,Early_Blight_18.jpg,.jpg,8905,256,256,Early_Blight,False,c5d76ad4b0d737d4267b8855c61c6f7d862d62e716302e25faa2706b4d815755,ff4ab0a89215d396,
potato_pld,Testing/Early_Blight/Early_Blight_89.jpg,Early_Blight_89.jpg,.jpg,9429,256,256,Early_Blight,False,ac291d0a91d3e8c18528305bdb7d10300c98a96d6bf887f5b67153a47ddbdefd,ef99a113d0bbc245,
potato_pld,Testing/Early_Blight/Early_Blight_17.jpg,Early_Blight_17.jpg,.jpg,9489,256,256,Early_Blight,False,fb3dfa235ae221670c7b5c93fcbfee320d441357bb86e433bf2dcb3440c3f0c0,bf85b05ed0a8cb54,
potato_pld,Testing/Early_Blight/Early_Blight_126.jpg,Early_Blight_126.jpg,.jpg,10947,256,256,Early_Blight,False,3ee15f8aee1edac6d3ef50ebbc52003ce33404a47749fc724eadcefc705c0f65,fbc8f1ac82a48f94,
potato_pld,Testing/Early_Blight/Early_Blight_100.jpg,Early_Blight_100.jpg,.jpg,8064,256,256,Early_Blight,False,258787bc44a9e66c0ba10c3c8eb5f740a89669f4908dce256d7b4424856f2bfc,efc2e0a5c2159e6a,
potato_pld,Testing/Early_Blight/Early_Blight_41.jpg,Early_Blight_41.jpg,.jpg,9640,256,256,Early_Blight,False,3e48502cfd84ad8b93984727af447ff4f11f0e889a3bfee592b183d2384543e8,abc4b185d19ecb98,
potato_pld,Testing/Early_Blight/Early_Blight_102.jpg,Early_Blight_102.jpg,.jpg,11928,256,256,Early_Blight,False,eefd27c196dd97d50284e5844efcac863b8d14eb02b17102e96d3d05853b3603,eae1a147853ede28,
potato_pld,Testing/Early_Blight/Early_Blight_77.jpg,Early_Blight_77.jpg,.jpg,12966,256,256,Early_Blight,False,6d31f8fc40de26f485a2f54523602b8445ba7c394fd7cdd0433c7fb7297617dd,aee4e544841ede3c,
potato_pld,Testing/Early_Blight/Early_Blight_140.jpg,Early_Blight_140.jpg,.jpg,10576,256,256,Early_Blight,False,702832d0659b611bca80c4b1aaba6c848481d58de4924c224f831a338d3cc081,fe4bb4a181a5c566,
potato_pld,Testing/Early_Blight/Early_Blight_92.jpg,Early_Blight_92.jpg,.jpg,11397,256,256,Early_Blight,False,54ef899698b4dad53f252e86c34eac8eaf0c8fb0d7c6c8072e2921e2025a3c87,feaf80d08745a593,
potato_pld,Testing/Early_Blight/Early_Blight_3.jpg,Early_Blight_3.jpg,.jpg,9140,256,256,Early_Blight,False,2647ba71035c1e82999952dd72db4f65d831612d756148f92c25cb120cd4e347,aa5be4a986e58e86,
potato_pld,Testing/Early_Blight/Early_Blight_20.jpg,Early_Blight_20.jpg,.jpg,9418,256,256,Early_Blight,False,6b858bcdfc13ec2b551978e7addfff19873d6c1b1aae45bbc2d814456c70a6d2,fbb5b054905ac369,
potato_pld,Testing/Early_Blight/Early_Blight_114.jpg,Early_Blight_114.jpg,.jpg,9733,256,256,Early_Blight,False,a0203cc5342ac433e8bae219f3d4b58e1ba2f77f8ca17a93358792f121beabeb,aacee0ee85a59e84,
potato_pld,Testing/Early_Blight/Early_Blight_21.jpg,Early_Blight_21.jpg,.jpg,9357,256,256,Early_Blight,False,327243c9d303424074054e10f902e28c6efc3e506913530f01822d0146dfe636,bb5eb1a883a49396,
potato_pld,Testing/Early_Blight/Early_Blight_36.jpg,Early_Blight_36.jpg,.jpg,8774,256,256,Early_Blight,False,f4c6c29c79703d25bf2433df544fdf043a1eaef2d87a717f51607a608848c4b0,ff0fb0f4d2e083c0,
potato_pld,Testing/Early_Blight/Early_Blight_143.jpg,Early_Blight_143.jpg,.jpg,6553,256,256,Early_Blight,False,cae18c59e7f407ddfc2bdc5898a7eaa57a057bf69aad9c66eabac5f5074790ff,fe8bb0fdd0b0d090,
potato_pld,Testing/Early_Blight/Early_Blight_44.jpg,Early_Blight_44.jpg,.jpg,11201,256,256,Early_Blight,False,a9824c2fef140e75017df022690d24c9f3cd46db81d4a129f1f1391d855c0080,af94e076c522ca6d,
potato_pld,Testing/Early_Blight/Early_Blight_99.jpg,Early_Blight_99.jpg,.jpg,10427,256,256,Early_Blight,False,c26e0a9e775a0a366e02def07600800405ad6609342a81d7c111f823e66eb9bd,abecb1edd1e48290,
potato_pld,Testing/Early_Blight/Early_Blight_49.jpg,Early_Blight_49.jpg,.jpg,8725,256,256,Early_Blight,False,d1921fd093549f1fb2b2e01f8dff714d9da81e421a1961882d78d0b06ea93bef,abb5b1d2c14b894d,
potato_pld,Testing/Early_Blight/Early_Blight_113.jpg,Early_Blight_113.jpg,.jpg,9357,256,256,Early_Blight,False,f920f776eacb0a341aa6859c4369906e59726e08b0065b4242c813eae352daaf,be4aa06dd427868f,
potato_pld,Testing/Early_Blight/Early_Blight_95.jpg,Early_Blight_95.jpg,.jpg,11032,256,256,Early_Blight,False,834ae932ec6b8fdfd8fd18d0421193699136740e1daf2327074a834f2bda3b01,ffc09083c357cd2c,
potato_pld,Testing/Early_Blight/Early_Blight_151.jpg,Early_Blight_151.jpg,.jpg,8047,256,256,Early_Blight,False,3beadf6c7e4914bb9aed7a87e24edfae2284a420df2fd386abe2548d1ec82c18,ffb7e0d480f08742,
potato_pld,Testing/Early_Blight/Early_Blight_105.jpg,Early_Blight_105.jpg,.jpg,7579,256,256,Early_Blight,False,686cedc2ca15eb05826b1287bfdc0036e6238ff58687a4732b57ea9cd4cd1ad3,abb5b550d02bc359,
potato_pld,Testing/Early_Blight/Early_Blight_67.jpg,Early_Blight_67.jpg,.jpg,10873,256,256,Early_Blight,False,650fb72bc256d6a03c10e95ae9d1b3d1670732ad9d4174f39921d67e5899fc84,aa42b52fde05d82e,
potato_pld,Testing/Early_Blight/Early_Blight_109.jpg,Early_Blight_109.jpg,.jpg,10743,256,256,Early_Blight,False,7af97b02eb2363e2975d6b86473072877afbd427d7a6c7eb789fd5cfd99f9268,ba0ea12d8705d7f4,
potato_pld,Testing/Early_Blight/Early_Blight_9.jpg,Early_Blight_9.jpg,.jpg,9495,256,256,Early_Blight,False,ef815b0af70f3829026c35398d854ac4767a03df32862e083bf162717a8f2391,be48b07dd2808adf,
potato_pld,Testing/Early_Blight/Early_Blight_54.jpg,Early_Blight_54.jpg,.jpg,9676,256,256,Early_Blight,False,8c30fe7e5b85ffad64368d4e7928af806ae7905bea5b85ef2ebc65bbbe2c336d,bfa4b412d08bc35d,
potato_pld,Testing/Early_Blight/Early_Blight_22.jpg,Early_Blight_22.jpg,.jpg,9686,256,256,Early_Blight,False,8bb6b5db3fd1926568deafeef562b5d64d57f05be034fef6cf168c596facb5e8,ea52e12b87e9de01,
potato_pld,Testing/Early_Blight/Early_Blight_56.jpg,Early_Blight_56.jpg,.jpg,12711,256,256,Early_Blight,False,e256df8dbc7c93e8ad5e54a7cb3820aaf233eab5eb6f9bf7a6aed699bef12101,fab6e09087738e92,
potato_pld,Testing/Early_Blight/Early_Blight_6.jpg,Early_Blight_6.jpg,.jpg,9142,256,256,Early_Blight,False,ea9e6185cb356a8c979b0225b44c52ec51c2cbe7de1fcf7835d268a58b9b7fa2,ae92e4fac4608e4f,
potato_pld,Testing/Early_Blight/Early_Blight_39.jpg,Early_Blight_39.jpg,.jpg,8502,256,256,Early_Blight,False,e48dafb776004a5fbf5575cf3d48c4a2b013fedaf433c563f19e895e1101ad65,aa4ee18c85dc979c,
potato_pld,Testing/Early_Blight/Early_Blight_157.jpg,Early_Blight_157.jpg,.jpg,7386,256,256,Early_Blight,False,aba0daa793b6a8655022b5f99fe7de3511dfada819b71421e8423234b20cf1d7,aa9ba4f994f09ac1,
potato_pld,Testing/Early_Blight/Early_Blight_8.jpg,Early_Blight_8.jpg,.jpg,7844,256,256,Early_Blight,False,e83f4c0bfc1cad77398d24d218c399b1364a87b0e74e951d9284bbc1de6ddb30,ab0ef0f4870096df,
potato_pld,Testing/Early_Blight/Early_Blight_85.jpg,Early_Blight_85.jpg,.jpg,10313,256,256,Early_Blight,False,25e5b0dbe0c4d7e5aec573364041c97f769dbfacae562ec788d37b6df6be8d5e,baf2a4a1c2a587b6,
potato_pld,Testing/Early_Blight/Early_Blight_87.jpg,Early_Blight_87.jpg,.jpg,13482,256,256,Early_Blight,False,c42c26285ee1b87fe3ef2cf5e4e7487059f00bd1334ea64c34fbed2b4be1bf15,afe0a4eae2e5d094,
potato_pld,Testing/Early_Blight/Early_Blight_117.jpg,Early_Blight_117.jpg,.jpg,9888,256,256,Early_Blight,False,27dde274acecb34d09c6c3fce812eb283d9467dfe72ebc1b899b515b5e3263d3,ef64e02e864e9e38,
potato_pld,Testing/Early_Blight/Early_Blight_153.jpg,Early_Blight_153.jpg,.jpg,7409,256,256,Early_Blight,False,070da139df6a7a974d4ae3c0bac007c0ee134c45133b2fb0d545d0604d365cd8,ab15e1f4d5b094a3,
potato_pld,Testing/Early_Blight/Early_Blight_23.jpg,Early_Blight_23.jpg,.jpg,8002,256,256,Early_Blight,False,8380f6d4d0078dae74c6df1fe84668a2121183df56d40843e376b7da597e10b0,ea39e1d08703de47,
potato_pld,Testing/Early_Blight/Early_Blight_27.jpg,Early_Blight_27.jpg,.jpg,8820,256,256,Early_Blight,False,692d11e943f8824ee386aa0d2a2baf38a1e0330d07bb55aeda234be9d6b8ae06,aa9df4d4807ad748,
potato_pld,Testing/Early_Blight/Early_Blight_159.jpg,Early_Blight_159.jpg,.jpg,9429,256,256,Early_Blight,False,c4e7b1cdd4243615686b566370da11744b69506137efc0662b957253254c39c5,ad1ef2b982d0dac1,
potato_pld,Testing/Early_Blight/Early_Blight_86.jpg,Early_Blight_86.jpg,.jpg,8202,256,256,Early_Blight,False,731e0d29df09eac7eb03981cd63f5baae9346217b29c68973ee9b54e1ff08fdf,bec0d40f837c4b3c,
potato_pld,Testing/Early_Blight/Early_Blight_136.jpg,Early_Blight_136.jpg,.jpg,9391,256,256,Early_Blight,False,512b879aed10f1faedd28f31b748f5d5b4a3732e67d44513042b84cba9afcc61,bac2e00bd5af8b94,
potato_pld,Testing/Early_Blight/Early_Blight_15.jpg,Early_Blight_15.jpg,.jpg,9296,256,256,Early_Blight,False,4e75de60f42983db38266ccdfa81544efb0225099c2e72e7669519a9b9782ad6,aa47e51a877e9618,
potato_pld,Testing/Early_Blight/Early_Blight_137.jpg,Early_Blight_137.jpg,.jpg,10710,256,256,Early_Blight,False,e022bfc180674755e209d7a84d2f21688dcdf833e7ef55995b100ef6a463b9a8,fbcae0a982b583e2,
potato_pld,Testing/Early_Blight/Early_Blight_149.jpg,Early_Blight_149.jpg,.jpg,7535,256,256,Early_Blight,False,cce0c8dfbe08c6f96d4b791066afd65928a5a45ee862c64439671e9deba728e0,eadae4e885819e17,
potato_pld,Testing/Early_Blight/Early_Blight_24.jpg,Early_Blight_24.jpg,.jpg,8716,256,256,Early_Blight,False,847c6ba12689da1ceeffd5546d7f3e008aedf5b13375440ccdef72b7542fa7be,ba1ee17895a0de85,
potato_pld,Testing/Early_Blight/Early_Blight_81.jpg,Early_Blight_81.jpg,.jpg,10322,256,256,Early_Blight,False,b1b244ed4bd71fe4d4f0e721ea603e979a4bc4d59a8b8dfd2b6d64df9dfa23c4,abeca12097e55a87,
potato_pld,Testing/Early_Blight/Early_Blight_65.jpg,Early_Blight_65.jpg,.jpg,9817,256,256,Early_Blight,False,59816c97c329af95a5d34893ebd41fec5efe35e00cb496d9078dbf18ce47aa82,beb4f05a806a8d6d,
potato_pld,Testing/Early_Blight/Early_Blight_76.jpg,Early_Blight_76.jpg,.jpg,11355,256,256,Early_Blight,False,93d16ce32e627227cc04e7bc927bb83e7f86f46ceb97fb7eeed0e6771d805133,af4ab427d2478b0e,
potato_pld,Testing/Early_Blight/Early_Blight_13.jpg,Early_Blight_13.jpg,.jpg,8778,256,256,Early_Blight,False,8b29f8ed5ebb922a1653ad319d981b8ee42ee4186e3db0043c085aa52d2f4489,ee98e4b884c19e67,
potato_pld,Testing/Healthy/Healthy_2.jpg,Healthy_2.jpg,.jpg,12068,256,256,Healthy,False,c93e86206d7735e6f3997c47e6dcb0336ee60c71a07522dc90026983a730fdcc,eae0a587972d9e0c,
potato_pld,Testing/Healthy/Healthy_42.jpg,Healthy_42.jpg,.jpg,9566,256,256,Healthy,False,416937b4532e9ee684fc426c241384cd055fbe0b20335a17e3922d6a330c353f,ea1b85f094c1dac7,
potato_pld,Testing/Healthy/Healthy_74.jpg,Healthy_74.jpg,.jpg,7649,256,256,Healthy,False,94c2e26cef663c5cb6eb04cdce8a22a70639b89c7793c58971d193cd6ff754ab,fe6eb829c0b5c590,
potato_pld,Testing/Healthy/Healthy_73.jpg,Healthy_73.jpg,.jpg,8627,256,256,Healthy,False,d8684857325276179bc38d74337a61667f18d70da292466ac368b46d84a6a99d,eaeaa1a8c1a58f95,
potato_pld,Testing/Healthy/Healthy_77.jpg,Healthy_77.jpg,.jpg,4865,256,256,Healthy,False,ed037902fcaaf15450e54e5b84a2190cffc2e8f169467446bab982e154b561c0,af97f45ac06ac521,
potato_pld,Testing/Healthy/Healthy_61.jpg,Healthy_61.jpg,.jpg,12583,256,256,Healthy,False,49d8f3e6406bc85f2731c852e987db7529a8ca6578a749886c79c06b19045f55,ff60a583a48f94cc,
potato_pld,Testing/Healthy/Healthy_14.jpg,Healthy_14.jpg,.jpg,8067,256,256,Healthy,False,1f1e4c7466fe64796b777f1f5e5acf6790ff21a95af2f9d5d8f814c13d73baae,bfbcb0b8d098ca98,
potato_pld,Testing/Healthy/Healthy_53.jpg,Healthy_53.jpg,.jpg,12784,256,256,Healthy,False,2d7d3defa69af982001e4103d067438875c5dfd36c3c6f33095f29c9e35e0c63,aa97e5f2c0629e43,
potato_pld,Testing/Healthy/Healthy_19.jpg,Healthy_19.jpg,.jpg,6500,256,256,Healthy,False,d07538d1983f70b7442c184e9490ac9237a49b275502da6f83bae41bebf9010f,fa5ae08a85af9705,
potato_pld,Testing/Healthy/Healthy_34.jpg,Healthy_34.jpg,.jpg,8997,256,256,Healthy,False,d8a628fd038c99a1fbee363adc683987dc7c4630959139cbc5d1ee88bd4f5c45,ebc2858fd6bc9a40,
potato_pld,Testing/Healthy/Healthy_8.jpg,Healthy_8.jpg,.jpg,10424,256,256,Healthy,False,eb8ee909a4030fe73982a975d5d3d4ad9ed2f16543231ef6a5886fe780438d09,ebaaf159814a87c9,
potato_pld,Testing/Healthy/Healthy_30.jpg,Healthy_30.jpg,.jpg,9673,256,256,Healthy,False,35aa7dea496723e41a2275572f01e1e8f9c9c29019d1c296af3df21c61c83d6b,bbc9b185c3968f14,
potato_pld,Testing/Healthy/Healthy_36.jpg,Healthy_36.jpg,.jpg,9106,256,256,Healthy,False,2aab820b7b70c667a9d42c6419d43b0ab5f23b8ebd5c9af6302b1a11ede144d9,ea16e97e85e094e1,
potato_pld,Testing/Healthy/Healthy_12.jpg,Healthy_12.jpg,.jpg,6445,256,256,Healthy,False,2b736ae8a4d7994885f0b1308769e54a49e785eb190f2695eb147c346596dafa,ee90a48ad41f966d,
potato_pld,Testing/Healthy/Healthy_13.jpg,Healthy_13.jpg,.jpg,8659,256,256,Healthy,False,6d7fcb96360dffbfab78592d2e8861a31a6478cdc92ed2d269f3c124b653f060,ea56e1a385bf8e10,
potato_pld,Testing/Healthy/Healthy_98.jpg,Healthy_98.jpg,.jpg,10572,256,256,Healthy,False,10c03e7fdb05af75e977ae32a63d6809e5f2ef86f9c22017bcf0309ee105b1dd,ab9195dac2c9ce85,
potato_pld,Testing/Healthy/Healthy_59.jpg,Healthy_59.jpg,.jpg,11434,256,256,Healthy,False,0e1fb87e78e22f0f9868fabc9d9059e721f362fe7c8c5fdd9fba8eed02980f09,efc9e08b80a59f94,
potato_pld,Testing/Healthy/Healthy_102.jpg,Healthy_102.jpg,.jpg,14212,256,256,Healthy,False,dd1d7edf2bd5a50d8db46449d8767bf2f55a73185b998e8f419692fd9eb3e058,ea1fa56aafa19062,
potato_pld,Testing/Healthy/Healthy_55.jpg,Healthy_55.jpg,.jpg,12413,256,256,Healthy,False,7726591f16df1d0b9bd13bf86ce54548d8fcc1975803225721315df12b9f5526,ff31f011906f836a,
potato_pld,Testing/Healthy/Healthy_50.jpg,Healthy_50.jpg,.jpg,11969,256,256,Healthy,False,f5e3e859d4df75d8cb83bc571dd03199ab899dd3dbfb9fbce2b71beeb55f56ae,be85f45e9238da30,
potato_pld,Testing/Healthy/Healthy_82.jpg,Healthy_82.jpg,.jpg,5685,256,256,Healthy,False,454057c0cc66fe721da58623ab1fba337dc6393b395aff7fb5d713cb529f4f11,eae0a58fd41cda38,
potato_pld,Testing/Healthy/Healthy_24.jpg,Healthy_24.jpg,.jpg,10747,256,256,Healthy,False,3751c7182c0fa40fb5600207917ebcd4826d1e295585ae1ad5357d1d0548ba85,ec1ce07b85389f61,
potato_pld,Testing/Healthy/Healthy_6.jpg,Healthy_6.jpg,.jpg,8766,256,256,Healthy,False,23a3791da78abdb1b194f4fdb163a0ec953f2b9ca50504750714b8be92e7f83c,bfceb1a0d0958a9a,
potato_pld,Testing/Healthy/Healthy_31.jpg,Healthy_31.jpg,.jpg,10572,256,256,Healthy,False,ef5e119eb1befc2be6e942200c1672f025b328c66e23126fb9d1b2dee66eda1e,aa1fe0ea858197b5,
potato_pld,Testing/Healthy/Healthy_66.jpg,Healthy_66.jpg,.jpg,12522,256,256,Healthy,False,e56a557a0d4c3be6397e6b62641d54e7bfc5350e8eafd825cc2998730dc13ea3,aad0f10b92b5d27c,
potato_pld,Testing/Healthy/Healthy_40.jpg,Healthy_40.jpg,.jpg,9692,256,256,Healthy,False,4bb3b0da3165aa0477a2adb1046f9c58ea2af884ee0d8124e601d6e113346f68,bfe0d08587a78c9c,
potato_pld,Testing/Healthy/Healthy_33.jpg,Healthy_33.jpg,.jpg,10372,256,256,Healthy,False,1060eaae9b3e494c46c07e33cf97614e37eae892d00d9a415cdb61456085108d,aa4af4ad829cd794,
potato_pld,Testing/Healthy/Healthy_76.jpg,Healthy_76.jpg,.jpg,6767,256,256,Healthy,False,bafdfbce0ae536d17e06f7e88d821e4841c77135904bc5a6a34668a1eb634339,aec4a126d53e9a3c,
potato_pld,Testing/Healthy/Healthy_32.jpg,Healthy_32.jpg,.jpg,12893,256,256,Healthy,False,5dd1b27a5850d01a26edb4fa4d0b620899d5f1fc50910c1b39fb36bce6dff26a,aabda57495e090cb,
potato_pld,Testing/Healthy/Healthy_84.jpg,Healthy_84.jpg,.jpg,7157,256,256,Healthy,False,58acc55668a041c5311173d30fc5fd51d78ced4f70702f7e9e45f3c6d440816c,aa1ae1f187619567,
potato_pld,Testing/Healthy/Healthy_75.jpg,Healthy_75.jpg,.jpg,7262,256,256,Healthy,False,4fbea04a4c25652fd837b6600e2c08d3b3e227031e4e6a5a93755ef537d7d4c3,ae4ea06e82accfb4,
potato_pld,Testing/Healthy/Healthy_63.jpg,Healthy_63.jpg,.jpg,12099,256,256,Healthy,False,f33db6272f4d60aa982a06593e34fa1249fa7b7b64c7463db3f09f97100c2888,bf40f72dd004c1de,
potato_pld,Testing/Healthy/Healthy_49.jpg,Healthy_49.jpg,.jpg,11049,256,256,Healthy,False,d9d1d49543d86dc6a88d245b43632b0cb0775485917f4d6878978a0e4c823a93,ab85f57e8158d628,
potato_pld,Testing/Healthy/Healthy_86.jpg,Healthy_86.jpg,.jpg,6805,256,256,Healthy,False,7e8346153873aeb49e6097d1097c364cf624fb3c6ed41a479984d77090016602,eae1a517d41e907a,
potato_pld,Testing/Healthy/Healthy_47.jpg,Healthy_47.jpg,.jpg,11360,256,256,Healthy,False,8c16546d144a46f4e2bef57c63b57fe29b61ece9fec4f194fd3b80c20b283081,af05b45e924bd329,
potato_pld,Testing/Healthy/Healthy_57.jpg,Healthy_57.jpg,.jpg,10777,256,256,Healthy,False,23205ee946e64b804fdfa820b287f69bc4177b0f40ed15290657ce5427587be5,abb5e0d28652974b,
potato_pld,Testing/Healthy/Healthy_69.jpg,Healthy_69.jpg,.jpg,12173,256,256,Healthy,False,f2d3842b725f2be9937041d1b843cede74b7654938916d5ebd97d4aa7332d720,bef0b4a08aa58f96,
potato_pld,Testing/Healthy/Healthy_85.jpg,Healthy_85.jpg,.jpg,6631,256,256,Healthy,False,f34242ae142473e45fe5f0a1f1a33db5bbbda125e62a440ecff07ef01b13017c,bf4ad625e922e823,
potato_pld,Testing/Healthy/Healthy_72.jpg,Healthy_72.jpg,.jpg,12607,256,256,Healthy,False,46f70618c5a785c096be1889647628b77ffa68b0b5eb2433d041586e8c501ccf,e3deb1d0d14ac80f,
potato_pld,Testing/Healthy/Healthy_48.jpg,Healthy_48.jpg,.jpg,11089,256,256,Healthy,False,c165a541b831440090f4bd7033a75940be7547d18b03c71ea0cae4f48d6ba736,b2fbed649484ca94,
potato_pld,Testing/Healthy/Healthy_71.jpg,Healthy_71.jpg,.jpg,10753,256,256,Healthy,False,59e8e0086073816300e7d6f0e8f967660604ddd0447d8dae9b22644b067972d5,aee4a4c4d45b5a39,
potato_pld,Testing/Healthy/Healthy_26.jpg,Healthy_26.jpg,.jpg,10236,256,256,Healthy,False,ef12cffcbb1cbdec257fc48c978e954953366f051221e6cb058a9818343e70b1,ffa3f4c290d4c28a,
potato_pld,Testing/Healthy/Healthy_95.jpg,Healthy_95.jpg,.jpg,8931,256,256,Healthy,False,d6f6f32be7c8997e8a1a7534b6a3d627a4754631389643871d41e6614b034e3a,ba4de1fa87208772,
potato_pld,Testing/Healthy/Healthy_5.jpg,Healthy_5.jpg,.jpg,10333,256,256,Healthy,False,bfb3e896121c773eae7984982288f86954f334a8b8527ef0f90e9cf6d7450569,fb49a06c81adc7c5,
potato_pld,Testing/Healthy/Healthy_39.jpg,Healthy_39.jpg,.jpg,9741,256,256,Healthy,False,9780f1ab338033c7701203fd4b1bd98f39fc564e36c2b9b667f43091f63238cb,eac0a52f959d945c,
potato_pld,Testing/Healthy/Healthy_94.jpg,Healthy_94.jpg,.jpg,12725,256,256,Healthy,False,ff44f7276d24f8700bf6b4ccc4472b1e111d452fbf6fd1a21b0193018519e7c2,ae14e45a90699f6d,
potato_pld,Testing/Healthy/Healthy_79.jpg,Healthy_79.jpg,.jpg,6129,256,256,Healthy,False,c9f22a11d23d26204ea6516a93b7d8be2c84617a11a338f2f19ebc20e96a527a,eac4e0e8858d9f9c,
potato_pld,Testing/Healthy/Healthy_101.jpg,Healthy_101.jpg,.jpg,8643,256,256,Healthy,False,c647253952f8e9b34f28b32c1dc30e916ea94083f4ed867a965c98ffbd4f2b85,adb4945a9ae998c5,
potato_pld,Testing/Healthy/Healthy_7.jpg,Healthy_7.jpg,.jpg,9811,256,256,Healthy,False,32acfd72694dc58f15bb92317414589974949602fca508fb6df2d480b352c756,bfb5b0f4d058c309,
potato_pld,Testing/Healthy/Healthy_4.jpg,Healthy_4.jpg,.jpg,9970,256,256,Healthy,False,a5d9617f1c31995121f7120ef8d6d39f130bd4004b07450fc09303e7b878c7bb,fbc0b10cd02bd23f,
potato_pld,Testing/Healthy/Healthy_68.jpg,Healthy_68.jpg,.jpg,15054,256,256,Healthy,False,74c5c374402a77650e023ad55894ed69ff87aa2d204177261f691882d396dc9e,aa83e1ae8594c7ba,
potato_pld,Testing/Healthy/Healthy_23.jpg,Healthy_23.jpg,.jpg,10644,256,256,Healthy,False,d20dd80e96bbfab5baaf7d1acd1467818a6ce8f6b7f19e8f54a09b9c1e85fe59,ff0ba0f885b096e1,
potato_pld,Testing/Healthy/Healthy_87.jpg,Healthy_87.jpg,.jpg,7464,256,256,Healthy,False,abfc86ddbbf8fc86063144348157288c4733633e6008fa5a7ab268f0f79a3085,bb38b1d0d1d9c259,
potato_pld,Testing/Healthy/Healthy_21.jpg,Healthy_21.jpg,.jpg,6878,256,256,Healthy,False,6e6894ade13a10b4f0b3b1ee348367f927582e29b9a83dafbff248223dc9b29e,efadf5d482c09780,
potato_pld,Testing/Healthy/Healthy_15.jpg,Healthy_15.jpg,.jpg,8130,256,256,Healthy,False,b462df7019dbaefc62264dd2534887afa72d44653978f5fcdb55d4a695763e51,af9fb546d020c2d5,
potato_pld,Testing/Healthy/Healthy_41.jpg,Healthy_41.jpg,.jpg,10393,256,256,Healthy,False,fd2725f421f9e0a6857827379cb2f37df1de2492f5b9cbe137eedab15cc04c47,bbb1f0d2c01bcb29,
potato_pld,Testing/Healthy/Healthy_92.jpg,Healthy_92.jpg,.jpg,13705,256,256,Healthy,False,bc197f8a92a578459f21d2556e5bc1855baf9133f6add228cd38c786757603ec,aacac589c29d9d3c,
potato_pld,Testing/Healthy/Healthy_11.jpg,Healthy_11.jpg,.jpg,10377,256,256,Healthy,False,3df6758fd19a27e2d845e89376cee3a7c1c672284d7c3f59e0ace9242a75c65d,fa1fe07c85a09473,
potato_pld,Testing/Healthy/Healthy_54.jpg,Healthy_54.jpg,.jpg,12125,256,256,Healthy,False,164d43feb1f306e712dd99c5c5ad302517f892605a2d6b53238b360b9f8e9a4e,bae0a18b8fa5dc94,
potato_pld,Testing/Healthy/Healthy_78.jpg,Healthy_78.jpg,.jpg,6530,256,256,Healthy,False,0759f2bb4c6eebf085abb21cb0446b986d3ce4628e00d6ec3d63559cc022ea89,ffb5b052c0e9c145,
potato_pld,Testing/Healthy/Healthy_90.jpg,Healthy_90.jpg,.jpg,6610,256,256,Healthy,False,47ffe0d491027269ea266bb7200a1e71f14fe8d3d0c36b17b6d6c328cecc4197,aebdb470d0e2cac1,
potato_pld,Testing/Healthy/Healthy_25.jpg,Healthy_25.jpg,.jpg,10044,256,256,Healthy,False,425fe47fc710aea28ab58981d812b0dddc71ed85aa1af62fcab3028eb08ccb0d,fba0f196f0d280cb,
potato_pld,Testing/Healthy/Healthy_28.jpg,Healthy_28.jpg,.jpg,7747,256,256,Healthy,False,167943c316b0c9a880c8cc35d14153f277e451ae1291214163fb0f8f52046694,efa7a1d8c5e09603,
potato_pld,Testing/Healthy/Healthy_67.jpg,Healthy_67.jpg,.jpg,14538,256,256,Healthy,False,31c1adf9f0fe860e25e993aea7fb1205292f29554ca6ab49cb7f68733f15ad1c,afc0c58f959e9838,
potato_pld,Testing/Healthy/Healthy_65.jpg,Healthy_65.jpg,.jpg,12603,256,256,Healthy,False,46d4fa2761a3c99fcfac28aad9d21634a40f67509ccedfac953c6f93ea5300ec,bf4ef4a8d0f4c380,
potato_pld,Testing/Healthy/Healthy_80.jpg,Healthy_80.jpg,.jpg,5671,256,256,Healthy,False,5fd37a75c2e405f2b1e0d2f46a488c8bf980f6e579de210f0837833637ae7c88,aabdb058d2e8cd85,
potato_pld,Testing/Healthy/Healthy_99.jpg,Healthy_99.jpg,.jpg,10879,256,256,Healthy,False,b0c350f1efbd35ecf182348a457546547a514ebe3a62640c46f3b506b45901a3,aa90b41ad2c9cfe5,
potato_pld,Testing/Healthy/Healthy_58.jpg,Healthy_58.jpg,.jpg,11783,256,256,Healthy,False,37d165f4071a29aded7d7aa14fe91ce4200481b971681ad8c19a1b924f280728,efc4b117925e8e28,
potato_pld,Testing/Healthy/Healthy_93.jpg,Healthy_93.jpg,.jpg,12710,256,256,Healthy,False,61b2f1b13f31344c21eb3cd8b6cf33e24a579fa6dab8eb8545bf0617a08e33c1,a9e4d694ca9a1dc9,
potato_pld,Testing/Healthy/Healthy_100.jpg,Healthy_100.jpg,.jpg,13522,256,256,Healthy,False,284c785c09eb5f67362b97fd3f0e5264db9fb7d73004ccc2ff6b4f9696351416,aae9b5c4d4879ab0,
potato_pld,Testing/Healthy/Healthy_91.jpg,Healthy_91.jpg,.jpg,11476,256,256,Healthy,False,a3c9111de84edfe002503e23b53f3ef39b38ab5459b6c06cdfe0c4eaeaafa9d5,bfb0f091c04bcf49,
potato_pld,Testing/Healthy/Healthy_20.jpg,Healthy_20.jpg,.jpg,9392,256,256,Healthy,False,b449f5c08ac62560c8a365cd04b57507fc2e3a6da2632ae7b0a207b9eb5cbfcc,fe6ae005857f870c,
potato_pld,Testing/Healthy/Healthy_83.jpg,Healthy_83.jpg,.jpg,6783,256,256,Healthy,False,40a6deded813c6dcea9bf8d30eccb62da14c7e3562c487332955bddc92ccff82,ea29e1f085039cef,
potato_pld,Testing/Healthy/Healthy_97.jpg,Healthy_97.jpg,.jpg,13402,256,256,Healthy,False,78f2c19c6f80f06b9c104c75b02382bb06f54a9c84faef599c4aad6c4ed989fc,b2f2a5a49487da9c,
potato_pld,Testing/Healthy/Healthy_62.jpg,Healthy_62.jpg,.jpg,11025,256,256,Healthy,False,5a10777901ffb60fd5b7f77e9d84c2b0f326c6713443a47053a2d3e8cc27b2d5,ff3f9098dac0c1c1,
potato_pld,Testing/Healthy/Healthy_16.jpg,Healthy_16.jpg,.jpg,7292,256,256,Healthy,False,a5452b4c2e019b12ecbacc31257ac0910d0561e3725d399f10c1b9d2d3fee4f9,eab1e11787fad600,
potato_pld,Testing/Healthy/Healthy_96.jpg,Healthy_96.jpg,.jpg,10853,256,256,Healthy,False,d77e12e77607a8b814cb0bb5e1f0e0963b2ae2fa947dc16ed6594cd176a471c6,aa15b51ed62a9a6c,
potato_pld,Testing/Healthy/Healthy_52.jpg,Healthy_52.jpg,.jpg,12924,256,256,Healthy,False,11e43e42c0fac3db0e9c5ca63b10be73328a80d79c6f8879b0822ba02198a19f,bf4ad0a5d106c99e,
potato_pld,Testing/Healthy/Healthy_60.jpg,Healthy_60.jpg,.jpg,12883,256,256,Healthy,False,3dc2d9d667ea1311e5e40732506718c4d203b44dbc8d3f8eee408677c14e2981,faf0a4a185979696,
potato_pld,Testing/Healthy/Healthy_3.jpg,Healthy_3.jpg,.jpg,9664,256,256,Healthy,False,8bdeade7c4dff597c6771cc3d5a05d694caf3de540262f81a757f1b0e258563e,fa35a0759fc290ca,
potato_pld,Testing/Healthy/Healthy_1.jpg,Healthy_1.jpg,.jpg,10174,256,256,Healthy,False,685e88dff82f1a6b423388893af8c41cdf3ce8d9fe75943756cb4a9f8ab71c87,ee4be0e9c6a18ac3,
potato_pld,Testing/Healthy/Healthy_9.jpg,Healthy_9.jpg,.jpg,8075,256,256,Healthy,False,e99db6da8c8ca66c1fe0b39245dc96d13326dae31cbb0193dcc5d8a8b55b11f0,aa66b524d493ca9b,
potato_pld,Testing/Healthy/Healthy_46.jpg,Healthy_46.jpg,.jpg,11303,256,256,Healthy,False,dc39a70a11d031e492c51744a496166a8bed85dd7105ad63b59cd2145d480a02,bb62d421ca27cc3e,
potato_pld,Testing/Healthy/Healthy_89.jpg,Healthy_89.jpg,.jpg,6404,256,256,Healthy,False,bbe730bb214e3ba5b7f72f0316be12e69728e9ddf2375f558d508d2de59ee080,aab5d0facbc188c5,
potato_pld,Testing/Healthy/Healthy_18.jpg,Healthy_18.jpg,.jpg,8563,256,256,Healthy,False,95685044ebd5b526b29578105d9c54ab29952c298f53337625241664f3931800,afc4a086c51fd61e,
potato_pld,Testing/Healthy/Healthy_70.jpg,Healthy_70.jpg,.jpg,10060,256,256,Healthy,False,a1fef465fd33264917818e9dabeb1ef079802ae148f16b6ec36b477779867dd6,bad4a0aa857d971c,
potato_pld,Testing/Healthy/Healthy_45.jpg,Healthy_45.jpg,.jpg,11590,256,256,Healthy,False,bf12dd73783126cf5770acd5025ab2d40c5c95a0a08a08688749426ab211b1bb,aab1b556da4acd48,
potato_pld,Testing/Healthy/Healthy_64.jpg,Healthy_64.jpg,.jpg,14269,256,256,Healthy,False,f33f7d5bf4969946f27fe0d61001b02ba4d5fe5f40466b718bd9caf931c99d35,fad2e0cac04b95ad,
potato_pld,Testing/Healthy/Healthy_81.jpg,Healthy_81.jpg,.jpg,5498,256,256,Healthy,False,e713502535b43112622c5b2773e1097bf7b05ac474768ac36232dd7cfab5a43f,ab48f43dd63c8a34,
potato_pld,Testing/Healthy/Healthy_29.jpg,Healthy_29.jpg,.jpg,11728,256,256,Healthy,False,ca9bcedefee947262700597fe4bb78dce936bd81805b6186d2d2b22bbbf51d79,ea8ac08e859dbd33,
potato_pld,Testing/Healthy/Healthy_17.jpg,Healthy_17.jpg,.jpg,7579,256,256,Healthy,False,964366932206c64575e8c080d8fcf760432ed5c080db749cf233b427086e5e49,fae1e147850e971c,
potato_pld,Testing/Healthy/Healthy_22.jpg,Healthy_22.jpg,.jpg,7504,256,256,Healthy,False,3032c7bc745ec6beb099fb1482479b40ecdb753d8c97342b0a901a9520a21ae7,ab6af12583369356,
potato_pld,Testing/Healthy/Healthy_35.jpg,Healthy_35.jpg,.jpg,8340,256,256,Healthy,False,7e3a04386058cf06917116493f36518c4611622781ba67d7411c32f97d78efc4,ea3fa1f094c298cb,
potato_pld,Testing/Healthy/Healthy_10.jpg,Healthy_10.jpg,.jpg,8915,256,256,Healthy,False,e45f8fcf6832aff41edd41577d55d474121e3ac114ff7b987acc870cc18ffbb8,ffb7f18280878714,
potato_pld,Testing/Healthy/Healthy_37.jpg,Healthy_37.jpg,.jpg,10000,256,256,Healthy,False,a9a2a3b2231ff6042f35c445124f3cf97f3b39d84877d570b56de6110e27e38d,eecca0ac81a59f96,
potato_pld,Testing/Healthy/Healthy_56.jpg,Healthy_56.jpg,.jpg,11547,256,256,Healthy,False,ff079e77611d8ebeb3f6d77a654809159f95cc5f8a5a946e085a723a4e54f0b0,aab5d07a9bc19847,
potato_pld,Testing/Healthy/Healthy_38.jpg,Healthy_38.jpg,.jpg,9961,256,256,Healthy,False,9cdb0b7d0f602106d03eb3c9c1e58dd3f348eedfab52919db65f0c535a20d423,ab0fb47cd2288b55,
potato_pld,Testing/Healthy/Healthy_44.jpg,Healthy_44.jpg,.jpg,10135,256,256,Healthy,False,9b122c8119078546668108e5c9dcbe2619a36a5bbe0b94912d85c823f972f5bf,ba95b51ad17a826a,
potato_pld,Testing/Healthy/Healthy_51.jpg,Healthy_51.jpg,.jpg,11033,256,256,Healthy,False,160ec595087d12fc119c2ea71cd2f3aff3213b013ada61b275353aa0f775ae86,fa69910749b6ca5a,
potato_pld,Testing/Healthy/Healthy_27.jpg,Healthy_27.jpg,.jpg,9216,256,256,Healthy,False,0bb67bd452eea4756c6a6dd50a8486ba41087dc93e85bdedf2634619fe5ec5ed,fe95a1b48552869b,
potato_pld,Testing/Healthy/Healthy_88.jpg,Healthy_88.jpg,.jpg,5971,256,256,Healthy,False,71ff14ba5583848211ed21dd00bf2c4423f0da16aaf05068c9a23fdf433c0fcd,aa33e57087629e87,
potato_pld,Testing/Healthy/Healthy_43.jpg,Healthy_43.jpg,.jpg,8663,256,256,Healthy,False,fc5885bd14db347148d65f7e1d20ed57e8539d818d284e433e5d0db5ec796629,ffe0e00785bf8618,
potato_pld,Testing/Late_Blight/Late_Blight_77.jpg,Late_Blight_77.jpg,.jpg,9375,256,256,Late_Blight,False,470d52a5691c1715c3ed918f9c7d33bdf3e4e58c600958674c298231326bde7d,afc2c40f9c3dd831,
potato_pld,Testing/Late_Blight/Late_Blight_100.jpg,Late_Blight_100.jpg,.jpg,10965,256,256,Late_Blight,False,4850a86f6986ef32b35bbcf79a6a0194733a97fc6c6afc24d1a98bee126c517c,efe5e190811f87c2,
potato_pld,Testing/Late_Blight/Late_Blight_54.jpg,Late_Blight_54.jpg,.jpg,7303,256,256,Late_Blight,False,1171a9299fa4c06d6fa7d3ac07df674ba99430c9acc8d01c0893fe64bdc6285f,aeb3c402f37e825a,
potato_pld,Testing/Late_Blight/Late_Blight_102.jpg,Late_Blight_102.jpg,.jpg,9797,256,256,Late_Blight,False,1033837320cfc6282403c39ff7d10e93fde73421674ac3488c0e99e7186195ed,bb93b0d7d1c2824b,
potato_pld,Testing/Late_Blight/Late_Blight_132.jpg,Late_Blight_132.jpg,.jpg,10660,256,256,Late_Blight,False,98b7b146358ad2d267f8f77444616e8da1c8bc072d55fd5f7b33be1d1665c4d9,bf0bb0bbd049c2e8,
potato_pld,Testing/Late_Blight/Late_Blight_116.jpg,Late_Blight_116.jpg,.jpg,8066,256,256,Late_Blight,False,7068d3df257169073a8e8ca08e052a2f94a868215e8a68dbc4ff09413d860dc7,fa42e10a85ef962d,
potato_pld,Testing/Late_Blight/Late_Blight_57.jpg,Late_Blight_57.jpg,.jpg,8878,256,256,Late_Blight,False,de5a0532fdfd0775c398245e04a4c5168002cf79d1ea1af1956d4fe5b2fcaf2a,bed9b0b5d2d08b42,
potato_pld,Testing/Late_Blight/Late_Blight_113.jpg,Late_Blight_113.jpg,.jpg,8057,256,256,Late_Blight,False,4491acfad026c99dbeb9c710d78fc080ebb3f73be920814ed6e9265248ccd640,eae1a11f855c9e58,
potato_pld,Testing/Late_Blight/Late_Blight_48.jpg,Late_Blight_48.jpg,.jpg,8946,256,256,Late_Blight,False,52534045055ea5d651ae072a3f304bd1d33e1635f1293090355bf11d32aade90,bec6b086d0d6cb8a,
potato_pld,Testing/Late_Blight/Late_Blight_88.jpg,Late_Blight_88.jpg,.jpg,10198,256,256,Late_Blight,False,8c96178114931d44fcb2e5b2cd654a84506467c0ec8f09a5a0d5e5aff4e5bb9c,bbd2b0fb90a983a1,
potato_pld,Testing/Late_Blight/Late_Blight_122.jpg,Late_Blight_122.jpg,.jpg,6756,256,256,Late_Blight,False,0197b7ff12a4cab9ecb21bc217294bc33a7a6140d3e3a77dd9f5ce2d88316ac5,bf13a0b8d5f8d2c0,
potato_pld,Testing/Late_Blight/Late_Blight_10.jpg,Late_Blight_10.jpg,.jpg,13109,256,256,Late_Blight,False,2d9c7bdb84361fb7a06599b7ffa3bc933d287e4e915ce2082e71cb119ba7ec2b,ae59972df224c076,
potato_pld,Testing/Late_Blight/Late_Blight_42.jpg,Late_Blight_42.jpg,.jpg,9107,256,256,Late_Blight,False,756646e5ffbc89864532e42a738e1bc65d4210dd9dd9a408a32b77aa0219b025,aa81f57e9138d269,
potato_pld,Testing/Late_Blight/Late_Blight_74.jpg,Late_Blight_74.jpg,.jpg,9966,256,256,Late_Blight,False,73e0cfd668f1887353cf842a1fbf4aeccea6ae0e372712d12451f9ea7ff9d439,ebede001854fd6c8,
potato_pld,Testing/Late_Blight/Late_Blight_56.jpg,Late_Blight_56.jpg,.jpg,9358,256,256,Late_Blight,False,1e31d76787e5969612675440485d781fd076628d3fbec3d3bcfb34877ae863a5,fa9fa1e095d1920b,
potato_pld,Testing/Late_Blight/Late_Blight_36.jpg,Late_Blight_36.jpg,.jpg,7915,256,256,Late_Blight,False,a23670273aad02d993445085af1406d5f1e389365c543483e3ebfae650372aaa,af1bd4b586e0d0c6,
potato_pld,Testing/Late_Blight/Late_Blight_50.jpg,Late_Blight_50.jpg,.jpg,8156,256,256,Late_Blight,False,74a0b246ef77f66558c4856166055912fb528519a6acab2f110fe651f84ec4ce,ea36e414c5f28763,
potato_pld,Testing/Late_Blight/Late_Blight_47.jpg,Late_Blight_47.jpg,.jpg,7593,256,256,Late_Blight,False,0b1ffd798460079d99788ba5067a1cfc25a1b414517630a3e74d38ba6b4cfa35,ebf880a397a59694,
potato_pld,Testing/Late_Blight/Late_Blight_1.jpg,Late_Blight_1.jpg,.jpg,7252,256,256,Late_Blight,False,bd60a1a9f6b593c7050dad87d63831dd0a135ea85971d5bbf5f95320fdf68027,aa95f0d2c14acd6d,
potato_pld,Testing/Late_Blight/Late_Blight_119.jpg,Late_Blight_119.jpg,.jpg,6437,256,256,Late_Blight,False,c6510a115cb13d782db260b2e0a11b778a4be08368f693debe5c85a29409a68d,eaa5c414827e9f78,
potato_pld,Testing/Late_Blight/Late_Blight_133.jpg,Late_Blight_133.jpg,.jpg,10322,256,256,Late_Blight,False,344e3eaf30a868b4d863909b1306ac2f9b563614cf38659207e46d08288e5c48,bf32e82ce7c0c5a1,
potato_pld,Testing/Late_Blight/Late_Blight_9.jpg,Late_Blight_9.jpg,.jpg,11190,256,256,Late_Blight,False,4ff24cfbf17da2757013a3b27b5aaae8c3943c27cca951ca74185e5f7ea5715e,eadbe42882ed9a61,
potato_pld,Testing/Late_Blight/Late_Blight_114.jpg,Late_Blight_114.jpg,.jpg,9273,256,256,Late_Blight,False,7d2ec2711e350a11f1936e76ceb428d5bca420638d45816c3653a8588fba193d,fa1ce07885c19f63,
potato_pld,Testing/Late_Blight/Late_Blight_72.jpg,Late_Blight_72.jpg,.jpg,8389,256,256,Late_Blight,False,cf39e998b33dcf9a60c0faa16426a378f0760706bde28d0c88ae9e7560f135f0,bfc1b407d22e9a1c,
potato_pld,Testing/Late_Blight/Late_Blight_23.jpg,Late_Blight_23.jpg,.jpg,9705,256,256,Late_Blight,False,5a3d93dec881fbe15259fbd5b7185605415a932cd72194669f204be8ea74c89b,fecae045c1e98785,
potato_pld,Testing/Late_Blight/Late_Blight_16.jpg,Late_Blight_16.jpg,.jpg,10087,256,256,Late_Blight,False,140f2c55b4b1ee145ba61714e601f37fa6dad3f985924c661da450fce0a35513,efe0a5c6d20e9a58,
potato_pld,Testing/Late_Blight/Late_Blight_26.jpg,Late_Blight_26.jpg,.jpg,10919,256,256,Late_Blight,False,17778eb5693135c760cd6b6c5292cc33a3b03593a2d69c4d5924fff82ce4ce3d,bb5ee1b994b581c0,
potato_pld,Testing/Late_Blight/Late_Blight_18.jpg,Late_Blight_18.jpg,.jpg,10111,256,256,Late_Blight,False,31e9454a8232a0ae2cb8f55af18ee248d1cf1ef8abff782fc55b1699e5f4140e,ffc0c58b920d98bc,
potato_pld,Testing/Late_Blight/Late_Blight_34.jpg,Late_Blight_34.jpg,.jpg,7713,256,256,Late_Blight,False,b965debff7a8baf05a9dd77068a73a66e8b434780cc9ac3070a2f123e891b7df,eec1850b977dd260,
potato_pld,Testing/Late_Blight/Late_Blight_8.jpg,Late_Blight_8.jpg,.jpg,9036,256,256,Late_Blight,False,c7efb483ddfa093fcc026c3b8e81aef31db957aaa0a5d818d3c949acd316310a,b764d896849d89b9,
potato_pld,Testing/Late_Blight/Late_Blight_29.jpg,Late_Blight_29.jpg,.jpg,9549,256,256,Late_Blight,False,37afc513cea91c92ba1277fce438cc289beb457afab9e6545068c98203240519,facaa0e985858fc5,
potato_pld,Testing/Late_Blight/Late_Blight_79.jpg,Late_Blight_79.jpg,.jpg,8239,256,256,Late_Blight,False,d1e8fdf1965e3f5e951f9a651cac08ef9278d6f2124f598a045b9d083a2ce9ee,b3f3b10f985cc864,
potato_pld,Testing/Late_Blight/Late_Blight_13.jpg,Late_Blight_13.jpg,.jpg,7946,256,256,Late_Blight,False,c7cfc46dffcf54e487f03900a6ef3c74676606b9bb6128795f2d8eec8009f6b9,ad7ac0ad8b70d551,
potato_pld,Testing/Late_Blight/Late_Blight_53.jpg,Late_Blight_53.jpg,.jpg,7716,256,256,Late_Blight,False,ea6a0bf5de8f22039f4466da720177323f0163ea778f53ea674fb2a685711a8d,eee9a4adc6148e8a,
potato_pld,Testing/Late_Blight/Late_Blight_96.jpg,Late_Blight_96.jpg,.jpg,10803,256,256,Late_Blight,False,18f7ba0b262181e2911977d704de128d934d9314640755e0ae7f32291f9699e2,eec9f0abc005c5b5,
potato_pld,Testing/Late_Blight/Late_Blight_85.jpg,Late_Blight_85.jpg,.jpg,8094,256,256,Late_Blight,False,dd8d4bbd7d9e8ef07f438627a2208156ab28b9865dacfaa886704f47e6d67d1a,ab3dd4749e5490c6,
potato_pld,Testing/Late_Blight/Late_Blight_40.jpg,Late_Blight_40.jpg,.jpg,8959,256,256,Late_Blight,False,efb11ffd6373a6ed47173221ff620c0edb5bb2ec730205599b6bcac884fbe5ad,bbe0b5059746de22,
potato_pld,Testing/Late_Blight/Late_Blight_126.jpg,Late_Blight_126.jpg,.jpg,7413,256,256,Late_Blight,False,7982536211e475ddd407d24a844cecc4cf90ebbb154a1bc5d58e90d80d93ed0b,fae0a50387fe9690,
potato_pld,Testing/Late_Blight/Late_Blight_83.jpg,Late_Blight_83.jpg,.jpg,9287,256,256,Late_Blight,False,cb0ce6bc9b9b3befacb0778f1a5afa5ca415d752ab4c0ee274053a97779ec10d,bbe09083cf978c9c,
potato_pld,Testing/Late_Blight/Late_Blight_97.jpg,Late_Blight_97.jpg,.jpg,10247,256,256,Late_Blight,False,9f1e03162bed52aa7c6e2aa53942b15bb6a1abacf9565c00a9da90ec99901382,aff1b1d3d00ac30b,
potato_pld,Testing/Late_Blight/Late_Blight_112.jpg,Late_Blight_112.jpg,.jpg,9885,256,256,Late_Blight,False,d7cd8af10f232778951dfab8a7d7c9cb68448d38fd422d47a8437dd6fa98e10f,bf5ab4a5c017c31a,
potato_pld,Testing/Late_Blight/Late_Blight_105.jpg,Late_Blight_105.jpg,.jpg,9141,256,256,Late_Blight,False,496445f83b9a752be65800d186fa07896772c3a99027b0d3de6d34b1dbd8e010,bf4bbc35d0b48832,
potato_pld,Testing/Late_Blight/Late_Blight_75.jpg,Late_Blight_75.jpg,.jpg,8023,256,256,Late_Blight,False,8f9d28948b8263e547fb3169c357e5717183d9f1ca23bbfd8f3ea63235bb936c,fbc8d085cb3eb430,
potato_pld,Testing/Late_Blight/Late_Blight_66.jpg,Late_Blight_66.jpg,.jpg,6369,256,256,Late_Blight,False,864460c3a07fdf9f8b46ddd879462d74d12dcf6072d0e905e2b6337886cc5549,bb6ad017cd1f8498,
potato_pld,Testing/Late_Blight/Late_Blight_131.jpg,Late_Blight_131.jpg,.jpg,7902,256,256,Late_Blight,False,38ebf8bf1c5780fdea2d98e30ccbb9dc61636bf1a91b6f0b364a24f7ba0a1db7,bea4e0f78752862a,
potato_pld,Testing/Late_Blight/Late_Blight_107.jpg,Late_Blight_107.jpg,.jpg,10134,256,256,Late_Blight,False,81cc125a29810fba2766e7ad5e76a43486a0c738953b1344b6f39bdd08019a9e,ea5ae1388741ceab,
potato_pld,Testing/Late_Blight/Late_Blight_109.jpg,Late_Blight_109.jpg,.jpg,9391,256,256,Late_Blight,False,8810fb8cbc44aa8a9b5f28f33db5dfb0cd911101c012ba76fe7c5fa8fc223d7f,bf07b4e8d2d5c302,
potato_pld,Testing/Late_Blight/Late_Blight_3.jpg,Late_Blight_3.jpg,.jpg,11798,256,256,Late_Blight,False,3c303773bd7e684de9b6305044d6fcbf842471492e347b854dd3f1a2a4cf866c,eae0e18b8f0d9c2d,
potato_pld,Testing/Late_Blight/Late_Blight_99.jpg,Late_Blight_99.jpg,.jpg,10753,256,256,Late_Blight,False,68c5c4bb789eb994e3d6325cb6e36716ea2e9d30c3c6688d2bcb27a231f53e54,fab0e0bd81929796,
potato_pld,Testing/Late_Blight/Late_Blight_2.jpg,Late_Blight_2.jpg,.jpg,8453,256,256,Late_Blight,False,30d3bdf8bebff84f184cf71a1ee28b2464bf734a138eb53c46c9393ca7ae46e2,bb8eb1f09690cab2,
potato_pld,Testing/Late_Blight/Late_Blight_80.jpg,Late_Blight_80.jpg,.jpg,8344,256,256,Late_Blight,False,c33427a66b5f386af91be8f062d23f26780b5eb0ea27b78d914ce9c427970b8f,bbc8f1a982959d92,
potato_pld,Testing/Late_Blight/Late_Blight_49.jpg,Late_Blight_49.jpg,.jpg,8639,256,256,Late_Blight,False,937b83f82429a68e095bc535d992573061469b2ad7a1ef318fccc735d6a0d41e,bacfb0ad90b4d192,
potato_pld,Testing/Late_Blight/Late_Blight_134.jpg,Late_Blight_134.jpg,.jpg,10494,256,256,Late_Blight,False,29560586c17e3716464c242b3e1344a96f81a96f10ac5588c647a138f554732f,eae3a98c858fd5c0,
potato_pld,Testing/Late_Blight/Late_Blight_25.jpg,Late_Blight_25.jpg,.jpg,8832,256,256,Late_Blight,False,48822255da6e823532737b81557d3495fe1a88719d62d15ec4d45a839204f171,aaf0b59992c3931b,
potato_pld,Testing/Late_Blight/Late_Blight_67.jpg,Late_Blight_67.jpg,.jpg,8256,256,256,Late_Blight,False,f01ee8172b57473cb559feb544a5456d851fa454feb4f7fb22e896e987fb6d33,ea42e50b9a3dd835,
potato_pld,Testing/Late_Blight/Late_Blight_104.jpg,Late_Blight_104.jpg,.jpg,9024,256,256,Late_Blight,False,84e6792471b6fc613cfa5788821fc03590542f596718c0002fb8f8279d724cff,eee0a407971ede28,
potato_pld,Testing/Late_Blight/Late_Blight_64.jpg,Late_Blight_64.jpg,.jpg,8067,256,256,Late_Blight,False,31018cabfc2843c3f2e3ac30c7434c063921e144baac4f5ac56899d720393b44,ebcaa10f963dd260,
potato_pld,Testing/Late_Blight/Late_Blight_120.jpg,Late_Blight_120.jpg,.jpg,9029,256,256,Late_Blight,False,f4b28010ec8cc08b7b4a5544c157a2f7889a6b29d5a5387692061180d2a89f35,bf0fb45ed2a0c3a0,
potato_pld,Testing/Late_Blight/Late_Blight_46.jpg,Late_Blight_46.jpg,.jpg,11264,256,256,Late_Blight,False,6846ce42c2cbdeae73ad027b92f7463e17da9af3fc3514d5c775dfdc994588ba,aff0b529d444823f,
potato_pld,Testing/Late_Blight/Late_Blight_20.jpg,Late_Blight_20.jpg,.jpg,8702,256,256,Late_Blight,False,b571ecb97d0e47e81997cbcd24d34bc3198e20ac247f336208089b829e4f50cc,baccb42ed214cb3a,
potato_pld,Testing/Late_Blight/Late_Blight_6.jpg,Late_Blight_6.jpg,.jpg,11693,256,256,Late_Blight,False,af6e8d64384839b49c0a225950d0e42d49d800729014002e901cecbd71d597b6,eac9a56594879a9c,
potato_pld,Testing/Late_Blight/Late_Blight_140.jpg,Late_Blight_140.jpg,.jpg,9557,256,256,Late_Blight,False,2ff6e15bca5f164fdd093df75d4d34faae0e91a500b1f5edb20cbb4c24a3479d,eec1e20a943d8b79,
potato_pld,Testing/Late_Blight/Late_Blight_68.jpg,Late_Blight_68.jpg,.jpg,8285,256,256,Late_Blight,False,1a5f0a231e1f78ca215be6fda8ffaef8e55b7e8bd2499da71bd1577f43abab75,ad19d6fcdab089c0,
potato_pld,Testing/Late_Blight/Late_Blight_123.jpg,Late_Blight_123.jpg,.jpg,7202,256,256,Late_Blight,False,79b794903784f9ed2e3be39e4ff8c3753f71023d733d959b9c8928346da76421,bf1aa099d5e1c661,
potato_pld,Testing/Late_Blight/Late_Blight_108.jpg,Late_Blight_108.jpg,.jpg,9860,256,256,Late_Blight,False,1fe5c2f912c1a754d3e044d0d0e210aa39f7f53e7696c9de69aa09676a098697,efb5e454c04ac7a2,
potato_pld,Testing/Late_Blight/Late_Blight_101.jpg,Late_Blight_101.jpg,.jpg,9839,256,256,Late_Blight,False,87c39eeae61b0ab17768d0f33b5fc8abbd2fdc521c047e2f4ee819509fef274f,bed3a413c02bda3c,
potato_pld,Testing/Late_Blight/Late_Blight_118.jpg,Late_Blight_118.jpg,.jpg,8897,256,256,Late_Blight,False,1804c6edff40cbeaa54389f258ed236a0d854dc278e4fe76481e4060e7b6c49b,ab5ae4a982059777,
potato_pld,Testing/Late_Blight/Late_Blight_90.jpg,Late_Blight_90.jpg,.jpg,9860,256,256,Late_Blight,False,0ff082462982dc172d29ce5292648f91f8ece6ef732856c5579df2264c1fe627,bfe0a4f895859287,
potato_pld,Testing/Late_Blight/Late_Blight_62.jpg,Late_Blight_62.jpg,.jpg,9092,256,256,Late_Blight,False,b21a0fdfefa7362e75cee92ba23b7a097ea76d084d5848b13a44522af4f1ac5f,ffdae08980ad8754,
potato_pld,Testing/Late_Blight/Late_Blight_35.jpg,Late_Blight_35.jpg,.jpg,8423,256,256,Late_Blight,False,3fad936e029e2bb3e6a8b3c1eb2322a8cdfbb2f771f4c534869388a91a72ef10,ead0b5a3ca8f8a1a,
potato_pld,Testing/Late_Blight/Late_Blight_141.jpg,Late_Blight_141.jpg,.jpg,11817,256,256,Late_Blight,False,f11a95fd8dcc35c5e9bfc3e2e4a71d90e3b15b814ffe4377c6954c369a4b3613,eacde40f95399078,
potato_pld,Testing/Late_Blight/Late_Blight_135.jpg,Late_Blight_135.jpg,.jpg,9106,256,256,Late_Blight,False,c8dd2416defcd814684de491af93515f3a18eb23a64d505e95bcbea19e7c6cb7,ffa8b1d0d23668c8,
potato_pld,Testing/Late_Blight/Late_Blight_106.jpg,Late_Blight_106.jpg,.jpg,8683,256,256,Late_Blight,False,fd48ed6019d7a0469403bcde3ac937a07f43dab92945dd67acff1f345481e60a,afb4d04a836fd229,
potato_pld,Testing/Late_Blight/Late_Blight_124.jpg,Late_Blight_124.jpg,.jpg,7170,256,256,Late_Blight,False,71bb6109c4da2301edcc9cb00b7c4d63b07ef4c5d7c49321ff40fccd33aea93a,ba40f147930cdafc,
potato_pld,Testing/Late_Blight/Late_Blight_121.jpg,Late_Blight_121.jpg,.jpg,7411,256,256,Late_Blight,False,78e6c85b2f525a88d5a78c2b1263be2249ec0eb7765cc88795fce75216b328a2,ea1ae47485d0d7a3,
potato_pld,Testing/Late_Blight/Late_Blight_38.jpg,Late_Blight_38.jpg,.jpg,7819,256,256,Late_Blight,False,56d9ffc90e0b6fe4850ebfaf3459e6dba54547c9a2bd9e0623a58d50b31a3332,af31d532c55a805f,
potato_pld,Testing/Late_Blight/Late_Blight_87.jpg,Late_Blight_87.jpg,.jpg,9380,256,256,Late_Blight,False,a729ca38de0d230ad34bbc05583d134e450cd092ae9c89915b18a8253c651da7,ae4ac025ccef8d0f,
potato_pld,Testing/Late_Blight/Late_Blight_127.jpg,Late_Blight_127.jpg,.jpg,9348,256,256,Late_Blight,False,2697b9490a9198894148e184038e27b69f43715516adfdecf8ce006e3e55699b,ae4af1a882a5cf96,
potato_pld,Testing/Late_Blight/Late_Blight_19.jpg,Late_Blight_19.jpg,.jpg,9171,256,256,Late_Blight,False,738520dd4a2fb9fa7006b85c18c78db119f6f2497d3dfa8c4f8e845803a34e86,abc8d4cb958590bd,
potato_pld,Testing/Late_Blight/Late_Blight_115.jpg,Late_Blight_115.jpg,.jpg,9480,256,256,Late_Blight,False,f293ba9e06db61391f59ddd6a4b0fe8895d6fd8b76ce8d89946c3a62892e1177,eaaea115853e87ca,
potato_pld,Testing/Late_Blight/Late_Blight_92.jpg,Late_Blight_92.jpg,.jpg,9659,256,256,Late_Blight,False,56aef5c95f5e3d6c7772b4ce9641750717e1ae37b5653fb3a1da942354ecffd9,ab4af0e9c2e4c7a4,
potato_pld,Testing/Late_Blight/Late_Blight_27.jpg,Late_Blight_27.jpg,.jpg,10568,256,256,Late_Blight,False,8e90a20e545522ca90e2ef6d4c7fb85a2e1004596f326dc1b192bb6b32883ac7,be4ad4adc8b48593,
potato_pld,Testing/Late_Blight/Late_Blight_28.jpg,Late_Blight_28.jpg,.jpg,8020,256,256,Late_Blight,False,f4aafa4c528beebd619f0e628eddb7d954eff5955ee7af84f744ea47707c4480,bb68b121d197cb1a,
potato_pld,Testing/Late_Blight/Late_Blight_84.jpg,Late_Blight_84.jpg,.jpg,8410,256,256,Late_Blight,False,ecd5a2d30d4159ac1062f77a03f2f075aa5dd1704eae61819efdf16b975aa8d7,feb4a052836a9f0d,
potato_pld,Testing/Late_Blight/Late_Blight_52.jpg,Late_Blight_52.jpg,.jpg,7946,256,256,Late_Blight,False,554ec621b3372226f3624909974eb87df3a5cbbcceefbc58fd7835c698da61d1,bf2cb07e9260d3e0,
potato_pld,Testing/Late_Blight/Late_Blight_15.jpg,Late_Blight_15.jpg,.jpg,9603,256,256,Late_Blight,False,10b32b65e1e31702b6e1adfa1153cd5904e67caf5f27d39473c5e01608c151b5,ba97c170c9ca8de4,
potato_pld,Testing/Late_Blight/Late_Blight_69.jpg,Late_Blight_69.jpg,.jpg,9277,256,256,Late_Blight,False,003f797df6fd1ca7f2153d3810baae37ad5ad6d19748826b36e5360a7efabc7e,bb1ef4b88251c369,
potato_pld,Testing/Late_Blight/Late_Blight_138.jpg,Late_Blight_138.jpg,.jpg,10455,256,256,Late_Blight,False,f66c179233eed35b6203b31fde06f4a93aa72f0b446edfc3b5fd17d707c7ae27,abcab4ebd2958312,
potato_pld,Testing/Late_Blight/Late_Blight_45.jpg,Late_Blight_45.jpg,.jpg,9346,256,256,Late_Blight,False,b12ac453bef7e77b42393b3f7a72eb30a657ca0d662a144ee03d99d852bc041a,abd0a58bc43d969c,
potato_pld,Testing/Late_Blight/Late_Blight_4.jpg,Late_Blight_4.jpg,.jpg,11689,256,256,Late_Blight,False,3803afaa6e9b09a57a031eaff697dd742fd869716c36cf5882035cb837e84dec,ff1f80308f749c61,
potato_pld,Testing/Late_Blight/Late_Blight_37.jpg,Late_Blight_37.jpg,.jpg,9322,256,256,Late_Blight,False,b50cca35bc22bd6e0f00b5b9c9c5fbab83ff974a4e39ae3e5ca3846a40e62246,ea93a1f285e29c47,
potato_pld,Testing/Late_Blight/Late_Blight_81.jpg,Late_Blight_81.jpg,.jpg,8434,256,256,Late_Blight,False,22fba74af1df1e6b7ee8fca28b3db00b3c8e2ebc415886b3c4da5bd1f23a68e9,bae09117dbaa89c5,
potato_pld,Testing/Late_Blight/Late_Blight_33.jpg,Late_Blight_33.jpg,.jpg,6708,256,256,Late_Blight,False,c83d765fee968e0bc4bf1d46106a06004563e6e77975589a1564cef29b67964a,becab44590aad275,
potato_pld,Testing/Late_Blight/Late_Blight_95.jpg,Late_Blight_95.jpg,.jpg,9606,256,256,Late_Blight,False,73227311d5b0ce8ed5f8446a8d947fc98978ea505af1a45d5a910aeeaf0bfad2,bf9eb016d04a9ae1,
potato_pld,Testing/Late_Blight/Late_Blight_136.jpg,Late_Blight_136.jpg,.jpg,8431,256,256,Late_Blight,False,52a39fd4efc0a3429fb720a95906eec76ded1567e095f7b73ba07f47b91f6ad5,ff97e0f08340878b,
potato_pld,Testing/Late_Blight/Late_Blight_43.jpg,Late_Blight_43.jpg,.jpg,10065,256,256,Late_Blight,False,cb7c5bb11dd4f7e2f3434f0d9d87fc5bbbe00f2077a0ddd155c037029702ca36,af4ae48dc0dd863c,
potato_pld,Testing/Late_Blight/Late_Blight_12.jpg,Late_Blight_12.jpg,.jpg,10417,256,256,Late_Blight,False,15ac537bd2af5dd38f433c9e32d66e33c293a94df572c20ba27020555acb10a3,ead2c51f95b99032,
potato_pld,Testing/Late_Blight/Late_Blight_94.jpg,Late_Blight_94.jpg,.jpg,9200,256,256,Late_Blight,False,90a57170976be20c0887983bd080695d6561941ffb40a129ce2dbaec35c0277e,be1fa1b095d0cc4b,
potato_pld,Testing/Late_Blight/Late_Blight_82.jpg,Late_Blight_82.jpg,.jpg,8643,256,256,Late_Blight,False,52dcb15befc40b8f70816cbf0c81bca98420e03ff821c30f1e1bb6ed3505e58a,bbc3b48f801d9b34,
potato_pld,Testing/Late_Blight/Late_Blight_130.jpg,Late_Blight_130.jpg,.jpg,8673,256,256,Late_Blight,False,44e55922fe816930883e5b4abc9a5c01fa70409b3580619cbbde27a91f79995a,af29f07ed224c1f0,
potato_pld,Testing/Late_Blight/Late_Blight_125.jpg,Late_Blight_125.jpg,.jpg,7903,256,256,Late_Blight,False,5292658a1c7df1379ae1fa3f5cc17636433a995552dd2c8dcf3c93344de3043d,ba51a02b87bdd714,
potato_pld,Testing/Late_Blight/Late_Blight_51.jpg,Late_Blight_51.jpg,.jpg,8708,256,256,Late_Blight,False,8c2455134b9051c46e1be7e42ac457c5d3c14871c7150188e0bd62a5f6b99378,bf18b5a9d0d5d228,
potato_pld,Testing/Late_Blight/Late_Blight_91.jpg,Late_Blight_91.jpg,.jpg,9099,256,256,Late_Blight,False,7679d040d1536d19f01607e4788d8f660bf2c7ac6e26c6b33949ec7a710eadd7,aad9e53b85a187a1,
potato_pld,Testing/Late_Blight/Late_Blight_17.jpg,Late_Blight_17.jpg,.jpg,9547,256,256,Late_Blight,False,bda6fdcce68841254d2050c3978d43b497db8ff978ce194b5478a606c0a23c8e,eab1b172d48387c9,
potato_pld,Testing/Late_Blight/Late_Blight_129.jpg,Late_Blight_129.jpg,.jpg,7500,256,256,Late_Blight,False,cdb8360b13987a73dd6163ca299be054fd36660ae7f08b4451294295427a8f1a,ea34e17585629e4e,
potato_pld,Testing/Late_Blight/Late_Blight_98.jpg,Late_Blight_98.jpg,.jpg,10319,256,256,Late_Blight,False,11a49deb33b5d7dd7df38bf39674275ddb3f3b8417720952dcdb1c5a1c5a98b3,ebd2f002a19f82fc,
potato_pld,Testing/Late_Blight/Late_Blight_41.jpg,Late_Blight_41.jpg,.jpg,9223,256,256,Late_Blight,False,cd0db7b79f78ae34221bd622f92743af02b753a382080e36779b93c836241a25,fbe0a087c51786ae,
potato_pld,Testing/Late_Blight/Late_Blight_5.jpg,Late_Blight_5.jpg,.jpg,9727,256,256,Late_Blight,False,7401117ee0731ff5c38eda7fd63c1f2dd3bdbeb4f06d899d9ab21b6cb43e95e4,bf6881b5ea9aa08d,
potato_pld,Testing/Late_Blight/Late_Blight_55.jpg,Late_Blight_55.jpg,.jpg,8329,256,256,Late_Blight,False,9d796bce92b6e27d2e835fccdef3381a3ba3e6b339283600326b37331799682a,bfdee0a884a196a5,
potato_pld,Testing/Late_Blight/Late_Blight_93.jpg,Late_Blight_93.jpg,.jpg,9927,256,256,Late_Blight,False,7a6f0c77675b46d3af931153082f7be0492b34b78b6c720bc28ecd60162daadb,fe72f022d02782b7,
potato_pld,Testing/Late_Blight/Late_Blight_89.jpg,Late_Blight_89.jpg,.jpg,10322,256,256,Late_Blight,False,756bdf25d885b13451271b699f05603937dfe0dc4517572bf367509198dec1b2,aadaf52af040c0fd,
potato_pld,Testing/Late_Blight/Late_Blight_32.jpg,Late_Blight_32.jpg,.jpg,9122,256,256,Late_Blight,False,e8e178084d6fce8b6cd1e808efaaa5a16c615ff6384fa7280a431ec8d968c060,af6ad461caa0c9d3,
potato_pld,Testing/Late_Blight/Late_Blight_78.jpg,Late_Blight_78.jpg,.jpg,8430,256,256,Late_Blight,False,e2c0f4cb06ff8fa96722acee612f669a632d9efa56f0ce9f80c1c9b8083e5fea,aa1fe1f885418677,
potato_pld,Testing/Late_Blight/Late_Blight_103.jpg,Late_Blight_103.jpg,.jpg,11154,256,256,Late_Blight,False,b4592b47ee0ff0029d21c2bdf963e222b98bb284edc01b43a9144c991a9b10ea,bfe0e7a0c005c737,
potato_pld,Testing/Late_Blight/Late_Blight_24.jpg,Late_Blight_24.jpg,.jpg,9354,256,256,Late_Blight,False,f13d63a31e77e25c50855bc760c157e3d2448294ecf41fb629a54461c79fb427,bbd9b1818315cf62,
potato_pld,Testing/Late_Blight/Late_Blight_86.jpg,Late_Blight_86.jpg,.jpg,9184,256,256,Late_Blight,False,4d5b58d2f2f25ed2c6b5238c9eddad5d9a8eb7057442534abf290ca9b259fa15,bf259452e0b8d9b8,
potato_pld,Testing/Late_Blight/Late_Blight_70.jpg,Late_Blight_70.jpg,.jpg,10207,256,256,Late_Blight,False,3d63fb4530974900a9160c06fb2868b2bddf81395bdff1b709fded3824350988,ea85e0f5851287de,
potato_pld,Testing/Late_Blight/Late_Blight_61.jpg,Late_Blight_61.jpg,.jpg,8196,256,256,Late_Blight,False,6a0fb72ebd0843460c0be1d76aaa6121239c6f0cc0329553a520e937d16bfbaf,aa58e10a87fb97c1,
potato_pld,Testing/Late_Blight/Late_Blight_14.jpg,Late_Blight_14.jpg,.jpg,11142,256,256,Late_Blight,False,ef90a05998c4f3ccb0918f71a81f05f6a309fb03a88619b0701007cd4e424f90,fad2c10a9ead9235,
potato_pld,Testing/Late_Blight/Late_Blight_22.jpg,Late_Blight_22.jpg,.jpg,8467,256,256,Late_Blight,False,14ed20be1ce4130246fe529193528425a9bbc6a522d0d490be4f99b8b04501a6,eac4e1ca851d9e39,
potato_pld,Testing/Late_Blight/Late_Blight_30.jpg,Late_Blight_30.jpg,.jpg,8281,256,256,Late_Blight,False,774bde65652843615510275ccdbda248d48ef05f867375864540e36838807094,eea5f056805a975a,
potato_pld,Testing/Late_Blight/Late_Blight_110.jpg,Late_Blight_110.jpg,.jpg,9496,256,256,Late_Blight,False,72067a02cd6de82a7b90d443c61a9687d5a3d3a4ef380448218e05f9d294852d,fe94e0a88789d749,
potato_pld,Testing/Late_Blight/Late_Blight_31.jpg,Late_Blight_31.jpg,.jpg,9478,256,256,Late_Blight,False,8760cf3c8a5d37b2bce38c376292ce45fc38788fa20ab5bd7c573207b21a09a5,fab580d59f42984e,
potato_pld,Testing/Late_Blight/Late_Blight_11.jpg,Late_Blight_11.jpg,.jpg,10453,256,256,Late_Blight,False,90fb7de7a2b3c6810b43c29839a8080a7f9255f05d4e6c86575dbc22cadfbc35,ff1f81508e53c8e8,
potato_pld,Testing/Late_Blight/Late_Blight_21.jpg,Late_Blight_21.jpg,.jpg,9159,256,256,Late_Blight,False,c95b55d11ec96caf64063bfe73ecac21c573891fbfca2f87caab7124340a738a,bf9c94f8d00fc864,
potato_pld,Testing/Late_Blight/Late_Blight_128.jpg,Late_Blight_128.jpg,.jpg,8327,256,256,Late_Blight,False,ad1611c8db7a80f781589aa2da0e616c8259a6ebcae346a1e1eff75ef6d91750,ae95f4dac04ac569,
potato_pld,Testing/Late_Blight/Late_Blight_73.jpg,Late_Blight_73.jpg,.jpg,8637,256,256,Late_Blight,False,52fb5a7ed93836b6ee39ffbceb9f488363da78db24fe0a45357961f70981d83d,aec6a486d61eda38,
potato_pld,Testing/Late_Blight/Late_Blight_139.jpg,Late_Blight_139.jpg,.jpg,12189,256,256,Late_Blight,False,143ec2180af9918de1b07003dc53508551d1abe29ebfbf04e1c074a3375d7523,aaeebdc8d584c285,
potato_pld,Testing/Late_Blight/Late_Blight_71.jpg,Late_Blight_71.jpg,.jpg,9442,256,256,Late_Blight,False,f8c664cbcaf433f7c0dd5efb09e2394ab50ecd343249870f20d2f49b454d47d4,aacaf529d44d82bc,
potato_pld,Testing/Late_Blight/Late_Blight_117.jpg,Late_Blight_117.jpg,.jpg,8831,256,256,Late_Blight,False,91d0cf8edf0faa983cfeab8393cc7ca83ff71fe594fc49fe3de0b9929113634c,bef8b51390f8da08,
potato_pld,Testing/Late_Blight/Late_Blight_63.jpg,Late_Blight_63.jpg,.jpg,8890,256,256,Late_Blight,False,f6f3bcfc0533d5b077455d10c6c7f3512c9a793c57443eb457235df4ae491820,ae42f165800cd7ef,
potato_pld,Testing/Late_Blight/Late_Blight_111.jpg,Late_Blight_111.jpg,.jpg,9014,256,256,Late_Blight,False,3e2070fad710a17dd12c5e97639584c0e6b51ce4e97379ea6cd73c73b2a92523,bbc3b0c7c32c4b34,
potato_pld,Testing/Late_Blight/Late_Blight_39.jpg,Late_Blight_39.jpg,.jpg,5716,256,256,Late_Blight,False,3900787c6e879ad622fbe0a256552c63c60cb9e4f0658f1b04bb0255d4d543ac,a6cdb3599268cb2c,
potato_pld,Testing/Late_Blight/Late_Blight_44.jpg,Late_Blight_44.jpg,.jpg,8240,256,256,Late_Blight,False,85fbddec5fee8b2dbd59e6ff296376f7b468b2a471c6d68f3a54cb755bb96a90,ace18513d63e8a57,
potato_pld,Testing/Late_Blight/Late_Blight_65.jpg,Late_Blight_65.jpg,.jpg,8493,256,256,Late_Blight,False,b65fc5cff48ba67572f3e2e6d8e53159f97de59785fe7fd0bd76d6400bd53843,aa0ee5ec8524d7c5,
potato_pld,Testing/Late_Blight/Late_Blight_7.jpg,Late_Blight_7.jpg,.jpg,11068,256,256,Late_Blight,False,d87bc93e9982cb03f3c53a100effded864d6e667687c3e78e49ee4cc6a27c4fa,ea62e5079ffc801c,
potato_pld,Testing/Late_Blight/Late_Blight_76.jpg,Late_Blight_76.jpg,.jpg,8047,256,256,Late_Blight,False,1880a29b2c54b96f1b867096da53653b73ebb91b62690cc2e74f740440c24af6,bfc0c081db378cba,
potato_pld,Testing/Late_Blight/Late_Blight_60.jpg,Late_Blight_60.jpg,.jpg,8184,256,256,Late_Blight,False,b39df4b22694450f8f32f34cccc7014c909729fb4ea2458c953fe9f44f2db35a,fad3a18b975d5048,
potato_pld,Testing/Late_Blight/Late_Blight_137.jpg,Late_Blight_137.jpg,.jpg,9678,256,256,Late_Blight,False,3fc85621be305a9f500acb3c09b2fe6561d8eb898e586c8b92066832c7ce95c4,efb3c25a883d8558,
potato_pld,Testing/Late_Blight/Late_Blight_59.jpg,Late_Blight_59.jpg,.jpg,9263,256,256,Late_Blight,False,ca4c31ef2676028ca9b04af5a1d7f4c58a71e9e33fd49ad0d0c45a64739dfd64,fac0a585ac0f95b9,
potato_pld,Testing/Late_Blight/Late_Blight_58.jpg,Late_Blight_58.jpg,.jpg,8379,256,256,Late_Blight,False,31b6f32f2dd5a0ee7b212dcc61748064cee39b9a8221fa29ce7c5f9e366aaba3,ae97a1f8d581c2d1,
potato_pld,Training/Early_Blight/Early_Blight_1059.jpg,Early_Blight_1059.jpg,.jpg,10848,256,256,Early_Blight,False,3d294a8d7118610e414f29597ad59aee10e37615b18e0a1920b49329a0d69733,eae2e50f94bc84d4,
potato_pld,Training/Early_Blight/Early_Blight_790.jpg,Early_Blight_790.jpg,.jpg,10085,256,256,Early_Blight,False,3613730cd76d2e2a277bc8ec81005350e16682b1a2718e2a2655713245a5c2a5,aa15a1f8d572d6c2,
potato_pld,Training/Early_Blight/Early_Blight_615.jpg,Early_Blight_615.jpg,.jpg,9110,256,256,Early_Blight,False,d374cbd4bc8dfd975e2b3178183a6f120d8854545c9f0181f093502c4f19711f,bf9eb05e8068cd61,
potato_pld,Training/Early_Blight/Early_Blight_155.jpg,Early_Blight_155.jpg,.jpg,10573,256,256,Early_Blight,False,557d7fc6758164d6721272ec05ce8ccb69baac942e8977c3c39cc0d485fc5d9c,ff6db4b4d0248a92,
potato_pld,Training/Early_Blight/Early_Blight_96.jpg,Early_Blight_96.jpg,.jpg,8905,256,256,Early_Blight,False,117915ee3924cddfcb33cfbb1b8b0d5ada4e03535614c9be258d84c27d1d2655,aa6af405c6fe9704,
potato_pld,Training/Early_Blight/Early_Blight_78.jpg,Early_Blight_78.jpg,.jpg,8701,256,256,Early_Blight,False,7ef872879bc2adeb139dd655b7f3633afe474e8f86ba2c99b59eb51500959477,bbb1f153c05ac329,
potato_pld,Training/Early_Blight/Early_Blight_996.jpg,Early_Blight_996.jpg,.jpg,9359,256,256,Early_Blight,False,2c19cee4485a5d122b66f18e24b8706385445ba401743828f1d06b56def59931,af15f47ed228d241,
potato_pld,Training/Early_Blight/Early_Blight_637.jpg,Early_Blight_637.jpg,.jpg,8669,256,256,Early_Blight,False,698935c241e8c588a4eb6d63116909b325095d6ac4ae53fdea2d8a15caf75f0d,ae95e0d285c29e6b,
potato_pld,Training/Early_Blight/Early_Blight_618.jpg,Early_Blight_618.jpg,.jpg,9237,256,256,Early_Blight,False,1c4dfce66011123f43f8c9fd556776ba353f526fc8f982ace4ad5e03ab0dedd2,ff48f02581b685ba,
potato_pld,Training/Early_Blight/Early_Blight_1191.jpg,Early_Blight_1191.jpg,.jpg,12445,256,256,Early_Blight,False,b8f1c5c90386f41eaf9a1d175beaeb90c647b8f9089d1fff04482dac2ac367cf,aa83f5bed442968a,
potato_pld,Training/Early_Blight/Early_Blight_1189.jpg,Early_Blight_1189.jpg,.jpg,11658,256,256,Early_Blight,False,25d024a0732c8ee5e6e6a944018df4c05cbed70fe98a81bf4132bbf29ab0e401,efc1b4c784ce9e08,
potato_pld,Training/Early_Blight/Early_Blight_308.jpg,Early_Blight_308.jpg,.jpg,6893,256,256,Early_Blight,False,3460ca5903f48185f77fa8caca290479266f4b033c451405c675716de3c70fef,ebe0e00787fe8e14,
potato_pld,Training/Early_Blight/Early_Blight_943.jpg,Early_Blight_943.jpg,.jpg,10310,256,256,Early_Blight,False,5a5caf61a4a501890b80e402ae899dc7fbdf65a6799efc7bb17b283447bec4a3,afbcb452d04ac16d,
potato_pld,Training/Early_Blight/Early_Blight_755.jpg,Early_Blight_755.jpg,.jpg,10269,256,256,Early_Blight,False,e4cabc045d4e649c55291adaad737d6bca97c774eac1e3b9e750e31302da71c3,afadb4fcd040cac2,
potato_pld,Training/Early_Blight/Early_Blight_188.jpg,Early_Blight_188.jpg,.jpg,9162,256,256,Early_Blight,False,30f947297101cf7f146e319b0f0ef883da5902c6f7fc8c57e2261b6a1b91ab58,baeef4ac80b4c592,
potato_pld,Training/Early_Blight/Early_Blight_1186.jpg,Early_Blight_1186.jpg,.jpg,10964,256,256,Early_Blight,False,fc5920ddacd11819795abd084f02a0da7e1d809d80423d6feb6cb877fb581a35,bbc0e1039d1e6c6d,
potato_pld,Training/Early_Blight/Early_Blight_1109.jpg,Early_Blight_1109.jpg,.jpg,11259,256,256,Early_Blight,False,cbe9ded86e4b4af6e8bea9d59e05be90f8acbb770215b037e629965c8767d379,faa5a1fcd302826b,
potato_pld,Training/Early_Blight/Early_Blight_366.jpg,Early_Blight_366.jpg,.jpg,9113,256,256,Early_Blight,False,c3f3258b8eb03f0b79215817d479f6f7839d50af5a03dceb709224bc5df3deee,eac1e18f87fc9608,
potato_pld,Training/Early_Blight/Early_Blight_844.jpg,Early_Blight_844.jpg,.jpg,10480,256,256,Early_Blight,False,ac148152e820109745ecd8bf5a29cf32dca101b178af93bbc9196cd32170c0cf,aa1ea5f8d6a08ad5,
potato_pld,Training/Early_Blight/Early_Blight_694.jpg,Early_Blight_694.jpg,.jpg,8637,256,256,Early_Blight,False,0667fae4d7e20a36e931357afa5fecb05a5aab37776bbbfe668b7ddde23024d0,efc0b485960ed879,
potato_pld,Training/Early_Blight/Early_Blight_1046.jpg,Early_Blight_1046.jpg,.jpg,11482,256,256,Early_Blight,False,a8f4f091b6a24965c8312b3f38d76e4558357d6e816371fa4c018873351515cc,aa60e10f85ff943c,
potato_pld,Training/Early_Blight/Early_Blight_1093.jpg,Early_Blight_1093.jpg,.jpg,11912,256,256,Early_Blight,False,455ff104b9c17eb0edf394a71e2bd6727d075a8882294965600ced26a6eba264,fab4e11387d2de02,
potato_pld,Training/Early_Blight/Early_Blight_771.jpg,Early_Blight_771.jpg,.jpg,9943,256,256,Early_Blight,False,8a1fbb927262279ee2e74d2d44aa9de986084d2b20d07b644fba35c5d94c33b1,bee1a481959f921e,
potato_pld,Training/Early_Blight/Early_Blight_286.jpg,Early_Blight_286.jpg,.jpg,10304,256,256,Early_Blight,False,fae786af943c195d8b66f12a7b4832c404595f0b8100ce6d3c416e829447f26f,ab1ba4f885e196c5,
potato_pld,Training/Early_Blight/Early_Blight_420.jpg,Early_Blight_420.jpg,.jpg,7154,256,256,Early_Blight,False,7f1480b12a96abe845d66e49af08d68391a7366989ec3c915bcd4b6bed579959,af1bd2bdc068cae0,
potato_pld,Training/Early_Blight/Early_Blight_928.jpg,Early_Blight_928.jpg,.jpg,11024,256,256,Early_Blight,False,dfc1ac55e4d2ee3129ea9260d8e0db8307b097c7ebac72143ff94a4cbb7f2f09,fae0b505d2e7c216,
potato_pld,Training/Early_Blight/Early_Blight_994.jpg,Early_Blight_994.jpg,.jpg,11155,256,256,Early_Blight,False,272c70b1304ab7973fc2398b53d08e0e03e0aa72b0f817f09202b1899e2dcd51,afc4e509c417ce9c,
potato_pld,Training/Early_Blight/Early_Blight_276.jpg,Early_Blight_276.jpg,.jpg,7509,256,256,Early_Blight,False,b721269d9937d225595b01dd8b402ddaf8b1fd12734e517f82b727c9c1aa3b6e,eff8a5a0c455d283,
potato_pld,Training/Early_Blight/Early_Blight_210.jpg,Early_Blight_210.jpg,.jpg,10246,256,256,Early_Blight,False,2705278c9fca034393e800d936aeee0a1fb168642d0718d17a9839179dca530c,fab1a574d48ac255,
potato_pld,Training/Early_Blight/Early_Blight_274.jpg,Early_Blight_274.jpg,.jpg,8679,256,256,Early_Blight,False,d565b1b27ba7d5460bf4b8bbade64ff5e6a61fb2e1a87299ebd732a7d084b3a5,bb19e078d5f096a1,
potato_pld,Training/Early_Blight/Early_Blight_61.jpg,Early_Blight_61.jpg,.jpg,9013,256,256,Early_Blight,False,a24f757a00ce847a84d6638f5e993edd9479381681db8e814678b11cd4baa21c,aad8e4b986e196c5,
potato_pld,Training/Early_Blight/Early_Blight_325.jpg,Early_Blight_325.jpg,.jpg,9161,256,256,Early_Blight,False,7c3d88f4f615b6a88ca31bbeb1650e0a8c4df79cdf8c46ad22f32a99ab6a1094,ebb7c07085429d4f,
potato_pld,Training/Early_Blight/Early_Blight_614.jpg,Early_Blight_614.jpg,.jpg,9026,256,256,Early_Blight,False,0f5b32c1c38d9323bc58e786876db4fa244f3e1e176d4209a34b85ec4adb4bfc,eb178552d5cac8c5,
potato_pld,Training/Early_Blight/Early_Blight_488.jpg,Early_Blight_488.jpg,.jpg,7411,256,256,Early_Blight,False,8cfdb1ea8853902923d1382e93bcb057b6d727419191447329e2a0c9eef83880,ea42e1ae851496fd,
potato_pld,Training/Early_Blight/Early_Blight_28.jpg,Early_Blight_28.jpg,.jpg,8972,256,256,Early_Blight,False,51efbd4f95f3aaee054160aefde64579e7e065d086316eb03c678cffed8625c8,aa2ce0d485888fff,
potato_pld,Training/Early_Blight/Early_Blight_855.jpg,Early_Blight_855.jpg,.jpg,10928,256,256,Early_Blight,False,fd82d32623e47f2991a12e4b552fbfe6c1ab1c63c024bb4adc24dd38ef450cc8,ba1df1da90e8c349,
potato_pld,Training/Early_Blight/Early_Blight_1170.jpg,Early_Blight_1170.jpg,.jpg,11512,256,256,Early_Blight,False,822db78e68444d02e2eae800972da9d4cbda7d90994f19a2e48b2f5f58847324,fa97a1f8c57a9600,
potato_pld,Training/Early_Blight/Early_Blight_58.jpg,Early_Blight_58.jpg,.jpg,7667,256,256,Early_Blight,False,7f9ac85b83202dd0a8655d8e27a97e12aba45aec2a762f603ec7e57a7a41fa0d,aa9d85f09a5388eb,
potato_pld,Training/Early_Blight/Early_Blight_1211.jpg,Early_Blight_1211.jpg,.jpg,11901,256,256,Early_Blight,False,bf12bc1767c8108ba92d19994fbf0b4c845dd2fec5d37c9afdadfc51bbc2a880,fec3a10f872c94b4,
potato_pld,Training/Early_Blight/Early_Blight_763.jpg,Early_Blight_763.jpg,.jpg,9280,256,256,Early_Blight,False,23ee6c261ea4a945a9e59c2902a828bf42055ac1b4de5579430bdd0da992f3e4,ffa4f0578052c36a,
potato_pld,Training/Early_Blight/Early_Blight_562.jpg,Early_Blight_562.jpg,.jpg,9500,256,256,Early_Blight,False,1cfa892fcf1f87547c4d91b77b2e41c0d5bb37623d4d938d16d78981aa1971ba,ba4ab025d38787f4,
potato_pld,Training/Early_Blight/Early_Blight_533.jpg,Early_Blight_533.jpg,.jpg,7087,256,256,Early_Blight,False,4b88467a84cc74b77e5ee19c9d0f13e9679d766cfe5f968f86de886e5405e5a3,bacef0a6c0b58792,
potato_pld,Training/Early_Blight/Early_Blight_827.jpg,Early_Blight_827.jpg,.jpg,9076,256,256,Early_Blight,False,080af2964c3a82713279091da4de15f052bb88b0f6e60d378826d135da65685a,bb95e150815a97cb,
potato_pld,Training/Early_Blight/Early_Blight_638.jpg,Early_Blight_638.jpg,.jpg,7739,256,256,Early_Blight,False,d1608eee4994f25da780759b323bbdd3294ae0d84ed210f2dc76dc0ca6e1b337,ebf6e0a285c41e96,
potato_pld,Training/Early_Blight/Early_Blight_673.jpg,Early_Blight_673.jpg,.jpg,9386,256,256,Early_Blight,False,2e949d00de06b1fece15da7e336af4d83234e46e14bbc373b6938170b168885b,bd93d0d8c578cc68,
potato_pld,Training/Early_Blight/Early_Blight_1176.jpg,Early_Blight_1176.jpg,.jpg,9420,256,256,Early_Blight,False,14077fb5159648141c488eed885c95cfd76d37ee72f495429b7f071d2f57ce02,af36b590c2d3c2c9,
potato_pld,Training/Early_Blight/Early_Blight_404.jpg,Early_Blight_404.jpg,.jpg,7486,256,256,Early_Blight,False,0f09de54169c996f85ed4e28cfce78ca10133c9bd159e4a02205be871a13702d,afc1e59b841bc2b8,
potato_pld,Training/Early_Blight/Early_Blight_1060.jpg,Early_Blight_1060.jpg,.jpg,10392,256,256,Early_Blight,False,c0a6229e4d7b451898cd9572780dfafc891457096386ebd97e6023a80e31c2ab,fec2e0af83949e88,
potato_pld,Training/Early_Blight/Early_Blight_236.jpg,Early_Blight_236.jpg,.jpg,8561,256,256,Early_Blight,False,c94a3e548c7bbc0e749cc0000a0a84b1bdf2452ce2f29914967310430b0d8c1a,efcaa0e881e597a1,
potato_pld,Training/Early_Blight/Early_Blight_129.jpg,Early_Blight_129.jpg,.jpg,10006,256,256,Early_Blight,False,65daa8d0b5b16ca06fedb67b1686e6360165800f2721bf5de604f1242d4a9ff2,eae9e509851f9e90,
potato_pld,Training/Early_Blight/Early_Blight_742.jpg,Early_Blight_742.jpg,.jpg,10442,256,256,Early_Blight,False,348f0812e2288c8ca40bfb47f82dda3fd77c8e225c079058619aa661c8002e61,af99e0f885c097c3,
potato_pld,Training/Early_Blight/Early_Blight_150.jpg,Early_Blight_150.jpg,.jpg,11219,256,256,Early_Blight,False,c1abd2377198f7ebc584a1dbd5b4d3af38519501e97cf4f90cd420402e27b5c2,aae0a587959e969a,
potato_pld,Training/Early_Blight/Early_Blight_882.jpg,Early_Blight_882.jpg,.jpg,9378,256,256,Early_Blight,False,8f3d1d4ed52069f8fe7563937b5e57c12437b0fc7c3ccf2ca2fe9b348fac800f,efe0e4a7841f861a,
potato_pld,Training/Early_Blight/Early_Blight_750.jpg,Early_Blight_750.jpg,.jpg,10231,256,256,Early_Blight,False,a369aa630c946876147dc1a59e825b1dce4dab42e81d348a1edc4d42bbf6851f,bf0cb0bfd2048baa,
potato_pld,Training/Early_Blight/Early_Blight_1107.jpg,Early_Blight_1107.jpg,.jpg,11737,256,256,Early_Blight,False,4bd0265241029995e6cc9d0cfd0aba60a417f27d0d7e26178d2d2af9d9c98324,fd83f010c0abcb5e,
potato_pld,Training/Early_Blight/Early_Blight_265.jpg,Early_Blight_265.jpg,.jpg,8494,256,256,Early_Blight,False,4355b3ae8cfd62cb217164b8266bb5f3cf313dabea06c8cee0a21bbdec8554bf,ea3fe0f487e28443,
potato_pld,Training/Early_Blight/Early_Blight_322.jpg,Early_Blight_322.jpg,.jpg,8629,256,256,Early_Blight,False,6f72d741ba35c6238fde016ae7978a0bdbea9f7f482a38b7da9448d91b82e0bd,ff4ad02589a68da6,
potato_pld,Training/Early_Blight/Early_Blight_163.jpg,Early_Blight_163.jpg,.jpg,8844,256,256,Early_Blight,False,830db904c768e7de9352beef5cb4d10221c51adbf5a9ca3d44b609f4d9af8679,bbe4f046822a8f9d,
potato_pld,Training/Early_Blight/Early_Blight_561.jpg,Early_Blight_561.jpg,.jpg,8884,256,256,Early_Blight,False,aca844738f8690a9960ae3784ded2dc57fdf142abafc0a116a0dd8ace4ef3064,be1da428d675d231,
potato_pld,Training/Early_Blight/Early_Blight_132.jpg,Early_Blight_132.jpg,.jpg,9572,256,256,Early_Blight,False,6faddc3aa8ce97b54209127a01730b4e0ffdca4789e5404fcc0b33b8fb05389c,bec6b0af809583b6,
potato_pld,Training/Early_Blight/Early_Blight_521.jpg,Early_Blight_521.jpg,.jpg,7708,256,256,Early_Blight,False,80e6a2e6298dd455a9f631a47b18cf6a4a23bf50ca6f58101157b8cf461de4c9,efb4f010c03ac7d3,
potato_pld,Training/Early_Blight/Early_Blight_707.jpg,Early_Blight_707.jpg,.jpg,9478,256,256,Early_Blight,False,3e58a71b17803de6ddb39db5041151c0bd21210ee7046681f32db61fbec9ad3c,ee96a4fa8420d667,
potato_pld,Training/Early_Blight/Early_Blight_268.jpg,Early_Blight_268.jpg,.jpg,10469,256,256,Early_Blight,False,7583a19ac28ff5e69aab0b53d8f75a944701063be07da6b5634017f45f407c89,eebbe0f487008cc7,
potato_pld,Training/Early_Blight/Early_Blight_75.jpg,Early_Blight_75.jpg,.jpg,7710,256,256,Early_Blight,False,b5ec7b322f89460e288c68401f306519f74ac753b917633bf5d49cd82e84ca4b,aaf2b146d32acb45,
potato_pld,Training/Early_Blight/Early_Blight_202.jpg,Early_Blight_202.jpg,.jpg,10032,256,256,Early_Blight,False,45736792ae426ca53ac5b3361209173b885cb36b4cb651b05c26b60663f250b6,ee9be4a984819e47,
potato_pld,Training/Early_Blight/Early_Blight_814.jpg,Early_Blight_814.jpg,.jpg,8780,256,256,Early_Blight,False,08be33174c8520f2649b679062572717851d8a0805ab27be4fc23bbb19c54d7b,ea27e1f485728752,
potato_pld,Training/Early_Blight/Early_Blight_956.jpg,Early_Blight_956.jpg,.jpg,11765,256,256,Early_Blight,False,3c878887f9daab314f458c0b688059274be369b8002acbfd7d99943f68e60c76,aee4a5c4d44ed22e,
potato_pld,Training/Early_Blight/Early_Blight_890.jpg,Early_Blight_890.jpg,.jpg,12126,256,256,Early_Blight,False,f5a0000fb3240d4d79833ac1a81fe46a0334494500a0db66cc05996289a5e648,aa95e4bac4f0c752,
potato_pld,Training/Early_Blight/Early_Blight_374.jpg,Early_Blight_374.jpg,.jpg,10235,256,256,Early_Blight,False,c640a71c46dc9c25c33e8ef24762898139ef7c190633f265f695bd511813354a,bac2e10b87bf9618,
potato_pld,Training/Early_Blight/Early_Blight_822.jpg,Early_Blight_822.jpg,.jpg,9072,256,256,Early_Blight,False,dcf05a0319b4e350ee1226eea42d970c4c8ae35e8ca82ec832a0f6e036c96133,bbf19117d60ac12d,
potato_pld,Training/Early_Blight/Early_Blight_530.jpg,Early_Blight_530.jpg,.jpg,7814,256,256,Early_Blight,False,84188e72147e84f3e5b645289ccca75b21b522b32137a9efe0d8534d55d42b3f,eabba43897f19a01,
potato_pld,Training/Early_Blight/Early_Blight_1129.jpg,Early_Blight_1129.jpg,.jpg,9186,256,256,Early_Blight,False,50acc0ad6fda5155c11042d3142046a54697c874a3023dd1de8747399e0471b2,bbc9911a9338cb74,
potato_pld,Training/Early_Blight/Early_Blight_438.jpg,Early_Blight_438.jpg,.jpg,6721,256,256,Early_Blight,False,12045e1270d37e009dc15e36f9bec6ea238e04c5de0fe2f4314175e010f0b077,ba9fa1f895e092c1,
potato_pld,Training/Early_Blight/Early_Blight_243.jpg,Early_Blight_243.jpg,.jpg,10339,256,256,Early_Blight,False,70966470feb3982ba93170f50b63ea16df9a1bf1e4ac21a52e6f21e35b16bc2a,ff9cb0b89160ca63,
potato_pld,Training/Early_Blight/Early_Blight_1078.jpg,Early_Blight_1078.jpg,.jpg,9604,256,256,Early_Blight,False,ef1556c6ab1446f63ac21757129a2d112ae4d7dab7b43f6299a2dc5994c5d5fc,abe8b1a991959716,
potato_pld,Training/Early_Blight/Early_Blight_957.jpg,Early_Blight_957.jpg,.jpg,11546,256,256,Early_Blight,False,276c27752c56927730f4e3ac3e3a469f2c015389ae2c599c1e9ab4598e0f0985,ea56e02a875f94a9,
potato_pld,Training/Early_Blight/Early_Blight_499.jpg,Early_Blight_499.jpg,.jpg,7910,256,256,Early_Blight,False,c8ff1cfbbbb328476c5d6d23ebfc94725e0be25d5dace3de5a87f0194b742efb,ba9cb17895f092c3,
potato_pld,Training/Early_Blight/Early_Blight_774.jpg,Early_Blight_774.jpg,.jpg,10636,256,256,Early_Blight,False,294d999efeadeb8dc779c6bf70fbcb2bb71634ad466efa70bd365b68c121484f,aec8b4add0e583b2,
potato_pld,Training/Early_Blight/Early_Blight_462.jpg,Early_Blight_462.jpg,.jpg,6942,256,256,Early_Blight,False,a4daeff3e485525c3a7204746bb51bd9c0fbc3f6027711961a8c082dcaa21a61,af07f0fad2e8c241,
potato_pld,Training/Early_Blight/Early_Blight_603.jpg,Early_Blight_603.jpg,.jpg,7726,256,256,Early_Blight,False,9389299be9eb3f265a34d99e140db441f8b4a988496367839484ff6c6cb70f55,becab0a5d256cb0a,
potato_pld,Training/Early_Blight/Early_Blight_724.jpg,Early_Blight_724.jpg,.jpg,9617,256,256,Early_Blight,False,94f802e24f6e0695d52eb454341e86fc3a6f16a0b617c41c7047e2c54a918229,afc7b1c2d02f0b2c,
potato_pld,Training/Early_Blight/Early_Blight_1028.jpg,Early_Blight_1028.jpg,.jpg,8833,256,256,Early_Blight,False,fdb65573d74e9b87c3578d4cacb9a983e0a7e551e1aa357c3300ca77e6c6f081,ab97a59ad4d0d2d0,
potato_pld,Training/Early_Blight/Early_Blight_848.jpg,Early_Blight_848.jpg,.jpg,10426,256,256,Early_Blight,False,06edb6e8d24b0120de3ec587e67b036faf76408afd37f3e429a7b27f20f0edd8,bef8b010d14bcd4d,
potato_pld,Training/Early_Blight/Early_Blight_1101.jpg,Early_Blight_1101.jpg,.jpg,10044,256,256,Early_Blight,False,dad6214a3cc730089f95ce8407c02ebb76aed2a6e9a93d30b532ce211e49edf0,aa99b1d1c2db8b29,
potato_pld,Training/Early_Blight/Early_Blight_120.jpg,Early_Blight_120.jpg,.jpg,8576,256,256,Early_Blight,False,87cbe72d17f962f9d26405ebd36d7015fd588e5c0a2984e8e6dd8d53d9a2e7e5,ba6ad2b78c9a8499,
potato_pld,Training/Early_Blight/Early_Blight_894.jpg,Early_Blight_894.jpg,.jpg,13043,256,256,Early_Blight,False,23f17acceb00a3b3d125a0eb41b57ea3ab667f2f65393230d7c98377e12a065b,ea58e5a986259ed4,
potato_pld,Training/Early_Blight/Early_Blight_1192.jpg,Early_Blight_1192.jpg,.jpg,11880,256,256,Early_Blight,False,05e1f82450af6a292bde740ad29cd679ee0a37c68063d273840f461964dd150c,bf90f1c1c30a0f1f,
potato_pld,Training/Early_Blight/Early_Blight_677.jpg,Early_Blight_677.jpg,.jpg,9002,256,256,Early_Blight,False,c95535a80fcf548fd5827edcccab7afb52024e9258d276a74356f8b64edab6d0,ea3de1f0870386c7,
potato_pld,Training/Early_Blight/Early_Blight_843.jpg,Early_Blight_843.jpg,.jpg,9585,256,256,Early_Blight,False,99ae45ce4acbdbdb60b589ca03a4b2f9cdd3101e1c96cfcb2a6d43fa2c127689,bf64b520d256c99a,
potato_pld,Training/Early_Blight/Early_Blight_91.jpg,Early_Blight_91.jpg,.jpg,8834,256,256,Early_Blight,False,b12841998cb7f209cc3a4c77ef2305a58fe9861039c83a515a7af78e622680f0,be9ca4dcc468ce29,
potato_pld,Training/Early_Blight/Early_Blight_393.jpg,Early_Blight_393.jpg,.jpg,8682,256,256,Early_Blight,False,38268c26243aafc1a31c990f919f3d97ef448c9c8951d1d114676f59f11dd74c,fae5e10f87fc9400,
potato_pld,Training/Early_Blight/Early_Blight_430.jpg,Early_Blight_430.jpg,.jpg,6386,256,256,Early_Blight,False,6a892cacb65970960839c258b535ba6b937338655de1d152184b3be641e364e8,eb93c153876a1e25,
potato_pld,Training/Early_Blight/Early_Blight_782.jpg,Early_Blight_782.jpg,.jpg,11297,256,256,Early_Blight,False,b8e59c69c8fccd98e699ca997e9f48123123e322f557f85311b32c7fd836f517,fb95e1dac0d0c2c9,
potato_pld,Training/Early_Blight/Early_Blight_1026.jpg,Early_Blight_1026.jpg,.jpg,8490,256,256,Early_Blight,False,bf788308a33cc199b2dda9371b1f93b68be9b6a96ee495fd3a79d10a525ce20d,bbf0a112d50bda1d,
potato_pld,Training/Early_Blight/Early_Blight_316.jpg,Early_Blight_316.jpg,.jpg,7888,256,256,Early_Blight,False,fc2d02055677721bf64d967260aaa354dbe67346ac1f03aecb81921c83df66db,ee99e4d984e19a23,
potato_pld,Training/Early_Blight/Early_Blight_885.jpg,Early_Blight_885.jpg,.jpg,9557,256,256,Early_Blight,False,c4d170e8edadd3057e940c158a4b76a58ca22fd7739330e5c7db1ccc15933d40,eaa9e54585ce970c,
potato_pld,Training/Early_Blight/Early_Blight_634.jpg,Early_Blight_634.jpg,.jpg,9045,256,256,Early_Blight,False,84e7f73edb81d8d8408bca2a677951e0fc0206fd6ab63c3c36c5fe9a2a8f5ced,bbc1b107d56e606c,
potato_pld,Training/Early_Blight/Early_Blight_550.jpg,Early_Blight_550.jpg,.jpg,10023,256,256,Early_Blight,False,5acdf5a732f2da83da139fb72ee4ecf29e98a81c9f08cffaa8ff24af6f42d919,baa4e456c24a8f79,
potato_pld,Training/Early_Blight/Early_Blight_794.jpg,Early_Blight_794.jpg,.jpg,11813,256,256,Early_Blight,False,efc6e82e0859b1f1c89e9da9006fb68c274503b582f545cfbf96adad25ed9bcd,eb32e8d38103c7d3,
potato_pld,Training/Early_Blight/Early_Blight_182.jpg,Early_Blight_182.jpg,.jpg,8514,256,256,Early_Blight,False,ef210819a8c820420523a75da26514cd493d0b833d9f20bc749a827ba28aad48,eabaa0f895819697,
potato_pld,Training/Early_Blight/Early_Blight_1080.jpg,Early_Blight_1080.jpg,.jpg,11888,256,256,Early_Blight,False,9f3d64eeae994f13cd1ee69e5d6322166f428407c6db1337b26e312f2556c679,ab94a57285c296eb,
potato_pld,Training/Early_Blight/Early_Blight_63.jpg,Early_Blight_63.jpg,.jpg,8342,256,256,Early_Blight,False,792dbc5d3c7d8ae72d3d1633ab460d99980f8f3b4236c3cae93df51708fef7a7,aae1b543d20fca1d,
potato_pld,Training/Early_Blight/Early_Blight_1266.jpg,Early_Blight_1266.jpg,.jpg,11609,256,256,Early_Blight,False,e0704ffe3f394f814418cbd28ec99a98f9addbc527ae0f68f6de525330e9b03a,eb60a08b87ef872c,
potato_pld,Training/Early_Blight/Early_Blight_1133.jpg,Early_Blight_1133.jpg,.jpg,8974,256,256,Early_Blight,False,4cc36e5a051a1b390606e163228caa7dbacaeaab1f525dd1070bd905326afbf5,bba1b1c293ba9b18,
potato_pld,Training/Early_Blight/Early_Blight_1188.jpg,Early_Blight_1188.jpg,.jpg,12135,256,256,Early_Blight,False,fe67de541b8a8f4b28cb309e0de4cf642ba02371e61323c9b7e8df481ebedd04,aab5bd92d88aca0d,
potato_pld,Training/Early_Blight/Early_Blight_674.jpg,Early_Blight_674.jpg,.jpg,10226,256,256,Early_Blight,False,0d3af3eae3056410751030820318f937e602013f594c8ffd3673bf4d11310ef1,fe9ca5ced040cb64,
potato_pld,Training/Early_Blight/Early_Blight_840.jpg,Early_Blight_840.jpg,.jpg,9453,256,256,Early_Blight,False,e2526ca0287fdee5cb2d99eb90fd63ef3e171b5af0fba0b2fb7c8850c490425d,bfdeb480d04dc92c,
potato_pld,Training/Early_Blight/Early_Blight_868.jpg,Early_Blight_868.jpg,.jpg,10393,256,256,Early_Blight,False,7686c8a28f1d13baf72defd8ebc1663b005a1608183ce4330f5b1f3e79f45fbb,aaf4e006977e8e68,
potato_pld,Training/Early_Blight/Early_Blight_796.jpg,Early_Blight_796.jpg,.jpg,10428,256,256,Early_Blight,False,e23d0e4a6114d2b87e45f1a5e63432d87c42b12856ed4db13a3c8b0c354eb253,afc0b48bf685913c,
potato_pld,Training/Early_Blight/Early_Blight_1167.jpg,Early_Blight_1167.jpg,.jpg,9578,256,256,Early_Blight,False,9b1d63671d93546c8e509019f89be36984003586349d9988cc078b2919566393,ff8ab0add0f5c280,
potato_pld,Training/Early_Blight/Early_Blight_227.jpg,Early_Blight_227.jpg,.jpg,10125,256,256,Early_Blight,False,c405e43645383366dd81b46637639167f7aab61be73ecce2b8f3300ef73ab4cc,febcb050c03ad371,
potato_pld,Training/Early_Blight/Early_Blight_146.jpg,Early_Blight_146.jpg,.jpg,9748,256,256,Early_Blight,False,d63f54304a76214250c1845f7405024eb931d6d9ba90510797530cd67fe2a77e,ef87a5dad09882e8,
potato_pld,Training/Early_Blight/Early_Blight_723.jpg,Early_Blight_723.jpg,.jpg,11129,256,256,Early_Blight,False,765dcd3e21dea782094c5bd7339953f3e7f8acccb91c6ac2c3b5e7dd500ff867,bbe4f152900bd34b,
potato_pld,Training/Early_Blight/Early_Blight_133.jpg,Early_Blight_133.jpg,.jpg,11357,256,256,Early_Blight,False,77fae8e234903099168739702f4e8bdeddffdc53eee199a67dbace02c7f31376,fbf0a003d74b9a49,
potato_pld,Training/Early_Blight/Early_Blight_495.jpg,Early_Blight_495.jpg,.jpg,8322,256,256,Early_Blight,False,693d90fd272508ba37ef72992ca19d7875dc490399e98b3a7bf4a7334feb8ca3,aa1fa5f894e190e6,
potato_pld,Training/Early_Blight/Early_Blight_607.jpg,Early_Blight_607.jpg,.jpg,9064,256,256,Early_Blight,False,8b4e9cb23cceef90324594075c7f5b1e6f19727bc94b0ccf7d6af74e395569ba,ea9ae4b884e19e87,
potato_pld,Training/Early_Blight/Early_Blight_818.jpg,Early_Blight_818.jpg,.jpg,10135,256,256,Early_Blight,False,e685358dc2ffc215b02ac187eb37e54339c33f23992706e8a90cd2fba3b77843,bf9eb0fcd080cad0,
potato_pld,Training/Early_Blight/Early_Blight_1197.jpg,Early_Blight_1197.jpg,.jpg,9872,256,256,Early_Blight,False,a45a99218f8fb3d07fb7856c85a0677a8aee0743414ce84966cbdf63cb222bf9,fe91a0d697da8609,
potato_pld,Training/Early_Blight/Early_Blight_544.jpg,Early_Blight_544.jpg,.jpg,9893,256,256,Early_Blight,False,835943ae4f1c7b41a8579debeb7e689d4dc85404fc86e50227d82c374b4919f7,bac7b501916f932c,
potato_pld,Training/Early_Blight/Early_Blight_944.jpg,Early_Blight_944.jpg,.jpg,9242,256,256,Early_Blight,False,eacf908d59c4db2a43af90a3134a251fbfd4d2a23e45629e8f243d05f1424a2f,ffe0e487c25e8a88,
potato_pld,Training/Early_Blight/Early_Blight_454.jpg,Early_Blight_454.jpg,.jpg,7306,256,256,Early_Blight,False,9e72d317fd650df784e15a7d1626afc2f03ddd020a2273d6cd3424cf842f7777,eacce0e885e18f87,
potato_pld,Training/Early_Blight/Early_Blight_11.jpg,Early_Blight_11.jpg,.jpg,8823,256,256,Early_Blight,False,e8659aa9bf360350fcb0d7338c1d57dd9d8966e0b74cb8588593640825f81285,ab16e1f095e292c7,
potato_pld,Training/Early_Blight/Early_Blight_1131.jpg,Early_Blight_1131.jpg,.jpg,9836,256,256,Early_Blight,False,bcf358b7ae10faf71908f1e434d07dc193dafd246b6f34bcf10a46c564d68a4d,ff97b45ad229c0c0,
potato_pld,Training/Early_Blight/Early_Blight_571.jpg,Early_Blight_571.jpg,.jpg,8963,256,256,Early_Blight,False,a07da993bce6a98a99a187666bf64aa88e639caa27edfa0d023f31dbf1bf49ec,aae6e407871e8e78,
potato_pld,Training/Early_Blight/Early_Blight_134.jpg,Early_Blight_134.jpg,.jpg,8994,256,256,Early_Blight,False,fff8483f8a6a3f012b143f9b46b3bba8d18dbacd64446db001c595109f5f09c7,bbb0b152c30b8d6d,
potato_pld,Training/Early_Blight/Early_Blight_481.jpg,Early_Blight_481.jpg,.jpg,14830,256,256,Early_Blight,False,7f8624ddd6344b6f5897518a97bd212e1197da1d4100e17a769b789b16a8dbdd,bf74b460d207ca87,
potato_pld,Training/Early_Blight/Early_Blight_405.jpg,Early_Blight_405.jpg,.jpg,7858,256,256,Early_Blight,False,db66e0114fbc907e5c4d6f5f4841f105531ecf197772217b62d9c8e676f5c386,afc8c0ad82d59f34,
potato_pld,Training/Early_Blight/Early_Blight_110.jpg,Early_Blight_110.jpg,.jpg,9274,256,256,Early_Blight,False,2a63d5f643875211ff10f5efb3c7dc82f87d1ac3c01eac960d43f8799c6c3cc7,ae1fa4f895a09ec1,
potato_pld,Training/Early_Blight/Early_Blight_971.jpg,Early_Blight_971.jpg,.jpg,11095,256,256,Early_Blight,False,830e92e1a228856d172e33ea79d206f644271f8252469104c5d3a9e4071501c1,aa2995fcd69292a3,
potato_pld,Training/Early_Blight/Early_Blight_1295.jpg,Early_Blight_1295.jpg,.jpg,10418,256,256,Early_Blight,False,0234db12266827ac0abfe5472dc49db7e96517155665de568a71ee1ac25e752d,bf0da15cc0f8d2e8,
potato_pld,Training/Early_Blight/Early_Blight_283.jpg,Early_Blight_283.jpg,.jpg,8772,256,256,Early_Blight,False,4a60e7478fbdf555efc35d9e12a6f63f67429dfbfafa925aba79fd176b84a0d9,ef15e15ac05a83e9,
potato_pld,Training/Early_Blight/Early_Blight_119.jpg,Early_Blight_119.jpg,.jpg,7711,256,256,Early_Blight,False,d63055c6cb4eefe0bc23e5c0f5c861e3cdce4d3cc4ad381741a3cf9abba803e4,bfc2b08cd0cdcb4c,
potato_pld,Training/Early_Blight/Early_Blight_455.jpg,Early_Blight_455.jpg,.jpg,6964,256,256,Early_Blight,False,6cdcdfba0c40867db6cd6ab1174aba2d9db68381b5f0a7b6546bfcba354cc84c,eeb8a09197998ec9,
potato_pld,Training/Early_Blight/Early_Blight_687.jpg,Early_Blight_687.jpg,.jpg,8979,256,256,Early_Blight,False,191c7bfd3b36d370860b2e2ea8a679518830a74750e93927c48b8a4625839555,bec2b0af90859b36,
potato_pld,Training/Early_Blight/Early_Blight_211.jpg,Early_Blight_211.jpg,.jpg,8910,256,256,Early_Blight,False,0b6e5895eb1c7062b9353dcb1a569d1d849b4ae5b0a0f23a4c8a8d0a8e18c521,ffb1b053c04bc329,
potato_pld,Training/Early_Blight/Early_Blight_1077.jpg,Early_Blight_1077.jpg,.jpg,11133,256,256,Early_Blight,False,13d67d0a2df3550558ec44f7eabeaf0f323ee6654b152ce5c192fb034071287b,bf95d896804acdac,
potato_pld,Training/Early_Blight/Early_Blight_765.jpg,Early_Blight_765.jpg,.jpg,9647,256,256,Early_Blight,False,1b3115fd52a17f695444fe5b78816239730cf52e4ef41aff026ab8cd74c599f7,efe0b420c2b5c796,
potato_pld,Training/Early_Blight/Early_Blight_646.jpg,Early_Blight_646.jpg,.jpg,7961,256,256,Early_Blight,False,a55146707cf54d97e148172ed868e201b581fc60d28118f219ae94c0c7e8b346,ffc0a183970e5a6c,
potato_pld,Training/Early_Blight/Early_Blight_1135.jpg,Early_Blight_1135.jpg,.jpg,10074,256,256,Early_Blight,False,d8ba75f35e6b9555e853190891ac77f8bd3d026a4b36759ecc06fbb1051ca2d4,afeac0a5c196859d,
potato_pld,Training/Early_Blight/Early_Blight_407.jpg,Early_Blight_407.jpg,.jpg,6720,256,256,Early_Blight,False,960978ba755f973483db3d2828070819fb60f14980830f2dbb9c687de65e60f2,bfceb0acc19483d2,
potato_pld,Training/Early_Blight/Early_Blight_965.jpg,Early_Blight_965.jpg,.jpg,10933,256,256,Early_Blight,False,478bd37929c5987b71c818a93cebbaa2375f97bea2f6c6762ce9077737a5909f,afd2b4b6c194cb42,
potato_pld,Training/Early_Blight/Early_Blight_1155.jpg,Early_Blight_1155.jpg,.jpg,7970,256,256,Early_Blight,False,1178532863f5519938e5b412fbf2315ba756281a4b7455652346e0da7222b098,aaee81adc3c48f86,
potato_pld,Training/Early_Blight/Early_Blight_917.jpg,Early_Blight_917.jpg,.jpg,9667,256,256,Early_Blight,False,04d9986051406cef17667fbc66332f27f9e160bf4255e832302b17be284ec568,fa25b157955a9a48,
potato_pld,Training/Early_Blight/Early_Blight_594.jpg,Early_Blight_594.jpg,.jpg,8261,256,256,Early_Blight,False,aace3f4a68d733889de464085ada854f991a85abbe5daf935c9860d6804fee01,aa9be5f89681ca07,
potato_pld,Training/Early_Blight/Early_Blight_1128.jpg,Early_Blight_1128.jpg,.jpg,10853,256,256,Early_Blight,False,5d4ae986e61385f0eb9165edf5d5079d02e87fc7cae801426cff723085e45202,ae42a1ab86959f3c,
potato_pld,Training/Early_Blight/Early_Blight_463.jpg,Early_Blight_463.jpg,.jpg,8611,256,256,Early_Blight,False,b8c68734b5bc32fcec2c0817dd42169e429f4a45f2f3ea7f60e3057d940c32e2,fbdac041c6cf826c,
potato_pld,Training/Early_Blight/Early_Blight_554.jpg,Early_Blight_554.jpg,.jpg,10514,256,256,Early_Blight,False,ec18c73b811aa3f7945c0072f35af79ffeebaf814fdadab950b04961863860dc,aac4e4c6944e9e3e,
potato_pld,Training/Early_Blight/Early_Blight_1016.jpg,Early_Blight_1016.jpg,.jpg,11904,256,256,Early_Blight,False,6093a4a3da882574bdb5849c3cf6534fc8cff6b991bcb093909bdfbf853500a2,aa1ff07ea150978a,
potato_pld,Training/Early_Blight/Early_Blight_1194.jpg,Early_Blight_1194.jpg,.jpg,11341,256,256,Early_Blight,False,b8ed5d510ddd55627831f00ec0f5106aedf7e666eaf7d8c518541d99e867cad0,af19e5fa92c19a41,
potato_pld,Training/Early_Blight/Early_Blight_340.jpg,Early_Blight_340.jpg,.jpg,7672,256,256,Early_Blight,False,528f3f34384844bd3686f8bc238e1d186829cc8a87696c04e7a04a5468b2f69a,ae4895ad8bb4dd14,
potato_pld,Training/Early_Blight/Early_Blight_779.jpg,Early_Blight_779.jpg,.jpg,10884,256,256,Early_Blight,False,3032670aaa5e03ca938cc4647e5926f33b68e9d2900c03deee921d291c7e6b51,fb95b45ad0cad109,
potato_pld,Training/Early_Blight/Early_Blight_376.jpg,Early_Blight_376.jpg,.jpg,9487,256,256,Early_Blight,False,69749102feb1ba6f195e980b85655bdd78ccf58764a9c56dcd79358b669809c8,aa4ae04b85ad9f2d,
potato_pld,Training/Early_Blight/Early_Blight_34.jpg,Early_Blight_34.jpg,.jpg,8093,256,256,Early_Blight,False,320cbf947e044ddc5889ebce7c1b10b0d14c6f2140b9343502295c7e4a2da230,aac6f5ced2484b29,
potato_pld,Training/Early_Blight/Early_Blight_1178.jpg,Early_Blight_1178.jpg,.jpg,10489,256,256,Early_Blight,False,95e0d7628369f9989161a80f8c1099649a47ef585249854921ecf31da8b62b12,feb5e09085439f4a,
potato_pld,Training/Early_Blight/Early_Blight_70.jpg,Early_Blight_70.jpg,.jpg,9035,256,256,Early_Blight,False,3eb40a9c2a2fddcb018e44d5bef6c43066d6fc1eb6ce018c3266f61955489a33,aa97e1d4c342896f,
potato_pld,Training/Early_Blight/Early_Blight_152.jpg,Early_Blight_152.jpg,.jpg,10990,256,256,Early_Blight,False,e50a4dad5ff928fb29a1488a99f570defe6bb458df1222124b00c701d670816e,ea67b407923ed234,
potato_pld,Training/Early_Blight/Early_Blight_574.jpg,Early_Blight_574.jpg,.jpg,10253,256,256,Early_Blight,False,fb4b7ffb61b20889e8fade206862df787adf2530e9f116bf4f22462b56b5dcb6,bbb5e152814a8f69,
potato_pld,Training/Early_Blight/Early_Blight_970.jpg,Early_Blight_970.jpg,.jpg,10981,256,256,Early_Blight,False,a72c577515ab25d7a8cca80c6522b34fbf5fe46e166b63469fc7cd5ce902500c,aa0ea5f497f2d043,
potato_pld,Training/Early_Blight/Early_Blight_968.jpg,Early_Blight_968.jpg,.jpg,8723,256,256,Early_Blight,False,234c42373c0afe71992b4a51139205ed6cb7419afd2f29ae76c343b7646ed47d,eae1e5c58502973e,
potato_pld,Training/Early_Blight/Early_Blight_473.jpg,Early_Blight_473.jpg,.jpg,12240,256,256,Early_Blight,False,0f1f413331f39a7c482cc25c16c26a25cc30fc2aa65fe0be0f8d5826dc78153f,eaa5a1b28756d712,
potato_pld,Training/Early_Blight/Early_Blight_995.jpg,Early_Blight_995.jpg,.jpg,9251,256,256,Early_Blight,False,20bfb5654514150e2fe23fe6476a94ea629b07de66479c92845ada61cb59e991,eee2e486851e9e38,
potato_pld,Training/Early_Blight/Early_Blight_503.jpg,Early_Blight_503.jpg,.jpg,8336,256,256,Early_Blight,False,f7b888d9512bb51b4550e47e05b38bef43c18697ccabea4c38a3158dc8142a77,aa9be57895a092a7,
potato_pld,Training/Early_Blight/Early_Blight_1143.jpg,Early_Blight_1143.jpg,.jpg,7738,256,256,Early_Blight,False,12a3d7bf1d524f8f18f908ef649e082f812eced355813b904a62c0a99a34ebb2,babc90c89ac16bcd,
potato_pld,Training/Early_Blight/Early_Blight_825.jpg,Early_Blight_825.jpg,.jpg,9842,256,256,Early_Blight,False,ad13b211e5b52f419b52f81706a31d4d2aeed3cbc72449611617ea5eaea9e4a6,abe0e505950ecebc,
potato_pld,Training/Early_Blight/Early_Blight_199.jpg,Early_Blight_199.jpg,.jpg,11191,256,256,Early_Blight,False,64573dc7044cff127613136d0567e1c0955cd9526108d9feed839a459dc43812,efa5f45ac028c3a9,
potato_pld,Training/Early_Blight/Early_Blight_275.jpg,Early_Blight_275.jpg,.jpg,6950,256,256,Early_Blight,False,6eeb2dcfa485d3e144d2c8f4f57760f84562b14e591854d2d207ffcd53bed9c0,badcf0e8c0ad83a5,
potato_pld,Training/Early_Blight/Early_Blight_467.jpg,Early_Blight_467.jpg,.jpg,6955,256,256,Early_Blight,False,c246750a9e4e72a967250af66e1e961f3c8b1bdcff1aa507bfd7d7c79982b6aa,bf9ae4e0c6c0ce0b,
potato_pld,Training/Early_Blight/Early_Blight_632.jpg,Early_Blight_632.jpg,.jpg,10141,256,256,Early_Blight,False,bdd650fe761e7817ddae22364b03773bb124dfdbf85a36cddd5f6cf700d4ece4,bfcaf0a881b59394,
potato_pld,Training/Early_Blight/Early_Blight_486.jpg,Early_Blight_486.jpg,.jpg,8646,256,256,Early_Blight,False,4ebc6271bedd1d60cad3c291c9c1ddf7ea53f8b46c9e18a642b86cd0dc160274,eae48e8fac199d11,
potato_pld,Training/Early_Blight/Early_Blight_697.jpg,Early_Blight_697.jpg,.jpg,9382,256,256,Early_Blight,False,f692ddc370c6109e89aa79151ca1e017b06148567954ef4139b37ab88ee29376,fbc4a187913e9a38,
potato_pld,Training/Early_Blight/Early_Blight_83.jpg,Early_Blight_83.jpg,.jpg,8514,256,256,Early_Blight,False,e30cce08c1fc38706b1f5852e420b5a3f88dfbe2f5c42582d15f7bd97a1ce900,abe5e545861e9478,
potato_pld,Training/Early_Blight/Early_Blight_518.jpg,Early_Blight_518.jpg,.jpg,8492,256,256,Early_Blight,False,3628d899aec526a0c2a778f707926e84e5d3cef594c0d6bf06f6a538190385f6,bfb4b456904ad06d,
potato_pld,Training/Early_Blight/Early_Blight_642.jpg,Early_Blight_642.jpg,.jpg,9750,256,256,Early_Blight,False,a91d2bb378eba3e4eae92a058f5b892e8670b2f79e79a15ffc6fc96d860810ce,eae4e027962e9ed0,
potato_pld,Training/Early_Blight/Early_Blight_972.jpg,Early_Blight_972.jpg,.jpg,8951,256,256,Early_Blight,False,62c206f3a706c5ae5d1de72746b905d2486e37dc93326d9190fe96c374018ff7,fab5a08287f78703,
potato_pld,Training/Early_Blight/Early_Blight_650.jpg,Early_Blight_650.jpg,.jpg,9193,256,256,Early_Blight,False,5895731b9184a4522484ac302a1acf00655074fc71d8d8729c548aa7b101f76a,ff97b4dac009c341,
potato_pld,Training/Early_Blight/Early_Blight_581.jpg,Early_Blight_581.jpg,.jpg,10623,256,256,Early_Blight,False,32144efe7695d1226911b7683a48a05abba03ef96e2ab24bda171df751abe386,aa69f1e18301dfa5,
potato_pld,Training/Early_Blight/Early_Blight_1249.jpg,Early_Blight_1249.jpg,.jpg,10836,256,256,Early_Blight,False,44937a049c182df5e5ec400ccf30136c998a1f24e1ef0203fbfb1f3f23cb79d9,ff90b48bd053c22b,
potato_pld,Training/Early_Blight/Early_Blight_805.jpg,Early_Blight_805.jpg,.jpg,8885,256,256,Early_Blight,False,c8d69d766623bb4a4b4b03630a5080d7e0135170fa361283aaa0358c176b59d8,aa15e17a87dad701,
potato_pld,Training/Early_Blight/Early_Blight_510.jpg,Early_Blight_510.jpg,.jpg,8186,256,256,Early_Blight,False,afc3fe04c0d1046c8e3c007f451f3d02151d9b8d6f4b868a3cd94c5f54ddd0ce,aa1ea5fa95e190c6,
potato_pld,Training/Early_Blight/Early_Blight_1134.jpg,Early_Blight_1134.jpg,.jpg,8378,256,256,Early_Blight,False,61a4f68adf276a9d10b45a6a352620f7d87bd7f59c9ee999bcb0eeed207d5b5f,bee290a5c297c59a,
potato_pld,Training/Early_Blight/Early_Blight_1158.jpg,Early_Blight_1158.jpg,.jpg,10089,256,256,Early_Blight,False,acbf7c715b36a1b5d5586ea21331a4430556d04d7e050d892be5ee8ed61d6dd2,bfa4f456d2aac054,
potato_pld,Training/Early_Blight/Early_Blight_307.jpg,Early_Blight_307.jpg,.jpg,7931,256,256,Early_Blight,False,91c3aef1b5b8f0106be30b71af590c8cb04631c95b66890137b148776088ae1c,ba8fa1e8924cdb98,
potato_pld,Training/Early_Blight/Early_Blight_620.jpg,Early_Blight_620.jpg,.jpg,9127,256,256,Early_Blight,False,44a2ea895bf98f19bd8d17503ce2f0696571ccf7f6a30a8523f90dedbc2ed319,bf6af0a5c0a281b7,
potato_pld,Training/Early_Blight/Early_Blight_1017.jpg,Early_Blight_1017.jpg,.jpg,11045,256,256,Early_Blight,False,360c45d4b875be76970759b40653fb750ecc5a8dc90545d9e1aaca145be01c17,eac8e1dc87289f31,
potato_pld,Training/Early_Blight/Early_Blight_946.jpg,Early_Blight_946.jpg,.jpg,9957,256,256,Early_Blight,False,cea87ff2ab7f62fc82e9641169276360a89a9882fec2d8bcf0405589a63c75b2,eab5e5f0c6038647,
potato_pld,Training/Early_Blight/Early_Blight_31.jpg,Early_Blight_31.jpg,.jpg,8738,256,256,Early_Blight,False,29e53eb9ed2562676579054469a55328bfc8634efc6a8fec0f5424a74f5e81c3,bba0f17193918b93,
potato_pld,Training/Early_Blight/Early_Blight_572.jpg,Early_Blight_572.jpg,.jpg,10835,256,256,Early_Blight,False,6014f86bdcdd7866e10073372f33e46ec57071fce7b94714450998957700b500,bea4f456c24b870d,
potato_pld,Training/Early_Blight/Early_Blight_690.jpg,Early_Blight_690.jpg,.jpg,8438,256,256,Early_Blight,False,09a826e588d938c1a5e0933b0b822951c07f131117cf2b189415f888d1c0e0f1,af66e0a486d41f9a,
potato_pld,Training/Early_Blight/Early_Blight_937.jpg,Early_Blight_937.jpg,.jpg,10425,256,256,Early_Blight,False,97a3ffada88d51951019fa99f3d5a4e9d25b3a05d2eddb54ccc4c9d1a2b89f6c,ffb0b082d1d3c28b,
potato_pld,Training/Early_Blight/Early_Blight_599.jpg,Early_Blight_599.jpg,.jpg,8074,256,256,Early_Blight,False,1b95792d214cede3f22e2d1910a1c972de9382e42a556547147b99a3f06fd747,ef83e156858a9e19,
potato_pld,Training/Early_Blight/Early_Blight_1236.jpg,Early_Blight_1236.jpg,.jpg,10457,256,256,Early_Blight,False,62854c2084e998aae7a609f1f20320fa5f30c0bd3456b05cbd97b7d507f3b42c,afdae0bac4f184c1,
potato_pld,Training/Early_Blight/Early_Blight_52.jpg,Early_Blight_52.jpg,.jpg,7986,256,256,Early_Blight,False,af57c47fb7186611ab5196eb0bfaff8c5eb408debdf7b6c1365818c3baafce50,ba4fa1acd3b4c0d2,
potato_pld,Training/Early_Blight/Early_Blight_1260.jpg,Early_Blight_1260.jpg,.jpg,9787,256,256,Early_Blight,False,0a5995fed826c55e8c005387b84c124915feb5f6b377dbaa90d40d6724e430c4,aa74e187857f87c0,
potato_pld,Training/Early_Blight/Early_Blight_180.jpg,Early_Blight_180.jpg,.jpg,8314,256,256,Early_Blight,False,7c428382baa29a62b738d31bb40c0c490273b124318b63f5b5afa8236051f949,efc4e0ac86449ece,
potato_pld,Training/Early_Blight/Early_Blight_466.jpg,Early_Blight_466.jpg,.jpg,7535,256,256,Early_Blight,False,c523fd94c64d6e0d5fe4f937d58b44e187fb57953ceea654533f2f6194aa061c,aad1818bd77bca28,
potato_pld,Training/Early_Blight/Early_Blight_938.jpg,Early_Blight_938.jpg,.jpg,8478,256,256,Early_Blight,False,d32a216b9d036fd7924f3d8eecb5de0a1a513a3b4a5936635b99778f9028aae9,aaecb128d1b583b6,
potato_pld,Training/Early_Blight/Early_Blight_271.jpg,Early_Blight_271.jpg,.jpg,8097,256,256,Early_Blight,False,1a845ca70316156a27b7b942bc0c4fb29c2dd67900aead64a11f0e6a9e13f378,be4fb0adc0f08d92,
potato_pld,Training/Early_Blight/Early_Blight_470.jpg,Early_Blight_470.jpg,.jpg,6673,256,256,Early_Blight,False,2f114ec8445eeaf9e88b547276b3572ae85d12e3f0542188947aea7fae2d6db4,efd0a003d73bc839,
potato_pld,Training/Early_Blight/Early_Blight_228.jpg,Early_Blight_228.jpg,.jpg,10059,256,256,Early_Blight,False,dd250104e4b82852bb002e1c958169db24ed9eb72e7fea4fce4b7ff642a6cacb,ff2db05cd0b8c2d0,
potato_pld,Training/Early_Blight/Early_Blight_845.jpg,Early_Blight_845.jpg,.jpg,10526,256,256,Early_Blight,False,9c477bbea58684de961961eca08e63a0701ec610044bcd0606aa25bc595e1b4a,eadaa02387ff9610,
potato_pld,Training/Early_Blight/Early_Blight_1052.jpg,Early_Blight_1052.jpg,.jpg,10959,256,256,Early_Blight,False,5fe83bdefb1b6eba8042b15646760b2f0b2a8782c470ddb1de30ddfbbd73accc,ffbcb41ad049c2a8,
potato_pld,Training/Early_Blight/Early_Blight_1020.jpg,Early_Blight_1020.jpg,.jpg,8409,256,256,Early_Blight,False,d4b7c22e7ec7ffbe5c2f1fbb13becb44d633f33e7cdee33d6fc26d61dc24f769,ae9fe0f885d0c6c1,
potato_pld,Training/Early_Blight/Early_Blight_512.jpg,Early_Blight_512.jpg,.jpg,7308,256,256,Early_Blight,False,12bfc3ae8d333f9e55bb9d5599e9b0d7e6a5ea97959ed08ff86cd2a9b28374cd,ae19e47984e19ac7,
potato_pld,Training/Early_Blight/Early_Blight_573.jpg,Early_Blight_573.jpg,.jpg,9701,256,256,Early_Blight,False,09e528517deb4389917fa9a19819df0cb112d58939cd63fb8fa409f9088c5108,af62e585873ece10,
potato_pld,Training/Early_Blight/Early_Blight_654.jpg,Early_Blight_654.jpg,.jpg,8963,256,256,Early_Blight,False,ed392dae8c6e0c99733948d0542d183cf9638441e301883e86d42dd7ca4cbbd9,bbf0b121d3978b82,
potato_pld,Training/Early_Blight/Early_Blight_66.jpg,Early_Blight_66.jpg,.jpg,9949,256,256,Early_Blight,False,1ca54f94cb8ba4b5158ce1ef58a520f30319329022b6b1e45cf56c7e0c9b2ac1,fec4e08f851e9638,
potato_pld,Training/Early_Blight/Early_Blight_829.jpg,Early_Blight_829.jpg,.jpg,9105,256,256,Early_Blight,False,69228c88988aedace436a39abd23475b010259a742934e1941caf00be9ccfec7,ea4fe0e886a1cc97,
potato_pld,Training/Early_Blight/Early_Blight_1209.jpg,Early_Blight_1209.jpg,.jpg,9700,256,256,Early_Blight,False,ec01b7d4673ed2f7efa9ff04862eedc981fbe2e41a83cbc299ffad84e0182700,ffe8f08582828fd2,
potato_pld,Training/Early_Blight/Early_Blight_546.jpg,Early_Blight_546.jpg,.jpg,9038,256,256,Early_Blight,False,d205635b5ab832267318dfef0b5e94c3e368496904c3a00cfc7ca03fe34014e9,aab1e552820b9f6d,
potato_pld,Training/Early_Blight/Early_Blight_588.jpg,Early_Blight_588.jpg,.jpg,9352,256,256,Early_Blight,False,c0ed387a4061bba6c1e03bada839bf089c3a1d912815bc7f78139f506e8a06df,ea87e15587889f49,
potato_pld,Training/Early_Blight/Early_Blight_216.jpg,Early_Blight_216.jpg,.jpg,8890,256,256,Early_Blight,False,ff4325ac442e122038b389b3bd6f5875402a7c7f73087c9a9be1b6cbc2508db9,eecef0ad83808bd2,
potato_pld,Training/Early_Blight/Early_Blight_35.jpg,Early_Blight_35.jpg,.jpg,9031,256,256,Early_Blight,False,cf16a2aea6264bd0df8116c24677c14ef4ed8be1e37ed1300fd5d2617d61850e,eae6a423942796b6,
potato_pld,Training/Early_Blight/Early_Blight_484.jpg,Early_Blight_484.jpg,.jpg,12327,256,256,Early_Blight,False,2923c3982e13eb57e9135ccf4f84db02f1048307c50ea63d0efd68d6106bb7db,bb07b47fd0e2c2c0,
potato_pld,Training/Early_Blight/Early_Blight_111.jpg,Early_Blight_111.jpg,.jpg,10105,256,256,Early_Blight,False,28f654a9e6510c62b08facbcca37190f33a39e5edcf680e9c45ea58b31b3a228,aa96e598c5b896d1,
potato_pld,Training/Early_Blight/Early_Blight_1045.jpg,Early_Blight_1045.jpg,.jpg,10541,256,256,Early_Blight,False,db23ddb8c47d0a3462b65353a0fa27408a486afb3837b9ff31f9401765aaff48,ffb4e0d2c28a838d,
potato_pld,Training/Early_Blight/Early_Blight_62.jpg,Early_Blight_62.jpg,.jpg,8900,256,256,Early_Blight,False,d4dbeb062258eecaf8c9b79c9ebb9132103c256a26d2029bdfecb0efdef9ce11,bb4ab0ae81b58793,
potato_pld,Training/Early_Blight/Early_Blight_2.jpg,Early_Blight_2.jpg,.jpg,7792,256,256,Early_Blight,False,d654f785343d32a98bbc0fafe141abd21b64c2324a5d8657910c0a5fb1b4d299,bf11b4dad089c9c5,
potato_pld,Training/Early_Blight/Early_Blight_272.jpg,Early_Blight_272.jpg,.jpg,9163,256,256,Early_Blight,False,be767605a6c11ed891a22037c5c0fc0cddcb9c08f7db95813b403fa0b9b4c8c3,bb4ef0ac81a4cde2,
potato_pld,Training/Early_Blight/Early_Blight_576.jpg,Early_Blight_576.jpg,.jpg,10035,256,256,Early_Blight,False,3adb9748f2c8936aba15e00ea0a355b533918dd6be159c34d32a261bb00e7180,bb86b156d06acb25,
potato_pld,Training/Early_Blight/Early_Blight_593.jpg,Early_Blight_593.jpg,.jpg,9865,256,256,Early_Blight,False,13d3acd37666e0759fffdac3221d35d82aa6bb4f1a996c36efc15a2ad33c5779,eaa5c4f487421e6b,
potato_pld,Training/Early_Blight/Early_Blight_1181.jpg,Early_Blight_1181.jpg,.jpg,11824,256,256,Early_Blight,False,f6e2a9c9f46917aa475e3cae52ba194ea0c03a2ca5648b2ee09ffb15c980b562,aafdb5d0900ade0b,
potato_pld,Training/Early_Blight/Early_Blight_962.jpg,Early_Blight_962.jpg,.jpg,9600,256,256,Early_Blight,False,9690d2b2ec1717c4e3172d4c493d8ca6487a0e581c0fec3e5544cf8445152baa,aab1b1d2c3ca8d4d,
potato_pld,Training/Early_Blight/Early_Blight_130.jpg,Early_Blight_130.jpg,.jpg,8595,256,256,Early_Blight,False,73066000c01e3074e04a1b463518e081a1c1c2e860132a7cce8bad2890f13fcb,fbe2a086d10eca7c,
potato_pld,Training/Early_Blight/Early_Blight_1021.jpg,Early_Blight_1021.jpg,.jpg,10024,256,256,Early_Blight,False,141381a1fd3639222d62f4c955b22db97e777b53a7bc10d88f9346a767d0cf3c,ffa8b550d0aad215,
potato_pld,Training/Early_Blight/Early_Blight_676.jpg,Early_Blight_676.jpg,.jpg,10074,256,256,Early_Blight,False,05a7c8a0d3e59c8a0c828764fc12a8adef589e4e63cd79400f1d1393a55c544d,ff8cb0fcc0e0ca85,
potato_pld,Training/Early_Blight/Early_Blight_362.jpg,Early_Blight_362.jpg,.jpg,7583,256,256,Early_Blight,False,4672fb97ff711c7ab332f4ebe7fc148b135619359958b42d5858ea204e9f1dd5,fac2a50f95fc9034,
potato_pld,Training/Early_Blight/Early_Blight_310.jpg,Early_Blight_310.jpg,.jpg,9668,256,256,Early_Blight,False,e818ce0e82a98eb60041a3c86e6b933b7bddb2f5a6a5567d25dd576bf7079b6b,a8cde10b86fd865c,
potato_pld,Training/Early_Blight/Early_Blight_768.jpg,Early_Blight_768.jpg,.jpg,9582,256,256,Early_Blight,False,b935ccf8040c4854c5304a18c15e5252c5979029595c8427e557dc353ab03a83,eee4e406851e9e78,
potato_pld,Training/Early_Blight/Early_Blight_458.jpg,Early_Blight_458.jpg,.jpg,8464,256,256,Early_Blight,False,e4532852456ebff3b62eba5288876028f356c9c121da7163c2d5cec8c01384e9,aa96b590d5d09acb,
potato_pld,Training/Early_Blight/Early_Blight_156.jpg,Early_Blight_156.jpg,.jpg,9862,256,256,Early_Blight,False,4310c52bc311c21adfd62605bde86692e9dfc30414f556932b1d5c7473762161,bf38f16483c09f83,
potato_pld,Training/Early_Blight/Early_Blight_437.jpg,Early_Blight_437.jpg,.jpg,7020,256,256,Early_Blight,False,32da848a16171154871f6c91dcf2e253519f6f5fc45291927be7a6d6118a6569,ae8cb5bd80d0d3d2,
potato_pld,Training/Early_Blight/Early_Blight_839.jpg,Early_Blight_839.jpg,.jpg,11346,256,256,Early_Blight,False,797fddf2c5405859df8d44e04774d5a58bf48475551d2db32fbb85ccdbd61a61,aa21e1ce851e96fa,
potato_pld,Training/Early_Blight/Early_Blight_1281.jpg,Early_Blight_1281.jpg,.jpg,12502,256,256,Early_Blight,False,45f0a5c868cbd10dfa676b4194788dcb97a3bdff3448a30a957d26935114f554,af15e07acb58ccc1,
potato_pld,Training/Early_Blight/Early_Blight_43.jpg,Early_Blight_43.jpg,.jpg,8773,256,256,Early_Blight,False,e1b045a5ba2f848565881b5d19b0b21d61f6531228d9dc1ff6d89dc309da99a4,eee4e404858f9eca,
potato_pld,Training/Early_Blight/Early_Blight_141.jpg,Early_Blight_141.jpg,.jpg,9682,256,256,Early_Blight,False,7b648f1b3cc6a367ffcd69ab3809a377901279f2686e1a94b5345a96640ccaf2,aa9ff4b89490d24b,
potato_pld,Training/Early_Blight/Early_Blight_435.jpg,Early_Blight_435.jpg,.jpg,6484,256,256,Early_Blight,False,690f5e6038a0b22a9591e92da902f8b20b5d51880738dac28c518833a95e1b72,aa9ea1f8c581c679,
potato_pld,Training/Early_Blight/Early_Blight_867.jpg,Early_Blight_867.jpg,.jpg,11598,256,256,Early_Blight,False,5e5a95a997b935403d113176b83bb444961551cdd6099954bd819d42b01da62d,aa0fe5f885e097c1,
potato_pld,Training/Early_Blight/Early_Blight_42.jpg,Early_Blight_42.jpg,.jpg,7852,256,256,Early_Blight,False,db62420dafcacae33e836dbf1342ec6be079e44e26cfa9c042f521384fcbe5a2,bbb1b152c2ca8b8d,
potato_pld,Training/Early_Blight/Early_Blight_47.jpg,Early_Blight_47.jpg,.jpg,10647,256,256,Early_Blight,False,c57f7f392d0045063ab135c7148b9e18f5ec3c2902ba058f606b06a6285b8ca0,aa9ba5f895e092c3,
potato_pld,Training/Early_Blight/Early_Blight_490.jpg,Early_Blight_490.jpg,.jpg,7971,256,256,Early_Blight,False,5c18b2bd20c68255c214ed08248195fa140edaca42147ca40e3aac194f1f1904,ea54e00b87ff8598,
potato_pld,Training/Early_Blight/Early_Blight_214.jpg,Early_Blight_214.jpg,.jpg,9577,256,256,Early_Blight,False,13c55c2865bed2f285a6dc962ad0b2b002172295e8ad8db23603c301cd64c550,ee61a407961ede38,
potato_pld,Training/Early_Blight/Early_Blight_1177.jpg,Early_Blight_1177.jpg,.jpg,10088,256,256,Early_Blight,False,dc623292ae10958b41c4448c4ce0663d31afaf40d99395d1a74f600137638fe8,bec1d1036b1f6c34,
potato_pld,Training/Early_Blight/Early_Blight_279.jpg,Early_Blight_279.jpg,.jpg,10006,256,256,Early_Blight,False,b5e98e121136d481e364e091687ec1cf9efc28ffbfbae5783d9af3ae763ffc41,aa14e1fa85319773,
potato_pld,Training/Early_Blight/Early_Blight_377.jpg,Early_Blight_377.jpg,.jpg,10616,256,256,Early_Blight,False,5279892652704a914e48ace7a2d7be320ee340472bd58bba88fa6a6d28a4a66e,ea17e1fa85009767,
potato_pld,Training/Early_Blight/Early_Blight_909.jpg,Early_Blight_909.jpg,.jpg,11557,256,256,Early_Blight,False,dfae8d6174799de8ec73ee8e5aaa575ab48fae1b36e52da63480fab1580920f3,fbcae08b82ad9790,
potato_pld,Training/Early_Blight/Early_Blight_312.jpg,Early_Blight_312.jpg,.jpg,9162,256,256,Early_Blight,False,e70f9a04cc154083ac2dfda16ce3a99f373d2daee2401c8bad1226a9a634cebf,eac0e50785ff8638,
potato_pld,Training/Early_Blight/Early_Blight_248.jpg,Early_Blight_248.jpg,.jpg,10152,256,256,Early_Blight,False,1466218bdfa1bf9933846e2508b1c499ad158eab93205a28f336bcf5b8c9c0e8,ff60b087d2078b2e,
potato_pld,Training/Early_Blight/Early_Blight_809.jpg,Early_Blight_809.jpg,.jpg,10350,256,256,Early_Blight,False,5202a1551cca060df74efbc6d793150dc7c03f41e11046b76a919b6ef78cc270,ea50c5af874a853d,
potato_pld,Training/Early_Blight/Early_Blight_304.jpg,Early_Blight_304.jpg,.jpg,8768,256,256,Early_Blight,False,13ceed2c017a2d1ca9dd9a86299df254bb922c3c1780fe8eacc69d73b831f78c,fabf81309a5298cb,
potato_pld,Training/Early_Blight/Early_Blight_760.jpg,Early_Blight_760.jpg,.jpg,9356,256,256,Early_Blight,False,c79614f7d47b0a5ceaf40c84da5534e1089bb4a2b6d84148fcc94d0160232432,afe4e0c6c44e9a2e,
potato_pld,Training/Early_Blight/Early_Blight_816.jpg,Early_Blight_816.jpg,.jpg,10711,256,256,Early_Blight,False,fd84a88a389ad76efeec64d994e864c6cee8ca9ec3b0c99296c0aa9fa8f5f8e6,bef4e452866ac629,
potato_pld,Training/Early_Blight/Early_Blight_1228.jpg,Early_Blight_1228.jpg,.jpg,11126,256,256,Early_Blight,False,31300ef4329d914ae3152ee2b39aef9255a326ffc6a332551746d21e94e2171d,bfb0f440d0abc34d,
potato_pld,Training/Early_Blight/Early_Blight_756.jpg,Early_Blight_756.jpg,.jpg,12053,256,256,Early_Blight,False,55bf43e96512c8f8769f21d79e2d46f7379fbbde16e319f8a25bc6cfb0d4bb84,abb8f0d181539b4b,
potato_pld,Training/Early_Blight/Early_Blight_1.jpg,Early_Blight_1.jpg,.jpg,10298,256,256,Early_Blight,False,49f1cba8cbcf98ad5f8e4ebe0badbc4cc8a85d1c8c5b3c62b4f38fcfc74be2d2,bbd1b043954b8a7c,
potato_pld,Training/Early_Blight/Early_Blight_1261.jpg,Early_Blight_1261.jpg,.jpg,10241,256,256,Early_Blight,False,e370eecb27314ef60a43975cd384b38f4eaccdfa78be72c7a6ca049b523eccfd,ea3de1f4850087e7,
potato_pld,Training/Early_Blight/Early_Blight_936.jpg,Early_Blight_936.jpg,.jpg,10370,256,256,Early_Blight,False,59d410488628aa546652de7b4b2912350e9cfb89d268e235f5bd10c1f6f3630c,ffb0b082d2d3c28b,
potato_pld,Training/Early_Blight/Early_Blight_80.jpg,Early_Blight_80.jpg,.jpg,10369,256,256,Early_Blight,False,189f2a132b44ca44dfed4063df812dfc402b31b71f24324fd4e38e4fd18d8e48,ebb4e09087d68fc2,
potato_pld,Training/Early_Blight/Early_Blight_967.jpg,Early_Blight_967.jpg,.jpg,11710,256,256,Early_Blight,False,696ff02032077b277923a070ceb6374168e14f10b9a96748dce109581ed5a91f,aa53a5aac255d7a8,
potato_pld,Training/Early_Blight/Early_Blight_491.jpg,Early_Blight_491.jpg,.jpg,7865,256,256,Early_Blight,False,ce9feeb43d47c25955969ee80905206202c5a8d816a2348db7ad407de9c18124,fff2a040d2af821d,
potato_pld,Training/Early_Blight/Early_Blight_644.jpg,Early_Blight_644.jpg,.jpg,9310,256,256,Early_Blight,False,64ef5b08eb5fe651047ed96a47e8eab5eae98a9e5a7786a39537ac3dfc89c485,ee9ae09985a19e53,
potato_pld,Training/Early_Blight/Early_Blight_847.jpg,Early_Blight_847.jpg,.jpg,11769,256,256,Early_Blight,False,638c29cf5267ab258a0772c1e1e8a271901c18d38238c038a4bdf7aeb24d2fc3,ba25e1d6858896db,
potato_pld,Training/Early_Blight/Early_Blight_862.jpg,Early_Blight_862.jpg,.jpg,10700,256,256,Early_Blight,False,dd80df52a33c4120731c9737c67e8ce156871245624fe22311c111e1ecb41cdf,eee0e007853fc738,
potato_pld,Training/Early_Blight/Early_Blight_764.jpg,Early_Blight_764.jpg,.jpg,10909,256,256,Early_Blight,False,72c10a89c1b3ad5a69b4ef06087ca0e6b53ac0ffc088526af829de16a338f6c0,aae4a552d64bca2d,
potato_pld,Training/Early_Blight/Early_Blight_701.jpg,Early_Blight_701.jpg,.jpg,9638,256,256,Early_Blight,False,40ab8b6d97f5396c34e2a89e0660a141189802b8fb3426eb98de5d5087251e66,bbb5b0d4d0f2d301,
potato_pld,Training/Early_Blight/Early_Blight_259.jpg,Early_Blight_259.jpg,.jpg,10952,256,256,Early_Blight,False,a2026ae00ff7f216026595f3d37b56e1963f7f77723802b4a25856a25dc5564a,bf9ef0a880f4c3c4,
potato_pld,Training/Early_Blight/Early_Blight_1175.jpg,Early_Blight_1175.jpg,.jpg,8602,256,256,Early_Blight,False,fc8ccc04c18990ec4465f7d81de8ce0d816a259ba265c694614e46130ecca149,fec0a50fd4bd821c,
potato_pld,Training/Early_Blight/Early_Blight_97.jpg,Early_Blight_97.jpg,.jpg,7726,256,256,Early_Blight,False,d52c199d6d92beb6524f4cdffc19583dd71b26c09f31a71f301b205bfcab7261,afb5f452c05ac1c9,
potato_pld,Training/Early_Blight/Early_Blight_334.jpg,Early_Blight_334.jpg,.jpg,9134,256,256,Early_Blight,False,4bc3895aed10194a0fd6805bd56c4b8809e38e2ab1f67fa0371f5c5cb2af0b65,bf1eb45ec068c9a1,
potato_pld,Training/Early_Blight/Early_Blight_71.jpg,Early_Blight_71.jpg,.jpg,9059,256,256,Early_Blight,False,145e2706cd8f6824940bc957a0206715659858d56d1f56e07169ebda5b8e5deb,ab9f85d0cc4ac9e4,
potato_pld,Training/Early_Blight/Early_Blight_711.jpg,Early_Blight_711.jpg,.jpg,10130,256,256,Early_Blight,False,3a7b6a9234dcab062781d3379816ff09e89bfc535956c7f009c81c135281eca3,bee2b005d69eca1a,
potato_pld,Training/Early_Blight/Early_Blight_766.jpg,Early_Blight_766.jpg,.jpg,9248,256,256,Early_Blight,False,91624fcf5f7d3271e25bfee1fcb650b629d56de8873182c30aa0c4b2f0733242,aa91e1358592d7d3,
potato_pld,Training/Early_Blight/Early_Blight_252.jpg,Early_Blight_252.jpg,.jpg,10087,256,256,Early_Blight,False,46434b5dc7663e9259ddb7bdcd372a672ed5c1be106e54bc6489d2a9585ce5a8,ae43e18f857d8e18,
potato_pld,Training/Early_Blight/Early_Blight_824.jpg,Early_Blight_824.jpg,.jpg,9523,256,256,Early_Blight,False,ac2a5e5139f9c92aefd5a4b59168dc6d981ce391f7cf4573856cbb96c23b1666,eae0a407d61edab8,
potato_pld,Training/Early_Blight/Early_Blight_337.jpg,Early_Blight_337.jpg,.jpg,8937,256,256,Early_Blight,False,1a37eb795a5286399df0194ad7dabcf514c880f23b6a3382041241d07c42ea24,ff4af4a1c0a78926,
potato_pld,Training/Early_Blight/Early_Blight_863.jpg,Early_Blight_863.jpg,.jpg,10137,256,256,Early_Blight,False,2c5bb554e7ed89e7aa64e43e70b2366b36875c0248b6537bc5cf1ec4bc339213,be1cb098d05992fb,
potato_pld,Training/Early_Blight/Early_Blight_680.jpg,Early_Blight_680.jpg,.jpg,10446,256,256,Early_Blight,False,af6bf4b1fc833f72de247fb7df84d93428bee77676114f65c7674388d819d39e,eab5e052870a9eab,
potato_pld,Training/Early_Blight/Early_Blight_1051.jpg,Early_Blight_1051.jpg,.jpg,11265,256,256,Early_Blight,False,6ec44f76d3733b38705f0f3cba82b6f41bbebe465eed5ab21356c22d9572de99,ff95b01ed0f8c288,
potato_pld,Training/Early_Blight/Early_Blight_831.jpg,Early_Blight_831.jpg,.jpg,10907,256,256,Early_Blight,False,0691be4fe5a86d3782a2b28acd108267103f9de3f7d1e3e7b6320f15ca0f11e4,fec8a0ebd7258294,
potato_pld,Training/Early_Blight/Early_Blight_788.jpg,Early_Blight_788.jpg,.jpg,9551,256,256,Early_Blight,False,1405285d41fbe98ff2e804ac3f6cb68aa9a2f594fe9d983613c7d55967abd14f,af83b473d2a9c854,
potato_pld,Training/Early_Blight/Early_Blight_1150.jpg,Early_Blight_1150.jpg,.jpg,10109,256,256,Early_Blight,False,6a34916521ddb3eb4b921b2709b78685d30fd16982366c88f690b1af65457304,be62f0ad9216c378,
potato_pld,Training/Early_Blight/Early_Blight_323.jpg,Early_Blight_323.jpg,.jpg,8313,256,256,Early_Blight,False,d3f1ed5a0fb4caefe5a391f029db9fdcd5c8c38aa99b4753a6fd08249a4ca3a7,aac0e10f87bc86fc,
potato_pld,Training/Early_Blight/Early_Blight_652.jpg,Early_Blight_652.jpg,.jpg,9495,256,256,Early_Blight,False,16d294b8939fc329e7f875cc3a30e80891d9ae27f5ee064d78f26b5fd7e56ac3,eaca8f9a91379624,
potato_pld,Training/Early_Blight/Early_Blight_525.jpg,Early_Blight_525.jpg,.jpg,6222,256,256,Early_Blight,False,952bfcace09fc613c5ef6b1e835152ac0b25d5e9a95e99650037529ae6349d01,aa41e10b85bddf38,
potato_pld,Training/Early_Blight/Early_Blight_795.jpg,Early_Blight_795.jpg,.jpg,9975,256,256,Early_Blight,False,a2091f6f86197493cb6aa1ca194b9f91704d5ce9e2b3cf4415637b1c25c29db7,bb1ee0f485d09653,
potato_pld,Training/Early_Blight/Early_Blight_1068.jpg,Early_Blight_1068.jpg,.jpg,9160,256,256,Early_Blight,False,7f47beb4ef1f163ee167943e72bbd9423de93e82c08ec205edd0f96fc7a78f29,efb5e052c3ca8b81,
potato_pld,Training/Early_Blight/Early_Blight_559.jpg,Early_Blight_559.jpg,.jpg,10297,256,256,Early_Blight,False,4515abef8d4cb9b435f5f818b3e10aa1df005db98ad67d38740fe430ac09fdec,bf14b4cad25983a9,
potato_pld,Training/Early_Blight/Early_Blight_124.jpg,Early_Blight_124.jpg,.jpg,8360,256,256,Early_Blight,False,691c30d7c18296389bc20af92b34dafd52c3a1a22f1998f1414d958249f2a69b,bf15f45ad068c1a9,
potato_pld,Training/Early_Blight/Early_Blight_935.jpg,Early_Blight_935.jpg,.jpg,8914,256,256,Early_Blight,False,3d780e000e8a0b8d85d526fabd9d53200ead8b9f9833ab6ace5a02272a1baaeb,abc29587d03fc874,
potato_pld,Training/Early_Blight/Early_Blight_716.jpg,Early_Blight_716.jpg,.jpg,8780,256,256,Early_Blight,False,8089f7982cf496d52629acbde3d3685623bdb571d55f043c48e4d858be6d62cb,bfe39083d217493a,
potato_pld,Training/Early_Blight/Early_Blight_519.jpg,Early_Blight_519.jpg,.jpg,8996,256,256,Early_Blight,False,949ea7a3834a2523c82a9273fe56e99ca0df92a81198d7ac0bfaa9326e0a4df9,aa6ae08b85edd724,
potato_pld,Training/Early_Blight/Early_Blight_775.jpg,Early_Blight_775.jpg,.jpg,8229,256,256,Early_Blight,False,ba6a925ad38210aee635ffede87ef92e9bc0e91703a946c9ce97483b2c69b8ca,febfa090903ac369,
potato_pld,Training/Early_Blight/Early_Blight_876.jpg,Early_Blight_876.jpg,.jpg,9223,256,256,Early_Blight,False,55717de3ac849599b5efa9f7990ccb2f1bc859245b8cc1006a6e4ffa5d054895,bb0cb55ed2a8c954,
potato_pld,Training/Early_Blight/Early_Blight_744.jpg,Early_Blight_744.jpg,.jpg,10996,256,256,Early_Blight,False,3df04f45ac78d0d2871447055d141bccb94d884f170230ee2eb601d9528482cf,afe0a191f51ad61a,
potato_pld,Training/Early_Blight/Early_Blight_1113.jpg,Early_Blight_1113.jpg,.jpg,9003,256,256,Early_Blight,False,6af161596ed52cc6a529ed44f7f5247932c610e30995a441d95d1f197b4b9c6a,ba9eb0bc9290dbc2,
potato_pld,Training/Early_Blight/Early_Blight_201.jpg,Early_Blight_201.jpg,.jpg,10079,256,256,Early_Blight,False,9ea28365ba67bae5c8be4fbcd1ef95d66e8ddc98bb840bb762ad39504b50ac9e,eadbe0e9c4e18585,
potato_pld,Training/Early_Blight/Early_Blight_893.jpg,Early_Blight_893.jpg,.jpg,12694,256,256,Early_Blight,False,37e1934684851c70ea57ab9ba0db1be9da5ca50dcc406c080a202bc7b2450f23,ea72e183873e94b8,
potato_pld,Training/Early_Blight/Early_Blight_38.jpg,Early_Blight_38.jpg,.jpg,9059,256,256,Early_Blight,False,38405c19fbffe3718acf3e232a2c27a6bea9bf115c67cf6cccc735542a666b57,aa37b1d0d3ea8a0d,
potato_pld,Training/Early_Blight/Early_Blight_1238.jpg,Early_Blight_1238.jpg,.jpg,12308,256,256,Early_Blight,False,6df7b2262c38f08577bea5ac5dc6626fc4be9f3413d21f1be4eff026f93a1bc8,baceb46a90a5c1b5,
potato_pld,Training/Early_Blight/Early_Blight_902.jpg,Early_Blight_902.jpg,.jpg,12815,256,256,Early_Blight,False,fa5af88a1063b534c622f5bcf5adf9c3a45544d974db084cc0571dba808a0ba2,beb0a4d9d50bc269,
potato_pld,Training/Early_Blight/Early_Blight_183.jpg,Early_Blight_183.jpg,.jpg,10067,256,256,Early_Blight,False,30fff29a11f5ea7e51ec9218c52b85f2238c0f47fee5704dde84df3e53dd0785,aedba4a9d4f5c0c0,
potato_pld,Training/Early_Blight/Early_Blight_1202.jpg,Early_Blight_1202.jpg,.jpg,8180,256,256,Early_Blight,False,33ffbfe04159d7de8d8b8f458fecf96d8ac7256ad1accd17bd6706b79419bddf,aec4948dc21cdfb8,
potato_pld,Training/Early_Blight/Early_Blight_290.jpg,Early_Blight_290.jpg,.jpg,6749,256,256,Early_Blight,False,8d399209a26aee253a375399760e254fc92c3edc6085836a3223fbf08e77891a,aee4b506d21eda2c,
potato_pld,Training/Early_Blight/Early_Blight_516.jpg,Early_Blight_516.jpg,.jpg,6763,256,256,Early_Blight,False,db2ae052f3b4e4367f4f1301df9ae198e7ad685f7226628a6bca741d2e500719,aa0ab5bdd2f0d292,
potato_pld,Training/Early_Blight/Early_Blight_1221.jpg,Early_Blight_1221.jpg,.jpg,8894,256,256,Early_Blight,False,9aa010d6ad3b1d59c9e1e25dd71cff776fdfc225ded61c1003371a4d4c543386,bf85d0cac31f2538,
potato_pld,Training/Early_Blight/Early_Blight_254.jpg,Early_Blight_254.jpg,.jpg,11676,256,256,Early_Blight,False,057a47153fe3bed4707e0595e027311bb5802d624f1b58bbeeb8490d27caed25,ffc1b02bd051c32b,
potato_pld,Training/Early_Blight/Early_Blight_257.jpg,Early_Blight_257.jpg,.jpg,8654,256,256,Early_Blight,False,80295d6c584a3acc7f18a5c64213eb645d129b15adba3e1d125382627185464f,bbceb0acd194c992,
potato_pld,Training/Early_Blight/Early_Blight_1290.jpg,Early_Blight_1290.jpg,.jpg,11564,256,256,Early_Blight,False,3a3b9aa62a77a84a503cdbf9add6cb1e71d6853052e6cd36676f2283eed66171,ea93f4c2d449ca2d,
potato_pld,Training/Early_Blight/Early_Blight_1076.jpg,Early_Blight_1076.jpg,.jpg,10497,256,256,Early_Blight,False,14f680933201dead170e3547526bbe422898148d07cb2bf721cdc3858593b721,aee8bda095c59287,
potato_pld,Training/Early_Blight/Early_Blight_384.jpg,Early_Blight_384.jpg,.jpg,10247,256,256,Early_Blight,False,a708f1a5bbdbda581d0c38b9c3978fddfdf60d9da1b1f2a86addaf562a68608b,fa42e18a85ad9e35,
potato_pld,Training/Early_Blight/Early_Blight_567.jpg,Early_Blight_567.jpg,.jpg,9665,256,256,Early_Blight,False,1d9379908375536e2232d353871050356cae5c048d7e88c03fa04d816d68b6d6,bacae1f895819a87,
potato_pld,Training/Early_Blight/Early_Blight_399.jpg,Early_Blight_399.jpg,.jpg,7267,256,256,Early_Blight,False,6034b9609a2e725ee6c47e4e27caad740a857f205c7611e748cce8fb6b4dd185,afdff480d2d08ae0,
potato_pld,Training/Early_Blight/Early_Blight_1179.jpg,Early_Blight_1179.jpg,.jpg,8526,256,256,Early_Blight,False,077ca9586990c754de6f96a78c13f7c0f3e5369996ccf09708c0a03f2f87040d,fec6a0a691b59b14,
potato_pld,Training/Early_Blight/Early_Blight_249.jpg,Early_Blight_249.jpg,.jpg,8792,256,256,Early_Blight,False,51b48f1c83b5a81338bdf02cd4ba2a3b89377fc154f59afc084b67af2ab62bd9,facee0e881859787,
potato_pld,Training/Early_Blight/Early_Blight_511.jpg,Early_Blight_511.jpg,.jpg,8232,256,256,Early_Blight,False,eaa049010f07ee7cf8eb9e0105dad39b7afd9904a56fea6a3aedb893101bdc63,aac8b5add4f48a92,
potato_pld,Training/Early_Blight/Early_Blight_651.jpg,Early_Blight_651.jpg,.jpg,9701,256,256,Early_Blight,False,1ce12f056bff10dda30602ddd2ba28a0733478e8a5f9853afdf8e09d67053300,fda0f0958388d3da,
potato_pld,Training/Early_Blight/Early_Blight_181.jpg,Early_Blight_181.jpg,.jpg,9416,256,256,Early_Blight,False,1de265feb99aa2eaedef563921248d2a66e5bb29a2d0d12d989cb48946babf83,eee6802797b60ed0,
potato_pld,Training/Early_Blight/Early_Blight_64.jpg,Early_Blight_64.jpg,.jpg,8155,256,256,Early_Blight,False,3cf2de89e1181b30cc51fe8fc830ee6c331bee49b20e43cb1dc5da7aae2b88fd,ebc1a50d953d9a70,
potato_pld,Training/Early_Blight/Early_Blight_1057.jpg,Early_Blight_1057.jpg,.jpg,11464,256,256,Early_Blight,False,a8d8fed4fd27d72884bb38378ce636ca12d2a4ce0b3d53ae46cccc228ef6862f,ae0bb57dd2a0c352,
potato_pld,Training/Early_Blight/Early_Blight_1283.jpg,Early_Blight_1283.jpg,.jpg,11870,256,256,Early_Blight,False,fd1e563f9e018c0b35fe3bca1d45c2206098fdcd3c8987ef34b283e1cc65a714,efb5d092c2418f2d,
potato_pld,Training/Early_Blight/Early_Blight_1234.jpg,Early_Blight_1234.jpg,.jpg,11495,256,256,Early_Blight,False,cc5693a5e3f3355221f7ceadb98af2090711ffdf12169d29fbd29ad754d3253a,ba99a0b994a19ad7,
potato_pld,Training/Early_Blight/Early_Blight_229.jpg,Early_Blight_229.jpg,.jpg,9085,256,256,Early_Blight,False,60c1893b2b2bba056a545855ac47080a840b53a9ee0af6b3df9d8b915c6be5b8,ff85e082c0cfcb8a,
potato_pld,Training/Early_Blight/Early_Blight_515.jpg,Early_Blight_515.jpg,.jpg,7967,256,256,Early_Blight,False,49ba7beb44e439e4ca2bcbf51e47ff3943f3abc6507f46a32c7b8565bf325b55,aa0ae1ff851895b9,
potato_pld,Training/Early_Blight/Early_Blight_189.jpg,Early_Blight_189.jpg,.jpg,8790,256,256,Early_Blight,False,6e473626af1ddf96be9d485a80df127dc15289770768f5712171ff16ba7b47bf,bf9da0d8d548c265,
potato_pld,Training/Early_Blight/Early_Blight_601.jpg,Early_Blight_601.jpg,.jpg,8613,256,256,Early_Blight,False,d3de4e54ffd307d6b10fecacc5f0f45b91ed8960204d7fbee3b06f48de5a5187,ef67b023d0368ab2,
potato_pld,Training/Early_Blight/Early_Blight_278.jpg,Early_Blight_278.jpg,.jpg,9213,256,256,Early_Blight,False,7f05bcfeb96db690841d5d7c0092383ce15aa58a04956697df5961a3a41e0a28,aa05e0ff850487bf,
potato_pld,Training/Early_Blight/Early_Blight_1231.jpg,Early_Blight_1231.jpg,.jpg,10181,256,256,Early_Blight,False,84997a23dcb492e847c83527762634417abc74d767f86cf9e3c1c646d7e0d9e4,aa93a5ba94b09e8b,
potato_pld,Training/Early_Blight/Early_Blight_445.jpg,Early_Blight_445.jpg,.jpg,6650,256,256,Early_Blight,False,75cab3bd31a24a415e55a708e8b646343e97f8149507992fca092316a28c25f3,bfbfb0f8d2c08281,
potato_pld,Training/Early_Blight/Early_Blight_46.jpg,Early_Blight_46.jpg,.jpg,8906,256,256,Early_Blight,False,f51225d9efc0082a1c3a49fae7c6a68604151385e558ea4528124de829ca3d9f,bebe9470d0c04bcd,
potato_pld,Training/Early_Blight/Early_Blight_1172.jpg,Early_Blight_1172.jpg,.jpg,12104,256,256,Early_Blight,False,c91c21b3e5ab0ac64c35b56861c55a5e1979fc1779b9dbcf2831fe1932603bd1,aa95f552822b8f69,
potato_pld,Training/Early_Blight/Early_Blight_365.jpg,Early_Blight_365.jpg,.jpg,9571,256,256,Early_Blight,False,de4a40ba073fa3fe3ec5997025d173456dba24dd3644a48edac422d2bf0cf43c,eae1a30e9d9e9099,
potato_pld,Training/Early_Blight/Early_Blight_176.jpg,Early_Blight_176.jpg,.jpg,9236,256,256,Early_Blight,False,c6ba9bd50228ec43fdcb1cfde8bfaa3ed123dfd0df1e01dc4c256b190a7b903f,bee6e02287879e92,
potato_pld,Training/Early_Blight/Early_Blight_147.jpg,Early_Blight_147.jpg,.jpg,10228,256,256,Early_Blight,False,1ed130fcc985cdcb2bbb263a00bc7a5eea7bd597c214af017b98f8d58991d3fd,bffbb400d087825d,
potato_pld,Training/Early_Blight/Early_Blight_670.jpg,Early_Blight_670.jpg,.jpg,8408,256,256,Early_Blight,False,1ecd9678c5f36a756f0134e37b535271c591f2fd00add8027469e0f948564f31,ff97f0f8c3418241,
potato_pld,Training/Early_Blight/Early_Blight_926.jpg,Early_Blight_926.jpg,.jpg,10101,256,256,Early_Blight,False,c9b01296649b5152dfb35bf3b724fb0b1b94ffdc6bb5d7da2e6791df8311c496,abcaf0af81959334,
potato_pld,Training/Early_Blight/Early_Blight_320.jpg,Early_Blight_320.jpg,.jpg,8424,256,256,Early_Blight,False,fdda2707c297e21489f0d066725be12a337693671c01c05f120c78d9018c7470,eec6a586d25eca0a,
potato_pld,Training/Early_Blight/Early_Blight_112.jpg,Early_Blight_112.jpg,.jpg,9992,256,256,Early_Blight,False,6e0bdda3c14788bbbc637a2669e7254d8ffad323e9199a3b8f11dad38c44c6a1,aaea852ecf1dc81a,
potato_pld,Training/Early_Blight/Early_Blight_422.jpg,Early_Blight_422.jpg,.jpg,6667,256,256,Early_Blight,False,27ca4bcb9d3976bcd151fe184d85d872a87f10ac66d87f05412c70f831edfe48,eb92e11a95389eb8,
potato_pld,Training/Early_Blight/Early_Blight_88.jpg,Early_Blight_88.jpg,.jpg,10515,256,256,Early_Blight,False,3761e5067dd2d6e63b2f1d7a3efaee21cfea5bf85e02523886cf2618866d0a56,aec0a485949fdabc,
potato_pld,Training/Early_Blight/Early_Blight_527.jpg,Early_Blight_527.jpg,.jpg,7792,256,256,Early_Blight,False,da75bf85d3f06f17795d93866dc6fcc99d406a49f99becfa0b6efc33c4e0dec9,aadbe4b9c4f18681,
potato_pld,Training/Early_Blight/Early_Blight_895.jpg,Early_Blight_895.jpg,.jpg,12553,256,256,Early_Blight,False,669848dc9cb32848e1b8762541f566c8131dbf20bcbfae3a8ba2b618951097b3,ebe0e18785becc14,
potato_pld,Training/Early_Blight/Early_Blight_641.jpg,Early_Blight_641.jpg,.jpg,9480,256,256,Early_Blight,False,205b882355195dc0c923094397eff9c9c2c3e57c7aa43fe7e66059309eaed8d5,abb5f490827a9751,
potato_pld,Training/Early_Blight/Early_Blight_287.jpg,Early_Blight_287.jpg,.jpg,9975,256,256,Early_Blight,False,b5980dc69ff00e610826e51aa303c68d565c5620d69f5df3c4c95821cae75987,ba1be0e897a1c2b5,
potato_pld,Training/Early_Blight/Early_Blight_459.jpg,Early_Blight_459.jpg,.jpg,8438,256,256,Early_Blight,False,9e77a5bd5333d728894033fc043fb23ded8ef13c22860abc1a18048ee4fd3b3e,afdeb0a892d193c2,
potato_pld,Training/Early_Blight/Early_Blight_213.jpg,Early_Blight_213.jpg,.jpg,10052,256,256,Early_Blight,False,936044c483b081c2c2f510b05f0b853389042698734aa74de491de1ea70ed48b,ffe0b027c216c2ba,
potato_pld,Training/Early_Blight/Early_Blight_200.jpg,Early_Blight_200.jpg,.jpg,10775,256,256,Early_Blight,False,bf90d1346c89d83192984363cb7b991ce6f1e9f9f17c1e83148cacb775fa57d5,fea0b057d08ac35d,
potato_pld,Training/Early_Blight/Early_Blight_1235.jpg,Early_Blight_1235.jpg,.jpg,9801,256,256,Early_Blight,False,62cca4274877cc59c404b67631c4b9c2b7fe4d9cb8fc5d9b580acd0c4aa840a1,bf87b456d04ac169,
potato_pld,Training/Early_Blight/Early_Blight_1008.jpg,Early_Blight_1008.jpg,.jpg,9629,256,256,Early_Blight,False,88d8fdd81667b27259f56120e7d94826a519849f5a150de632605144d7bd4911,afbbe4f2c48086c3,
potato_pld,Training/Early_Blight/Early_Blight_591.jpg,Early_Blight_591.jpg,.jpg,11133,256,256,Early_Blight,False,0a999760f15f48e96f500a670159a69609fba207b10cb0b5e0bc6ce5af938e09,af92e55ac46a0e2d,
potato_pld,Training/Early_Blight/Early_Blight_434.jpg,Early_Blight_434.jpg,.jpg,7271,256,256,Early_Blight,False,381f205596ded83041b5ff04fbae78b4b93e955a94b3bab43ee711be4fbb355d,eabea1f085c096c7,
potato_pld,Training/Early_Blight/Early_Blight_281.jpg,Early_Blight_281.jpg,.jpg,9561,256,256,Early_Blight,False,59847090e92d3ee9d465e09d98c2693043565012559b440b4b3537385a90a38c,ff84b4dfd008c2c5,
potato_pld,Training/Early_Blight/Early_Blight_371.jpg,Early_Blight_371.jpg,.jpg,10301,256,256,Early_Blight,False,f8cd3226aaa627b58b14d3a80bc777aa8b4232b22a52028fce5a5cb5242a556d,fac2a00f85fd968c,
potato_pld,Training/Early_Blight/Early_Blight_1301.jpg,Early_Blight_1301.jpg,.jpg,8128,256,256,Early_Blight,False,f39608d1758248b3ed9157f9e99a06dfdac6553869fbceadc02498e1d0ad2977,bfe4a0c6940eda2d,
potato_pld,Training/Early_Blight/Early_Blight_804.jpg,Early_Blight_804.jpg,.jpg,7490,256,256,Early_Blight,False,7f6ab0287a538f3da3163e9a7618cdb23d7ac1f52ecc1b07e46ec19a274756de,afe4a407961ed878,
potato_pld,Training/Early_Blight/Early_Blight_225.jpg,Early_Blight_225.jpg,.jpg,10514,256,256,Early_Blight,False,d4c1d8acce1cca5b4fe623196cc500fdf59c1be833068d6d6b7dd4f7bce15633,fadaf0a882858797,
potato_pld,Training/Early_Blight/Early_Blight_645.jpg,Early_Blight_645.jpg,.jpg,8692,256,256,Early_Blight,False,a3327f9583336706e623303194cd134d192f410cb3b639499aa683bd7c0eb590,fab4a152830ad7ab,
potato_pld,Training/Early_Blight/Early_Blight_121.jpg,Early_Blight_121.jpg,.jpg,9679,256,256,Early_Blight,False,cec05c56751bb26df77622ed16c891c856920046854f4aebe459723dd8988b5e,fa3d95709a4bb0c8,
potato_pld,Training/Early_Blight/Early_Blight_1250.jpg,Early_Blight_1250.jpg,.jpg,12356,256,256,Early_Blight,False,992c1073cbd505ecb95e4ecc1606c5772489c62eb5168e1d6cff65ba65b0a00a,bfc3f40ad04dc2aa,
potato_pld,Training/Early_Blight/Early_Blight_241.jpg,Early_Blight_241.jpg,.jpg,8345,256,256,Early_Blight,False,1b20fafd62b3061863087707cf7d8c1e3ade457f79f0b33f5ef293f73472ae30,fe9be0f884e1ca84,
potato_pld,Training/Early_Blight/Early_Blight_196.jpg,Early_Blight_196.jpg,.jpg,9087,256,256,Early_Blight,False,f260a05d0a7a9a9731adeb786d35601e8a8f79c4b1c843a029c35b5f3240ab80,eb31f112c14bcd2d,
potato_pld,Training/Early_Blight/Early_Blight_50.jpg,Early_Blight_50.jpg,.jpg,9233,256,256,Early_Blight,False,4b21e902817310871220c1d2dd3e067daabe6b8ca308ab17f3f2689015b5eed8,bbcab0ae81a58f94,
potato_pld,Training/Early_Blight/Early_Blight_778.jpg,Early_Blight_778.jpg,.jpg,10773,256,256,Early_Blight,False,cce9c4db4eb56f858799500ee2e1c7344a39cc635bad8b4b8fecd79fffb66a7d,af8ba0b895f0d6c1,
potato_pld,Training/Early_Blight/Early_Blight_734.jpg,Early_Blight_734.jpg,.jpg,9043,256,256,Early_Blight,False,b5daa8f5682b049a04b5a16cb16316ddc7f9769a1dfb9d6e82a094e6431583f1,fe4ab0ad8384d336,
potato_pld,Training/Early_Blight/Early_Blight_534.jpg,Early_Blight_534.jpg,.jpg,6325,256,256,Early_Blight,False,8eacc8d8504a8acc42a11d627f5c3c4cbfcf15d460332c2b591c4934f078e9c8,aad3a1d1d7cb0a29,
potato_pld,Training/Early_Blight/Early_Blight_203.jpg,Early_Blight_203.jpg,.jpg,9519,256,256,Early_Blight,False,6f11cf3fca8293343b25b0c572e610f386c5ff00e018c6449edd87dde3452ea1,aa9ce5f8848196cf,
potato_pld,Training/Early_Blight/Early_Blight_953.jpg,Early_Blight_953.jpg,.jpg,9979,256,256,Early_Blight,False,167a5205bffded8cad51df39d18102345a1118f153b7e2d94e27e7262cefa6a8,aa03b47f90a1db17,
potato_pld,Training/Early_Blight/Early_Blight_986.jpg,Early_Blight_986.jpg,.jpg,10562,256,256,Early_Blight,False,81022a214baf42c760aaf2ad567af582f304acede2e3b2a38081b5c5b9900b85,eadae5a9868194c7,
potato_pld,Training/Early_Blight/Early_Blight_139.jpg,Early_Blight_139.jpg,.jpg,11557,256,256,Early_Blight,False,3c6c024605b1377a119da3c5799fea6609111f413412811f36902462b9e66778,fb1ae4e8c4c18e87,
potato_pld,Training/Early_Blight/Early_Blight_758.jpg,Early_Blight_758.jpg,.jpg,9677,256,256,Early_Blight,False,1e2b834a510977287d25364acfeeeb0b347b9eb1e7d468a201781092e9657c25,eb89e0dd8588979c,
potato_pld,Training/Early_Blight/Early_Blight_916.jpg,Early_Blight_916.jpg,.jpg,10313,256,256,Early_Blight,False,3430bb1152409644f2a9730a3833a08c1e94a4db4c6f727d8ea34e3347866962,bff0f100d20bc31f,
potato_pld,Training/Early_Blight/Early_Blight_861.jpg,Early_Blight_861.jpg,.jpg,9253,256,256,Early_Blight,False,29a063dc204fda596a3c2a09272f0c8613983321c3ffdc33ec76eec54c2bb0d4,ab99e056866a9e69,
potato_pld,Training/Early_Blight/Early_Blight_1094.jpg,Early_Blight_1094.jpg,.jpg,9612,256,256,Early_Blight,False,645c37624dc1c5d1afb2a74dafc228386c3eae161b45da08b23e9ea0f1260160,ffbdf050c0a8c781,
potato_pld,Training/Early_Blight/Early_Blight_171.jpg,Early_Blight_171.jpg,.jpg,9640,256,256,Early_Blight,False,91a21ea1deeb37ec2cda1246ff58ddbb78f029af2cc96cf53255b73deb43fbff,bf50b0abd0d5c2ca,
potato_pld,Training/Early_Blight/Early_Blight_443.jpg,Early_Blight_443.jpg,.jpg,6272,256,256,Early_Blight,False,5ef1c2f41a379fbf63a15f9e6a3686c419bd3020f61ac51d9b7df456d054fcba,ea96e5fc84c094c7,
potato_pld,Training/Early_Blight/Early_Blight_318.jpg,Early_Blight_318.jpg,.jpg,9215,256,256,Early_Blight,False,1ea3616528a1663c9a708c6ce54717d2daebd4f1e9cc9317fa818ab649acda81,be60b4a1d287c3d6,
potato_pld,Training/Early_Blight/Early_Blight_1256.jpg,Early_Blight_1256.jpg,.jpg,12540,256,256,Early_Blight,False,ac219594e5128fdf57b204a2cf4691caf9b8eb35e7da1fdd96a8ec7c9bb86186,bf68b5a5d057c882,
potato_pld,Training/Early_Blight/Early_Blight_417.jpg,Early_Blight_417.jpg,.jpg,6571,256,256,Early_Blight,False,c42d2ffe6922dcfd60e070b6fcfd4592f6df547a02abe6cacb7209aac8242d71,fe91a15ac70b8a2d,
potato_pld,Training/Early_Blight/Early_Blight_793.jpg,Early_Blight_793.jpg,.jpg,9446,256,256,Early_Blight,False,865fea46693e2bac83870961183552db6fa6234798c0dd6bfa9bf0df8d54a168,ba60a18f973d88bc,
potato_pld,Training/Early_Blight/Early_Blight_1056.jpg,Early_Blight_1056.jpg,.jpg,12084,256,256,Early_Blight,False,2eb3140d0453ca3e39636d372c281a9353dfe9303abb03841bccbe03d1a470fb,fef0e102c7ed0698,
potato_pld,Training/Early_Blight/Early_Blight_5.jpg,Early_Blight_5.jpg,.jpg,10181,256,256,Early_Blight,False,501bbe94ed923f5a01f707e2c495de2a60ace30a19912aed6328d6fc95723007,efe5e10f851e9038,
potato_pld,Training/Early_Blight/Early_Blight_769.jpg,Early_Blight_769.jpg,.jpg,10482,256,256,Early_Blight,False,d52870923bc624c32fce3f4377c9bf78db1aad0fb8d47d3b372a65887513696b,ff65e0aac009c78d,
potato_pld,Training/Early_Blight/Early_Blight_683.jpg,Early_Blight_683.jpg,.jpg,10818,256,256,Early_Blight,False,9493ecd16c5d7c04ba2515af51647990f7d583ff10f1fd182bbc342869d90631,bef09021c3a5cf96,
potato_pld,Training/Early_Blight/Early_Blight_631.jpg,Early_Blight_631.jpg,.jpg,9633,256,256,Early_Blight,False,a3b12262aa8e00914efbe102e09881ce88cd5e846760b54dff7fce1490e9160d,ee96a0d2876b1f21,
potato_pld,Training/Early_Blight/Early_Blight_1069.jpg,Early_Blight_1069.jpg,.jpg,11441,256,256,Early_Blight,False,6f72d0a5d8d1323dcefc5188cae11ee27bab0d3e4531417459f6f93655704857,aacaf1edd4e48a84,
potato_pld,Training/Early_Blight/Early_Blight_1001.jpg,Early_Blight_1001.jpg,.jpg,10950,256,256,Early_Blight,False,a8a6bccee4873f4f78d6a16e4b2b9f152d3050ae6516e4a050acb3eb01d5e6e3,abe6f496d20b8a58,
potato_pld,Training/Early_Blight/Early_Blight_1070.jpg,Early_Blight_1070.jpg,.jpg,10110,256,256,Early_Blight,False,11773909fae349d4549c196b1ce40539cbb7d48aaf786794ce25f8db1bfb03d8,eae2e50787be9610,
potato_pld,Training/Early_Blight/Early_Blight_115.jpg,Early_Blight_115.jpg,.jpg,11249,256,256,Early_Blight,False,578b84e41bf0fdf17a352194b57f36ec568b211e55e981a46cc640710d1ebbab,ab8de1ccc5ca96c1,
potato_pld,Training/Early_Blight/Early_Blight_402.jpg,Early_Blight_402.jpg,.jpg,5277,256,256,Early_Blight,False,a2be0f884d7472348b4482ca73b0c429a7e6caed12f83e96e512eeff0e7fd42d,ffa4b078d03bc215,
potato_pld,Training/Early_Blight/Early_Blight_338.jpg,Early_Blight_338.jpg,.jpg,8812,256,256,Early_Blight,False,1e4dabc64191809ca693df49c30dd4bfe7d074063aa8289f3cefb221b9a60593,ae5be4a984858f95,
potato_pld,Training/Early_Blight/Early_Blight_483.jpg,Early_Blight_483.jpg,.jpg,12670,256,256,Early_Blight,False,68b006a8bf2ce878bde5524ffd344019d818d2c6571fdcf41c6fccebf9bf1859,aaa4bd55d43ad039,
potato_pld,Training/Early_Blight/Early_Blight_741.jpg,Early_Blight_741.jpg,.jpg,10462,256,256,Early_Blight,False,3c1faf0cf8169237107295cf221bafcb48a390e7814fb1d6c9e2094e3d2b1ee2,fac1a19f85bc9c18,
potato_pld,Training/Early_Blight/Early_Blight_852.jpg,Early_Blight_852.jpg,.jpg,8938,256,256,Early_Blight,False,b311fa04a40f699c2580a5f1499abfd627a922d6e3951a9381c992c76771a148,af15b4bad2d8c249,
potato_pld,Training/Early_Blight/Early_Blight_633.jpg,Early_Blight_633.jpg,.jpg,8647,256,256,Early_Blight,False,1d919640c7b5ec241e6abf90b7303735f5bb4b6d0f40d9b0bed59173663e4f08,ea97e1f085428c6f,
potato_pld,Training/Early_Blight/Early_Blight_531.jpg,Early_Blight_531.jpg,.jpg,8277,256,256,Early_Blight,False,ff19f7e521b8968cde01c697b0f7c9ae084c3f4a922371a238474a9529eba886,fee0e00f96bc8634,
potato_pld,Training/Early_Blight/Early_Blight_1058.jpg,Early_Blight_1058.jpg,.jpg,8971,256,256,Early_Blight,False,f5f1a7a1ae5e3c374af844b93d43cf3bcf8cc6490dc24770a0b6d402a6a28e23,bbcaf0ad81a5c594,
potato_pld,Training/Early_Blight/Early_Blight_332.jpg,Early_Blight_332.jpg,.jpg,8806,256,256,Early_Blight,False,5ff3608f6b9c353c8543d0544ff89ae9baae0e69b8c7bead4d3321170573a9f1,bf68b4a5d056c9a2,
potato_pld,Training/Early_Blight/Early_Blight_244.jpg,Early_Blight_244.jpg,.jpg,9751,256,256,Early_Blight,False,30421ac683b454a65512cbff6110165dac49c806426ad5c00d6a1359a618ead7,eb60b4afd2778222,
potato_pld,Training/Early_Blight/Early_Blight_704.jpg,Early_Blight_704.jpg,.jpg,8836,256,256,Early_Blight,False,b541c8528cc6e82d9583c7ff3db9789a8d569b4b790423453cd5ba1d69d38736,bfceb0acd1a4c384,
potato_pld,Training/Early_Blight/Early_Blight_291.jpg,Early_Blight_291.jpg,.jpg,9755,256,256,Early_Blight,False,ab95d18c26c851302ec29502fead8bf8ad2b250265c69676ae553dc8d92e58ab,aea5e554c48a86cf,
potato_pld,Training/Early_Blight/Early_Blight_998.jpg,Early_Blight_998.jpg,.jpg,8282,256,256,Early_Blight,False,cf6892f1b6d828688a9a50137b0f16c1743a233d48cdcb8ef078e10da72aa898,bf1bd068cb658d06,
potato_pld,Training/Early_Blight/Early_Blight_235.jpg,Early_Blight_235.jpg,.jpg,9843,256,256,Early_Blight,False,855b294ba2287569b6137c87ecbd4350c92426d34ad91bf6d905a862c471ca3a,ffc2b49bd24cc128,
potato_pld,Training/Early_Blight/Early_Blight_1210.jpg,Early_Blight_1210.jpg,.jpg,9971,256,256,Early_Blight,False,999490b5ec9668f5140e58e924a8d51fbb041c7f37e68914af0afa6d309a0fdd,aeced4bdd37081a0,
potato_pld,Training/Early_Blight/Early_Blight_528.jpg,Early_Blight_528.jpg,.jpg,7357,256,256,Early_Blight,False,73fe4c96f75fe6e70327e3c2b1888ad55c0d7bfa453fc4d668d26b32cfe38eba,aa60e107d53c96fc,
potato_pld,Training/Early_Blight/Early_Blight_415.jpg,Early_Blight_415.jpg,.jpg,6071,256,256,Early_Blight,False,ce6cafa5cbce7bfac74ca2b0c984a794ba381d44ae8605923c106fec2e5ae373,bec2b0839517d29e,
potato_pld,Training/Early_Blight/Early_Blight_1006.jpg,Early_Blight_1006.jpg,.jpg,10179,256,256,Early_Blight,False,10e0862c08b75299108f70c9f64638f3a7164da495300775571474607696163b,abb5f152c16a8f41,
potato_pld,Training/Early_Blight/Early_Blight_536.jpg,Early_Blight_536.jpg,.jpg,7405,256,256,Early_Blight,False,e23afa9985e0e488bda77b543b04cf4752985a13e100f590441c654eb7892d0a,afceb1ecd0a48394,
potato_pld,Training/Early_Blight/Early_Blight_59.jpg,Early_Blight_59.jpg,.jpg,8218,256,256,Early_Blight,False,920c1c011aa14ff2a51bb61b7d09cd551dc72e146c3205d277a492397b0f959c,afa5f45a82d8c3c1,
potato_pld,Training/Early_Blight/Early_Blight_372.jpg,Early_Blight_372.jpg,.jpg,11462,256,256,Early_Blight,False,77044e0853a07db500849bba501931ad0d433b2dc7c89bcef5721f54fbf8c1b4,ae9cf0da90aad25c,
potato_pld,Training/Early_Blight/Early_Blight_333.jpg,Early_Blight_333.jpg,.jpg,8806,256,256,Early_Blight,False,681156b118dd5f5ecb061d22c55c058d4b73f31a458dbaf4f5f4e1373731bf5a,fa51e00a87ff8f80,
potato_pld,Training/Early_Blight/Early_Blight_1072.jpg,Early_Blight_1072.jpg,.jpg,9489,256,256,Early_Blight,False,7bc35332fd97ced771ca51fb6a559a6487bfe2dd96dc453c02308a8ef9d4e9c8,bb9eb1bc91d0d2c0,
potato_pld,Training/Early_Blight/Early_Blight_1294.jpg,Early_Blight_1294.jpg,.jpg,10778,256,256,Early_Blight,False,65f71a18274f3bfbd1c7dbce69130b0c4e7e97c912554ee99d15cc8361ab0202,ab4ada25a926c8bb,
potato_pld,Training/Early_Blight/Early_Blight_264.jpg,Early_Blight_264.jpg,.jpg,9777,256,256,Early_Blight,False,d797f8919a8fbda73976e4d0ccd4dd6139f6c5174ff5fd629bd26feb5934d590,ea9ae0fa85a087c7,
potato_pld,Training/Early_Blight/Early_Blight_1243.jpg,Early_Blight_1243.jpg,.jpg,11344,256,256,Early_Blight,False,d2e3ad147cb29e35f46f65b989146dbce41918f315c27628982378739e3a2569,bfcea16cd5a482a4,
potato_pld,Training/Early_Blight/Early_Blight_504.jpg,Early_Blight_504.jpg,.jpg,7200,256,256,Early_Blight,False,61ff9fec5be6d0af321c9ed0fb986e69319dfd18d774a5b128b3254920422973,ba0eb1fc93b49892,
potato_pld,Training/Early_Blight/Early_Blight_1193.jpg,Early_Blight_1193.jpg,.jpg,11183,256,256,Early_Blight,False,c30d24b068833026885c1983f0f328fa4a01187a6a04d44e6a3a5f6875c9e18c,bec0b5c2975a2c39,
potato_pld,Training/Early_Blight/Early_Blight_472.jpg,Early_Blight_472.jpg,.jpg,7754,256,256,Early_Blight,False,da698b4a92a3ca65e2e7c12b1eb81b16ecc085440566bd67b6e75c3b75172182,eb87e09f811a971a,
potato_pld,Training/Early_Blight/Early_Blight_1217.jpg,Early_Blight_1217.jpg,.jpg,9532,256,256,Early_Blight,False,effaed06cd184179dfc56008a0bc7ea98fbdd04f20cd0ff37bed65c6ee5646db,ab13f4c0c09f839f,
potato_pld,Training/Early_Blight/Early_Blight_1074.jpg,Early_Blight_1074.jpg,.jpg,11722,256,256,Early_Blight,False,88330454ee58b8e8d8960e71f37b5baf8b19e41a79c3504a4eb782e20264b6fc,eac8e0c985a99fa5,
potato_pld,Training/Early_Blight/Early_Blight_73.jpg,Early_Blight_73.jpg,.jpg,8868,256,256,Early_Blight,False,729200a4c038511d8fb0350af261e2386f06add8d42a4778c275b9190b7b40c9,ab9ba5f095a09ac3,
potato_pld,Training/Early_Blight/Early_Blight_784.jpg,Early_Blight_784.jpg,.jpg,12119,256,256,Early_Blight,False,bccf7445195c751b008e05888896e075d0d6e1b7cc639c1d10edc0756aebdfc2,aeceb8ca90afc125,
potato_pld,Training/Early_Blight/Early_Blight_270.jpg,Early_Blight_270.jpg,.jpg,8152,256,256,Early_Blight,False,df07af32f9ba6d46f9513f982d2f1e1180ecd88f0faef3f93dcaa0ef9c0ab2a2,ea5be4b884a196a7,
potato_pld,Training/Early_Blight/Early_Blight_1242.jpg,Early_Blight_1242.jpg,.jpg,10413,256,256,Early_Blight,False,2ccc18693df14b42f21e8c42b7e5b195784adb10cc8ff9d1c578d40d723625fe,beeeb120d0a7c296,
potato_pld,Training/Early_Blight/Early_Blight_408.jpg,Early_Blight_408.jpg,.jpg,6938,256,256,Early_Blight,False,162e64f5c1f84dcbc8a25197a8f6f09a62b26d8cf5323aa2022a9eb60f82a56c,efc0941dda3cc06b,
potato_pld,Training/Early_Blight/Early_Blight_131.jpg,Early_Blight_131.jpg,.jpg,9493,256,256,Early_Blight,False,ffc7192438320bb3ace74eb5e4263e38b49ff839c97d15356efcb5cbcf735adb,aab1b153d20b9b2d,
potato_pld,Training/Early_Blight/Early_Blight_1019.jpg,Early_Blight_1019.jpg,.jpg,9285,256,256,Early_Blight,False,1be3384f6164208c2d277d16a683ef87ab9add816b7278bd0b9582dfa4c2c09b,efc6e0a286549e3a,
potato_pld,Training/Early_Blight/Early_Blight_907.jpg,Early_Blight_907.jpg,.jpg,11452,256,256,Early_Blight,False,c73813a1bec335d28a0af0af26eaaa0ad8dc99e034701910c9f4a1c4cbf74aac,beadf07593508352,
potato_pld,Training/Early_Blight/Early_Blight_1292.jpg,Early_Blight_1292.jpg,.jpg,11920,256,256,Early_Blight,False,86f284542656e3f0fa08912e3bc3c8d08ff08118268eb953ad15d33dd5edf813,baf8b48ed04c8b2e,
potato_pld,Training/Early_Blight/Early_Blight_1245.jpg,Early_Blight_1245.jpg,.jpg,9502,256,256,Early_Blight,False,9f60f587fd4ca1121c773fa82f976ad27446d42211e5ff083d965e9f1f587ffc,aa2ea1f497019ea7,
potato_pld,Training/Early_Blight/Early_Blight_978.jpg,Early_Blight_978.jpg,.jpg,11811,256,256,Early_Blight,False,8d77174cf35312f090520c5b32316abe2b5bbed0fda6a1e55b285d0fc5ad49d4,fac6e08a854d9e9c,
potato_pld,Training/Early_Blight/Early_Blight_385.jpg,Early_Blight_385.jpg,.jpg,9977,256,256,Early_Blight,False,4d5a2d20438f3b85d946fd9db03f736296686ee710f2353471ee2fd033a0092b,fbb0f195815a8768,
potato_pld,Training/Early_Blight/Early_Blight_747.jpg,Early_Blight_747.jpg,.jpg,9400,256,256,Early_Blight,False,ea3cbda085e259a1800d1080bd68118b50b54f9888822afc65b0e0a8fdd24d3e,ea9fa1f0850396e3,
potato_pld,Training/Early_Blight/Early_Blight_301.jpg,Early_Blight_301.jpg,.jpg,11582,256,256,Early_Blight,False,9e25877541e23e8942b33e70f7efd635bd8cf442d5c63583dad3ee261a6e739b,ab5cb581d257c2aa,
potato_pld,Training/Early_Blight/Early_Blight_1147.jpg,Early_Blight_1147.jpg,.jpg,9178,256,256,Early_Blight,False,34266424adf1b66011f389426ca86fdaa7d52c2e6a569ed98ad1dfa21908a242,abe6e5acc2069ab2,
potato_pld,Training/Early_Blight/Early_Blight_280.jpg,Early_Blight_280.jpg,.jpg,9579,256,256,Early_Blight,False,efaa9add4570cee0f494dea40831c12f6f7adc4c6b5591c39ad488b63eb27058,ffb6b402d0e28bc1,
potato_pld,Training/Early_Blight/Early_Blight_781.jpg,Early_Blight_781.jpg,.jpg,10395,256,256,Early_Blight,False,0865fa1e61ef9dd8012103ce1f7fdf2b305a01438053cbdca1b6ee85610c5594,bac2b1a9d195939c,
potato_pld,Training/Early_Blight/Early_Blight_1262.jpg,Early_Blight_1262.jpg,.jpg,12172,256,256,Early_Blight,False,f7a038508b6cf26717d36add3083b5edc7fe4a6e02c76ef1a6a4cb8da75bd2d9,aa1ae57784b09793,
potato_pld,Training/Early_Blight/Early_Blight_427.jpg,Early_Blight_427.jpg,.jpg,6440,256,256,Early_Blight,False,549024c826d2d18b7bb165b717b7de9b1aaa055dc93c49f3f4c0ea9bc5dbdede,eac5e5cd85089e39,
potato_pld,Training/Early_Blight/Early_Blight_1108.jpg,Early_Blight_1108.jpg,.jpg,10419,256,256,Early_Blight,False,187a7f4d1370b6cdede0fe12ecbfd380ed7da25c9803249d8ee98a4a7f123d62,ab95f05a8169876d,
potato_pld,Training/Early_Blight/Early_Blight_851.jpg,Early_Blight_851.jpg,.jpg,10310,256,256,Early_Blight,False,44fa57e464abde6ff9ee34e1aa71733e47e7df66ac8df76c4cfa4a5055c855ef,af72b4a1d255c2aa,
potato_pld,Training/Early_Blight/Early_Blight_162.jpg,Early_Blight_162.jpg,.jpg,8668,256,256,Early_Blight,False,210763fdd80461336179fb8cca5dd8a134a49a32d7012823fa0600efc08ac369,ef83f41182ef9710,
potato_pld,Training/Early_Blight/Early_Blight_1037.jpg,Early_Blight_1037.jpg,.jpg,11595,256,256,Early_Blight,False,c50c890384d3e314c971372b10eb136074b563e2cff12d231ac834a3bd889e09,aa3fe0f085419ec7,
potato_pld,Training/Early_Blight/Early_Blight_382.jpg,Early_Blight_382.jpg,.jpg,9942,256,256,Early_Blight,False,c0d91703dc396af2613951e900fece50ace8caccf7efbcb7d246d73e29663e55,ffd0b183c10fc34a,
potato_pld,Training/Early_Blight/Early_Blight_548.jpg,Early_Blight_548.jpg,.jpg,10098,256,256,Early_Blight,False,85c1b6143641879ca894ee00b76b704b538f5e21edc018976c905fc58adeeea9,ba4ab0a59375d316,
potato_pld,Training/Early_Blight/Early_Blight_587.jpg,Early_Blight_587.jpg,.jpg,8612,256,256,Early_Blight,False,7c54c898fca8b04368d1b6f6d03ef672ffffbead42e8252c54e7db384fc43e1b,bfc1d45b9239d124,
potato_pld,Training/Early_Blight/Early_Blight_1284.jpg,Early_Blight_1284.jpg,.jpg,12450,256,256,Early_Blight,False,66420d60f8f5911751d5bca1ba17f453b3fe5ed331580115ddf0f8a3de9a99a0,bbc2b0859137ca3e,
potato_pld,Training/Early_Blight/Early_Blight_175.jpg,Early_Blight_175.jpg,.jpg,8084,256,256,Early_Blight,False,736fe2c45ba6352d2814e687e2e5642c8408dc6cb1e8a8ffd5137f8226d21b86,aee2a105d6af8a56,
potato_pld,Training/Early_Blight/Early_Blight_959.jpg,Early_Blight_959.jpg,.jpg,11181,256,256,Early_Blight,False,e8b12dcf991e503e33cc5ca3a637518e0e060ab09c1a6b59941e8f4c98ff32be,aea7a474d7e0d2c0,
potato_pld,Training/Early_Blight/Early_Blight_990.jpg,Early_Blight_990.jpg,.jpg,11609,256,256,Early_Blight,False,f00b52effa58e651059686b5115f40fc89f452814e0fa5cb530e24bd041177ec,aa15e53a87b29752,
potato_pld,Training/Early_Blight/Early_Blight_1120.jpg,Early_Blight_1120.jpg,.jpg,9855,256,256,Early_Blight,False,318c7e749160452bcdfd555bf8f14255f8e25e7eb1888d1a317e7b386d0b656d,ea84c5d097039efa,
potato_pld,Training/Early_Blight/Early_Blight_148.jpg,Early_Blight_148.jpg,.jpg,10852,256,256,Early_Blight,False,76be1c82156f82e6ee0c6b54448500d8fd7a0a6acf6c4712f925b1b9e8c73919,bfa8b450d2a9c355,
potato_pld,Training/Early_Blight/Early_Blight_834.jpg,Early_Blight_834.jpg,.jpg,10648,256,256,Early_Blight,False,467f8b87d9e99fd4764801f210b805f95d603857169f3806915edd4a6f01f5eb,af91b4dad0a9c84d,
potato_pld,Training/Early_Blight/Early_Blight_1048.jpg,Early_Blight_1048.jpg,.jpg,9040,256,256,Early_Blight,False,41bb76ad1d1847a8f70da65c68a0f45a022b0a6c74957029c3803cf67b48b3f8,ea96e4f085c29ec3,
potato_pld,Training/Early_Blight/Early_Blight_950.jpg,Early_Blight_950.jpg,.jpg,10194,256,256,Early_Blight,False,c67c6e8831ba736a94e1cf073cc509d160b4285223c0344abb3c4ad8b49be855,aee8b461d4e583a5,
potato_pld,Training/Early_Blight/Early_Blight_207.jpg,Early_Blight_207.jpg,.jpg,7791,256,256,Early_Blight,False,799f38151bd30e351863490c60f1c5c521cafece7d674d10dfe6190c687e14e8,e9c887a59b969a92,
potato_pld,Training/Early_Blight/Early_Blight_1144.jpg,Early_Blight_1144.jpg,.jpg,10623,256,256,Early_Blight,False,2cd3d53b584f7db8b6039b514279a047f3a434b1a52243147a974b2af080076a,beb3d042c7c2cb83,
potato_pld,Training/Early_Blight/Early_Blight_1297.jpg,Early_Blight_1297.jpg,.jpg,8458,256,256,Early_Blight,False,5d7aee222458745d46ff9adbd13ea9d000b8b626e76af0abc4a4d98276192545,ea61e50f867c8639,
potato_pld,Training/Early_Blight/Early_Blight_1222.jpg,Early_Blight_1222.jpg,.jpg,11821,256,256,Early_Blight,False,42030542c2fda62f4b3a2417917e091616543d26c6fc4b47652abc72db9562d3,ffe0a0c0d407d25f,
potato_pld,Training/Early_Blight/Early_Blight_4.jpg,Early_Blight_4.jpg,.jpg,9511,256,256,Early_Blight,False,1cecaea41cf6179c7d9af96b44b9b36ea2b6fe82e935167c38fee955f52d39e4,aae3a507943ed23c,
potato_pld,Training/Early_Blight/Early_Blight_975.jpg,Early_Blight_975.jpg,.jpg,9607,256,256,Early_Blight,False,8043e90a71d5f281ec64dbde46f2375d958a9d65833c5130c8b44a5c2a41d302,eacca1ec97b41a32,
potato_pld,Training/Early_Blight/Early_Blight_881.jpg,Early_Blight_881.jpg,.jpg,12387,256,256,Early_Blight,False,a9014ef16bafc6a46de342989336a48e936070e3fb02ba683f9b32c063c81e73,bfcab0ae90b5c194,
potato_pld,Training/Early_Blight/Early_Blight_74.jpg,Early_Blight_74.jpg,.jpg,8836,256,256,Early_Blight,False,07b3b51567463b1c7624dde4c5ba9dcc98a7eddea7884c35bb8fb5a5d31f8f2c,bbe5e1059d1e9078,
potato_pld,Training/Early_Blight/Early_Blight_293.jpg,Early_Blight_293.jpg,.jpg,7423,256,256,Early_Blight,False,4826a9c359ecce8f50abd9f681496bb62a704773f31efe373099de0fb99db6aa,ebe8c58d879d18d0,
potato_pld,Training/Early_Blight/Early_Blight_414.jpg,Early_Blight_414.jpg,.jpg,7422,256,256,Early_Blight,False,40cf1d6bb055c525a669c852fbd22984f63762f992e9b589219cf02f8cc37fc9,bfcab4edd094c092,
potato_pld,Training/Early_Blight/Early_Blight_951.jpg,Early_Blight_951.jpg,.jpg,10525,256,256,Early_Blight,False,44f1dd3b4222b752d4e8129bc0446bd20aa563aaa847217a7f7826bb0a7ce27b,aaccb5a6d2b68a92,
potato_pld,Training/Early_Blight/Early_Blight_705.jpg,Early_Blight_705.jpg,.jpg,10587,256,256,Early_Blight,False,ec3e4984a0e7ae197d684a4c92d06063ae336b8b75c913e580bd485434e86e09,eacfe0aa81a58f94,
potato_pld,Training/Early_Blight/Early_Blight_619.jpg,Early_Blight_619.jpg,.jpg,9248,256,256,Early_Blight,False,8257144f005b43ae0243f27f3974e66ca06d6a94f9461cf320bb9de0f11ec191,afb5f052835b8709,
potato_pld,Training/Early_Blight/Early_Blight_298.jpg,Early_Blight_298.jpg,.jpg,7312,256,256,Early_Blight,False,9903bcb64273c7aa4b5725f27bff852466d89dbc4da4250f198914611cb01bd3,baa7b176d1c28a83,
potato_pld,Training/Early_Blight/Early_Blight_106.jpg,Early_Blight_106.jpg,.jpg,9532,256,256,Early_Blight,False,06220d7ca5e37feab92f3c10bf8627852b646f950923a7f1217c149688bd3082,aa49e4b986e59e15,
potato_pld,Training/Early_Blight/Early_Blight_184.jpg,Early_Blight_184.jpg,.jpg,9373,256,256,Early_Blight,False,ca0d1a8cef8c4933bc056057f2307093eb84022a39560ebaa3663e55b1f90a70,bbccb13cd1f48a30,
potato_pld,Training/Early_Blight/Early_Blight_964.jpg,Early_Blight_964.jpg,.jpg,10034,256,256,Early_Blight,False,65911933dadbc1a94a29332e208cc52f26f04658e3bb0aab1cbdcdbba5e2edaf,aa91b153c34acf69,
potato_pld,Training/Early_Blight/Early_Blight_14.jpg,Early_Blight_14.jpg,.jpg,8986,256,256,Early_Blight,False,9b09e47fd07a7bfdd6714b4ed1c63df271d649789561440a9e527dd679c7570f,eac8a41796f59a70,
potato_pld,Training/Early_Blight/Early_Blight_623.jpg,Early_Blight_623.jpg,.jpg,9661,256,256,Early_Blight,False,c6929f819d6af2e54df94f4e8ca6b6e7b126b8021d10b864c0822d2c4a5b13dd,efd8e4c3c40a8a3d,
potato_pld,Training/Early_Blight/Early_Blight_553.jpg,Early_Blight_553.jpg,.jpg,10850,256,256,Early_Blight,False,3e092fe148b702c298a5f009bbc70bc7caa359b3592f909fab5bb594028a1b5a,af5ab4a5d015d196,
potato_pld,Training/Early_Blight/Early_Blight_616.jpg,Early_Blight_616.jpg,.jpg,9206,256,256,Early_Blight,False,0f369b7b831d1abec6d2aa18d33766db2870ac5cd48a71e053de21caa59d5fd0,bf9eb05e8068cd61,
potato_pld,Training/Early_Blight/Early_Blight_388.jpg,Early_Blight_388.jpg,.jpg,10463,256,256,Early_Blight,False,c1e73756af32d0a72f8f4180d1fbc747e7f8b6b20c27d1d0637c72b6e61e5e00,ea4de14a87f99e01,
potato_pld,Training/Early_Blight/Early_Blight_927.jpg,Early_Blight_927.jpg,.jpg,11282,256,256,Early_Blight,False,ed58e150c2f2335758e7c77222cda6fb2e89964ceda9ef226fe58e27a9ff46a3,be4cf4ae82b487b0,
potato_pld,Training/Early_Blight/Early_Blight_729.jpg,Early_Blight_729.jpg,.jpg,9607,256,256,Early_Blight,False,931d56fda4dad25dedb88263c9f2ddff473f2ac54b585994d68c777f0cd95a3c,eab5a5e096c69a8a,
potato_pld,Training/Early_Blight/Early_Blight_666.jpg,Early_Blight_666.jpg,.jpg,9819,256,256,Early_Blight,False,64ecfb7160125e591a48dad818dbf6273c677144c0b1c0b274463ddb4833c850,abb9a0f196834a9e,
potato_pld,Training/Early_Blight/Early_Blight_406.jpg,Early_Blight_406.jpg,.jpg,7539,256,256,Early_Blight,False,919c9e1e19f7f4bfd49e7717976542c83d2ed03a79e215046178632bb2fea7b6,aa43e51e9538d671,
potato_pld,Training/Early_Blight/Early_Blight_621.jpg,Early_Blight_621.jpg,.jpg,9353,256,256,Early_Blight,False,8f0d2d2e86d1f49e71f732e281a78471cdb1ef2068690c594be25fd408fe068f,aff2b4a5d256d00a,
potato_pld,Training/Early_Blight/Early_Blight_598.jpg,Early_Blight_598.jpg,.jpg,10206,256,256,Early_Blight,False,8cbe030195b202e8c8f854befa286b791c4751c7598906fa94dd7eb8982f1bd9,fe27b4d0d29f8288,
potato_pld,Training/Early_Blight/Early_Blight_1043.jpg,Early_Blight_1043.jpg,.jpg,11786,256,256,Early_Blight,False,3d092149fac5fafdcd629eaa735a6f6fe5806ffaf3df02006147bbd580b0990a,aef2e007855e9e4a,
potato_pld,Training/Early_Blight/Early_Blight_302.jpg,Early_Blight_302.jpg,.jpg,11782,256,256,Early_Blight,False,a4d6219a727c23f04b370a92fbc3497aa3328a1413005beb5598af7bff3bdd0f,ba95e57281629f0b,
potato_pld,Training/Early_Blight/Early_Blight_123.jpg,Early_Blight_123.jpg,.jpg,9927,256,256,Early_Blight,False,7b2b09eec9b7f38c630461ebd4d39285529f017592dae189beaa249118a7173e,ea3de0f087c384c7,
potato_pld,Training/Early_Blight/Early_Blight_380.jpg,Early_Blight_380.jpg,.jpg,11296,256,256,Early_Blight,False,6c9451ea3af21749767841fbc32a2cc2dc42a870160399255d03f59655650fdb,afb1e04785be8658,
potato_pld,Training/Early_Blight/Early_Blight_889.jpg,Early_Blight_889.jpg,.jpg,11927,256,256,Early_Blight,False,4df3b8faaebcb3276b7eeecf8e4607642927177bf269f8556496373d53f3ee0b,bab1b150d14bcb69,
potato_pld,Training/Early_Blight/Early_Blight_1130.jpg,Early_Blight_1130.jpg,.jpg,10133,256,256,Early_Blight,False,34b2d553d207bb4bf264e7fdff32931fc8bd62b79668210b180d0830bf9473d1,aacba1dd851a9e31,
potato_pld,Training/Early_Blight/Early_Blight_1054.jpg,Early_Blight_1054.jpg,.jpg,8784,256,256,Early_Blight,False,176c8117006bcedccf78d60029615fbdf68641a2a0928f2b8487822153b567cf,bfe2f0a1c093859b,
potato_pld,Training/Early_Blight/Early_Blight_94.jpg,Early_Blight_94.jpg,.jpg,7753,256,256,Early_Blight,False,c50cf6208fb1017e9cf2b43b6b73902ccd623ec50efe513323b1385d8d38ca1f,bea5b456822ed68c,
potato_pld,Training/Early_Blight/Early_Blight_1124.jpg,Early_Blight_1124.jpg,.jpg,9436,256,256,Early_Blight,False,c3fc90cbf97adf6cc6d58716cf6682ffa874339afaaeebbb6af2b6dc61640279,bee3900fda3c8931,
potato_pld,Training/Early_Blight/Early_Blight_1119.jpg,Early_Blight_1119.jpg,.jpg,10232,256,256,Early_Blight,False,ed84f2cce4c9f9874d9addbb48f8057a90d37b04a6bfc573aaf0c2e3e87109d2,efa1d09682be8f18,
potato_pld,Training/Early_Blight/Early_Blight_1276.jpg,Early_Blight_1276.jpg,.jpg,11623,256,256,Early_Blight,False,9964e588fc31a080805668c00f1857995bb1f45869b9af9b92a5c99c1a8b5f5a,ba1bb17a91d0538b,
potato_pld,Training/Early_Blight/Early_Blight_1083.jpg,Early_Blight_1083.jpg,.jpg,9041,256,256,Early_Blight,False,ed43fc4718f4b2789d4f432e465d17d95d9b3c99d2cc4ffcc064f17f90b33e90,ea96e1d88701967b,
potato_pld,Training/Early_Blight/Early_Blight_605.jpg,Early_Blight_605.jpg,.jpg,9565,256,256,Early_Blight,False,2897324ce03f501e5c3a3f0076d8a40b5c7fd1186dfda4697c25c9203618aae6,bb4eb0ecd084cbd2,
potato_pld,Training/Early_Blight/Early_Blight_1087.jpg,Early_Blight_1087.jpg,.jpg,10251,256,256,Early_Blight,False,502392574f73684eeb055737c61a602c61c088a1a320e829b204ae7139b3a033,eac2e0aa83a59f96,
potato_pld,Training/Early_Blight/Early_Blight_166.jpg,Early_Blight_166.jpg,.jpg,9318,256,256,Early_Blight,False,46fb13d78b7fede3aea78ffa07989db1938ea8342d1235d2a8c728982b533381,aab1b152916a9b6b,
potato_pld,Training/Early_Blight/Early_Blight_297.jpg,Early_Blight_297.jpg,.jpg,7770,256,256,Early_Blight,False,5dcd8a8cec8d374ecdbfda07096cae5881f407201cc9250ad7495a5171b0d890,bf64e43c84e056d3,
potato_pld,Training/Early_Blight/Early_Blight_1278.jpg,Early_Blight_1278.jpg,.jpg,11817,256,256,Early_Blight,False,64e8f8fa81d4a1a0583d72003eed77083f36de69955ab75d2fcc92343f3c4337,bac6b58fd0d4cb20,
potato_pld,Training/Early_Blight/Early_Blight_1270.jpg,Early_Blight_1270.jpg,.jpg,13271,256,256,Early_Blight,False,dba09d7595ae09b0703c6828cfaba6c3a3ce9467373bccd6987cce3856da205e,bfb0e112d53b8253,
potato_pld,Training/Early_Blight/Early_Blight_966.jpg,Early_Blight_966.jpg,.jpg,10729,256,256,Early_Blight,False,6e9808618ca65833599c9f3f36df96ecee16498d05070a506e6f70ca43d7a1cd,aacee0ae83958f92,
potato_pld,Training/Early_Blight/Early_Blight_682.jpg,Early_Blight_682.jpg,.jpg,10974,256,256,Early_Blight,False,ff26dd838f4bbde778ca8bfb9b3b2ea6b0d483aa37209bca67c42ecbdb5aabab,ab83e4f7c5c08627,
potato_pld,Training/Early_Blight/Early_Blight_823.jpg,Early_Blight_823.jpg,.jpg,10934,256,256,Early_Blight,False,21856286a97c478ebbf3307893f332603577e8dea16a2cce198ff30bf1693ac1,bbb9b450d4fa9241,
potato_pld,Training/Early_Blight/Early_Blight_860.jpg,Early_Blight_860.jpg,.jpg,8597,256,256,Early_Blight,False,72c8a00e1bdc799941f3d9007e3b457aa51937f3de025f1cb40b2388e30b6b17,aa9fb5e8d540c269,
potato_pld,Training/Early_Blight/Early_Blight_273.jpg,Early_Blight_273.jpg,.jpg,6817,256,256,Early_Blight,False,e82854f071db8de7336bde37a2522acea0f7aee8915065f2085264852b97b42b,ab4ef4acc2c4c3c6,
potato_pld,Training/Early_Blight/Early_Blight_269.jpg,Early_Blight_269.jpg,.jpg,9607,256,256,Early_Blight,False,fdc71dd75a35e6593c03f940632cb4455813ee159b843fddf2373d12b7f80214,eb2fe0f085809757,
potato_pld,Training/Early_Blight/Early_Blight_915.jpg,Early_Blight_915.jpg,.jpg,11634,256,256,Early_Blight,False,b7729fc7bab693d4f62813e33b52d7c803a3d7d45587279872ea8a4dfe61ef10,fae0a187c5fe841c,
potato_pld,Training/Early_Blight/Early_Blight_903.jpg,Early_Blight_903.jpg,.jpg,12224,256,256,Early_Blight,False,479bea04088553a6f734fa6077e8a26800eee649eb06d1f234f961f6bdf10da6,aed2b143910f9a6d,
potato_pld,Training/Early_Blight/Early_Blight_1015.jpg,Early_Blight_1015.jpg,.jpg,7422,256,256,Early_Blight,False,0880652475031fb3f3d72687a29a9fcdc8ac98f8ae0598934a59810d972c781a,ea9ea1b895d0c6d2,
potato_pld,Training/Early_Blight/Early_Blight_1237.jpg,Early_Blight_1237.jpg,.jpg,11581,256,256,Early_Blight,False,e1d1dd62138901ae3094e10f9ec4e17c8c2d3c70f06405f72d31b0b12a8dfedc,bf91f0d1905ac35a,
potato_pld,Training/Early_Blight/Early_Blight_549.jpg,Early_Blight_549.jpg,.jpg,10003,256,256,Early_Blight,False,d7ef47bed77513b09f493ac657b8f7640dbf5137b493e75df9dace64302e4ae9,babcb052c04fc56d,
potato_pld,Training/Early_Blight/Early_Blight_980.jpg,Early_Blight_980.jpg,.jpg,11142,256,256,Early_Blight,False,aecb1f61bff5a728d2ef3557495964925d1694f8e0d51c789038f6f9a5c58eda,abc0e589951fd23c,
potato_pld,Training/Early_Blight/Early_Blight_465.jpg,Early_Blight_465.jpg,.jpg,7602,256,256,Early_Blight,False,92ac1138ed0690813aa32d282416e529658f2de8ee4ff156ec4592ff7e5277b7,ab8cf4d682a0cf63,
potato_pld,Training/Early_Blight/Early_Blight_482.jpg,Early_Blight_482.jpg,.jpg,14754,256,256,Early_Blight,False,f501714b5e55647a37d7a5780168dade72559c66f78be330fa6c181d77c3c7fb,bff0b012c2bb8b51,
potato_pld,Training/Early_Blight/Early_Blight_706.jpg,Early_Blight_706.jpg,.jpg,10431,256,256,Early_Blight,False,21b14aef2a86adfbabed2a190cf428e2681669b0fc6ad74899fb3d330ce736df,bfe6b421c097c29a,
potato_pld,Training/Early_Blight/Early_Blight_230.jpg,Early_Blight_230.jpg,.jpg,8967,256,256,Early_Blight,False,d840fb29a09d02af0b08224755501cca70323a2501da7f4fc1728d85a9a5406d,fae0a547d2a6ca54,
potato_pld,Training/Early_Blight/Early_Blight_82.jpg,Early_Blight_82.jpg,.jpg,8931,256,256,Early_Blight,False,3dc747fe7f998e23ed0d9fea01f346fcb7ad898dee1d47f7a3d05656f0f73047,ba88f0b9d291cb4b,
potato_pld,Training/Early_Blight/Early_Blight_251.jpg,Early_Blight_251.jpg,.jpg,9187,256,256,Early_Blight,False,67842b3cca2c335f1cd6c51f426241ae50237590b48a48b31c509d28087ef204,ef9ee0e891a58385,
potato_pld,Training/Early_Blight/Early_Blight_854.jpg,Early_Blight_854.jpg,.jpg,10047,256,256,Early_Blight,False,cdb2fc7c7e40c363a00e85f4f873ee879ef868f992d9c49315b12f8c0bcb435a,bf01b556d0aad22d,
potato_pld,Training/Early_Blight/Early_Blight_982.jpg,Early_Blight_982.jpg,.jpg,10971,256,256,Early_Blight,False,40f67d259351cc80714965c9a70c5fd91b4218d35bfdc46af3150066c59141ef,bee0b5f2d042d247,
potato_pld,Training/Early_Blight/Early_Blight_1257.jpg,Early_Blight_1257.jpg,.jpg,10064,256,256,Early_Blight,False,d8584f830f10cba9ae91150850b02fdf007dd251507bebecbd6f08fd1a3499bb,ff9bb434d0c88345,
potato_pld,Training/Early_Blight/Early_Blight_429.jpg,Early_Blight_429.jpg,.jpg,7105,256,256,Early_Blight,False,18cdbc59e47308a31357ad8d416e17c89c5b7aa7859225e2d9ba7089d2cfd34a,eabfe4f084c0d287,
potato_pld,Training/Early_Blight/Early_Blight_801.jpg,Early_Blight_801.jpg,.jpg,8889,256,256,Early_Blight,False,7b9f473968a0410dfb2094a4b928937edba0ae3049e68539b6176846e0d9c3d8,facfa168c5cd8605,
potato_pld,Training/Early_Blight/Early_Blight_321.jpg,Early_Blight_321.jpg,.jpg,8071,256,256,Early_Blight,False,12965d336d66722036782340c27d61e785f2482d87e4f9e1a3020768edce79b4,edf2f00382ff8708,
potato_pld,Training/Early_Blight/Early_Blight_532.jpg,Early_Blight_532.jpg,.jpg,7929,256,256,Early_Blight,False,00acc13f0903af2c47153b3b08a6ea38e21a60c7a45579c4b3ea85b5227d0129,bf4af4edd004c386,
potato_pld,Training/Early_Blight/Early_Blight_474.jpg,Early_Blight_474.jpg,.jpg,13376,256,256,Early_Blight,False,e84f50472bf179eef50e61574f2578734d90d8e556cf74aa86f27930982ea59f,eee1e487941eb05a,
potato_pld,Training/Early_Blight/Early_Blight_626.jpg,Early_Blight_626.jpg,.jpg,9423,256,256,Early_Blight,False,8555bad405923ad76c0fddac43fea7e2d1940b1bb693f26c0f18341d170a1902,fac3b083d097ca36,
potato_pld,Training/Early_Blight/Early_Blight_693.jpg,Early_Blight_693.jpg,.jpg,9623,256,256,Early_Blight,False,8ac82e0d1478cc19352f8498a8e505a2acbc8b6ec61fd5718903aba28d614645,eadba4a887858e87,
potato_pld,Training/Early_Blight/Early_Blight_145.jpg,Early_Blight_145.jpg,.jpg,10633,256,256,Early_Blight,False,96d4fac0eed09727026789b8df281504c4c117d9d49419139b6c3c22d7f991cd,aad8f5e8d4e58644,
potato_pld,Training/Early_Blight/Early_Blight_1114.jpg,Early_Blight_1114.jpg,.jpg,10004,256,256,Early_Blight,False,2c1c8a697c0f65adafabe3d8d668dcddb4400c60beaca19efc8d47627154cb12,afbda4d8c068cba1,
potato_pld,Training/Early_Blight/Early_Blight_767.jpg,Early_Blight_767.jpg,.jpg,9448,256,256,Early_Blight,False,7df759b393e25c67b2a9865472b04621fcea9ddc6993187bbe1f53b0f6d965d9,eaa5e5d4854a9e58,
potato_pld,Training/Early_Blight/Early_Blight_960.jpg,Early_Blight_960.jpg,.jpg,10325,256,256,Early_Blight,False,fb5fb562b4b68c1d71c00c0eb784719717a477d2bf25d78b8b1dfa593c575a9d,b896a192d7daca19,
potato_pld,Training/Early_Blight/Early_Blight_1200.jpg,Early_Blight_1200.jpg,.jpg,8266,256,256,Early_Blight,False,568c61da15a7ccfed9b5a14fd7d2ac7c9043cf1430425365ede0ebee067b9189,afca908dd2144b7e,
potato_pld,Training/Early_Blight/Early_Blight_856.jpg,Early_Blight_856.jpg,.jpg,8982,256,256,Early_Blight,False,2080022c58457318105dccfbbc32c74079a99e1da7d8e1b1b83c1f73d047abab,be30f452822bdde1,
potato_pld,Training/Early_Blight/Early_Blight_604.jpg,Early_Blight_604.jpg,.jpg,8052,256,256,Early_Blight,False,ae6be3857fe09cc044de85f3fe6c6d4590ec4dfc4d212d8ffda56d0dbb7b5102,be9df05ac048c56d,
potato_pld,Training/Early_Blight/Early_Blight_246.jpg,Early_Blight_246.jpg,.jpg,10044,256,256,Early_Blight,False,9a45a2fa203e1c3abe19fc4ace3140960be27d867a561862c1fbce4a78fddd72,eff0b450d2ab8255,
potato_pld,Training/Early_Blight/Early_Blight_1032.jpg,Early_Blight_1032.jpg,.jpg,11329,256,256,Early_Blight,False,dedb82ea88c9bc27a5ce9471888dc2e9526abaebc1e1869be6a9ee9f312554da,aa25e50b834ecf3c,
potato_pld,Training/Early_Blight/Early_Blight_68.jpg,Early_Blight_68.jpg,.jpg,10797,256,256,Early_Blight,False,db4e9fc4784ae4c9db98570949c1040fe407c7b8b3ff3701537e33b2f232b88f,aea5b456860adf38,
potato_pld,Training/Early_Blight/Early_Blight_1014.jpg,Early_Blight_1014.jpg,.jpg,12627,256,256,Early_Blight,False,4b3c7cc9761224f0068a24d1d2e2075eee407a4a94a64ae397bd713256d3432e,ba0fb4fcd25482aa,
potato_pld,Training/Early_Blight/Early_Blight_116.jpg,Early_Blight_116.jpg,.jpg,9783,256,256,Early_Blight,False,654d1edda2efee38127cd39bd7bfeccc86a9a0009c8067977e281a4abea1f2e8,abc9e10d859d9eb0,
potato_pld,Training/Early_Blight/Early_Blight_419.jpg,Early_Blight_419.jpg,.jpg,7729,256,256,Early_Blight,False,aa19baec7eb301b107d8afeb79226d25074d19ad52d9b4656dddd4651192a5de,abc8f0ad82149f9e,
potato_pld,Training/Early_Blight/Early_Blight_48.jpg,Early_Blight_48.jpg,.jpg,8268,256,256,Early_Blight,False,e2ae6d9dccf879236030d63b8ac886c36e7077f1265d84599c2faf92e885f0ec,faa5e085865e9e58,
potato_pld,Training/Early_Blight/Early_Blight_636.jpg,Early_Blight_636.jpg,.jpg,9857,256,256,Early_Blight,False,c921aac643520787bd2735291ce9272735725da695464ef9ee24b91e9070a4e3,af9ea4dad2e08a61,
potato_pld,Training/Early_Blight/Early_Blight_955.jpg,Early_Blight_955.jpg,.jpg,10683,256,256,Early_Blight,False,267db6bd31131a9c2c7c1da427adeb674aa514de3ea9e11918cafc6802bb4e58,afc6e40d853e9638,
potato_pld,Training/Early_Blight/Early_Blight_568.jpg,Early_Blight_568.jpg,.jpg,9546,256,256,Early_Blight,False,ff4e46e89c190fc498e4e08ceac796d5acc3c361d72e2e2803195d07f7e34fdd,bf49a02dc415c6f6,
potato_pld,Training/Early_Blight/Early_Blight_72.jpg,Early_Blight_72.jpg,.jpg,9066,256,256,Early_Blight,False,913e6d3967b4a329ff66a6e73171a659a541bb8d9ca95b42d1f3cba60f3f3d66,be99e0f985f086c1,
potato_pld,Training/Early_Blight/Early_Blight_158.jpg,Early_Blight_158.jpg,.jpg,9294,256,256,Early_Blight,False,46ee34b162daca1e4bd0858e3c756a2c977c4bf57820dcdc5cd241d01d7d58e6,ee1ba47895e190c7,
potato_pld,Training/Early_Blight/Early_Blight_142.jpg,Early_Blight_142.jpg,.jpg,10351,256,256,Early_Blight,False,7502876ab5080ee7db4905acc8736310c3595a6c7b0efd6ba295fac155e21601,e878a5aa8651de8b,
potato_pld,Training/Early_Blight/Early_Blight_569.jpg,Early_Blight_569.jpg,.jpg,8469,256,256,Early_Blight,False,23231edc99ec87c866a044c816fe44d927db3284b28476ccd2dc71997c1302b6,bf6ad024e927c417,
potato_pld,Training/Early_Blight/Early_Blight_987.jpg,Early_Blight_987.jpg,.jpg,10244,256,256,Early_Blight,False,fc27a67f208a7b9c063a07066b30959469b06a5e0438a854cf58a6b1a4bd355d,bab1b1d0d14acb4d,
potato_pld,Training/Early_Blight/Early_Blight_564.jpg,Early_Blight_564.jpg,.jpg,10021,256,256,Early_Blight,False,5228f3baba1714982d51581ee4721c91008f795a44e88ef0d3d363f336176043,bb99f510c2cb8369,
potato_pld,Training/Early_Blight/Early_Blight_256.jpg,Early_Blight_256.jpg,.jpg,11814,256,256,Early_Blight,False,826e81bbbb4dadecb4a7499fb21be2a7e0a22ff4b4d2532712114967622cbdf2,ef9be0b084c19e47,
potato_pld,Training/Early_Blight/Early_Blight_1230.jpg,Early_Blight_1230.jpg,.jpg,11505,256,256,Early_Blight,False,669ba574a2387cf6d2dd3ad373dde3df70cf56c9c116df822007269dbe78eac8,aacbe0ebc43987a1,
potato_pld,Training/Early_Blight/Early_Blight_743.jpg,Early_Blight_743.jpg,.jpg,10437,256,256,Early_Blight,False,28a1d23183fc2fbf6dd0f1b215e423c4f9d26e494bb654a2b15569098bd9cf72,bab1b193c31acf09,
potato_pld,Training/Early_Blight/Early_Blight_10.jpg,Early_Blight_10.jpg,.jpg,8881,256,256,Early_Blight,False,0f7a006384d09857892286586d8feae80675606138cc109cad72bf17f8f9f07d,bb48b1a5d194cbd2,
potato_pld,Training/Early_Blight/Early_Blight_610.jpg,Early_Blight_610.jpg,.jpg,9585,256,256,Early_Blight,False,b80a138b629da7e828b7f1278e858320e4881d4c29c87ae8e44b95095442e4ad,aec2e00f87bd9634,
potato_pld,Training/Early_Blight/Early_Blight_785.jpg,Early_Blight_785.jpg,.jpg,11008,256,256,Early_Blight,False,91138d537d19f24fe25457d3748d827ef823c5fdac70a188d41a02002d9c86d3,aae6b5a7c095c592,
potato_pld,Training/Early_Blight/Early_Blight_127.jpg,Early_Blight_127.jpg,.jpg,10960,256,256,Early_Blight,False,daea343c9a4b06631ecfad2717cb04a39760938f8638a4e6591d665aa7759d17,ab15f57e92688269,
potato_pld,Training/Early_Blight/Early_Blight_939.jpg,Early_Blight_939.jpg,.jpg,11638,256,256,Early_Blight,False,602d25fb15fb40e773c86a9158cf3cc5a966c4e1f6485fd9a7dd68a11c0e2bdc,eac2e00a87ad9f99,
potato_pld,Training/Early_Blight/Early_Blight_480.jpg,Early_Blight_480.jpg,.jpg,15779,256,256,Early_Blight,False,a10782905163b301de2b16c246514b4579891e9b7db97e6aeb7e3c53f8406260,abf0f417850286df,
potato_pld,Training/Early_Blight/Early_Blight_877.jpg,Early_Blight_877.jpg,.jpg,7920,256,256,Early_Blight,False,aa892dd6b0a27c1763229cfd8132d97f42b3a6c06c06f0cda5ba67db01d6bd0d,bf16b45ed02aca45,
potato_pld,Training/Early_Blight/Early_Blight_317.jpg,Early_Blight_317.jpg,.jpg,9284,256,256,Early_Blight,False,8c1a077366a4c143d6b30de15e7522886b571f5489c5ad1db27df3d22e72e1cc,aac1e10e87ff960c,
potato_pld,Training/Early_Blight/Early_Blight_897.jpg,Early_Blight_897.jpg,.jpg,11347,256,256,Early_Blight,False,e5cb335ae8c7d9f03e11ad4eff34e792fde98ee12cf38e66cb2da38f0f34c2ec,fae0e187875696c8,
potato_pld,Training/Early_Blight/Early_Blight_103.jpg,Early_Blight_103.jpg,.jpg,7993,256,256,Early_Blight,False,2e14e9518aa8b071e1ed6665b1453eb81750d3294c09a7429e56728ba47184a5,aae8b5a9c095c796,
potato_pld,Training/Early_Blight/Early_Blight_931.jpg,Early_Blight_931.jpg,.jpg,11195,256,256,Early_Blight,False,9fa763db7d0896e8e6c5ae346f45a030a1b381cc11916a7585f5b63d3fdcb60f,ae9fa4b894c0dac3,
potato_pld,Training/Early_Blight/Early_Blight_32.jpg,Early_Blight_32.jpg,.jpg,7247,256,256,Early_Blight,False,353419f613a4888fb7a678a194e14a8f96ac266681f4db41d9ae4651d2fc2f73,aee0a4afc2950eda,
potato_pld,Training/Early_Blight/Early_Blight_864.jpg,Early_Blight_864.jpg,.jpg,9613,256,256,Early_Blight,False,13856ed23972d7948681b53a86a4c37a2213d12dc19e168808bfce271d971346,ab0ab5afd054d2b4,
potato_pld,Training/Early_Blight/Early_Blight_1152.jpg,Early_Blight_1152.jpg,.jpg,10042,256,256,Early_Blight,False,a8d0607aeb4c80623369c8fbbe36f7c57be53950e5a4707c5c648b04c3500474,e85285ac9615def2,
potato_pld,Training/Early_Blight/Early_Blight_737.jpg,Early_Blight_737.jpg,.jpg,12305,256,256,Early_Blight,False,d08d46d6edc2adfb6150b4525009a7140c532ffbcd99e591d1e4dd9970e513f4,ffeab125d0258326,
potato_pld,Training/Early_Blight/Early_Blight_122.jpg,Early_Blight_122.jpg,.jpg,9348,256,256,Early_Blight,False,266e352f2f7e761ae0815306e89c1c87d2f9eef38bc021d49f63496bf722af06,bf4ab0add0f4c096,
potato_pld,Training/Early_Blight/Early_Blight_813.jpg,Early_Blight_813.jpg,.jpg,6970,256,256,Early_Blight,False,cacc8b9cf95b9dd3a99ebdaa5cde5494acce811ed5e0d8e86e4a81127be5f684,eb4fa1e897059a38,
potato_pld,Training/Early_Blight/Early_Blight_471.jpg,Early_Blight_471.jpg,.jpg,7777,256,256,Early_Blight,False,f4f593a2f697f5732acbb058b09113944fa5198d39ab49344613bc9ec385ac75,bf2da47dd420c235,
potato_pld,Training/Early_Blight/Early_Blight_617.jpg,Early_Blight_617.jpg,.jpg,8861,256,256,Early_Blight,False,e5131e7138287e99afe3bda5699a02297a3f0371e22055c5bb56a43d2ce12f2c,beb0a41fd54a864b,
potato_pld,Training/Early_Blight/Early_Blight_803.jpg,Early_Blight_803.jpg,.jpg,9499,256,256,Early_Blight,False,ca5b66304fa3d2b2b289ca4742f1bebd17612bf6a1a79e550ce3ef496edd3d90,eae4e406955e9678,
potato_pld,Training/Early_Blight/Early_Blight_198.jpg,Early_Blight_198.jpg,.jpg,10491,256,256,Early_Blight,False,003122870f7a1869c52a35ec97c8d3a33353ebf5db882a4ca174f4c92c587818,efffb500d012c81b,
potato_pld,Training/Early_Blight/Early_Blight_478.jpg,Early_Blight_478.jpg,.jpg,12411,256,256,Early_Blight,False,b9f0d04d36583b575b804dabe2d52649a8736bbed740c9e5a296956216acba38,aec9e04f855c9e38,
potato_pld,Training/Early_Blight/Early_Blight_1296.jpg,Early_Blight_1296.jpg,.jpg,8326,256,256,Early_Blight,False,93b2d7bf8d75faac9dd4fbe6fdcbff498d1f1614f293f339545746e584bf2bd7,eac3e047859f9718,
potato_pld,Training/Early_Blight/Early_Blight_586.jpg,Early_Blight_586.jpg,.jpg,9262,256,256,Early_Blight,False,a259a108f6f808703b9cb6fb2a1064b1a5471590e8fdfe003965711fb287675b,ea0e85e8968d9e1d,
potato_pld,Training/Early_Blight/Early_Blight_361.jpg,Early_Blight_361.jpg,.jpg,7965,256,256,Early_Blight,False,068ceab042acc855d57f05a8f157f49d94a02c2d9e8d2894a372dde8f8924ca2,ead4e1aa878d9654,
potato_pld,Training/Early_Blight/Early_Blight_33.jpg,Early_Blight_33.jpg,.jpg,7827,256,256,Early_Blight,False,a1904b3d9c178c95dc412f7a1be02b4cfce2b91bdfdbb617f84dbbe0b7adc6c0,aae0b52392978bda,
potato_pld,Training/Early_Blight/Early_Blight_1226.jpg,Early_Blight_1226.jpg,.jpg,9187,256,256,Early_Blight,False,c20981bb918c71b0911ea9871746821c5685471db955bdc6211b52ed8805e8c7,fea0b057d28b825d,
potato_pld,Training/Early_Blight/Early_Blight_1007.jpg,Early_Blight_1007.jpg,.jpg,11617,256,256,Early_Blight,False,7f138e56ea98822b47d5db1a59b12f60928648189ac10c799efb6477052255c7,aba9e5dcd5a0c285,
potato_pld,Training/Early_Blight/Early_Blight_1302.jpg,Early_Blight_1302.jpg,.jpg,9148,256,256,Early_Blight,False,cb904028b775abb6303b9f5a0859019e58337587657e0c92176ac575fbc0af2a,eaeca588858f969c,
potato_pld,Training/Early_Blight/Early_Blight_740.jpg,Early_Blight_740.jpg,.jpg,9346,256,256,Early_Blight,False,6d2b584c6d47157d575989695695c5a99cbd221751dcdb4df776ff1de11de0b1,abe2b447d20eca3c,
potato_pld,Training/Early_Blight/Early_Blight_691.jpg,Early_Blight_691.jpg,.jpg,10936,256,256,Early_Blight,False,ef5ee1f8c76bff10ea3f6b55cd84270cf80940b9eacec473da7c5e736718d300,aa97a1f8d941886f,
potato_pld,Training/Early_Blight/Early_Blight_1025.jpg,Early_Blight_1025.jpg,.jpg,10376,256,256,Early_Blight,False,ceffc50f1e65f5e035f4f9c585817b03024d979751fa6ca5a20423c462d8eb5c,bfceb4a4d054d0aa,
potato_pld,Training/Early_Blight/Early_Blight_144.jpg,Early_Blight_144.jpg,.jpg,10047,256,256,Early_Blight,False,c62df353980a67893d8a27200098933f51681526a99e3058ded1c4170a350028,ea87f0bed0f88251,
potato_pld,Training/Early_Blight/Early_Blight_421.jpg,Early_Blight_421.jpg,.jpg,6724,256,256,Early_Blight,False,102823c93d47d9f3e1ea798b9f58af176ba6b8f0187f59cf47fe6fa901401706,aae2e50795be9438,
potato_pld,Training/Early_Blight/Early_Blight_282.jpg,Early_Blight_282.jpg,.jpg,9252,256,256,Early_Blight,False,a559e8fe6a2d1783b072ef83d0aa1aa0ae1deec4bd21cffd8de9aa3e06f9346a,bef0b442970bda0d,
potato_pld,Training/Early_Blight/Early_Blight_817.jpg,Early_Blight_817.jpg,.jpg,11173,256,256,Early_Blight,False,4a97a46a26180420273c8f1bfd80fc4e2d12c28b3151dca60537b76993968c2a,beb1b052c04bcb6d,
potato_pld,Training/Early_Blight/Early_Blight_1092.jpg,Early_Blight_1092.jpg,.jpg,9588,256,256,Early_Blight,False,ae5acf7a6cb815348aec029a220b02f764eade10451fc7153fbf84899e3d0c07,ebeda08d850d963c,
potato_pld,Training/Early_Blight/Early_Blight_1263.jpg,Early_Blight_1263.jpg,.jpg,10123,256,256,Early_Blight,False,3c4c7f366d68f2718c42d4a0632cf39a9c95fba81230ab2c4326117fad906372,feb5a0d2954ac2c9,
potato_pld,Training/Early_Blight/Early_Blight_1103.jpg,Early_Blight_1103.jpg,.jpg,10451,256,256,Early_Blight,False,8f032b538372814055ad925034511deebab86069f55e262235b4efff4d5d3b55,faa8b055904ad3eb,
potato_pld,Training/Early_Blight/Early_Blight_797.jpg,Early_Blight_797.jpg,.jpg,8523,256,256,Early_Blight,False,e75c0a4972a0a1d312209794376a91181159951c34a23e8621a20778f693ce57,bd6ff0a490f2c0d2,
potato_pld,Training/Early_Blight/Early_Blight_187.jpg,Early_Blight_187.jpg,.jpg,10456,256,256,Early_Blight,False,c84fdf4a88cf90c6ef86c45de3b6929753eb30fa75e1092cd21e23d4822ea5be,fee0e183869f9702,
potato_pld,Training/Early_Blight/Early_Blight_689.jpg,Early_Blight_689.jpg,.jpg,9972,256,256,Early_Blight,False,716ee616c70c850f392a6b471cbe1f6ff52a7bbb3d9d00e79bdb42e6acfbeb5a,ab6ad0a5c19b07cd,
potato_pld,Training/Early_Blight/Early_Blight_1246.jpg,Early_Blight_1246.jpg,.jpg,8782,256,256,Early_Blight,False,675e9257d88abce647c7729e58daa297e7269a07fe104910c7a247f2a9ad4064,bb86b152c36b8b25,
potato_pld,Training/Early_Blight/Early_Blight_1053.jpg,Early_Blight_1053.jpg,.jpg,10947,256,256,Early_Blight,False,ca5da6e44f5146e904f88edfc6c880809f7a25ba07bbfa1c6f9f08ec2683e33d,f8b0e0958752d66b,
potato_pld,Training/Early_Blight/Early_Blight_658.jpg,Early_Blight_658.jpg,.jpg,9098,256,256,Early_Blight,False,a82fbb1991c11565b78c54e8e4f820be6ca01cc71a0bf69941c640fa53cd91eb,f613b0b9c300cbf3,
potato_pld,Training/Early_Blight/Early_Blight_209.jpg,Early_Blight_209.jpg,.jpg,9327,256,256,Early_Blight,False,fb082cc39cba8b2700720f6e5c52e5435a094eb44b4668568f5797f55be3efdf,ffa4b452d0eac245,
potato_pld,Training/Early_Blight/Early_Blight_891.jpg,Early_Blight_891.jpg,.jpg,10429,256,256,Early_Blight,False,b1437ea0b45b199f3ed3006058c0b5576d1b51e9eea0361e746a0e193d3e156a,fa97b5fa9020c22b,
potato_pld,Training/Early_Blight/Early_Blight_93.jpg,Early_Blight_93.jpg,.jpg,7889,256,256,Early_Blight,False,deb405d642f0316a30b58906f0dd0f913df2638763dbeb66e9212b272cac1a39,ea1ee1f885a194c7,
potato_pld,Training/Early_Blight/Early_Blight_178.jpg,Early_Blight_178.jpg,.jpg,8122,256,256,Early_Blight,False,6fd51fe907ceeb003405013998b015c47a7d486fa040fb7c5ded167d39a598a7,ea3ce5f4860296cb,
potato_pld,Training/Early_Blight/Early_Blight_989.jpg,Early_Blight_989.jpg,.jpg,9239,256,256,Early_Blight,False,730214dcc7528906389507593bd8561673ae6d4eab08ea1c52c30c99cdd247a3,af0fb43dd2548b22,
potato_pld,Training/Early_Blight/Early_Blight_45.jpg,Early_Blight_45.jpg,.jpg,10082,256,256,Early_Blight,False,2b58160689fde608db23e6e815c5d4881915faa653243cf10c691e0ab280a83f,efe4a404d417da9a,
potato_pld,Training/Early_Blight/Early_Blight_135.jpg,Early_Blight_135.jpg,.jpg,9756,256,256,Early_Blight,False,56c42bd9a73fa0c3c7f934ea0f498c57df196bad85c830a744f80174321ac985,eac2e18b971f9039,
potato_pld,Training/Early_Blight/Early_Blight_154.jpg,Early_Blight_154.jpg,.jpg,10530,256,256,Early_Blight,False,d89b6e14d84dc7a2f6833a9214ed7337c49d4ef961d5ba7d2eeba8434210ffab,ff4af02dd0348336,
potato_pld,Training/Early_Blight/Early_Blight_777.jpg,Early_Blight_777.jpg,.jpg,10059,256,256,Early_Blight,False,2c25adbe4ed698a17f8620683236f2d3a727b61d519aa7e894a08410c03de17f,ba42f1abc0a58ba7,
potato_pld,Training/Early_Blight/Early_Blight_1279.jpg,Early_Blight_1279.jpg,.jpg,9435,256,256,Early_Blight,False,126a45fa2ff36ca95123c07c51bc9f0d89b32597079467f23d22f59bb4f984b8,be11b02ad251cbbb,
potato_pld,Training/Early_Blight/Early_Blight_1204.jpg,Early_Blight_1204.jpg,.jpg,7966,256,256,Early_Blight,False,30637f9eb5cb564b5a27f29da2185f4468945abea0e401c60f36f24b447a5a48,bebc90d8dac149c5,
potato_pld,Training/Early_Blight/Early_Blight_461.jpg,Early_Blight_461.jpg,.jpg,7242,256,256,Early_Blight,False,1a8c4228aa51ccbbfc15aa07cd1a3ed4c341a144e74cb163d324f530e75708e5,aedbe4a984a1cec4,
potato_pld,Training/Early_Blight/Early_Blight_128.jpg,Early_Blight_128.jpg,.jpg,9096,256,256,Early_Blight,False,40fd3f2504bc4104846bd957bd95b1ccfe27c9b7301c738453896e78420c81b7,ea1fa5f085d384c3,
potato_pld,Training/Early_Blight/Early_Blight_84.jpg,Early_Blight_84.jpg,.jpg,8828,256,256,Early_Blight,False,14473154940213cb266913e8f7d69d6a773fe0803043b3dadc8e2e7325584978,bbccf08c8184cf5e,
potato_pld,Training/Early_Blight/Early_Blight_540.jpg,Early_Blight_540.jpg,.jpg,6959,256,256,Early_Blight,False,db71968a35b2c93498bffaca5ec44eabdbf1cee1afdc804252c3e6dcd5a61efb,afb7e452826298e3,
potato_pld,Training/Early_Blight/Early_Blight_40.jpg,Early_Blight_40.jpg,.jpg,9015,256,256,Early_Blight,False,15d095f47a20194fe2c865f3251397de1d3ebb056baac83815f307c9fd319df3,bf9cb45ed0b8d220,
potato_pld,Training/Early_Blight/Early_Blight_432.jpg,Early_Blight_432.jpg,.jpg,6718,256,256,Early_Blight,False,1c3cef2c50d30a6cd58f795a848ff687c02bb5a6212a0dd1ec7972a504fc7f85,ffe0b0a5d016c31e,
potato_pld,Training/Early_Blight/Early_Blight_247.jpg,Early_Blight_247.jpg,.jpg,11656,256,256,Early_Blight,False,92168c05fdf2ef07c6d5b1a04f678e84553f93b82b5bc84fccc7fabbd1007551,ffbcb412d02b821d,
potato_pld,Training/Early_Blight/Early_Blight_538.jpg,Early_Blight_538.jpg,.jpg,7173,256,256,Early_Blight,False,b15d4af8667790fac7dd9ef13cb607b44360b9e3de51300eb78b11051d6c1d81,ef9af0b9807185e1,
potato_pld,Training/Early_Blight/Early_Blight_476.jpg,Early_Blight_476.jpg,.jpg,10747,256,256,Early_Blight,False,c517db6ade914842a53918825b8fb96211620e2142ae66f650a699ca76ac2344,aae0a107d73e82fc,
potato_pld,Training/Early_Blight/Early_Blight_1215.jpg,Early_Blight_1215.jpg,.jpg,8319,256,256,Early_Blight,False,ebfefc1899a57e7481a930fb4ea895e4160531e718d83a5489a6a5dca9cc8c5e,ff89f0d08380df83,
potato_pld,Training/Early_Blight/Early_Blight_886.jpg,Early_Blight_886.jpg,.jpg,12358,256,256,Early_Blight,False,001a8c779075245e0f0a09be5d8902aff4b1a5d9af426dbdee93a68d1ac753cf,fa3ea0f0878285d7,
potato_pld,Training/Early_Blight/Early_Blight_1010.jpg,Early_Blight_1010.jpg,.jpg,9145,256,256,Early_Blight,False,07cb39443058750c15372fa3463d67db2e282e59f5cf2992e86ea40f925b8827,af0db55e9228d1ac,
potato_pld,Training/Early_Blight/Early_Blight_695.jpg,Early_Blight_695.jpg,.jpg,9143,256,256,Early_Blight,False,8b9e0fb1a35cda5783c8deed9bd6f52ef4902ffa3ac9cab5a44f8dcb5f3959ec,ff0f80f8d2f0d2c0,
potato_pld,Training/Early_Blight/Early_Blight_341.jpg,Early_Blight_341.jpg,.jpg,7763,256,256,Early_Blight,False,12299cee5eeee28b39bed671f195ffb1c0ab4c57dd37c50ab5d3f27d197dc032,ea70e107c53e8ef0,
potato_pld,Training/Early_Blight/Early_Blight_1145.jpg,Early_Blight_1145.jpg,.jpg,8588,256,256,Early_Blight,False,bf1c31535f61089d58c3b578a8031678bfa32f819330f7531a9bb8da207261a0,aab1b5d2d21b9349,
potato_pld,Training/Early_Blight/Early_Blight_373.jpg,Early_Blight_373.jpg,.jpg,9772,256,256,Early_Blight,False,0b0acb3d757b4e0226c3415991c14a24d661ad0b18d474a37c3f9d9a24bfbede,fac1e10fa5a884bd,
potato_pld,Training/Early_Blight/Early_Blight_53.jpg,Early_Blight_53.jpg,.jpg,8829,256,256,Early_Blight,False,56995e5f8b1f09db484dd97619a4bc9c52e6969b43ee171684496539f80f4712,bbe3f082c30fca2c,
potato_pld,Training/Early_Blight/Early_Blight_367.jpg,Early_Blight_367.jpg,.jpg,10713,256,256,Early_Blight,False,b2dc56ff6237451f47cc45bbe9753d64adc6adaa636c0e7e4fdb67f9104cd81a,ba48e0ec83a58bd7,
potato_pld,Training/Early_Blight/Early_Blight_477.jpg,Early_Blight_477.jpg,.jpg,11299,256,256,Early_Blight,False,d90173584f84724eb7698fdedc74a7909a495d975c08562897c6f615fc487f7e,aae0e507d6b486f2,
potato_pld,Training/Early_Blight/Early_Blight_810.jpg,Early_Blight_810.jpg,.jpg,9230,256,256,Early_Blight,False,b58a53b583d462cb7eebf66cd7e6ef97b5c7198251c87df9d05788742f2bfdbb,aec3a45ed60c9a5c,
potato_pld,Training/Early_Blight/Early_Blight_239.jpg,Early_Blight_239.jpg,.jpg,11156,256,256,Early_Blight,False,9512f5d7e1a66b7186bb046ec63da59dcac54fa92f6a04834900f84eaed4aee4,eecea08ac1c5c7b4,
potato_pld,Training/Early_Blight/Early_Blight_1187.jpg,Early_Blight_1187.jpg,.jpg,10470,256,256,Early_Blight,False,cf52cbcecd1f02b3d392c91bd4723983c0c30fba55dcd15e2a23adb10fa97d7a,b8d1b183923f9a78,
potato_pld,Training/Early_Blight/Early_Blight_929.jpg,Early_Blight_929.jpg,.jpg,9157,256,256,Early_Blight,False,c54e22f9a0be8b1226b65c8f015c679e8527c023e765db87477426b7fcf4e0ad,abe2b0a5d0958f9a,
potato_pld,Training/Early_Blight/Early_Blight_1300.jpg,Early_Blight_1300.jpg,.jpg,8760,256,256,Early_Blight,False,2ccecdd943245cd1843218bb773c8378d085c25ea9132d57cc4bd05f16986e35,bfb1b510d06ad21d,
potato_pld,Training/Early_Blight/Early_Blight_1104.jpg,Early_Blight_1104.jpg,.jpg,8543,256,256,Early_Blight,False,16f26ded3a3410fb98a53e7d1b7cbcaab0336898c6b9a578346811e965e7b626,ebca810f99bc9992,
potato_pld,Training/Early_Blight/Early_Blight_1184.jpg,Early_Blight_1184.jpg,.jpg,10484,256,256,Early_Blight,False,801974ed53a8fbf25deda4218528a17685d6c321b07dbd8c73de71df0d385f54,aac2b483909f9a9f,
potato_pld,Training/Early_Blight/Early_Blight_708.jpg,Early_Blight_708.jpg,.jpg,10313,256,256,Early_Blight,False,93b0f5ea4b6aa217e6d3313910381f433362f4f1f73145f95483f09575bdcf4d,eaeca00597ce1ed8,
potato_pld,Training/Early_Blight/Early_Blight_880.jpg,Early_Blight_880.jpg,.jpg,12022,256,256,Early_Blight,False,3cdef29c2b7b77b430a0ddb41a45b7a38f5d8402439b7dc7ffb7e59298fd30ac,fbc0f087841fda1c,
potato_pld,Training/Early_Blight/Early_Blight_1086.jpg,Early_Blight_1086.jpg,.jpg,10506,256,256,Early_Blight,False,73600ca50138d65302a668dce015d28e77505aea9843b620c51154d5cb7e07fb,eae2e10f85fc9628,
potato_pld,Training/Early_Blight/Early_Blight_107.jpg,Early_Blight_107.jpg,.jpg,7446,256,256,Early_Blight,False,bc1741962aa2f8671c631f8999f21ac858700aff2884f1059d605ba4db0f1e0d,bfe290a1d097c59a,
potato_pld,Training/Early_Blight/Early_Blight_988.jpg,Early_Blight_988.jpg,.jpg,9647,256,256,Early_Blight,False,3a4a8c5961b1b7eccd2874201e22cb12da942829e67bfbf7d6dccb552f97d7a8,aa60b507927fca3a,
potato_pld,Training/Early_Blight/Early_Blight_303.jpg,Early_Blight_303.jpg,.jpg,9133,256,256,Early_Blight,False,a206b5b148e0134a78d3680214dacb503abfdbe006595d9e5033293e468bd84d,eae4a406953e9af4,
potato_pld,Training/Early_Blight/Early_Blight_849.jpg,Early_Blight_849.jpg,.jpg,9527,256,256,Early_Blight,False,b4e366bf26e4ea7f65d87d3d5b426a8bb45b14d888fe981ee37c554446f1fa0e,eaf4a582851f965a,
potato_pld,Training/Early_Blight/Early_Blight_664.jpg,Early_Blight_664.jpg,.jpg,8477,256,256,Early_Blight,False,ee6b125a9dc128efbeb54c43f0d0b59fafd5a7382b5006021a674a2bece0e86d,aad0a48dd71dc27c,
potato_pld,Training/Early_Blight/Early_Blight_1224.jpg,Early_Blight_1224.jpg,.jpg,11000,256,256,Early_Blight,False,d13a0038bd25810a25c7d105f015c43095b81089effd8bdde1b69c38c82c021c,ffe6b524d0278226,
potato_pld,Training/Early_Blight/Early_Blight_449.jpg,Early_Blight_449.jpg,.jpg,6462,256,256,Early_Blight,False,2aa5499fb00a44fd92e6ad51a52aa53e3f835cbfccfda4734fa80a2e6c4fde4e,eb92a5ba95f09ac0,
potato_pld,Training/Early_Blight/Early_Blight_1203.jpg,Early_Blight_1203.jpg,.jpg,9464,256,256,Early_Blight,False,bc94bd2f2d6b12d9d499b7cbce531dfe0e407dcdd2357bf236e0b7049e207e05,bbb89178d2c18bc5,
potato_pld,Training/Early_Blight/Early_Blight_329.jpg,Early_Blight_329.jpg,.jpg,8021,256,256,Early_Blight,False,e8d628aeb531167377ef84b07bed21ce862bb2693da205d06346df5b60dcc663,bf60d485cf9a9618,
potato_pld,Training/Early_Blight/Early_Blight_556.jpg,Early_Blight_556.jpg,.jpg,8819,256,256,Early_Blight,False,98eacaf7ca3aba99b6b9034139928b04e26ef3eef486420c1539388f7321888c,aee4e506d60e9ad4,
potato_pld,Training/Early_Blight/Early_Blight_597.jpg,Early_Blight_597.jpg,.jpg,8747,256,256,Early_Blight,False,2faefa41cfc590341f20e89618bf43b179aa1dd74dcaf7b854df944e4e5218ee,ee1ba4f995c09a83,
potato_pld,Training/Early_Blight/Early_Blight_875.jpg,Early_Blight_875.jpg,.jpg,9748,256,256,Early_Blight,False,68d449c8a1bcda6fa56a9133c57ac9682eeba4eb3bf7c1c95122549eb75c00c6,bf15b45ad229c345,
potato_pld,Training/Early_Blight/Early_Blight_1213.jpg,Early_Blight_1213.jpg,.jpg,9545,256,256,Early_Blight,False,d3bec3fa98b26130b264e8e90be8ab5434166d2f8d12bdd2ecce844353f20429,f846812ecfb48d96,
potato_pld,Training/Early_Blight/Early_Blight_1029.jpg,Early_Blight_1029.jpg,.jpg,9665,256,256,Early_Blight,False,ead3b93e8eb58515b144dbc9897c6a8faa1e4178c96e6ba12588e41dbb58d71c,ff97b0dad2e88201,
potato_pld,Training/Early_Blight/Early_Blight_185.jpg,Early_Blight_185.jpg,.jpg,9327,256,256,Early_Blight,False,e52d522ad4dcf94673ec882de8c2ce5a89a918496014f5b3c7600376da9768b6,aacda5b894f4d2d0,
potato_pld,Training/Early_Blight/Early_Blight_401.jpg,Early_Blight_401.jpg,.jpg,5576,256,256,Early_Blight,False,606a5c292d680bfd57abf52a8b90e2499b0c77465b810aaa3f5f3779ee34aa69,abdbe1b185818795,
potato_pld,Training/Early_Blight/Early_Blight_383.jpg,Early_Blight_383.jpg,.jpg,10733,256,256,Early_Blight,False,fab807a4ba9fdf95167f3ec76a9e06eadad944309d3a6bc4f4b5feba77ee5bfc,bec2e00785af9754,
potato_pld,Training/Early_Blight/Early_Blight_1199.jpg,Early_Blight_1199.jpg,.jpg,9017,256,256,Early_Blight,False,47c2d3c12dc692b33b95be86906e3933d9dec2d9fa8c284b8b97ce254487f90c,ae7ac4a18e86d89e,
potato_pld,Training/Early_Blight/Early_Blight_497.jpg,Early_Blight_497.jpg,.jpg,8105,256,256,Early_Blight,False,917292531c93f661f664520ce4fea8943615acd65d99057ea7f1afc5e110c267,ba65e0a8870d9e7c,
potato_pld,Training/Early_Blight/Early_Blight_585.jpg,Early_Blight_585.jpg,.jpg,9476,256,256,Early_Blight,False,5887fdd555fe430738eac5c472b7b54b12a4237549cbc970dcd89b921db00d9e,bf6af0a5c086c517,
potato_pld,Training/Early_Blight/Early_Blight_16.jpg,Early_Blight_16.jpg,.jpg,10321,256,256,Early_Blight,False,4041b7cd4a6cbb0e01b93ab5d66228790e5fc50a06e7f296b017b8d6cca3a150,aa1ae4bac4f18e63,
potato_pld,Training/Early_Blight/Early_Blight_832.jpg,Early_Blight_832.jpg,.jpg,10624,256,256,Early_Blight,False,97951ca48a816c4cc8c928fadc9057648e8ad09691111444dd3059c61b883124,faa0a157878ade94,
potato_pld,Training/Early_Blight/Early_Blight_57.jpg,Early_Blight_57.jpg,.jpg,8060,256,256,Early_Blight,False,2fa1be7eb6346e166604dc444d2f8c0c00fbf274b66b8ac1003aa2d5fb42f603,ee98a4b895819ec7,
potato_pld,Training/Early_Blight/Early_Blight_1173.jpg,Early_Blight_1173.jpg,.jpg,11847,256,256,Early_Blight,False,d8b890ce501615d66dd8801d72ed5c22e92d18ced639dd552600ff6fb1f2e96b,bbd0e582d60f9a0d,
potato_pld,Training/Early_Blight/Early_Blight_1023.jpg,Early_Blight_1023.jpg,.jpg,9721,256,256,Early_Blight,False,4c179865539985a84ab64a08459d9856a1e3fd0d79c60d58848359f737fd520a,ffb8b4d89088d389,
potato_pld,Training/Early_Blight/Early_Blight_524.jpg,Early_Blight_524.jpg,.jpg,7174,256,256,Early_Blight,False,d7517b81a818713c8dab61ee9dbc4d9313341d2cf1d32d6353f5a3d8f51bbb7c,aa93e5f285c2d447,
potato_pld,Training/Early_Blight/Early_Blight_1111.jpg,Early_Blight_1111.jpg,.jpg,10390,256,256,Early_Blight,False,7ced87b9730ce8be1fa00d2b8c19e5a4f1a4f719a22fefd3fea9dc95549090cb,ad1af23dd250cf60,
potato_pld,Training/Early_Blight/Early_Blight_1239.jpg,Early_Blight_1239.jpg,.jpg,9366,256,256,Early_Blight,False,1199f49a1f7317b79f37d3b92b292a968ea9c71e7f3c18b49069a3b5f010de84,af98a4b9c6d19643,
potato_pld,Training/Early_Blight/Early_Blight_411.jpg,Early_Blight_411.jpg,.jpg,7407,256,256,Early_Blight,False,e8c7b71f2be21c9e29c254b8868c11316d8105410e1163418255bbb254f9b664,ff9ba0f894a19883,
potato_pld,Training/Early_Blight/Early_Blight_359.jpg,Early_Blight_359.jpg,.jpg,8221,256,256,Early_Blight,False,533999ed641a5c3614267310e01f6f6fda54ac6d4dc81acc2f23d26e517a97c5,efc9e094858cde4c,
potato_pld,Training/Early_Blight/Early_Blight_1073.jpg,Early_Blight_1073.jpg,.jpg,11229,256,256,Early_Blight,False,07dfa73885bfd1a263f0863f01bf46bb0d0556510ee526353089e89d61f2e3fc,eaf3a083961e9a78,
potato_pld,Training/Early_Blight/Early_Blight_349.jpg,Early_Blight_349.jpg,.jpg,9724,256,256,Early_Blight,False,6dae23daf57994baa289f9cc60ff1bb816e1a2b73ce803714ce9447bb59ad2a8,aae1b54194c396cf,
potato_pld,Training/Early_Blight/Early_Blight_667.jpg,Early_Blight_667.jpg,.jpg,10034,256,256,Early_Blight,False,112e5fa7f498c1f1166779033d466194a8240c53440bce00b695dce77d6d277c,efcca10c953e5a38,
potato_pld,Training/Early_Blight/Early_Blight_218.jpg,Early_Blight_218.jpg,.jpg,10188,256,256,Early_Blight,False,2a792bb22e1b4237d6a77b41e17cf6b2c5ce1f86e50733af62ed85a5aa558248,aa69e505877e9668,
potato_pld,Training/Early_Blight/Early_Blight_732.jpg,Early_Blight_732.jpg,.jpg,10355,256,256,Early_Blight,False,d4d2e890834b2ac75e4cab8bd95895abb937f3bb567ecd72439c6622984f334a,ffe0b4e0d007c257,
potato_pld,Training/Early_Blight/Early_Blight_717.jpg,Early_Blight_717.jpg,.jpg,10456,256,256,Early_Blight,False,4ca33f14021941591a6bad32caf26aa774ec1d8ceb5ebd38ddcb300ea876576e,ffc9b4a6d0d48382,
potato_pld,Training/Early_Blight/Early_Blight_1118.jpg,Early_Blight_1118.jpg,.jpg,8757,256,256,Early_Blight,False,834087ee7789d833291215ad94eb4fb508a50f48a8415e807cf8964e6147f17f,aec6d5cc82681b3d,
potato_pld,Training/Early_Blight/Early_Blight_1065.jpg,Early_Blight_1065.jpg,.jpg,11061,256,256,Early_Blight,False,906733e140a04f612e8baf8ce44199dc748d51fb03bb99f2ef1451e95ce4d7ee,fe07e056c34a836b,
potato_pld,Training/Early_Blight/Early_Blight_1079.jpg,Early_Blight_1079.jpg,.jpg,12240,256,256,Early_Blight,False,74835ba1af3dddda8dc26958288ded1479d2d5af0fd1db8c8f7b482482fe145f,ab2ea1f4870296e7,
potato_pld,Training/Early_Blight/Early_Blight_719.jpg,Early_Blight_719.jpg,.jpg,11820,256,256,Early_Blight,False,eff7b4009bc01aa636bd936d6b46762f3fd63f734af14c36691ea7b800dd8829,ff66b400d2878357,
potato_pld,Training/Early_Blight/Early_Blight_1105.jpg,Early_Blight_1105.jpg,.jpg,9807,256,256,Early_Blight,False,b792d4a0f844a0c287c2cc70dc980bba6526e3e4116b6825b26f9ba2c961af5a,ffa5a0ded0ca8219,
potato_pld,Training/Early_Blight/Early_Blight_857.jpg,Early_Blight_857.jpg,.jpg,10191,256,256,Early_Blight,False,4f73768d1944e9dc83b9365246806a4b25f9ceb3290830d9c2cd8712884758a4,eea5e4c6949e9238,
potato_pld,Training/Early_Blight/Early_Blight_1123.jpg,Early_Blight_1123.jpg,.jpg,9510,256,256,Early_Blight,False,291ad67dff1d50a0c60666e74df46caa66a658da321f2ad44a35af96ddd72772,fac8a18d9794ce92,
potato_pld,Training/Early_Blight/Early_Blight_888.jpg,Early_Blight_888.jpg,.jpg,10519,256,256,Early_Blight,False,c6374c495345e52d1edae1a8a9c7da3ab91ab13a35c17ce785851e85afbcde49,fee4d406970e88bc,
potato_pld,Training/Early_Blight/Early_Blight_1293.jpg,Early_Blight_1293.jpg,.jpg,13825,256,256,Early_Blight,False,ae6110df460455eedc86569fcc0f73b967c9bc4f8fcc9104f24a7ebd121af469,efc8b52fd09482a6,
potato_pld,Training/Early_Blight/Early_Blight_7.jpg,Early_Blight_7.jpg,.jpg,9502,256,256,Early_Blight,False,9d3d8dc436d516299e55c77a5659605e51b22f88195a9af020c9505317ea2519,ab4eb5acd0f4c312,
potato_pld,Training/Early_Blight/Early_Blight_234.jpg,Early_Blight_234.jpg,.jpg,11685,256,256,Early_Blight,False,dc8c6b0563beaf9b67d3abdc2a47269ca5b8d1e6a215eef0a977dd7d75f03dd5,ffe0b481d2578b0a,
potato_pld,Training/Early_Blight/Early_Blight_991.jpg,Early_Blight_991.jpg,.jpg,10158,256,256,Early_Blight,False,7e0be7277065846d5a7549c7b39563e8b8fc20467249d1287c66d0f271b37c05,aa5fa4689735d270,
potato_pld,Training/Early_Blight/Early_Blight_910.jpg,Early_Blight_910.jpg,.jpg,11022,256,256,Early_Blight,False,5f33a2c86849059f7307eb74ac7109457dd0c1bfebefdc12e4542ef2b94511fa,fb59e02a81a197e5,
potato_pld,Training/Early_Blight/Early_Blight_821.jpg,Early_Blight_821.jpg,.jpg,10640,256,256,Early_Blight,False,2818873ce78c164d4e744792fa388dadf9ff189b9691c2e37bc8ee22538585db,bab5b150834acf69,
potato_pld,Training/Early_Blight/Early_Blight_899.jpg,Early_Blight_899.jpg,.jpg,12523,256,256,Early_Blight,False,c2d3f5721619ad6c3099c537411949c9bc7e5e9595a63ba031a4cc6774823d17,bedca03995e0d6a1,
potato_pld,Training/Early_Blight/Early_Blight_627.jpg,Early_Blight_627.jpg,.jpg,8323,256,256,Early_Blight,False,ff9d9c0eac4796e82d40a98512f5ad938cfee2a57593158208f43f056e293fbd,efb4f002c35b81b9,
potato_pld,Training/Early_Blight/Early_Blight_725.jpg,Early_Blight_725.jpg,.jpg,9313,256,256,Early_Blight,False,3e3408c3b92216cd3862ceefb22886e6ee392540ab7697e58a49f2bdd0a2385a,bbccb1fcd0c4da02,
potato_pld,Training/Early_Blight/Early_Blight_160.jpg,Early_Blight_160.jpg,.jpg,7552,256,256,Early_Blight,False,0572fcd592f894dafdb2b7f20cae47553e17b45b07e3d595af15f29896ed2fe1,bf48b0a59296d356,
potato_pld,Training/Early_Blight/Early_Blight_1018.jpg,Early_Blight_1018.jpg,.jpg,9782,256,256,Early_Blight,False,dc22ab7d731202f40b46df91f1a0753bf5f4c7a8ac835211eddbd9d0753d5a40,aadae5ba84e195c1,
potato_pld,Training/Early_Blight/Early_Blight_108.jpg,Early_Blight_108.jpg,.jpg,8540,256,256,Early_Blight,False,e69d8725f3f12020cf1211c0f2aca7cfa8e75f9b899c934fb155ad377052162b,ffc2b4a5c084c3d6,
potato_pld,Training/Early_Blight/Early_Blight_319.jpg,Early_Blight_319.jpg,.jpg,8868,256,256,Early_Blight,False,f358c2788ae0fea73a4a1f7281eeb522a99d98716d1970f10ecc8a5b9b9ad63f,bad1a182d65f82ab,
potato_pld,Training/Early_Blight/Early_Blight_1277.jpg,Early_Blight_1277.jpg,.jpg,10407,256,256,Early_Blight,False,e75df2eafbc2f64efba96e2374fb26375e2309ffc9f9d6696791b39608eb7854,aef28082979d9abc,
potato_pld,Training/Early_Blight/Early_Blight_1240.jpg,Early_Blight_1240.jpg,.jpg,10542,256,256,Early_Blight,False,ea0ef297aaf99a27c33fa5daf5aca2cb406420af0e99d368e02dcfda185962ee,ab9ba5fa95b090c1,
potato_pld,Training/Early_Blight/Early_Blight_238.jpg,Early_Blight_238.jpg,.jpg,10603,256,256,Early_Blight,False,4f4e0441e36daaa43539958912156c66850f46ddf42b8d7fd4eaa9546c54ccbf,ff4bb0add0d4c228,
potato_pld,Training/Early_Blight/Early_Blight_1247.jpg,Early_Blight_1247.jpg,.jpg,8679,256,256,Early_Blight,False,9ec3bb7e510c80549d029af0220073031e1f7e4c66491cdaf8d172d6483ac356,bbe2b10f873cca60,
potato_pld,Training/Early_Blight/Early_Blight_358.jpg,Early_Blight_358.jpg,.jpg,7213,256,256,Early_Blight,False,d96a72faf2bc9cfe9a536d820ec497c430348015a39ca7d91e10a464d1700c66,eac2e12b877d96a0,
potato_pld,Training/Early_Blight/Early_Blight_896.jpg,Early_Blight_896.jpg,.jpg,15076,256,256,Early_Blight,False,ec3555a9e88d1da5e48f5b2b85a4bde3234c1e8af8ffdcdcb97eb6482817334a,fa9ae10387bb9780,
potato_pld,Training/Early_Blight/Early_Blight_984.jpg,Early_Blight_984.jpg,.jpg,10822,256,256,Early_Blight,False,eb3fddd577864f8895de6228d9134f341e1ca4b8e7c4b509ff26b099aa70f026,afbda4f885c0d2c1,
potato_pld,Training/Early_Blight/Early_Blight_1264.jpg,Early_Blight_1264.jpg,.jpg,11551,256,256,Early_Blight,False,cf84b0007f8c6232f137bc04d9aa7e286537fcde6ceb9b78a317c59b52270639,fba2e117861acad8,
potato_pld,Training/Early_Blight/Early_Blight_1258.jpg,Early_Blight_1258.jpg,.jpg,11034,256,256,Early_Blight,False,456682f276c6f5ea020669780f705c0f9bea07912606c8c29490ad1812e058cd,abeab5a9d0a5c294,
potato_pld,Training/Early_Blight/Early_Blight_25.jpg,Early_Blight_25.jpg,.jpg,9813,256,256,Early_Blight,False,268afdee37fa858beb62475042d11ecab94795a42275bc79f655afa6ee3e6426,bbe8b006d71e8a3c,
potato_pld,Training/Early_Blight/Early_Blight_502.jpg,Early_Blight_502.jpg,.jpg,8082,256,256,Early_Blight,False,63f9b1fc9d1eaa95deaca454ef8a5e70f0b7ba5b59afc72604663147380d5a80,ae1ea4b996f09ac2,
potato_pld,Training/Early_Blight/Early_Blight_710.jpg,Early_Blight_710.jpg,.jpg,7866,256,256,Early_Blight,False,bf60eced7521cc6f6ffc494623e1e92c3f8f2a675b445c99f8fd83dabb39d633,be9cb080d17acb69,
potato_pld,Training/Early_Blight/Early_Blight_1063.jpg,Early_Blight_1063.jpg,.jpg,11681,256,256,Early_Blight,False,3352d7a773dadf3292ddaad18924a7d72ab91d6b2f51e198c5dd605f1a7b1ef9,ffb0e053c14ac3a9,
potato_pld,Training/Early_Blight/Early_Blight_1141.jpg,Early_Blight_1141.jpg,.jpg,9884,256,256,Early_Blight,False,4c4d0213b2c02c73698d8e84ffaaea4305ee593b46144746e3456de14a98c97a,afade048c2c8cfc5,
potato_pld,Training/Early_Blight/Early_Blight_914.jpg,Early_Blight_914.jpg,.jpg,12417,256,256,Early_Blight,False,db703db9622d7f1b852bc22392b5f746ee790a6035907ac37db0b140496e64f6,fae4e08a87d5878c,
potato_pld,Training/Early_Blight/Early_Blight_267.jpg,Early_Blight_267.jpg,.jpg,8931,256,256,Early_Blight,False,329664b5242e28626655fb9d1deb2f10d297f54c0319b038e020fc1e728b6274,ea39a578874196a7,
potato_pld,Training/Early_Blight/Early_Blight_208.jpg,Early_Blight_208.jpg,.jpg,9067,256,256,Early_Blight,False,ed20ffe120999d2bbd560e8b6e809cb573fca3de935ae40535ac5be634e16276,fa8be4f88481d687,
potato_pld,Training/Early_Blight/Early_Blight_1271.jpg,Early_Blight_1271.jpg,.jpg,13947,256,256,Early_Blight,False,698a66d8d1faad792724c9e90bd0ce5120e31ef04ba9a6cff81ced43961c7791,ab1eb579c0f2c681,
potato_pld,Training/Early_Blight/Early_Blight_347.jpg,Early_Blight_347.jpg,.jpg,9883,256,256,Early_Blight,False,638e63427235e3d12f1d215df1fc90be98273ff06173e9dbbb22a52fa0f3c52c,ea79b4b990f41a86,
potato_pld,Training/Early_Blight/Early_Blight_336.jpg,Early_Blight_336.jpg,.jpg,9281,256,256,Early_Blight,False,fba71775963838c9f77a914e95e067eecb91beb4973c0d0a50e3b1ec934918ba,fabde07185328743,
potato_pld,Training/Early_Blight/Early_Blight_606.jpg,Early_Blight_606.jpg,.jpg,8613,256,256,Early_Blight,False,28a9f8693466a2531c0ab48c2480ec77bef36b8e5fa623c473eeebb95b84b458,f8c0850fda3c99bc,
potato_pld,Training/Early_Blight/Early_Blight_370.jpg,Early_Blight_370.jpg,.jpg,10224,256,256,Early_Blight,False,abe4d90fb6c6e6b10a209c401fbfcc58b1a3a3a9f40ac4a04b1d021a1925e496,ab4ae40f808fd75c,
potato_pld,Training/Early_Blight/Early_Blight_712.jpg,Early_Blight_712.jpg,.jpg,8515,256,256,Early_Blight,False,8308d3308ca5e70387ed124bcec5c2448a4f12e58f2243131ec561bbbbf7dc2f,bbc8f0ad81958f92,
potato_pld,Training/Early_Blight/Early_Blight_51.jpg,Early_Blight_51.jpg,.jpg,8083,256,256,Early_Blight,False,3a3a20b6252b5dcf247f83273e1a8e131de08f080d39cd5183e9aa53206da760,bbdee1a881a58794,
potato_pld,Training/Early_Blight/Early_Blight_1061.jpg,Early_Blight_1061.jpg,.jpg,11826,256,256,Early_Blight,False,e38b0910c3697a5f60a54ad3d5cab2b9bbb7b34a6ac411301a60a9a7bead0606,fa86e0f8850186ff,
potato_pld,Training/Early_Blight/Early_Blight_331.jpg,Early_Blight_331.jpg,.jpg,10537,256,256,Early_Blight,False,abb8c323a2efe8ef1b0c688073e13cde98389d519f1f66c0d8b63ed6c8538fc6,afc8f40182ffc714,
potato_pld,Training/Early_Blight/Early_Blight_104.jpg,Early_Blight_104.jpg,.jpg,7987,256,256,Early_Blight,False,51d6341ecff5ad796dd5c0c8dd09f7b64bb75491ce834041591a7c311c6103fa,fea1b057824a8f69,
potato_pld,Training/Early_Blight/Early_Blight_436.jpg,Early_Blight_436.jpg,.jpg,5913,256,256,Early_Blight,False,f4f725710cdeb0e0e5d5a38d54d24c134f51bc47352d6c5cba0828763c05f6a9,afcaf1adc2b48192,
potato_pld,Training/Early_Blight/Early_Blight_1299.jpg,Early_Blight_1299.jpg,.jpg,9621,256,256,Early_Blight,False,867675c743e6b90160dcad0ee83ce5bc0372b776ce2515a2e9847c873b2f035e,ba69e195877a9e80,
potato_pld,Training/Early_Blight/Early_Blight_668.jpg,Early_Blight_668.jpg,.jpg,9485,256,256,Early_Blight,False,43c057c1cf3e4adb9ddbe0263ffb7482d87fa87963dcda40cab90e0d24cefb5c,eee6a4a685861e8e,
potato_pld,Training/Early_Blight/Early_Blight_60.jpg,Early_Blight_60.jpg,.jpg,9083,256,256,Early_Blight,False,5ffb1a999a77bc610dd4ac126f41edd960505250ff1144044e111db649de1e0e,aae6b506960eda3c,
potato_pld,Training/Early_Blight/Early_Blight_1272.jpg,Early_Blight_1272.jpg,.jpg,12356,256,256,Early_Blight,False,b84c8895bca838bf960a890aab315e7b51f28bf2035156ebfa61e188186770b4,fac2e1d5870296ea,
potato_pld,Training/Early_Blight/Early_Blight_1095.jpg,Early_Blight_1095.jpg,.jpg,11202,256,256,Early_Blight,False,c503675e828ce0f479401f5ae7cf13b6678a35a5f5cb2617d53f071b47fa0a6b,beeab081d094daf2,
potato_pld,Training/Early_Blight/Early_Blight_444.jpg,Early_Blight_444.jpg,.jpg,6507,256,256,Early_Blight,False,5fe3fed05b8934092a31a4c5b274f6ed134e51f4ee71c0b8f47c47e1931451d2,feece085854ece24,
potato_pld,Training/Early_Blight/Early_Blight_1138.jpg,Early_Blight_1138.jpg,.jpg,7544,256,256,Early_Blight,False,dbe4ae87c127e1c412184c498a8a6d1d236a31ba5d38498002369ba8ae9d7195,bb8cb69bd079c068,
potato_pld,Training/Early_Blight/Early_Blight_369.jpg,Early_Blight_369.jpg,.jpg,7442,256,256,Early_Blight,False,5d68eee5552f4acd830504b577f00c9441dc54f2a5923b4941a177c8aa3ddd1f,bac3e00285bf979c,
potato_pld,Training/Early_Blight/Early_Blight_1252.jpg,Early_Blight_1252.jpg,.jpg,9419,256,256,Early_Blight,False,0c192abde350bd509da0fed8996204c2411cf7b79d79f268f3255047d7d2a789,ffa4f0e7d00083cb,
potato_pld,Training/Early_Blight/Early_Blight_231.jpg,Early_Blight_231.jpg,.jpg,8534,256,256,Early_Blight,False,68366fec9df4ec0f9b1fb60d7fd5dda7930d17817ca26d549dd7732184dda3b9,fe95b058d2e9c309,
potato_pld,Training/Early_Blight/Early_Blight_1180.jpg,Early_Blight_1180.jpg,.jpg,10483,256,256,Early_Blight,False,e07b7586805ed05686a9de7980e8287bd6c8ce6aeb74d30064b11fe2844d0615,ff1f85da8ac0c0a9,
potato_pld,Training/Early_Blight/Early_Blight_992.jpg,Early_Blight_992.jpg,.jpg,10858,256,256,Early_Blight,False,3410e64594eecab33a77f37b9caad5958dc4e5c93811bf9118d4f991278c9b04,baf0a014977edae0,
potato_pld,Training/Early_Blight/Early_Blight_179.jpg,Early_Blight_179.jpg,.jpg,8188,256,256,Early_Blight,False,2c83a838e5979f24c4b2e642e86ce4f87f5f74653377cf7ec1b889d43eb73107,ee15f0f087008fdb,
potato_pld,Training/Early_Blight/Early_Blight_1035.jpg,Early_Blight_1035.jpg,.jpg,9714,256,256,Early_Blight,False,9cf02cbc9776602fde02eb35e35ac85d409b8ea36ed81100d72ccb7e3c813126,aacaf1ad82a48797,
potato_pld,Training/Early_Blight/Early_Blight_205.jpg,Early_Blight_205.jpg,.jpg,9295,256,256,Early_Blight,False,1a26e35799120b34bc862a5a7819455cbc6912ba520dad89c7b2736468afe662,eecda0e88485c6d7,
potato_pld,Training/Early_Blight/Early_Blight_1285.jpg,Early_Blight_1285.jpg,.jpg,13076,256,256,Early_Blight,False,bb1909eaa83233454f5f72b037428a0e79aaff62c1b3431bd01b2eab392594d9,ebcee11885c0969f,
potato_pld,Training/Early_Blight/Early_Blight_1259.jpg,Early_Blight_1259.jpg,.jpg,12119,256,256,Early_Blight,False,0aa661f973a75e20b6fcc4169847f76be63e10f2ace70bb6885e53df8af2c3d1,fe4ae0ac87259e54,
potato_pld,Training/Early_Blight/Early_Blight_526.jpg,Early_Blight_526.jpg,.jpg,8724,256,256,Early_Blight,False,dc7261e86aa9b02d6d7688580daeee299acaa40ac0c0e51405ada4ad2429d1c8,abebb5a1d0958296,
potato_pld,Training/Early_Blight/Early_Blight_643.jpg,Early_Blight_643.jpg,.jpg,9967,256,256,Early_Blight,False,7c769d6ed3827595e320e257d2b1c5c394130fde4353b83d8dbf70093e1b58ee,bb39b1f0d0904adb,
potato_pld,Training/Early_Blight/Early_Blight_663.jpg,Early_Blight_663.jpg,.jpg,12072,256,256,Early_Blight,False,6a8aa8bab687f5d5896e638060bdc8188abca571ac59c5b48e260a41a7a952dd,ebcee48c865c9e28,
potato_pld,Training/Early_Blight/Early_Blight_37.jpg,Early_Blight_37.jpg,.jpg,7747,256,256,Early_Blight,False,88708c2ff7a9923645cbc6477e9857f1f4896ef2708581b551208ab16e1a8696,ba43a1af97148aba,
potato_pld,Training/Early_Blight/Early_Blight_161.jpg,Early_Blight_161.jpg,.jpg,8849,256,256,Early_Blight,False,0bf514ce5de248149f78dffba02ac3239ac1b985839c897c1c6c28ceedf24392,aae3f106913e9a1e,
potato_pld,Training/Early_Blight/Early_Blight_324.jpg,Early_Blight_324.jpg,.jpg,7470,256,256,Early_Blight,False,0bca723e5f018dd998aa0f9b059f0cb8094f548d7fedc2eb503dcdb4278741ed,bf68b0a5d356838a,
potato_pld,Training/Early_Blight/Early_Blight_1253.jpg,Early_Blight_1253.jpg,.jpg,11161,256,256,Early_Blight,False,88acafb0db140711bbf52bbd433f9e03a71f18194e156e047e32356d510e9ab4,bac2b5add0a5d194,
potato_pld,Training/Early_Blight/Early_Blight_55.jpg,Early_Blight_55.jpg,.jpg,9006,256,256,Early_Blight,False,ac32d05e07234009f3c3e563ce7f3610063fd0b6c4782b62d7bf45cd952be0ed,ee5aa4a8c4e58d87,
potato_pld,Training/Early_Blight/Early_Blight_1255.jpg,Early_Blight_1255.jpg,.jpg,10503,256,256,Early_Blight,False,c56bfdbd4a676d08c3f9b03d34ef5909e30b82d65d7b88a2e19ac28614c46b40,bfa0b4d0d0abcb45,
potato_pld,Training/Early_Blight/Early_Blight_727.jpg,Early_Blight_727.jpg,.jpg,9463,256,256,Early_Blight,False,42a8a1cbaf59edd1d89004c93121f37ac2c05d7e551db737733ed8dc008817ed,eac0a50fd71c86bc,
potato_pld,Training/Early_Blight/Early_Blight_363.jpg,Early_Blight_363.jpg,.jpg,8510,256,256,Early_Blight,False,5799fd98767d811f3f084fccbf4dc9c68f6c9efbc1a607fd3586a0655d471b14,faeca11397769608,
potato_pld,Training/Early_Blight/Early_Blight_90.jpg,Early_Blight_90.jpg,.jpg,9138,256,256,Early_Blight,False,243eba4443f77eb67c5045f8f416dcc9ebf4b9080277c742646133fc1c2e9168,afe5e086d41e9a1a,
potato_pld,Training/Early_Blight/Early_Blight_289.jpg,Early_Blight_289.jpg,.jpg,8191,256,256,Early_Blight,False,3fcc2d20590529b48646154f4f13e1184c2461d1472cbcb2f55138a50753da06,aec4e406965e9e3a,
potato_pld,Training/Early_Blight/Early_Blight_330.jpg,Early_Blight_330.jpg,.jpg,9573,256,256,Early_Blight,False,f37acf586cb344fb1955ed4d327a71718a2c3eab392f5e05147b0950c63ff797,ea46e1aa87059e9d,
potato_pld,Training/Early_Blight/Early_Blight_69.jpg,Early_Blight_69.jpg,.jpg,9556,256,256,Early_Blight,False,484998b2babb5905bab04d150e7ba5fdecfca4a03209839b772d625bae75c7a8,beb4f058c04ac76d,
potato_pld,Training/Early_Blight/Early_Blight_589.jpg,Early_Blight_589.jpg,.jpg,9018,256,256,Early_Blight,False,f96bf4d360edd89dca3282f1086d871a9e81cac6e69fa31afd7fe4349e9080b8,ee97e452866a1f21,
potato_pld,Training/Early_Blight/Early_Blight_630.jpg,Early_Blight_630.jpg,.jpg,9538,256,256,Early_Blight,False,d06eee49688e1bba49f06ca7119e21ae90d8552ec9c1de366dfaeeaa1bea2243,fac0b08b961dda72,
potato_pld,Training/Early_Blight/Early_Blight_1154.jpg,Early_Blight_1154.jpg,.jpg,11668,256,256,Early_Blight,False,d05549510a5d77fcb8480a0479689f3ead40a366d1101011ad9c3b35953e6070,ffb1b450d0cbd109,
potato_pld,Training/Early_Blight/Early_Blight_250.jpg,Early_Blight_250.jpg,.jpg,11017,256,256,Early_Blight,False,93b67697f0fad5e3c3e92b3b4946978defd1dcad4c9ba8082da843f5c8aacdb7,ba8fb1fcd590d880,
potato_pld,Training/Early_Blight/Early_Blight_660.jpg,Early_Blight_660.jpg,.jpg,8886,256,256,Early_Blight,False,285e9fae915286868ccae7c638c79901b4bbfbc168b4a46950c309cd87bc6fa5,fee090a7d256c38a,
potato_pld,Training/Early_Blight/Early_Blight_798.jpg,Early_Blight_798.jpg,.jpg,10785,256,256,Early_Blight,False,ac174529e915d571407cb1a27fc009ea719906ce56b2fca192b87af3ed73d2c7,aa1fa02a85799f71,
potato_pld,Training/Early_Blight/Early_Blight_869.jpg,Early_Blight_869.jpg,.jpg,9904,256,256,Early_Blight,False,4fd2d17de49980374f47a9d29d64aaf86446fa6d2bb81aa03c02631cdbc46b9a,aa5ae0ad870587b7,
potato_pld,Training/Early_Blight/Early_Blight_1269.jpg,Early_Blight_1269.jpg,.jpg,10906,256,256,Early_Blight,False,69b47a0c07d83ee4241c9959de758284889a579e8ce83156cc296a940a991cfe,bf9fc07ac1608761,
potato_pld,Training/Early_Blight/Early_Blight_759.jpg,Early_Blight_759.jpg,.jpg,11260,256,256,Early_Blight,False,0fcb0a6ee39f1d6efadc8bd265e0867ba437d27aba8f3c2f675e7d3c9b779f24,fec8a4e9d405c28f,
potato_pld,Training/Early_Blight/Early_Blight_1282.jpg,Early_Blight_1282.jpg,.jpg,12379,256,256,Early_Blight,False,ccb490bb1a1cc15ca06542dff675bbde66ede01ffdc8a0ff4a5b5565e538c70e,af878150de6ad8c5,
potato_pld,Training/Early_Blight/Early_Blight_118.jpg,Early_Blight_118.jpg,.jpg,8065,256,256,Early_Blight,False,c1e1ce294702451bdb8d427ddead9de48400d318979ae023826638eac2748d35,aee4e447841e9eb8,
potato_pld,Training/Early_Blight/Early_Blight_628.jpg,Early_Blight_628.jpg,.jpg,9471,256,256,Early_Blight,False,75b0f3b7030a67b90fa4c4df0a566e9c8465331786bae8fdd41858a92f69d36f,fac3b0af9017ca1a,
potato_pld,Training/Early_Blight/Early_Blight_509.jpg,Early_Blight_509.jpg,.jpg,7986,256,256,Early_Blight,False,01b47aa044f60deed2e5a1288c2fa98f7e230e88eb0232fe130d358bd5301959,bfb5a564d42a822d,
potato_pld,Training/Early_Blight/Early_Blight_649.jpg,Early_Blight_649.jpg,.jpg,9483,256,256,Early_Blight,False,b59d9064f065f750172c5d1f4d4cf9f99eff262637d15504854a9b07755757a5,fcbdb010d2198be9,
potato_pld,Training/Early_Blight/Early_Blight_1291.jpg,Early_Blight_1291.jpg,.jpg,11339,256,256,Early_Blight,False,eb966a776949dbe3d8cbb0423f19ea9f1e3641d393edeb379785f67307de735c,bbf3f140802a8f6d,
potato_pld,Training/Early_Blight/Early_Blight_1229.jpg,Early_Blight_1229.jpg,.jpg,11195,256,256,Early_Blight,False,aba54865e11987d9da45fd22d75bd319f5ce4b69e50f00200ad2f7886833e411,be19a0f895b19687,
potato_pld,Training/Early_Blight/Early_Blight_409.jpg,Early_Blight_409.jpg,.jpg,5018,256,256,Early_Blight,False,9b1b5e00a03bd02fda0a0f9f4baee0485156a584b0969633c225e88198c5eb31,ee9ba0a9c6b18e83,
potato_pld,Training/Early_Blight/Early_Blight_496.jpg,Early_Blight_496.jpg,.jpg,8498,256,256,Early_Blight,False,c59681c1b041d38d97609d22b4c0dad05f1089a943fe6d4678e97254cc8ef028,aa1ea5fa95e190a5,
potato_pld,Training/Early_Blight/Early_Blight_485.jpg,Early_Blight_485.jpg,.jpg,11477,256,256,Early_Blight,False,448bc025880d652d2cdd7c0e45867d9949dc468c185cb79dc7d6c22847dbeb8c,ea80e0ffa53a9728,
potato_pld,Training/Early_Blight/Early_Blight_815.jpg,Early_Blight_815.jpg,.jpg,6976,256,256,Early_Blight,False,f1b1a9f6b82c588ca823377a818cf966445cd5613beaf5abf8458588c8948acd,aa23e5f58740963d,
potato_pld,Training/Early_Blight/Early_Blight_1216.jpg,Early_Blight_1216.jpg,.jpg,8925,256,256,Early_Blight,False,eec7e661e1ea441accf9bdeb1e8ca3a69b22d712dde9410c0a8039caf3923142,feb4805282abdf29,
potato_pld,Training/Early_Blight/Early_Blight_29.jpg,Early_Blight_29.jpg,.jpg,8936,256,256,Early_Blight,False,d5274c38f8ad403268fbc9b22855541e7de41a76ba4b2bb3248701d9fa0c0dbb,bfa3b052922ad3a9,
potato_pld,Training/Early_Blight/Early_Blight_335.jpg,Early_Blight_335.jpg,.jpg,9098,256,256,Early_Blight,False,f58dda19533d7b4968a54b7d3043033d2ef776503a62c7c3820aaeaf0fa03b31,aa95f552825ac769,
potato_pld,Training/Early_Blight/Early_Blight_400.jpg,Early_Blight_400.jpg,.jpg,9278,256,256,Early_Blight,False,28c751381d592cc5130ac23e4fdce002d14892938de3f51f83a5bdae41e879e0,ea8fa5fcd58580e0,
potato_pld,Training/Early_Blight/Early_Blight_26.jpg,Early_Blight_26.jpg,.jpg,8651,256,256,Early_Blight,False,e6140a37f19e83111aac3119fac27cbf3bb427cc0a08e2095d153387119c9844,afe4a406d01fda2e,
potato_pld,Training/Early_Blight/Early_Blight_1225.jpg,Early_Blight_1225.jpg,.jpg,10092,256,256,Early_Blight,False,81265d03369e25f087c5d8d8799c43dd855022c99d333a9247ea3af3ecb4e7ff,ffa0b0d0d00fc31f,
potato_pld,Training/Early_Blight/Early_Blight_447.jpg,Early_Blight_447.jpg,.jpg,6622,256,256,Early_Blight,False,eb2404b7f3fbf640d9914f8d6fabe213be4cc12946bc6ca97f83fd10e1513169,bf94d4d2c04bc52b,
potato_pld,Training/Early_Blight/Early_Blight_453.jpg,Early_Blight_453.jpg,.jpg,6572,256,256,Early_Blight,False,09bd52b5b75b07fc6ade1e54e6a17debb450fe94798910c1746dfe0094374ba8,efb2c4f085839a4e,
potato_pld,Training/Early_Blight/Early_Blight_392.jpg,Early_Blight_392.jpg,.jpg,8752,256,256,Early_Blight,False,03b84a54b8fbe9ef96642e72a47357d17a9ea8b1096075e96854bd50f28ccdea,afe8b4839085d2be,
potato_pld,Training/Early_Blight/Early_Blight_700.jpg,Early_Blight_700.jpg,.jpg,10007,256,256,Early_Blight,False,8f8dd6720fedbd0841deca882705f6ac29791e8ce18d8abaf35a440cb12250b0,bfc2b46994a5d2a4,
potato_pld,Training/Early_Blight/Early_Blight_1142.jpg,Early_Blight_1142.jpg,.jpg,10238,256,256,Early_Blight,False,451bf3f2119a921bbbd0a87f2920ca746293adc9e15d6afe98e20a2e470b73d6,aae49546d2daca8d,
potato_pld,Training/Early_Blight/Early_Blight_1166.jpg,Early_Blight_1166.jpg,.jpg,10633,256,256,Early_Blight,False,e82ffeff6727eb4ddec6ff5fcd4988e82d9a95bfa0ac56c11c2a3a9fc903c509,ffe6b0a4d016c1b2,
potato_pld,Training/Early_Blight/Early_Blight_1030.jpg,Early_Blight_1030.jpg,.jpg,7157,256,256,Early_Blight,False,db308847d65fa82479c85a40c445586292ed4b05ae37d9f6ec8b515f8e8249df,ae9ee4d0c6c88ec9,
potato_pld,Training/Early_Blight/Early_Blight_300.jpg,Early_Blight_300.jpg,.jpg,10151,256,256,Early_Blight,False,a46b56d4583606296639623833052beb37bc7aa5b35a34dabf54c2115a2fed0f,bb27e0d087838e73,
potato_pld,Training/Early_Blight/Early_Blight_423.jpg,Early_Blight_423.jpg,.jpg,5548,256,256,Early_Blight,False,c9524abaf0220af13a6c10dfa4b15a690405ec392c958b30735e4c32a92fb826,ffe0b581d207c22e,
potato_pld,Training/Early_Blight/Early_Blight_339.jpg,Early_Blight_339.jpg,.jpg,9242,256,256,Early_Blight,False,c59388cc0d0888c64f57cf75d122fbe7e438592547e7c4550c71534bbab8e5ef,af95c05ec3e8c5e0,
potato_pld,Training/Early_Blight/Early_Blight_940.jpg,Early_Blight_940.jpg,.jpg,10892,256,256,Early_Blight,False,ea3fb49eed05238b34ef0cb0e7168fcff50c5658b1609633545b1ad1c49d046b,aaecb5acd0b4c392,
potato_pld,Training/Early_Blight/Early_Blight_12.jpg,Early_Blight_12.jpg,.jpg,8772,256,256,Early_Blight,False,d0f02bff0ac3014575def0947662e1674dc20437ea200c2b30d7b3a0b2a9527d,ba49b0a9d3b58b92,
potato_pld,Training/Early_Blight/Early_Blight_1044.jpg,Early_Blight_1044.jpg,.jpg,10056,256,256,Early_Blight,False,38f25c7d12fd4a3de4d9409a674a6bb518746df62781b89bfe3fe1a63c7a9c7e,ff4bb0add2d4c102,
potato_pld,Training/Early_Blight/Early_Blight_1066.jpg,Early_Blight_1066.jpg,.jpg,10474,256,256,Early_Blight,False,549b75be5173f3d64cbf755badbbc36bb13cca09845d27eee4ce9c85ab2accc6,eacab08795bd9a30,
potato_pld,Training/Early_Blight/Early_Blight_1106.jpg,Early_Blight_1106.jpg,.jpg,9123,256,256,Early_Blight,False,5e2971a70e13733ee9fea78f5c82beacdeba8e97c72bb3c3f638bd3208971222,aa96c5f096039aeb,
potato_pld,Training/Early_Blight/Early_Blight_1244.jpg,Early_Blight_1244.jpg,.jpg,9813,256,256,Early_Blight,False,02b61eaffe5beb40c01ef0c4b7396e5a57b7905a3358ca059a0a1d09b20d8948,bed0b52b9017d21b,
potato_pld,Training/Early_Blight/Early_Blight_315.jpg,Early_Blight_315.jpg,.jpg,9511,256,256,Early_Blight,False,bce231b2bcb379b39913265a01ea000d547aeb554dcd313804e67c1d85d03450,bf9db45e805883e8,
potato_pld,Training/Early_Blight/Early_Blight_220.jpg,Early_Blight_220.jpg,.jpg,10277,256,256,Early_Blight,False,8e29a649bc7f93831f1f76fd0ebef7ae957dac8426fd16a8c12a6c24cb6defb4,ff47b02fd0688274,
potato_pld,Training/Early_Blight/Early_Blight_579.jpg,Early_Blight_579.jpg,.jpg,11067,256,256,Early_Blight,False,949037e31159eb306717a30ee6431db9d3e5f656fb782caa64ddfcb6a6c3bbe1,bee1b003951fd21e,
potato_pld,Training/Early_Blight/Early_Blight_138.jpg,Early_Blight_138.jpg,.jpg,11421,256,256,Early_Blight,False,c17e4d0b619629a14fccf712423f843e1e25794bb949278d9617b836c1cf5c46,aad8e0ea85a986ed,
potato_pld,Training/Early_Blight/Early_Blight_1162.jpg,Early_Blight_1162.jpg,.jpg,11601,256,256,Early_Blight,False,f9619298e1c3e1585915441696434f0a64abd2002fe8ea9e27bc0bdc6c5a56d1,af84d05bca1ef528,
potato_pld,Training/Early_Blight/Early_Blight_900.jpg,Early_Blight_900.jpg,.jpg,11238,256,256,Early_Blight,False,0e1c3ae41f9d49666fc6ffae11feba9ac6c57b2f5e30b134f5aafb8cab43c0ff,bfc8f0adc084c796,
potato_pld,Training/Early_Blight/Early_Blight_1004.jpg,Early_Blight_1004.jpg,.jpg,10516,256,256,Early_Blight,False,c0db3466d28ded3dcb88270594ae5b382c3d914d7e2dfa926382c6098aedbae4,aad2e13385c79e38,
potato_pld,Training/Early_Blight/Early_Blight_1223.jpg,Early_Blight_1223.jpg,.jpg,9913,256,256,Early_Blight,False,54b87f6d416dd7d99d6750747ede21fef95b8d0f2d0ffd64836e985889f311ed,ffa4f4d0d06ac305,
potato_pld,Training/Early_Blight/Early_Blight_545.jpg,Early_Blight_545.jpg,.jpg,9616,256,256,Early_Blight,False,19a6d360b29a12e16b069fda2d84a1dfb8d2a431279936254b3fcf006f126138,ba95f052c02bc57d,
potato_pld,Training/Early_Blight/Early_Blight_1062.jpg,Early_Blight_1062.jpg,.jpg,10174,256,256,Early_Blight,False,fa158e17ef6157838fc6a6484127f7b52078aecf1910599998e4a2ceda5ab66c,ffbff05081d08d41,
potato_pld,Training/Early_Blight/Early_Blight_1273.jpg,Early_Blight_1273.jpg,.jpg,12330,256,256,Early_Blight,False,70416631b5541d6f2419414b1700b44532e1197303372e121b7f57ad3cee6c66,ba62a5a5d616d236,
potato_pld,Training/Early_Blight/Early_Blight_1248.jpg,Early_Blight_1248.jpg,.jpg,9256,256,256,Early_Blight,False,88a70458f28e711714a3c6561f5f9e1f098f833de14472cb27c46444864211b9,bf4fb0acc0b48d92,
potato_pld,Training/Early_Blight/Early_Blight_173.jpg,Early_Blight_173.jpg,.jpg,7538,256,256,Early_Blight,False,4c010de6d511b6cd97132653fdccc4c1ea452db3aa472a54a16bd1904cfe7228,be42b0a78216df1e,
potato_pld,Training/Early_Blight/Early_Blight_1096.jpg,Early_Blight_1096.jpg,.jpg,9455,256,256,Early_Blight,False,79a8ff7ff5b4bc679dca6eee6b6c9cae82e8c678f6fc6c30dc8eda08b16bb8d4,feaaa0f48186dac6,
potato_pld,Training/Early_Blight/Early_Blight_878.jpg,Early_Blight_878.jpg,.jpg,8620,256,256,Early_Blight,False,f21bc52abe1f53cd9d05b1d2a0d7f706c13b62a72dcae1e77a38ae763c80b90b,aa25e57ac458972b,
potato_pld,Training/Early_Blight/Early_Blight_1254.jpg,Early_Blight_1254.jpg,.jpg,12088,256,256,Early_Blight,False,5b5bdf3170e83347eeb8c9e5e20b1179ee25a90f25ec0f40aeda2f09907254cf,e825a7f2850897dd,
potato_pld,Training/Early_Blight/Early_Blight_1082.jpg,Early_Blight_1082.jpg,.jpg,11922,256,256,Early_Blight,False,090e34874549b657cc0f018f3fea42b7c4759b9df0f7cbf87ad0efd46b923500,aab5a5d095f2d243,
potato_pld,Training/Early_Blight/Early_Blight_1089.jpg,Early_Blight_1089.jpg,.jpg,11677,256,256,Early_Blight,False,909ddc5221ab89f7c2f74d70732b993fddcd8d2f2bb9ebdf6816e1f61e07f24f,fae0a187950e947e,
potato_pld,Training/Early_Blight/Early_Blight_945.jpg,Early_Blight_945.jpg,.jpg,9885,256,256,Early_Blight,False,c20c80e88b77599c4ff70152710f8b9e8195ed655ec5ddf51b77ee75b9d94399,bbc1b183d12f4a3c,
potato_pld,Training/Early_Blight/Early_Blight_792.jpg,Early_Blight_792.jpg,.jpg,10135,256,256,Early_Blight,False,a362710fec228d32080dcd96fc748f579be0d8adeda1290cc2793ff18eba2626,aa38f511b498d2fa,
potato_pld,Training/Early_Blight/Early_Blight_292.jpg,Early_Blight_292.jpg,.jpg,8370,256,256,Early_Blight,False,1081588e189f27bad9f76efe5c50c030b21cc7388d99029bdaf847d82a00e932,aea4a056976e9ec8,
potato_pld,Training/Early_Blight/Early_Blight_934.jpg,Early_Blight_934.jpg,.jpg,9824,256,256,Early_Blight,False,49701ae806cf27ea45f3da22f751c953e2530bc65c614e86e0965d65692a6ccf,bae7b142d30b8a2d,
potato_pld,Training/Early_Blight/Early_Blight_452.jpg,Early_Blight_452.jpg,.jpg,6385,256,256,Early_Blight,False,22adb954c287954380e0d902e9d259c26e12a56b05ad72cee7bec532ae8a854f,efb5d07282c09f83,
potato_pld,Training/Early_Blight/Early_Blight_808.jpg,Early_Blight_808.jpg,.jpg,12106,256,256,Early_Blight,False,b0bbf0f61f3d3d900efe28a5d6b656da72f40b5ff37d0f2754405a0ce8c268f4,abd0b403d60fd60f,
potato_pld,Training/Early_Blight/Early_Blight_942.jpg,Early_Blight_942.jpg,.jpg,10591,256,256,Early_Blight,False,0681eca2c41fcc4d988663ec079cfa739422556498ad0d2adc851f5e6daea666,aa1da1f097839673,
potato_pld,Training/Early_Blight/Early_Blight_344.jpg,Early_Blight_344.jpg,.jpg,8553,256,256,Early_Blight,False,29725e20f298a90cf3c1e4a2da91ae4730933a42f3c993a5c47c4c2e423b52c6,fe1f8114877096f2,
potato_pld,Training/Early_Blight/Early_Blight_738.jpg,Early_Blight_738.jpg,.jpg,9248,256,256,Early_Blight,False,a2d237e1bef7f84a0ee75592d99bb2e44f9d1173da443589ead58ecda0e441f3,be9eb4f894e0ca41,
potato_pld,Training/Early_Blight/Early_Blight_398.jpg,Early_Blight_398.jpg,.jpg,7072,256,256,Early_Blight,False,50df7f38af99241fb9c74e7a2a06f81da4d7f9fae8eab8e7cdd677cef0e90a13,bf86804f856a1b3d,
potato_pld,Training/Early_Blight/Early_Blight_125.jpg,Early_Blight_125.jpg,.jpg,9713,256,256,Early_Blight,False,b037e3f74872bf29921daf4d7ef5e1fabbd82d2e1207ab6229bb484728e35ca3,ea1de17087429cd7,
potato_pld,Training/Early_Blight/Early_Blight_983.jpg,Early_Blight_983.jpg,.jpg,10822,256,256,Early_Blight,False,02b267fa1fb9797b9011acc79ccd24e925b1a9de387afcc0519caacf8b2a30db,eec8b4adc294c36a,
potato_pld,Training/Early_Blight/Early_Blight_629.jpg,Early_Blight_629.jpg,.jpg,9137,256,256,Early_Blight,False,753e2f66b5c7d14ee4f18dec61ac26dce6aba73688e303f6a9b1a3687a966888,ef9cf09082d2d783,
potato_pld,Training/Early_Blight/Early_Blight_726.jpg,Early_Blight_726.jpg,.jpg,10105,256,256,Early_Blight,False,8e39d7573c1e849c30b0e10deb3a5619293bcf3775019487150aa0626f42efab,bb8ab1fcd1808ad6,
potato_pld,Training/Early_Blight/Early_Blight_543.jpg,Early_Blight_543.jpg,.jpg,8902,256,256,Early_Blight,False,05de886d4534bed27776c16da454bba28ce8d197bcdf7df494a6213bf9463d3e,aeca94add096c1da,
potato_pld,Training/Early_Blight/Early_Blight_260.jpg,Early_Blight_260.jpg,.jpg,11251,256,256,Early_Blight,False,f75e4e968ab589f94f52de13cc2b33c82a78c736ee00f49147e317eb79e71c21,ff92e4dd84488669,
potato_pld,Training/Early_Blight/Early_Blight_378.jpg,Early_Blight_378.jpg,.jpg,9228,256,256,Early_Blight,False,06d24dddc03cf8a32fe284e8c45b1ba43169f10d0d49f1b7cb4f9cf6296671a2,aea7a4fbc470d620,
potato_pld,Training/Early_Blight/Early_Blight_985.jpg,Early_Blight_985.jpg,.jpg,10596,256,256,Early_Blight,False,28ea7adfa6e98b2bf19b7ce2d46686326a211c41c36101e84ef4b14f135f67ee,abb1e193910acb7c,
potato_pld,Training/Early_Blight/Early_Blight_1049.jpg,Early_Blight_1049.jpg,.jpg,8795,256,256,Early_Blight,False,64efdd07581d362a11d820b81d9e697961539f4bd79c8246ff2f1a50ef3d1e6b,bb5ab1b89394d582,
potato_pld,Training/Early_Blight/Early_Blight_1288.jpg,Early_Blight_1288.jpg,.jpg,13273,256,256,Early_Blight,False,fc8af106a8be095c147d38684b5807d852486cdff0278c33aa01ddbe049eacce,ead6a142952e9e9a,
potato_pld,Training/Early_Blight/Early_Blight_277.jpg,Early_Blight_277.jpg,.jpg,8275,256,256,Early_Blight,False,9681cbe5105fc672e1e566fcd2ddfaade80871dbe2852c4383114b0bd1fb6c62,ea0ee07887c9970f,
potato_pld,Training/Early_Blight/Early_Blight_79.jpg,Early_Blight_79.jpg,.jpg,8727,256,256,Early_Blight,False,7f65c14f14e06ed68abb5a4056cde4bb86682202bf5943db947eb4a6603e8902,ae0be1f8c5119e33,
potato_pld,Training/Early_Blight/Early_Blight_192.jpg,Early_Blight_192.jpg,.jpg,9577,256,256,Early_Blight,False,407589fd4eae67a2ff1e7aa09478f00a586f70d7f3936a48f119c8e1b78da11f,fb8cb17cd460d261,
potato_pld,Training/Early_Blight/Early_Blight_833.jpg,Early_Blight_833.jpg,.jpg,9070,256,256,Early_Blight,False,c4a83da1cdff03cd8eb78d576c51813d372a31ffc34b44c0ca816df7bfee0ffe,fac0e1c7870e963c,
potato_pld,Training/Early_Blight/Early_Blight_98.jpg,Early_Blight_98.jpg,.jpg,7862,256,256,Early_Blight,False,b7fdbd1fac44d4f4f55a7605254e7368b90d483eb305f402412a1011d3b735a1,be97d05a81498de9,
potato_pld,Training/Early_Blight/Early_Blight_30.jpg,Early_Blight_30.jpg,.jpg,8538,256,256,Early_Blight,False,d8084c1e50b1a91f5915c2bfd85085851a00847d080d970d7e60773146b28d68,ae95b55ad06ac169,
potato_pld,Training/Early_Blight/Early_Blight_613.jpg,Early_Blight_613.jpg,.jpg,9252,256,256,Early_Blight,False,ec8a49f16964ac949f7eb094e684f0788956bc123ae744e26cc63949b326f4f0,af16e1fc95f09842,
potato_pld,Training/Early_Blight/Early_Blight_770.jpg,Early_Blight_770.jpg,.jpg,10546,256,256,Early_Blight,False,c9fb6391a4615347cc8f00180740a0cf742b5d7a4aaa52c78515dc4734751489,eee4a4c4941ed63a,
potato_pld,Training/Early_Blight/Early_Blight_678.jpg,Early_Blight_678.jpg,.jpg,9273,256,256,Early_Blight,False,1e849761b5f7d6c8232cef77119c3c1b4fdbb54ea7269050d3df237ab7207c73,ead4e0aa85d78798,
potato_pld,Training/Early_Blight/Early_Blight_679.jpg,Early_Blight_679.jpg,.jpg,10077,256,256,Early_Blight,False,af806d3dfee069919d63f1c2063fd6f032af3f8db286f987f2f558b51cdbe885,eed8a0cc85cc9e65,
potato_pld,Training/Early_Blight/Early_Blight_394.jpg,Early_Blight_394.jpg,.jpg,6520,256,256,Early_Blight,False,f80a2e49a33f8409d1bbf40842b16abaaaf0be7579077aa84373af0e3996f087,bfc8e0ad828587b6,
potato_pld,Training/Early_Blight/Early_Blight_240.jpg,Early_Blight_240.jpg,.jpg,8649,256,256,Early_Blight,False,8402119511a3fc8dbf377b3dc68865a215f0d38df8f3551ea55653b10bd400df,fb8db1f8938092c3,
potato_pld,Training/Early_Blight/Early_Blight_745.jpg,Early_Blight_745.jpg,.jpg,10680,256,256,Early_Blight,False,11814c2f76b64ed4b8c1b8fae2a47a6d28e8e199ebdaa59d090e4954d512cb2f,bf98b4add05dc288,
potato_pld,Training/Early_Blight/Early_Blight_520.jpg,Early_Blight_520.jpg,.jpg,6737,256,256,Early_Blight,False,e13691ac4fa35abcf97fdf50faabbf21a8b075322c88a8b8f06516967deedbe8,bb5ee1688160d6e5,
potato_pld,Training/Early_Blight/Early_Blight_441.jpg,Early_Blight_441.jpg,.jpg,6388,256,256,Early_Blight,False,06f7febb31330793219c2b8bf23b1f166557a97724dc8176d7748c1253571bd8,ee9ba4b9d4f09282,
potato_pld,Training/Early_Blight/Early_Blight_501.jpg,Early_Blight_501.jpg,.jpg,7464,256,256,Early_Blight,False,6278a98ed66cb3d0ea3033ec2dabe6bcdda847ea10b6588c1cdb35e16d8eb58c,aa1be47b85e09ce1,
potato_pld,Training/Early_Blight/Early_Blight_101.jpg,Early_Blight_101.jpg,.jpg,9106,256,256,Early_Blight,False,942f10f934e64db56b571afeba7463d124f92c9a4667478c92751f5e6089ae9a,bb91f053834bc56c,
potato_pld,Training/Early_Blight/Early_Blight_883.jpg,Early_Blight_883.jpg,.jpg,12044,256,256,Early_Blight,False,7a73905c9b1273f435556f55adf3386902015a880da5ea62c98f8852bcbf33bb,eee5a4c6840e9e3c,
potato_pld,Training/Early_Blight/Early_Blight_19.jpg,Early_Blight_19.jpg,.jpg,10339,256,256,Early_Blight,False,434069230ef88c57407bb97099fd8983c0106b73bd87295f16a6a65ccb4714e9,bb4cb1bcc21c8b9a,
potato_pld,Training/Early_Blight/Early_Blight_261.jpg,Early_Blight_261.jpg,.jpg,8603,256,256,Early_Blight,False,5f021c802920f179b8e16a5575e0c7960ce6c5c1a8e5133d7e3f2e07d2bc477f,ff4cb05ed3a88215,
potato_pld,Training/Early_Blight/Early_Blight_979.jpg,Early_Blight_979.jpg,.jpg,12625,256,256,Early_Blight,False,f6307639e1da640076abe3dda20b115a4b63fee9b3f55bf937e275614fc3ec90,ff07b0ded040c3e4,
potato_pld,Training/Early_Blight/Early_Blight_18.jpg,Early_Blight_18.jpg,.jpg,8623,256,256,Early_Blight,False,640adbac20b173e05969ea2e0da5bb51fc7de9e350803bec0adfc0e48a6cadb2,aa4ae00b85bd9ef4,
potato_pld,Training/Early_Blight/Early_Blight_662.jpg,Early_Blight_662.jpg,.jpg,9072,256,256,Early_Blight,False,f54da21fbcc0a2ea31490c13e66e0f7952eaa20b5dafc6e0235b7ef91e56f486,ff1ff45880e0d641,
potato_pld,Training/Early_Blight/Early_Blight_842.jpg,Early_Blight_842.jpg,.jpg,10046,256,256,Early_Blight,False,6fa86fa70c56b8272650c9cf06cf4d1275da2e90beacab2b00c5f98aa5625ac9,be4ab0a9d254c3ba,
potato_pld,Training/Early_Blight/Early_Blight_1116.jpg,Early_Blight_1116.jpg,.jpg,7858,256,256,Early_Blight,False,f2cd726674548196f3c5977e95f510b569774b3471e6c859548dd1878d18b8ee,bbe0b187921fca38,
potato_pld,Training/Early_Blight/Early_Blight_89.jpg,Early_Blight_89.jpg,.jpg,8781,256,256,Early_Blight,False,a6bf92e186909a62fe27deec4d9eb8215dd9cd00837047f6e95db7e222da765c,efe0c12f85bc9c90,
potato_pld,Training/Early_Blight/Early_Blight_489.jpg,Early_Blight_489.jpg,.jpg,7804,256,256,Early_Blight,False,3c8502cfacec865d9c3af666359ecc572f782f5a18417f0160ae8184f522e509,ea43e10b877f84b8,
potato_pld,Training/Early_Blight/Early_Blight_622.jpg,Early_Blight_622.jpg,.jpg,7815,256,256,Early_Blight,False,149665f44dc59abbcae78461455b1e7e64e63fa0a97c9270c5e9940881399286,fb95c058ce658c66,
potato_pld,Training/Early_Blight/Early_Blight_1122.jpg,Early_Blight_1122.jpg,.jpg,8892,256,256,Early_Blight,False,ea1f4472b6d78b688d06a90f1172dc58365ccdf90a218e8ab6afce83ee7e4ec2,febaa06485d78782,
potato_pld,Training/Early_Blight/Early_Blight_791.jpg,Early_Blight_791.jpg,.jpg,9510,256,256,Early_Blight,False,9537109ffa172ae4d929244715dcbecc0cfc4da24f5aa922acc6a9e9b836bcbc,ab68e18b859dc65c,
potato_pld,Training/Early_Blight/Early_Blight_762.jpg,Early_Blight_762.jpg,.jpg,10581,256,256,Early_Blight,False,4b2b993b25d8ed3abe021974beb6c17d083d94107965c091b4c1bd1ebd9cd762,aaeab5edd0a58294,
potato_pld,Training/Early_Blight/Early_Blight_800.jpg,Early_Blight_800.jpg,.jpg,10324,256,256,Early_Blight,False,2134f943dd63f21f1021278fd170bc164cba4e2f64dbba1562e64ea980de49a6,bec3b0ef91958a12,
potato_pld,Training/Early_Blight/Early_Blight_1168.jpg,Early_Blight_1168.jpg,.jpg,9263,256,256,Early_Blight,False,7a3b8bd8d57bde53757755a1f22b5a2f0ebda530a29784fc5076a8c77000f629,feb5b4d290cad109,
potato_pld,Training/Early_Blight/Early_Blight_391.jpg,Early_Blight_391.jpg,.jpg,10864,256,256,Early_Blight,False,e1014f958a3baa40c2aaaab48e3b82c76841b8b26bc17a3fe49019d296a1e122,fec1e00b85bf851c,
potato_pld,Training/Early_Blight/Early_Blight_675.jpg,Early_Blight_675.jpg,.jpg,9848,256,256,Early_Blight,False,806a60ae3b7765cb2fd67330f93d72bf6d89970562a480402e45d70ec2994fa7,ff0fe4f8d63080e0,
potato_pld,Training/Early_Blight/Early_Blight_17.jpg,Early_Blight_17.jpg,.jpg,9312,256,256,Early_Blight,False,a7af6fbde2754af25a2b23eb3aced4cf7b9bc585fa2b9ae9bb1b4c9b2cd5a4e5,bea5e456847a8768,
potato_pld,Training/Early_Blight/Early_Blight_692.jpg,Early_Blight_692.jpg,.jpg,9343,256,256,Early_Blight,False,b183552b3eaa3432a1429dbbb5bec3a9e10e83a1ce8bb45e8572f1c56443e6ae,bf80b0dfd06a0b2d,
potato_pld,Training/Early_Blight/Early_Blight_1088.jpg,Early_Blight_1088.jpg,.jpg,11564,256,256,Early_Blight,False,ed34bbcb212b80938829ab89dc3d6f94f75c075c4ecc268980d44676e0d3ed4b,aa4bb1e7d5a582a4,
potato_pld,Training/Early_Blight/Early_Blight_368.jpg,Early_Blight_368.jpg,.jpg,8259,256,256,Early_Blight,False,c293d0d409761ffc4af8fd16ccee0ff97c1a268a2d73fd203f2731bca624554b,bec0a10b978dd89d,
potato_pld,Training/Early_Blight/Early_Blight_305.jpg,Early_Blight_305.jpg,.jpg,9674,256,256,Early_Blight,False,e80c1005ca0fa496f46330477446353db7e3d1ecd8b7bce5190361e05ecee0ae,ad36f0d082a99f47,
potato_pld,Training/Early_Blight/Early_Blight_126.jpg,Early_Blight_126.jpg,.jpg,8479,256,256,Early_Blight,False,fcfb1cd0e8aed55bce88ee103c541bf3df7c4eacf172f93b3a04093e2207c4b5,a86fa501d6fe8a15,
potato_pld,Training/Early_Blight/Early_Blight_1286.jpg,Early_Blight_1286.jpg,.jpg,12960,256,256,Early_Blight,False,faa66906162848108e7630ee6ceb9d148cfb8270d5614d77ba610cb7d619813f,bf99b413c0dac338,
potato_pld,Training/Early_Blight/Early_Blight_296.jpg,Early_Blight_296.jpg,.jpg,7603,256,256,Early_Blight,False,a68755f3ee6d0968d992f33e69473f03717cde65f12c53f8d8aaafb7c6e5a56a,bab0b111919bdbe8,
potato_pld,Training/Early_Blight/Early_Blight_918.jpg,Early_Blight_918.jpg,.jpg,10700,256,256,Early_Blight,False,569dfa3e495069b292e24593bab3f3ff51ddc6a9428b74b2f5defa2a3faa3447,aee6b05ed26a8925,
potato_pld,Training/Early_Blight/Early_Blight_789.jpg,Early_Blight_789.jpg,.jpg,9210,256,256,Early_Blight,False,fa0e2066913c25503419750507e1543f3e0641c6414bd578c5ae1ba3cb401b7a,eb9be4ea85a18685,
potato_pld,Training/Early_Blight/Early_Blight_215.jpg,Early_Blight_215.jpg,.jpg,9864,256,256,Early_Blight,False,4a8e3be98635f42be7f5bf95f81c79d3801cde2a8040cee11c875925af89c68e,ffb4b4dad009c145,
potato_pld,Training/Early_Blight/Early_Blight_1075.jpg,Early_Blight_1075.jpg,.jpg,11970,256,256,Early_Blight,False,83cc05921b1376fbfba54a998736c725e6723a112f848896cb645d2712f45a5b,bacfb4a39085c396,
potato_pld,Training/Early_Blight/Early_Blight_224.jpg,Early_Blight_224.jpg,.jpg,9576,256,256,Early_Blight,False,43edd961dfe339ee00b3b5c0fcf1f0ebb106cdb0ce53aeaf83fb70891c032f7e,eac8e189859d9f38,
potato_pld,Training/Early_Blight/Early_Blight_582.jpg,Early_Blight_582.jpg,.jpg,10564,256,256,Early_Blight,False,4249e8f214456f970660c5069c8b330e4abdf5b7b3273ac7869b83454ea856b7,ebe5e507855e9038,
potato_pld,Training/Early_Blight/Early_Blight_100.jpg,Early_Blight_100.jpg,.jpg,8990,256,256,Early_Blight,False,280ccc189f122e615c651c338199f04c111559c083be7e6a332942ea9d88bd93,ba4eb0af81b58396,
potato_pld,Training/Early_Blight/Early_Blight_255.jpg,Early_Blight_255.jpg,.jpg,9344,256,256,Early_Blight,False,08bff0042c69684b60aba1705a9b4f2a564facb1b866bc64e9e7e7fa870fa69e,ff60a003c33fc29e,
potato_pld,Training/Early_Blight/Early_Blight_1127.jpg,Early_Blight_1127.jpg,.jpg,9480,256,256,Early_Blight,False,e09ad95d643d5e536fc374a56a8729df752058b2e3f0bff8a612fd02564466e4,ed18d0f882019fef,
potato_pld,Training/Early_Blight/Early_Blight_547.jpg,Early_Blight_547.jpg,.jpg,10011,256,256,Early_Blight,False,f41239f0d3432922ee97c11daab28252a217acc1f6b968671a081638f5f472e5,bf2eb0a4c2d6cb22,
potato_pld,Training/Early_Blight/Early_Blight_952.jpg,Early_Blight_952.jpg,.jpg,10546,256,256,Early_Blight,False,0dfddbaae52ff96fdda99d7c24a8da2638d09e077af004158072e6a0d1b73790,baf9b081d3824bdc,
potato_pld,Training/Early_Blight/Early_Blight_733.jpg,Early_Blight_733.jpg,.jpg,10288,256,256,Early_Blight,False,5a14203a7a94496e6a2ddd4717d31e64aa795707b60c7bc7a24a8349c7f2123b,beb1b550d06aca2d,
potato_pld,Training/Early_Blight/Early_Blight_551.jpg,Early_Blight_551.jpg,.jpg,8878,256,256,Early_Blight,False,9a9c46b8ec6642f9dad02fac3bdc9c029904e95681438df1853fdc40458fdd77,eae4e5078d1e9878,
potato_pld,Training/Early_Blight/Early_Blight_757.jpg,Early_Blight_757.jpg,.jpg,9033,256,256,Early_Blight,False,ab2da28b832d28046f5cd72712f65b0adca4b8b78494e5080e6ec37b3e8ee38f,eeccb146860e9f98,
potato_pld,Training/Early_Blight/Early_Blight_1031.jpg,Early_Blight_1031.jpg,.jpg,9701,256,256,Early_Blight,False,0231bf62fb2901190df85ab8ab37866f5b6b3afc405a3c6b358712bf330d104b,ab48e50bd77c8e50,
potato_pld,Training/Early_Blight/Early_Blight_596.jpg,Early_Blight_596.jpg,.jpg,8618,256,256,Early_Blight,False,6f5a25693fc09c5ba33dfdaadedc468ecd8f6f87484a400474d3b323d5ba8846,bee095a1d617da12,
potato_pld,Training/Early_Blight/Early_Blight_648.jpg,Early_Blight_648.jpg,.jpg,10098,256,256,Early_Blight,False,2a37351249d663ce2b4919b366fb75cb0a5547c2f4baf0aa4e541ac8db8d71d1,fec4a0ce872c5a74,
potato_pld,Training/Early_Blight/Early_Blight_1125.jpg,Early_Blight_1125.jpg,.jpg,11349,256,256,Early_Blight,False,873ca8f3b5eb1a889361cc64945c84f2b913244cb2b890d274e12cd4c0ef16db,bee2b4a1c097c71a,
potato_pld,Training/Early_Blight/Early_Blight_514.jpg,Early_Blight_514.jpg,.jpg,6788,256,256,Early_Blight,False,75cd2efc3be769783a1ad94b747db177767a5092c424d2925d7dbbd9c6654ef0,ab9bf5b984d18283,
potato_pld,Training/Early_Blight/Early_Blight_360.jpg,Early_Blight_360.jpg,.jpg,8202,256,256,Early_Blight,False,1bacb9456d305f1502ad59a506493bf0f05990889e0a09d7610538bc65163c58,fa1de1e8870385e5,
potato_pld,Training/Early_Blight/Early_Blight_921.jpg,Early_Blight_921.jpg,.jpg,10310,256,256,Early_Blight,False,4e9b901de3fa2fd4f95fc159e6bdd2f4e0e8bb48e73442bc48d825f1634b044c,ffeab480d0d7c282,
potato_pld,Training/Early_Blight/Early_Blight_751.jpg,Early_Blight_751.jpg,.jpg,10188,256,256,Early_Blight,False,a0a99752eeaef2973f6e069f22eef932032e6a02a047f98bfdf4ac434e3cd0fc,baf6a1ea9125c383,
potato_pld,Training/Early_Blight/Early_Blight_879.jpg,Early_Blight_879.jpg,.jpg,11261,256,256,Early_Blight,False,70bbc48241bfb836d7f6a43a79579b1f62365ebba7ae0fb611ae82a70e1b611c,ae6ab129d53d82b4,
potato_pld,Training/Early_Blight/Early_Blight_1071.jpg,Early_Blight_1071.jpg,.jpg,11514,256,256,Early_Blight,False,2744bb3c836e49b4720c10b6bf7fefd986e0ba003628aadd4475eb917cedd94c,affba4b0c45286d2,
potato_pld,Training/Early_Blight/Early_Blight_721.jpg,Early_Blight_721.jpg,.jpg,9934,256,256,Early_Blight,False,1dea932a8a8f5b42e6ee305936103dfcc6cddf8b15905aa4ac595fa9f6fd7e15,ff41e0ea800f83af,
potato_pld,Training/Early_Blight/Early_Blight_1201.jpg,Early_Blight_1201.jpg,.jpg,10503,256,256,Early_Blight,False,1e1664f133a805ee5a8cbb6b5bee1bcdab1f5e0da63d0dbb97448119822d21d0,eee9c4ad86941cd2,
potato_pld,Training/Early_Blight/Early_Blight_1038.jpg,Early_Blight_1038.jpg,.jpg,9711,256,256,Early_Blight,False,b46af1ef326739a2059fe660564d8fcd9f8d88a5b3cb17ae1e1f97daa8681681,be9ba0d3c460ce65,
potato_pld,Training/Early_Blight/Early_Blight_665.jpg,Early_Blight_665.jpg,.jpg,8926,256,256,Early_Blight,False,c076598152a283ffdd73acdbea216873784279288da451fe2b88743829b0a020,ebcdc10e137eb0e0,
potato_pld,Training/Early_Blight/Early_Blight_1233.jpg,Early_Blight_1233.jpg,.jpg,9328,256,256,Early_Blight,False,604d52afc82243c2cf8ab53685256fb567f4334f86d28166c982ef30b84ed9a8,bf87b0fed1c8c220,
potato_pld,Training/Early_Blight/Early_Blight_976.jpg,Early_Blight_976.jpg,.jpg,9741,256,256,Early_Blight,False,4c8b710a2a479924b9efd3c89fe522be6f1df32996ed665ded4c197af03af49a,aa52b503958f9e3c,
potato_pld,Training/Early_Blight/Early_Blight_874.jpg,Early_Blight_874.jpg,.jpg,8888,256,256,Early_Blight,False,e6bafd0036051f124a226fb3ca41a7faa1a5ca4e8b3b41fc6220f3c13c7264b9,ffa0b5d4d082d247,
potato_pld,Training/Early_Blight/Early_Blight_1214.jpg,Early_Blight_1214.jpg,.jpg,10491,256,256,Early_Blight,False,aebea9ef0febe85c5517825f87008654383f80274b9700d8bdd7292f21e6aeb2,fac3a1a8d2bc9714,
potato_pld,Training/Early_Blight/Early_Blight_1050.jpg,Early_Blight_1050.jpg,.jpg,10178,256,256,Early_Blight,False,dbc478710ab40befda32af086be06dd3553d60b716aeddd2114c072ec7a3c1ab,aabbadf4d0c2904d,
potato_pld,Training/Early_Blight/Early_Blight_451.jpg,Early_Blight_451.jpg,.jpg,8752,256,256,Early_Blight,False,1d6a3aa308dd18e6467e77c3211ceda8d4bc4592bc5aff453be05827ec71a191,ff9ba0f896a0c283,
potato_pld,Training/Early_Blight/Early_Blight_661.jpg,Early_Blight_661.jpg,.jpg,9427,256,256,Early_Blight,False,eb0c851d5ab7e1365635edeb6d58d19e8088374ada86a5f0002f35d97536747d,f8e8b101d37782f2,
potato_pld,Training/Early_Blight/Early_Blight_1085.jpg,Early_Blight_1085.jpg,.jpg,11574,256,256,Early_Blight,False,edebefc2531eaaef4d9083a6916dde5c39a6a39fce67633b84486c8eba26a30a,fa8ce1ec850486df,
potato_pld,Training/Early_Blight/Early_Blight_558.jpg,Early_Blight_558.jpg,.jpg,9668,256,256,Early_Blight,False,03adabc443ea5b461f4ccc15ece9aaac69ccfa1b393936f7e7b958061a680df3,aae4e586959e925c,
potato_pld,Training/Early_Blight/Early_Blight_1219.jpg,Early_Blight_1219.jpg,.jpg,11483,256,256,Early_Blight,False,15e1da25e6d3f237116350a003465ab4e309391de67ca516a0315802c10e1e5f,ab95e196819e971a,
potato_pld,Training/Early_Blight/Early_Blight_933.jpg,Early_Blight_933.jpg,.jpg,9924,256,256,Early_Blight,False,78a9eab67a0844c7a107dc46a1115f8ece3f14ce4662b78c2060b6af8395d260,bae3b142d30b8b2d,
potato_pld,Training/Early_Blight/Early_Blight_575.jpg,Early_Blight_575.jpg,.jpg,8594,256,256,Early_Blight,False,9c531a8a6de8a944d37d1e0ed417d725b2d22fc2a17109f249249b3dcc0e3872,aee4e506941f9a3c,
potato_pld,Training/Early_Blight/Early_Blight_41.jpg,Early_Blight_41.jpg,.jpg,7791,256,256,Early_Blight,False,ce3c0bb7e2094043f0bf7bc7c438fd47ea7e5b9fcc12a53e363a9f7b248ed48c,bbdbb1a8d0d193a0,
potato_pld,Training/Early_Blight/Early_Blight_102.jpg,Early_Blight_102.jpg,.jpg,9959,256,256,Early_Blight,False,31aeb9062e21058dee50947c8354fb6443ca4423306e0b1da5e271e737544b7a,bbdbb088d1d4cb06,
potato_pld,Training/Early_Blight/Early_Blight_1047.jpg,Early_Blight_1047.jpg,.jpg,10510,256,256,Early_Blight,False,d03aee7417825915f5d380855967de16b39bb6cb8c2009d29d2906fa6b123902,ebc0a0afd7fc9600,
potato_pld,Training/Early_Blight/Early_Blight_313.jpg,Early_Blight_313.jpg,.jpg,8019,256,256,Early_Blight,False,26c20ada9039823e11a75fd8ef490b182dba763aff7f7ff3c86e1b88a7137191,af1ee4f085a09ec3,
potato_pld,Training/Early_Blight/Early_Blight_773.jpg,Early_Blight_773.jpg,.jpg,10685,256,256,Early_Blight,False,f62e90667a26de5fd61d67f4089b666e423a1c621359ffdf0d56b5a90ad6b713,bf8db5a8d2d0cb20,
potato_pld,Training/Early_Blight/Early_Blight_350.jpg,Early_Blight_350.jpg,.jpg,10268,256,256,Early_Blight,False,50a0a6b7f559fb9944e4128c0dd863ecdbfb040085d45154e976d3343061da87,eaf8e58185d79682,
potato_pld,Training/Early_Blight/Early_Blight_77.jpg,Early_Blight_77.jpg,.jpg,7951,256,256,Early_Blight,False,20f7fb6d9a5ab4f5de2a62d0944870d49c869cfbb8bf82c425a0122eb3d3b259,aec3a51b953a9a70,
potato_pld,Training/Early_Blight/Early_Blight_1002.jpg,Early_Blight_1002.jpg,.jpg,10924,256,256,Early_Blight,False,be4ea4df44effc33c17ddb350ac7744c9745a19a156ad2c675aee52ef4ad3728,aebcb4d2d04a896d,
potato_pld,Training/Early_Blight/Early_Blight_390.jpg,Early_Blight_390.jpg,.jpg,10391,256,256,Early_Blight,False,d75c71e09df3bc67ba243d43c4ec01fd574b37437907ab3b9fab26f7c9f2fa3e,bef1b580d405da87,
potato_pld,Training/Early_Blight/Early_Blight_140.jpg,Early_Blight_140.jpg,.jpg,14506,256,256,Early_Blight,False,6ebc447e880f46707e09162e1a42d7af913e9bf6104eba166e4f6be74e8fe9c6,fa9be0f895a19087,
potato_pld,Training/Early_Blight/Early_Blight_507.jpg,Early_Blight_507.jpg,.jpg,6623,256,256,Early_Blight,False,0047345d83276830953668287028cdc79a30e6cde607a2b4cae55c40a10dc83d,eb4af5a9e0a58315,
potato_pld,Training/Early_Blight/Early_Blight_930.jpg,Early_Blight_930.jpg,.jpg,9923,256,256,Early_Blight,False,a2c92060f60daf49d73e63e97810ab4bb8779410270c385dc26c493385681866,bed4b0d0d04b8b6d,
potato_pld,Training/Early_Blight/Early_Blight_328.jpg,Early_Blight_328.jpg,.jpg,9176,256,256,Early_Blight,False,fe31140257d2790e94e63ff497b2cac203c19bab36ab7abd4b106531127ebc58,ae5ae4a9c2a587c6,
potato_pld,Training/Early_Blight/Early_Blight_923.jpg,Early_Blight_923.jpg,.jpg,16657,256,256,Early_Blight,False,8c668892741a8bd9ebc882b8d1bf2d2d01ce97a89a36f47d61ec4c37c8c74483,eac6e1a0878f959c,
potato_pld,Training/Early_Blight/Early_Blight_1160.jpg,Early_Blight_1160.jpg,.jpg,8327,256,256,Early_Blight,False,246df26c49744a6988306277d3d9ebc08130479c8b3b7f2e7b91f03ae141bc4d,aa95c15acf6a2d62,
potato_pld,Training/Early_Blight/Early_Blight_612.jpg,Early_Blight_612.jpg,.jpg,9759,256,256,Early_Blight,False,fd89835ebbfbf6adc8c0a05bc6cfe6881af3efc8bd3191b10c48612ed2b1ffa1,ee39a479852196e5,
potato_pld,Training/Early_Blight/Early_Blight_529.jpg,Early_Blight_529.jpg,.jpg,7769,256,256,Early_Blight,False,7202d0961aef15db073c34c77774201cf5cd23a8e194151cfee4c807addcbf7d,af1bb4b9d2b182d0,
potato_pld,Training/Early_Blight/Early_Blight_624.jpg,Early_Blight_624.jpg,.jpg,9200,256,256,Early_Blight,False,f04bd48765d55ac17ec56506392a215a8618ccf1b17528fdd4aa70e85e962d65,bb46b1aed3740b22,
potato_pld,Training/Early_Blight/Early_Blight_1055.jpg,Early_Blight_1055.jpg,.jpg,9720,256,256,Early_Blight,False,a735edecc70ac01f220564472b00ec5937d20049ce2813237729fdd592b91716,aa99e4ba85d097c3,
potato_pld,Training/Early_Blight/Early_Blight_858.jpg,Early_Blight_858.jpg,.jpg,8810,256,256,Early_Blight,False,c4137a3714588361c5fb196cc5713805ceed8e36f2bc52e408db4585413c2769,eac6c586951eb538,
potato_pld,Training/Early_Blight/Early_Blight_92.jpg,Early_Blight_92.jpg,.jpg,9181,256,256,Early_Blight,False,8136ffd6cd6a22c972325c0c49fcb2946ef97058ffd088ef5ee916f9726f8602,bb6cb125d0b68b92,
potato_pld,Training/Early_Blight/Early_Blight_565.jpg,Early_Blight_565.jpg,.jpg,9407,256,256,Early_Blight,False,996a817bae7f07d68978f1f3e13f9dd312acec5d652b0e068a9ed73eee178b09,bf9af219c02dc16c,
potato_pld,Training/Early_Blight/Early_Blight_1100.jpg,Early_Blight_1100.jpg,.jpg,10416,256,256,Early_Blight,False,570eb9d30675bdb19d454b43518ccd2121eed248fa801524b1a89bb43871d1c6,ae9dd45ac96894e4,
potato_pld,Training/Early_Blight/Early_Blight_295.jpg,Early_Blight_295.jpg,.jpg,8388,256,256,Early_Blight,False,6a91a238000efabe00239c47f22ea567c7fe4714f2dbee09ccea6b942c0497c2,aef2d422c20fcb3c,
potato_pld,Training/Early_Blight/Early_Blight_425.jpg,Early_Blight_425.jpg,.jpg,8740,256,256,Early_Blight,False,a3d1bf15249e189d24b3510490be30b33a72638531d37811d77f76a9ee58371e,ee8be0f087819e17,
potato_pld,Training/Early_Blight/Early_Blight_1148.jpg,Early_Blight_1148.jpg,.jpg,8524,256,256,Early_Blight,False,c132f081caba91c53db53b22f51da8140bf25e988d5bbef538a96c9671ef66f5,abd2e492528f7a2c,
potato_pld,Training/Early_Blight/Early_Blight_819.jpg,Early_Blight_819.jpg,.jpg,9548,256,256,Early_Blight,False,38eaaae76a70ce55bb9072529d1d7b5534271aad6e548daa4ce52a9ecfb56aeb,bbd0e113d10b8b6d,
potato_pld,Training/Early_Blight/Early_Blight_364.jpg,Early_Blight_364.jpg,.jpg,8086,256,256,Early_Blight,False,e00717b88c2a7d277b657e58f058b128a625254ae2b03d8118d4f53873a8be71,eeaba41396e2ce82,
potato_pld,Training/Early_Blight/Early_Blight_327.jpg,Early_Blight_327.jpg,.jpg,8290,256,256,Early_Blight,False,9dc1bcd36b46ea12f5d1dff8a0bbcb9c32eb65b2d46592a446cce78f95864bde,afe0d0879707dc16,
potato_pld,Training/Early_Blight/Early_Blight_911.jpg,Early_Blight_911.jpg,.jpg,10055,256,256,Early_Blight,False,5b78391a043496b4d6a2633c96a69afb4afd77e98389a2e86a906f13c04fdc3c,eacee0cdc12d8b34,
potato_pld,Training/Early_Blight/Early_Blight_3.jpg,Early_Blight_3.jpg,.jpg,9975,256,256,Early_Blight,False,8f30dfb82d57d78fc6cb6b0ad1f74651c3c8dcff47d9ee6604bd7b5ee3be2884,bbf0b141910bdb0f,
potato_pld,Training/Early_Blight/Early_Blight_820.jpg,Early_Blight_820.jpg,.jpg,9583,256,256,Early_Blight,False,2d541dc312d3b85ffa486241f83df900b53b832d707544fd0f02131c4b788d8d,abc4b197d51ad22a,
potato_pld,Training/Early_Blight/Early_Blight_412.jpg,Early_Blight_412.jpg,.jpg,6356,256,256,Early_Blight,False,80c77be495c4f25f0750a252e6b1754d02a4e41534891562f8f71f54aeeead85,ae17a15ec748ce61,
potato_pld,Training/Early_Blight/Early_Blight_448.jpg,Early_Blight_448.jpg,.jpg,7313,256,256,Early_Blight,False,2a2c701bce55003d00dbec56cdfbb483da5ece04fa2d2c7fef2eb34acaeca582,ffce80f893801b1e,
potato_pld,Training/Early_Blight/Early_Blight_671.jpg,Early_Blight_671.jpg,.jpg,9240,256,256,Early_Blight,False,b4f4a2ff1b0ba90d9386bdb746cdbc3ec82105be3885fc6680f35fef879ccdb4,fec4e44e827e7520,
potato_pld,Training/Early_Blight/Early_Blight_659.jpg,Early_Blight_659.jpg,.jpg,8734,256,256,Early_Blight,False,093e3968190e7290253249056f26d9609226933c382a1642e7b78a19007a819c,aec7b44e563c0b34,
potato_pld,Training/Early_Blight/Early_Blight_284.jpg,Early_Blight_284.jpg,.jpg,7116,256,256,Early_Blight,False,c5a804dccba7cc19640b785431e26ad15ac7a2c84cb69e5176970d39c8eb1b16,aa68a005d54f96fe,
potato_pld,Training/Early_Blight/Early_Blight_1232.jpg,Early_Blight_1232.jpg,.jpg,10102,256,256,Early_Blight,False,647f5367654e7ea0f8105a73526d7343c5fbba24578182d699995d12498250c2,aa68f1a982949f97,
potato_pld,Training/Early_Blight/Early_Blight_731.jpg,Early_Blight_731.jpg,.jpg,8614,256,256,Early_Blight,False,ea83aed02d3d47518bbcc2e91e1a5344a6f9c4351f95c573229c5245ef744e80,eb8af07587029657,
potato_pld,Training/Early_Blight/Early_Blight_812.jpg,Early_Blight_812.jpg,.jpg,10664,256,256,Early_Blight,False,fd431e503b4c50fcae0c7929685b09e80374f09f7038ef586e60b76e61047876,ea62e18585bf9f10,
potato_pld,Training/Early_Blight/Early_Blight_686.jpg,Early_Blight_686.jpg,.jpg,10973,256,256,Early_Blight,False,7653e5df5469ff7597f1797c51ae058ef554c209ba3f9707007fc10a33cd8103,fabaa17095a19687,
potato_pld,Training/Early_Blight/Early_Blight_828.jpg,Early_Blight_828.jpg,.jpg,9826,256,256,Early_Blight,False,bc51e3453e2955b3dadea82f41c38b76c5611f7a9af8d16ec13980f949dbc068,aee0a456948eda6d,
potato_pld,Training/Early_Blight/Early_Blight_505.jpg,Early_Blight_505.jpg,.jpg,7386,256,256,Early_Blight,False,55f83477432c500140bbff43c602ddd91598680002a7759fab7e85d9b12c197d,beeeb4a5d016c512,
potato_pld,Training/Early_Blight/Early_Blight_232.jpg,Early_Blight_232.jpg,.jpg,8903,256,256,Early_Blight,False,093c57956b3fdffe1466a9671357466a6dfb044c46a1987a94fd2a2c76c4c0b6,fb9ea1b893c0c2c3,
potato_pld,Training/Early_Blight/Early_Blight_570.jpg,Early_Blight_570.jpg,.jpg,10870,256,256,Early_Blight,False,66256788d33b1f60d27661798dd80d3bbab055593c4e41167707bf4a679c062d,bf4aa4add095d314,
potato_pld,Training/Early_Blight/Early_Blight_416.jpg,Early_Blight_416.jpg,.jpg,7098,256,256,Early_Blight,False,68e5225de779e0193bdbc2ffd1f188913bdb4bcc1e0adcc3143abc3ca34e1936,abc0b52d92959f1a,
potato_pld,Training/Early_Blight/Early_Blight_699.jpg,Early_Blight_699.jpg,.jpg,9974,256,256,Early_Blight,False,0469eb5a3d738490e4309847233d3df1a72b06d102ca832f15b132f98c5bcd5e,eae5e554848a9e9c,
potato_pld,Training/Early_Blight/Early_Blight_1112.jpg,Early_Blight_1112.jpg,.jpg,9546,256,256,Early_Blight,False,9887ce709aacee2a5d25ec94e66dfb1833f15dc31636a79d90fcd518b25abe9a,bb8fb1be9160d2c0,
potato_pld,Training/Early_Blight/Early_Blight_410.jpg,Early_Blight_410.jpg,.jpg,8049,256,256,Early_Blight,False,d95a35c62f4dcc58955cd9109fdbfe5fa46f277aa411ad685f20ac2a8ba7fa84,fe9ba0f895d0c2c1,
potato_pld,Training/Early_Blight/Early_Blight_1067.jpg,Early_Blight_1067.jpg,.jpg,12056,256,256,Early_Blight,False,8b4705c0728382a761786293d0c7365149287a8bb2c6c5b08ffdb297d58061ef,bab1b1d2c14acd6c,
potato_pld,Training/Early_Blight/Early_Blight_285.jpg,Early_Blight_285.jpg,.jpg,9147,256,256,Early_Blight,False,e63f686abd9caf1a5cba31befe9f4c8a4dbc4361e964d3d482ab35b77fd958e5,ea1fe078858097eb,
potato_pld,Training/Early_Blight/Early_Blight_799.jpg,Early_Blight_799.jpg,.jpg,8677,256,256,Early_Blight,False,d4d9f236c39005205d3b8787bddc96e0eeb980ad8116a9459cf4bea7752978b4,aa9de1f295429a0f,
potato_pld,Training/Early_Blight/Early_Blight_1289.jpg,Early_Blight_1289.jpg,.jpg,12462,256,256,Early_Blight,False,e3cb8e8047535118999ed3c41de1c0b4b7a23a2d7b8208638279df09e6342585,eae295849617da1e,
potato_pld,Training/Early_Blight/Early_Blight_656.jpg,Early_Blight_656.jpg,.jpg,8610,256,256,Early_Blight,False,ed567e5a1619db0e1f76a84e99dde01dfc68590154e3f1a183cf3fc0e3c27e81,bb6ff1e880850d87,
potato_pld,Training/Early_Blight/Early_Blight_174.jpg,Early_Blight_174.jpg,.jpg,8212,256,256,Early_Blight,False,f3013d81d1373979794a164407916475b530e056ec1183fc012687c4afa519b6,aee4e484c58e9e5c,
potato_pld,Training/Early_Blight/Early_Blight_577.jpg,Early_Blight_577.jpg,.jpg,10335,256,256,Early_Blight,False,f1277a7d45357ca9e6cf1da482f10ad5a57dfc52490d4bf3d7553ac7fc984092,be65e0ce870c963c,
potato_pld,Training/Early_Blight/Early_Blight_1169.jpg,Early_Blight_1169.jpg,.jpg,11299,256,256,Early_Blight,False,58bbd72a956fc79e4d7df83c7123c781903411141f2680d93ef3a0bd099431d7,ffeab4a4d055c00e,
potato_pld,Training/Early_Blight/Early_Blight_961.jpg,Early_Blight_961.jpg,.jpg,10179,256,256,Early_Blight,False,84013eb617d2ff3df6ca2e1702c0f86df91dba12be5dd1d018b488de231ad963,eae9e0c9850d9db8,
potato_pld,Training/Early_Blight/Early_Blight_20.jpg,Early_Blight_20.jpg,.jpg,10355,256,256,Early_Blight,False,3e03f9febe812d6d12e864a1fa563b7fd20b59ad1aa4ccf23f70e1f515709358,abeda105953e9638,
potato_pld,Training/Early_Blight/Early_Blight_114.jpg,Early_Blight_114.jpg,.jpg,8683,256,256,Early_Blight,False,c46a2169625d4b9532fc9b46703da9f0ad1e5bb165344ef21db0643d4f091996,ba9cf0a881e49fc5,
potato_pld,Training/Early_Blight/Early_Blight_539.jpg,Early_Blight_539.jpg,.jpg,7723,256,256,Early_Blight,False,2e2d9bd53f2785b1b64160543428ce1542523ae7dfc9574fb282bb2d24fd7d63,bf0790b5d0f6d0d0,
potato_pld,Training/Early_Blight/Early_Blight_906.jpg,Early_Blight_906.jpg,.jpg,11824,256,256,Early_Blight,False,488989b5b0dc74f51843a8d1a83dd65b1540995845465ccee7ecd6eb02ef4ce0,fa1ab5bb90a19295,
potato_pld,Training/Early_Blight/Early_Blight_941.jpg,Early_Blight_941.jpg,.jpg,8017,256,256,Early_Blight,False,359f43b99df47ed7e055a41fb152a0912a0e54f3a17d813042a517b10bdacc1c,bbc4e4ac86159f32,
potato_pld,Training/Early_Blight/Early_Blight_560.jpg,Early_Blight_560.jpg,.jpg,9971,256,256,Early_Blight,False,5f5cafd1ae2ea79dfbb7ab5e7db0f60c9c28ca9c9c3b93429b8aace7cf13ef7d,baf1b151d00bd32d,
potato_pld,Training/Early_Blight/Early_Blight_21.jpg,Early_Blight_21.jpg,.jpg,9343,256,256,Early_Blight,False,36bdcd89a791f51bf25d212d2246a88fb87c582f46a4e8a095bfa064987b105b,aee4e445853e9e38,
potato_pld,Training/Early_Blight/Early_Blight_1198.jpg,Early_Blight_1198.jpg,.jpg,9689,256,256,Early_Blight,False,1a2d1509c4366c2baad60d3322a5af9a2e5e3ad31d0ab354d7084d71a88d236c,f88d81dcd78a8a69,
potato_pld,Training/Early_Blight/Early_Blight_442.jpg,Early_Blight_442.jpg,.jpg,7132,256,256,Early_Blight,False,3d17a40bdc93ee29eada5aed0b653fd02d678fc478e4812812bc1c7baf0a2f68,bf8eb1acd0f4c290,
potato_pld,Training/Early_Blight/Early_Blight_288.jpg,Early_Blight_288.jpg,.jpg,7517,256,256,Early_Blight,False,da0c0cfad466ed11ab5c1c3a9949a56265fdb52a2d7b7b01cd5596c5fa5166dd,aae4a506d63eda38,
potato_pld,Training/Early_Blight/Early_Blight_563.jpg,Early_Blight_563.jpg,.jpg,9593,256,256,Early_Blight,False,a42b9e8ebcc5aa4ddc55988a29723b65d0bd788ad8762a04ba0e84bed1464308,abe4b406851fde38,
potato_pld,Training/Early_Blight/Early_Blight_204.jpg,Early_Blight_204.jpg,.jpg,8773,256,256,Early_Blight,False,9ec8a53ac188356a936fa7b59913336f36f72ce12c2156208b1e6d5b04c96bfb,aa52a5ab85959697,
potato_pld,Training/Early_Blight/Early_Blight_1220.jpg,Early_Blight_1220.jpg,.jpg,7755,256,256,Early_Blight,False,47503495a048e7d806e07626f63ec763a2448b7d54d1ab381b04a8e04242bad8,bac4b592c08b8fcb,
potato_pld,Training/Early_Blight/Early_Blight_36.jpg,Early_Blight_36.jpg,.jpg,8185,256,256,Early_Blight,False,06b5b940a938dd073fe1ed7ef4815a989be97e9fcbe60cfaec6e3ded9bc63737,bf97b45a8049d1a9,
potato_pld,Training/Early_Blight/Early_Blight_294.jpg,Early_Blight_294.jpg,.jpg,7807,256,256,Early_Blight,False,5f23a1aef51b77be52a4624c3ca48aa3837164bfc037d55024a1547600a3c7b3,abe6b5c4d0c64a96,
potato_pld,Training/Early_Blight/Early_Blight_1208.jpg,Early_Blight_1208.jpg,.jpg,8340,256,256,Early_Blight,False,825e2142121403413fbd2ed496ae2c6f2819c1064d36413b65804c0c1e178b9b,fe7ea0a0839587d2,
potato_pld,Training/Early_Blight/Early_Blight_143.jpg,Early_Blight_143.jpg,.jpg,10231,256,256,Early_Blight,False,9818aa8cda11ebd60818c9f5fdac982caac99a082ec4231e789de2a9c66a9536,aee4a446963ed83c,
potato_pld,Training/Early_Blight/Early_Blight_1151.jpg,Early_Blight_1151.jpg,.jpg,9386,256,256,Early_Blight,False,ee689c67d4f562ff392b96067b72834693a02188509e6a8409809978c9e3f4ac,bbc2b1af90159f12,
potato_pld,Training/Early_Blight/Early_Blight_713.jpg,Early_Blight_713.jpg,.jpg,9290,256,256,Early_Blight,False,6f33edd3d619c5e8efea0b74f514a42afd7a54d56df0223371ab956f03830223,abc2b0a991959b9e,
potato_pld,Training/Early_Blight/Early_Blight_44.jpg,Early_Blight_44.jpg,.jpg,8383,256,256,Early_Blight,False,16002c47782e21ec8f51557b6a679f0f5e63a6d3dd896549ac1d725695aeef34,ae9be4b884e18ec3,
potato_pld,Training/Early_Blight/Early_Blight_99.jpg,Early_Blight_99.jpg,.jpg,8134,256,256,Early_Blight,False,02d66852b1da80b0beb5aee84c1135d5cb84f211823af7be98faeb9405629dee,aa37e5f28602962f,
potato_pld,Training/Early_Blight/Early_Blight_592.jpg,Early_Blight_592.jpg,.jpg,10379,256,256,Early_Blight,False,5c455ae820f36b9053bcaa190eb308e4868e4d4054da9dbdb5edfed7fcf3495e,be86b4d6d04a922f,
potato_pld,Training/Early_Blight/Early_Blight_460.jpg,Early_Blight_460.jpg,.jpg,7398,256,256,Early_Blight,False,4361184692e20879dd25ac195a4d49154643d2c30503e0cc8c0daaab7ea06b99,bf9eb098d1d8ca48,
potato_pld,Training/Early_Blight/Early_Blight_195.jpg,Early_Blight_195.jpg,.jpg,9821,256,256,Early_Blight,False,2a4bbe99b88f31b7d80e50ae9ec0a31c75f6486225bebf85a6c1f180a99169cb,aa42e58f85fd8694,
potato_pld,Training/Early_Blight/Early_Blight_49.jpg,Early_Blight_49.jpg,.jpg,7992,256,256,Early_Blight,False,5fe7c6088ad21d8bf1e309787ddeb76a81ddd3573831cfd1b55ba2140e617e65,bee2a083951fda38,
potato_pld,Training/Early_Blight/Early_Blight_786.jpg,Early_Blight_786.jpg,.jpg,9752,256,256,Early_Blight,False,75ef222baabe41844edddf2d11549e16211af694ffac1b5f6b3c59a8565fd684,ae18f4ad86e18ec5,
potato_pld,Training/Early_Blight/Early_Blight_113.jpg,Early_Blight_113.jpg,.jpg,9379,256,256,Early_Blight,False,bfa1552c69a4a6941f0c3555b161b21d917bc58be66c6f94c415538fb2131c94,ea96a1f495929e0b,
potato_pld,Training/Early_Blight/Early_Blight_1136.jpg,Early_Blight_1136.jpg,.jpg,10527,256,256,Early_Blight,False,3b5ce0f2daeda9c9701b65992926bd9eee8414b3abef183a20a2a1ce1f0593df,bab8b098d20dcbec,
potato_pld,Training/Early_Blight/Early_Blight_749.jpg,Early_Blight_749.jpg,.jpg,10786,256,256,Early_Blight,False,145ee5f4b15a010e01b7278572b0aedcb41185ab8b4bb6f12cb1dfc68aa99faf,ffa8e0c481df870a,
potato_pld,Training/Early_Blight/Early_Blight_688.jpg,Early_Blight_688.jpg,.jpg,9115,256,256,Early_Blight,False,ee208741dd4689e1ad47edc5700e0497027334b68cccce6b4f363fce90003028,afe980a987951f98,
potato_pld,Training/Early_Blight/Early_Blight_898.jpg,Early_Blight_898.jpg,.jpg,11289,256,256,Early_Blight,False,99570df36466f563630e77a1a8f28927092ff2050c369415756e66f470f79da3,aadbe1ba82a196a5,
potato_pld,Training/Early_Blight/Early_Blight_457.jpg,Early_Blight_457.jpg,.jpg,6275,256,256,Early_Blight,False,6f423c84933da935d380e9abc0fe15bc52b535cdcd18561110c0960a96fde473,aa1ba5f897e190c5,
potato_pld,Training/Early_Blight/Early_Blight_95.jpg,Early_Blight_95.jpg,.jpg,9149,256,256,Early_Blight,False,f66fe32e9ee126915348fdcf09080a3bc91e543df507b3dc693601940a4d1615,ab85f57ac400876f,
potato_pld,Training/Early_Blight/Early_Blight_887.jpg,Early_Blight_887.jpg,.jpg,11893,256,256,Early_Blight,False,84a0f10bb416bfb8ecee044532c4272d8e22320e5124fce588822e74efdc3e8b,abb1f092c15b836b,
potato_pld,Training/Early_Blight/Early_Blight_226.jpg,Early_Blight_226.jpg,.jpg,9178,256,256,Early_Blight,False,c6c8d59969a093ed765ecabd4b3ce8afac659080c51196d2f617e55ef3ee6902,ff1eb41ed2e88340,
potato_pld,Training/Early_Blight/Early_Blight_1212.jpg,Early_Blight_1212.jpg,.jpg,8277,256,256,Early_Blight,False,c0d3044aaae83b47fe03952110b142a06c6c41563689547146c100146812ee77,fa91e0908799dec9,
potato_pld,Training/Early_Blight/Early_Blight_919.jpg,Early_Blight_919.jpg,.jpg,12151,256,256,Early_Blight,False,98bb3cde1f94a71d1b0039754d0611b5bc055c476d1d625e97c6f943fe0fe9c4,aac5b5aab1479526,
potato_pld,Training/Early_Blight/Early_Blight_426.jpg,Early_Blight_426.jpg,.jpg,6991,256,256,Early_Blight,False,34dce67394902bfa30d36d3515abd88368673c114389b949838dc1fe66cfe4ba,ab13a05ac58b96dd,
potato_pld,Training/Early_Blight/Early_Blight_1195.jpg,Early_Blight_1195.jpg,.jpg,9355,256,256,Early_Blight,False,9aa8fdb93e4d20a8b38a36c59ab65ef08d4dae36994f5fbd34fe36f1fb0d1399,bd28f0d5d28a8b1e,
potato_pld,Training/Early_Blight/Early_Blight_853.jpg,Early_Blight_853.jpg,.jpg,8917,256,256,Early_Blight,False,43185031b66afa7b90919d59ed1b2117ccb5b959a34f8077431ab1bced05d98f,bf50f029d015cabe,
potato_pld,Training/Early_Blight/Early_Blight_684.jpg,Early_Blight_684.jpg,.jpg,8642,256,256,Early_Blight,False,c8eddbf725fe2d6dd3ef14380b7d90b71c07b0eb576d31aabef45a01a3fcb8d8,ffbcf0d083a8cb40,
potato_pld,Training/Early_Blight/Early_Blight_600.jpg,Early_Blight_600.jpg,.jpg,9816,256,256,Early_Blight,False,ea6840722fbf51691c248e53f2c0528a6a8386be3d3030388a03fbc0e856194b,bfe8b4a1d097c292,
potato_pld,Training/Early_Blight/Early_Blight_841.jpg,Early_Blight_841.jpg,.jpg,8254,256,256,Early_Blight,False,23ddc0ac91236aab1f187a6985762e67a688f55eb472ea06f2d588b48dcfb206,af94f45ac04bc3a9,
potato_pld,Training/Early_Blight/Early_Blight_500.jpg,Early_Blight_500.jpg,.jpg,7328,256,256,Early_Blight,False,f5d881d6980730369f045bffac4f3481c89ea98df5c008eb948a0b09839390dd,aa1be47b85e09cc5,
potato_pld,Training/Early_Blight/Early_Blight_352.jpg,Early_Blight_352.jpg,.jpg,8275,256,256,Early_Blight,False,e3e53471bf0f1ad6ea56db0c5a003c7d033de00760a12424ae67350e0bdf7f5e,ead2a10385bf9794,
potato_pld,Training/Early_Blight/Early_Blight_1171.jpg,Early_Blight_1171.jpg,.jpg,9497,256,256,Early_Blight,False,245e43a48482f11d0033b1a4050168677a352cd733514c30005cf45e4f3b65b9,ffbce45086f38a01,
potato_pld,Training/Early_Blight/Early_Blight_397.jpg,Early_Blight_397.jpg,.jpg,5549,256,256,Early_Blight,False,30a642ce7f23b71d8ead91005ef871377e1a7dd9cc96f28f1aa53f2d8c3d7d84,aa9ec4f086c09e6f,
potato_pld,Training/Early_Blight/Early_Blight_1227.jpg,Early_Blight_1227.jpg,.jpg,10686,256,256,Early_Blight,False,c5819ad29511767f3e93ded34d5ce02021286ca1df1aaa777813395f372354dd,f454f0d780168f7a,
potato_pld,Training/Early_Blight/Early_Blight_1153.jpg,Early_Blight_1153.jpg,.jpg,11816,256,256,Early_Blight,False,c5cf2b098869bd57e6c43c3d64b58cbed45fb48e202c10eb7305335cf76f9b1f,bac3e50a922f0a7d,
potato_pld,Training/Early_Blight/Early_Blight_1132.jpg,Early_Blight_1132.jpg,.jpg,12339,256,256,Early_Blight,False,70b6bf630cba136fd60959d1a7a2447ce70b3574dd716f1b85f578e5464803f4,aa48e10f857d9ea5,
potato_pld,Training/Early_Blight/Early_Blight_1146.jpg,Early_Blight_1146.jpg,.jpg,10205,256,256,Early_Blight,False,3227d6ee36b06930668cc99d942560f5e80b266d152eb4de1c4ebcf96b628b0f,afeeb4e0d0e4ca42,
potato_pld,Training/Early_Blight/Early_Blight_746.jpg,Early_Blight_746.jpg,.jpg,10639,256,256,Early_Blight,False,ac6017356c1ef235b465616d8c82d771415435136454924e51c9d6ed4ef32016,be86b0d4d146ca4f,
potato_pld,Training/Early_Blight/Early_Blight_718.jpg,Early_Blight_718.jpg,.jpg,10966,256,256,Early_Blight,False,22d8b1bd2d34a86876ecd35c336cc92a9f2eef7341f68f879e02629796d8538b,bae4e592c016d72e,
potato_pld,Training/Early_Blight/Early_Blight_522.jpg,Early_Blight_522.jpg,.jpg,8442,256,256,Early_Blight,False,7e04b26ba56e0a5c720d66531e011b14db2fd5cf8611fede6092a545d008b37f,aa3bb5f0946192a7,
potato_pld,Training/Early_Blight/Early_Blight_1287.jpg,Early_Blight_1287.jpg,.jpg,12575,256,256,Early_Blight,False,ce29d3a38b07e2068bb2f6def743fb9d0034d3c7f4058b50ebde2f6e0a760c76,eba9859483b2d792,
potato_pld,Training/Early_Blight/Early_Blight_151.jpg,Early_Blight_151.jpg,.jpg,9567,256,256,Early_Blight,False,2032f7b45ef79ddd499f6588328da7852f93602ce5ed5aa4b7040dc0774687ff,ffafe0b4c19082d2,
potato_pld,Training/Early_Blight/Early_Blight_386.jpg,Early_Blight_386.jpg,.jpg,11901,256,256,Early_Blight,False,69092d423acfcb8ce54c0ae42c968d3aa2cce4c19d33fb08a07aa65832f511c9,abc0b5ef94459287,
potato_pld,Training/Early_Blight/Early_Blight_535.jpg,Early_Blight_535.jpg,.jpg,7864,256,256,Early_Blight,False,9790dbcf63374e66d839eb7e61c3b658d5ab4d763e98c242e405aa5bae065039,aee08525d735da32,
potato_pld,Training/Early_Blight/Early_Blight_922.jpg,Early_Blight_922.jpg,.jpg,9825,256,256,Early_Blight,False,ee007ddf2f2f820729b13efe9e974adb4c18a1fab585cc7d12341ed50826f667,aed9e1bb84e096c1,
potato_pld,Training/Early_Blight/Early_Blight_1090.jpg,Early_Blight_1090.jpg,.jpg,9404,256,256,Early_Blight,False,4c9900f7994eb54740e0a500ed6b7cc76d71a150d2ce01bdcc73bdc7783d3af8,aa9ba5f0958286d7,
potato_pld,Training/Early_Blight/Early_Blight_105.jpg,Early_Blight_105.jpg,.jpg,10505,256,256,Early_Blight,False,7733040bd72145695c01f202e514424c149aa870b26206b89da7135b07ad65fb,eb12e1fa85a096a7,
potato_pld,Training/Early_Blight/Early_Blight_67.jpg,Early_Blight_67.jpg,.jpg,8969,256,256,Early_Blight,False,857cd94ec09595745eea67ef15167b7278b869421cec1e6b44fb0216d875374b,aaf6a487955e8a1a,
potato_pld,Training/Early_Blight/Early_Blight_924.jpg,Early_Blight_924.jpg,.jpg,12798,256,256,Early_Blight,False,37899c05267103cc86af323e5d718da5e5124bdb8c532fae43f4676126067e7d,bbc6f13ed0b482b0,
potato_pld,Training/Early_Blight/Early_Blight_109.jpg,Early_Blight_109.jpg,.jpg,8848,256,256,Early_Blight,False,cfe54d00951c52b0242c9684cc3f12d9d8eaa7f883fa32f81cd3d5c5dadea12b,bff9b091d21b8b01,
potato_pld,Training/Early_Blight/Early_Blight_904.jpg,Early_Blight_904.jpg,.jpg,13710,256,256,Early_Blight,False,50351755aa33778aede9b5eb3a159ced001382ff49e6cbf7af35d23622edec2b,eab1a1a08707ded6,
potato_pld,Training/Early_Blight/Early_Blight_233.jpg,Early_Blight_233.jpg,.jpg,9824,256,256,Early_Blight,False,bc57aa7b7a49bdb357e9ba49f00f9ecda4b4787e59d6989e499a2b90c8fcdd9f,bfe6b020d007c93f,
potato_pld,Training/Early_Blight/Early_Blight_1207.jpg,Early_Blight_1207.jpg,.jpg,10695,256,256,Early_Blight,False,5c942d153031cdc96b31cb507b21b2d6159c363e8702bae8f582d9cae27d790d,eb94e152874a9e69,
potato_pld,Training/Early_Blight/Early_Blight_469.jpg,Early_Blight_469.jpg,.jpg,7205,256,256,Early_Blight,False,48101e7e3ccaa55d8924da8ac9c255e93234696a7becf842f98029776cfb20e5,ee9f84f894c1988b,
potato_pld,Training/Early_Blight/Early_Blight_1185.jpg,Early_Blight_1185.jpg,.jpg,7259,256,256,Early_Blight,False,8473e275c8dc6591430a27c663c392f4ca1d339b4b8b3d4c566f70db69a135c1,af709581c21fcb8e,
potato_pld,Training/Early_Blight/Early_Blight_169.jpg,Early_Blight_169.jpg,.jpg,7747,256,256,Early_Blight,False,9d0f195cd155998f3bd589c98fd0a1301625a3ca747acd7a80d11a59436ccd4b,bef3e02382df1a88,
potato_pld,Training/Early_Blight/Early_Blight_973.jpg,Early_Blight_973.jpg,.jpg,10467,256,256,Early_Blight,False,c998b78c69bc471f650be621e39d6d74417a5639158a26a439fa1d9069c27b89,be9da1c8d66c4a25,
potato_pld,Training/Early_Blight/Early_Blight_326.jpg,Early_Blight_326.jpg,.jpg,9242,256,256,Early_Blight,False,fb92ebc92b13da06a2facfd18162807c05b0ec85f669aec4feb42ec37cc9c8be,fe4081af8aa6c9b6,
potato_pld,Training/Early_Blight/Early_Blight_346.jpg,Early_Blight_346.jpg,.jpg,9014,256,256,Early_Blight,False,363bea5764dd920990ee8b7f0d152747cc33f4967ae3db5bdf3f43bdedd3c891,fa40b0af9325c3bc,
potato_pld,Training/Early_Blight/Early_Blight_1251.jpg,Early_Blight_1251.jpg,.jpg,10666,256,256,Early_Blight,False,f17edf3c554b7f59de167f0b261d612e4bf26a7cf639617cef639259e73c7c71,ffb0b542d00bc25d,
potato_pld,Training/Early_Blight/Early_Blight_1039.jpg,Early_Blight_1039.jpg,.jpg,9765,256,256,Early_Blight,False,38ae68c4a1a228a69a11b7fd9add2be008546f9d4c1c8fc42bc201ec4845cb5d,baece544c2be1e90,
potato_pld,Training/Early_Blight/Early_Blight_1161.jpg,Early_Blight_1161.jpg,.jpg,8500,256,256,Early_Blight,False,84574891984902895100a0cd58c522654fb45417236eb7ee41c3187220db185b,af3394f2d2c20b87,
potato_pld,Training/Early_Blight/Early_Blight_168.jpg,Early_Blight_168.jpg,.jpg,9423,256,256,Early_Blight,False,5688165b42fa04fbcaf8513f102eda79f7cbf5f02cd462d56421f06d3bbebac4,bbb0b15cd0e84bc5,
potato_pld,Training/Early_Blight/Early_Blight_871.jpg,Early_Blight_871.jpg,.jpg,8281,256,256,Early_Blight,False,730d1f2b0da65305773ef0cffbfa48fb3d5dee626bec605594e820b9d27c5388,ab20f58690cfd24f,
potato_pld,Training/Early_Blight/Early_Blight_381.jpg,Early_Blight_381.jpg,.jpg,9073,256,256,Early_Blight,False,8e4712031f66f25281a0183f25bd1708857d3b0ca82680c49593666121820667,ba6eb12c91b4cb92,
potato_pld,Training/Early_Blight/Early_Blight_1091.jpg,Early_Blight_1091.jpg,.jpg,10815,256,256,Early_Blight,False,a7e46e52a5b198b6368ffdbcc2124e3d83238694fb1d1467beba184d5d2c2640,fae0a18f95bc90d4,
potato_pld,Training/Early_Blight/Early_Blight_9.jpg,Early_Blight_9.jpg,.jpg,7969,256,256,Early_Blight,False,7784f19cc67719cee8f40571ae71e1f7995746137051114c92c8f920bee3d081,ae64e40c869cdef8,
potato_pld,Training/Early_Blight/Early_Blight_1268.jpg,Early_Blight_1268.jpg,.jpg,12086,256,256,Early_Blight,False,60e61f2bb435b703be66fedb45ec492c8a6250ebf3203a718599b5d1e4fed2a8,eb2be5f08603962b,
potato_pld,Training/Early_Blight/Early_Blight_309.jpg,Early_Blight_309.jpg,.jpg,8796,256,256,Early_Blight,False,44a03a6796332446aed86759cb48e02dd942aee7fb734e4c43a0790c5eee54ab,ea56a5af86859654,
potato_pld,Training/Early_Blight/Early_Blight_1164.jpg,Early_Blight_1164.jpg,.jpg,11479,256,256,Early_Blight,False,a42c1d45d10d0c9ea766e8b258c400f8f346f3d194a2f3e432064b1bb11a4349,aa95f1c3821f097e,
potato_pld,Training/Early_Blight/Early_Blight_908.jpg,Early_Blight_908.jpg,.jpg,11111,256,256,Early_Blight,False,0fa43f5296663bdef4c12fafd24be8447cb105f0098bc22799aa9d5d17726cb7,aacaf0eb80ad83b5,
potato_pld,Training/Early_Blight/Early_Blight_602.jpg,Early_Blight_602.jpg,.jpg,8783,256,256,Early_Blight,False,3dc7fdf0ed47fc62cf19e77934d5d1735ff13a5f292dbdb98e82ee4277766e72,ea12e07885219fef,
potato_pld,Training/Early_Blight/Early_Blight_912.jpg,Early_Blight_912.jpg,.jpg,9808,256,256,Early_Blight,False,983a5f0b5e7aa18b3bd7d1dc2d86a331e0fb118c21858dfd332721a6f112878a,fac4a006973ede70,
potato_pld,Training/Early_Blight/Early_Blight_1137.jpg,Early_Blight_1137.jpg,.jpg,11305,256,256,Early_Blight,False,7d4052c2f0b90e36a9bc0f0e32d72398470fbd3f02ca00eaa0cc0a4acf361d02,abb2b1b093c19acb,
potato_pld,Training/Early_Blight/Early_Blight_54.jpg,Early_Blight_54.jpg,.jpg,7835,256,256,Early_Blight,False,193acb1f4419e2b8bb7cbfc54c387e03fd719580fa96bc0e07497f45f0fa4e89,baceb1a493948ada,
potato_pld,Training/Early_Blight/Early_Blight_974.jpg,Early_Blight_974.jpg,.jpg,11846,256,256,Early_Blight,False,15fd9fefc9d01d41df946a9980a7f9eb5466a5a8e4718809cfb4d135e743186b,aa9db1b8c5b194d1,
potato_pld,Training/Early_Blight/Early_Blight_387.jpg,Early_Blight_387.jpg,.jpg,10790,256,256,Early_Blight,False,278d8452cdfd675cb8d911dc281f29be28c8d5d3a22fb0c7d22b1832b6c4d103,fec1e08a857f9708,
potato_pld,Training/Early_Blight/Early_Blight_787.jpg,Early_Blight_787.jpg,.jpg,10464,256,256,Early_Blight,False,55bc470c28e9f1e3304b35a820cfd78e9aa73bf5bebd10ebaec02b2e9d0b5322,aacab1ab91a593b4,
potato_pld,Training/Early_Blight/Early_Blight_1042.jpg,Early_Blight_1042.jpg,.jpg,11033,256,256,Early_Blight,False,df59ffc36475affb15a882225ed1807274915107f5bec260c2ea6fc9c4007f55,aaf4e504855e9e78,
potato_pld,Training/Early_Blight/Early_Blight_245.jpg,Early_Blight_245.jpg,.jpg,9346,256,256,Early_Blight,False,15cdab8ee39ebee8f187b62ffcc4ade6ae9ff31e83b01718aa69463a8fcc5173,ebbea5f095c0d0c2,
potato_pld,Training/Early_Blight/Early_Blight_578.jpg,Early_Blight_578.jpg,.jpg,10178,256,256,Early_Blight,False,870fe982b0c8a5e22228c3587cb25a7819e45019220504e544b3210a5bbc06f1,aeb6e016c74acd68,
potato_pld,Training/Early_Blight/Early_Blight_165.jpg,Early_Blight_165.jpg,.jpg,10355,256,256,Early_Blight,False,02ed8969b23268c77121130845c38b736dade67578a521620dadcf9cc9d9ee18,aeb1cc57c1ca934a,
potato_pld,Training/Early_Blight/Early_Blight_647.jpg,Early_Blight_647.jpg,.jpg,7707,256,256,Early_Blight,False,faf277038e9f9aefce82addf6688db029e632c2f8a075edc3cf2cc995f9a0626,ffd8b081d2d5c312,
potato_pld,Training/Early_Blight/Early_Blight_542.jpg,Early_Blight_542.jpg,.jpg,7935,256,256,Early_Blight,False,3933445e243e7064ae25c150374dcce5581d72b88d2d27b9622ec74ead37df8e,aa91b552c62f253d,
potato_pld,Training/Early_Blight/Early_Blight_748.jpg,Early_Blight_748.jpg,.jpg,9953,256,256,Early_Blight,False,a2b0cc1954b844a7ed296807736847d56d89358a78c3a976494b92428c377f5d,ea9aa1b8870586f7,
potato_pld,Training/Early_Blight/Early_Blight_703.jpg,Early_Blight_703.jpg,.jpg,10065,256,256,Early_Blight,False,20635d84caec4a11d3e0822be476a89650042427949990156ed89ca1227a1879,aa38a5709683decb,
potato_pld,Training/Early_Blight/Early_Blight_266.jpg,Early_Blight_266.jpg,.jpg,9031,256,256,Early_Blight,False,3dee3842e3cc8679a07cabc15bcc90471ed2f9afe44a2b33fed4e132c45c2428,fab5e03485c2d752,
potato_pld,Training/Early_Blight/Early_Blight_253.jpg,Early_Blight_253.jpg,.jpg,11153,256,256,Early_Blight,False,a90101606c743684d829bdcdd6a033bcb19ef63926fd08a1bb64ac258c017dcd,ff58b02cd074c93a,
potato_pld,Training/Early_Blight/Early_Blight_1099.jpg,Early_Blight_1099.jpg,.jpg,9885,256,256,Early_Blight,False,f4e901bc28ae39e9a9a15a125c9e21bee37e9260d43d937ce80ce8d145a2f374,aa34e0e9857bd741,
potato_pld,Training/Early_Blight/Early_Blight_22.jpg,Early_Blight_22.jpg,.jpg,7941,256,256,Early_Blight,False,cb2e60ec6c151ba84798cc559714e8a4fad650b71c77ffeafa759da7b5f85217,bf31b052c16bcb85,
potato_pld,Training/Early_Blight/Early_Blight_56.jpg,Early_Blight_56.jpg,.jpg,8771,256,256,Early_Blight,False,165c5d0d74b4d771ebc74e33ba98d4f55e811de9f527cbdec0db28712ead4184,aab1b4d2c04bc56f,
potato_pld,Training/Early_Blight/Early_Blight_685.jpg,Early_Blight_685.jpg,.jpg,9304,256,256,Early_Blight,False,4e48b6ef2d122798a57ac5a0930cd4d2895faaa7ae5041b6da384c48bff1683b,fe9fa0f887d0c203,
potato_pld,Training/Early_Blight/Early_Blight_1005.jpg,Early_Blight_1005.jpg,.jpg,9998,256,256,Early_Blight,False,ff7e072c026c19c8e3e0831a87ffd0f3f4c8f5ff9fc8dcfdaea3e43609ce28d7,faa8e0b085839cdf,
potato_pld,Training/Early_Blight/Early_Blight_379.jpg,Early_Blight_379.jpg,.jpg,11315,256,256,Early_Blight,False,65f150c841679bb3188a82d7f3589435eae2a81ca88b83cc24e454ec2f01a98b,eac1e10f85bf8478,
potato_pld,Training/Early_Blight/Early_Blight_730.jpg,Early_Blight_730.jpg,.jpg,9707,256,256,Early_Blight,False,74250169b56308c2d2034dd41ef5fb7521a8550bd9584b0c355c8e4f93bd306d,fb8ca5fc9140caa3,
potato_pld,Training/Early_Blight/Early_Blight_715.jpg,Early_Blight_715.jpg,.jpg,9817,256,256,Early_Blight,False,4895d59d220e82ded4afa8c799f6e3baf8ee25e2c60f66be3adcf5a2a299d8c4,ab80f596860a96df,
potato_pld,Training/Early_Blight/Early_Blight_884.jpg,Early_Blight_884.jpg,.jpg,9483,256,256,Early_Blight,False,f372b5816974e6f3c999498edf7cf70b608a8e80566ea03fa134fe9b3745f9aa,ea35a1f0870395d7,
potato_pld,Training/Early_Blight/Early_Blight_223.jpg,Early_Blight_223.jpg,.jpg,8856,256,256,Early_Blight,False,fedc68b80d107b524e633b3ed81f1bd6c753c5cccec37d709ccbefd678529159,ffb4b4d2d02bc105,
potato_pld,Training/Early_Blight/Early_Blight_428.jpg,Early_Blight_428.jpg,.jpg,6444,256,256,Early_Blight,False,f23516aef1889da9fe4549fe98b28948231862a47472a555a680c01b274ec548,be9fb4f884c0c6c1,
potato_pld,Training/Early_Blight/Early_Blight_611.jpg,Early_Blight_611.jpg,.jpg,9515,256,256,Early_Blight,False,99b2e557119cf8de20d6edce66454202341d7e6dcfec5ae72266e0619ca008f6,eb96e1d285629e23,
potato_pld,Training/Early_Blight/Early_Blight_167.jpg,Early_Blight_167.jpg,.jpg,7756,256,256,Early_Blight,False,3e0c9adfaad6ea6e7626049ddf5660d7a624dfa9904e3084f2c0de3e86ac509c,bb93e1338133cb92,
potato_pld,Training/Early_Blight/Early_Blight_669.jpg,Early_Blight_669.jpg,.jpg,10111,256,256,Early_Blight,False,9d8f0d1771e35d0541953ab052a5638d098165157a458305986087549a8dd264,eed9a0a884859fe5,
potato_pld,Training/Early_Blight/Early_Blight_1102.jpg,Early_Blight_1102.jpg,.jpg,11546,256,256,Early_Blight,False,b8532a10b9d820832617991ca387c9550f562b443de165a34894813e5bca048e,aab1b552c26a9b69,
potato_pld,Training/Early_Blight/Early_Blight_1182.jpg,Early_Blight_1182.jpg,.jpg,11744,256,256,Early_Blight,False,8571eada4575db8a444ff811d2c16563331f53fea3a6c99177e890dd33506226,ff0be07c872cc6a0,
potato_pld,Training/Early_Blight/Early_Blight_348.jpg,Early_Blight_348.jpg,.jpg,10157,256,256,Early_Blight,False,832eafef3c5641bf56b364e90358c439495615014f3c0c253c12e3cc93acb7db,aa0bb1afd0f4d292,
potato_pld,Training/Early_Blight/Early_Blight_780.jpg,Early_Blight_780.jpg,.jpg,9303,256,256,Early_Blight,False,380ccc5ef8ccd3b108976dbd24089970cbc5e5fabf9c2bcd849bf77e0179ecb9,aa17e1f88582975b,
potato_pld,Training/Early_Blight/Early_Blight_464.jpg,Early_Blight_464.jpg,.jpg,9794,256,256,Early_Blight,False,3fffa756166c2308a063ade6eb25e2cb3823ee0d5e9a7a5bb9dc44b86d944993,bfc4d043883fcc3c,
potato_pld,Training/Early_Blight/Early_Blight_590.jpg,Early_Blight_590.jpg,.jpg,11696,256,256,Early_Blight,False,e688f52aa715847d88700f78f2a4069b6159a0eeeb75a325e122179042615414,fa9cb49ad0488be9,
potato_pld,Training/Early_Blight/Early_Blight_709.jpg,Early_Blight_709.jpg,.jpg,9906,256,256,Early_Blight,False,64d674ef4b655c4f2d3246b930be0615d7e57550a359b22eb850b107e722a079,eac9e0f985e19685,
potato_pld,Training/Early_Blight/Early_Blight_555.jpg,Early_Blight_555.jpg,.jpg,9206,256,256,Early_Blight,False,6f0014281bb132eb30faa05cb028e6fa31dcacf9a5620717dc3213f747ac0346,aadcb180935ddb68,
potato_pld,Training/Early_Blight/Early_Blight_920.jpg,Early_Blight_920.jpg,.jpg,10274,256,256,Early_Blight,False,f3f373ed7e2cabfa168788f3329ed4e91c0f639a34db93716c812de8d0bdf229,bf3db5f0d080c2c3,
potato_pld,Training/Early_Blight/Early_Blight_353.jpg,Early_Blight_353.jpg,.jpg,7710,256,256,Early_Blight,False,94b8648ca6bf2fad819942a3797bc37d442ad3a64752ad2e8daf0dc7fc140fee,aa96a1ea87cd9626,
potato_pld,Training/Early_Blight/Early_Blight_905.jpg,Early_Blight_905.jpg,.jpg,11479,256,256,Early_Blight,False,b2778c243bee6ebbbdc44ee6b63163b32a2b853d1583bdbf4d93756ab0802737,abeca1bc95a19a86,
potato_pld,Training/Early_Blight/Early_Blight_739.jpg,Early_Blight_739.jpg,.jpg,11524,256,256,Early_Blight,False,41d540bde9ecdfee0c32489f33f87b64f334a186bc1e7d78c5015402e9396e2c,ead4a58a8499975d,
potato_pld,Training/Early_Blight/Early_Blight_6.jpg,Early_Blight_6.jpg,.jpg,8550,256,256,Early_Blight,False,e3a598d26c880e84520c5e9c4efe73cf40a86b7074dd818b45a322a53ef8e0f2,bee4a404951edabc,
potato_pld,Training/Early_Blight/Early_Blight_186.jpg,Early_Blight_186.jpg,.jpg,9678,256,256,Early_Blight,False,56b6d3607e2df729d73c27b3c6a67f32f78f496557f477121f9fd91a4173e4a1,aedbb4a89491d2d1,
potato_pld,Training/Early_Blight/Early_Blight_433.jpg,Early_Blight_433.jpg,.jpg,6537,256,256,Early_Blight,False,c01a2f6831795941b0c9cd7e1967b22884e8f99579fc650584ff425d1cc245e5,aa1da53a87f9d601,
potato_pld,Training/Early_Blight/Early_Blight_735.jpg,Early_Blight_735.jpg,.jpg,9485,256,256,Early_Blight,False,e251063e5f5119b7c24625244e454cefb81499a53ca925820981367566229ac5,fec0a1af82e4d714,
potato_pld,Training/Early_Blight/Early_Blight_977.jpg,Early_Blight_977.jpg,.jpg,9248,256,256,Early_Blight,False,7b1b31aef1e1a491fadaf4cfd1dca23d0fba056ebe75319bdc014f368c35a527,bf49f02dc036c732,
potato_pld,Training/Early_Blight/Early_Blight_39.jpg,Early_Blight_39.jpg,.jpg,9276,256,256,Early_Blight,False,b78de8f8009c6a6270cf82ca8372a67498d9409cb27bd728fdf250caac0339d4,afadb45692a8d341,
potato_pld,Training/Early_Blight/Early_Blight_997.jpg,Early_Blight_997.jpg,.jpg,12422,256,256,Early_Blight,False,1a26bc2d28371c90b00f3ea3afd734d2cab7eda3175a71e8bd57bb221051c13f,bf29b450d22ad32d,
potato_pld,Training/Early_Blight/Early_Blight_314.jpg,Early_Blight_314.jpg,.jpg,8367,256,256,Early_Blight,False,20690bd459d5b8e4b80edbdb7224175730774324bc7711e9d0194318fe723901,fbbcf0d8c0488f61,
potato_pld,Training/Early_Blight/Early_Blight_262.jpg,Early_Blight_262.jpg,.jpg,10701,256,256,Early_Blight,False,3bf937d473fa0c09bc8693ccc81c03449a1aa454da93d9191c79b5141202c74f,ef34b552c2a8c751,
potato_pld,Training/Early_Blight/Early_Blight_1275.jpg,Early_Blight_1275.jpg,.jpg,11527,256,256,Early_Blight,False,7556f0809674720b00dc0cc10c086867246b4010980e1987c6b1b26acb2c7201,e98ec6f08c179ce1,
potato_pld,Training/Early_Blight/Early_Blight_850.jpg,Early_Blight_850.jpg,.jpg,10342,256,256,Early_Blight,False,29bb1850126b2dad44534708cc35b133d5471d78ce40665e781d09bd2ec3fe79,bf95b49ad04dca88,
potato_pld,Training/Early_Blight/Early_Blight_157.jpg,Early_Blight_157.jpg,.jpg,9905,256,256,Early_Blight,False,224a4e8e2704bca250b25548969b464bb05e244c1bd38844095915e5694f7b28,ea1ee49285729e63,
potato_pld,Training/Early_Blight/Early_Blight_1196.jpg,Early_Blight_1196.jpg,.jpg,10726,256,256,Early_Blight,False,be11da1491dbbdbf029cbcf69ba349b7aee4fbad89664cc7b9c8655a17788fd5,bf80b0ffd0f0cac0,
potato_pld,Training/Early_Blight/Early_Blight_8.jpg,Early_Blight_8.jpg,.jpg,9714,256,256,Early_Blight,False,ea59f68339a867f418fbb7fa98b1321a7fe7e12a9cc7b2373c99f543f9b4fe13,ba43b1a3d197ca92,
potato_pld,Training/Early_Blight/Early_Blight_1003.jpg,Early_Blight_1003.jpg,.jpg,11706,256,256,Early_Blight,False,059f3dc43555294d3168d97808e7e25f9abda6ecbdbd7f14e5a5779a6f77ce1e,aecaf1adc0b583b0,
potato_pld,Training/Early_Blight/Early_Blight_932.jpg,Early_Blight_932.jpg,.jpg,11365,256,256,Early_Blight,False,32b741711f2c24e82a5f02b3c94dfa17e09f81970752907b2fa2ce5acc4d2286,ae9fa4b894f092c3,
potato_pld,Training/Early_Blight/Early_Blight_837.jpg,Early_Blight_837.jpg,.jpg,12318,256,256,Early_Blight,False,1baca472994413b435a3b3bfe008cca68dcd9bb2fca16c34ca67528b63aecc61,aa42a1a7d71c9a7a,
potato_pld,Training/Early_Blight/Early_Blight_1241.jpg,Early_Blight_1241.jpg,.jpg,9163,256,256,Early_Blight,False,67690f9799bb6c5173cbfc7796bec499500a4fb0548457ae05ba669c39e8a1f1,ff81b546d0aec245,
potato_pld,Training/Early_Blight/Early_Blight_523.jpg,Early_Blight_523.jpg,.jpg,7742,256,256,Early_Blight,False,0092a801cbc93bab01556f50cb835b6a0ae699b1ff88b5f749d64764f54c8346,bbcce121d13593b4,
potato_pld,Training/Early_Blight/Early_Blight_1117.jpg,Early_Blight_1117.jpg,.jpg,11357,256,256,Early_Blight,False,e1cf9bc1b7dde9690448baf711f4884705cf5cc4210ab7c54f5fbb513ebacc23,bacbb0eb95e192a0,
potato_pld,Training/Early_Blight/Early_Blight_1121.jpg,Early_Blight_1121.jpg,.jpg,9630,256,256,Early_Blight,False,3ac0c331bd315aa0d72f3c91ef638643d6a5b0817ec122d315c5046aa6fb293d,afe2c4a6c2960fd8,
potato_pld,Training/Early_Blight/Early_Blight_85.jpg,Early_Blight_85.jpg,.jpg,8244,256,256,Early_Blight,False,e245518938d7c7f1be3d2b84ce361f9eba29d3afba0184c6b0b2b6da991a8aaf,efb4e052c5c08dad,
potato_pld,Training/Early_Blight/Early_Blight_263.jpg,Early_Blight_263.jpg,.jpg,10433,256,256,Early_Blight,False,7e657d54634926d55ab9bda7e998d04819833c6155ab562aa3041f5dbbb55a40,ff88b08d839cde50,
potato_pld,Training/Early_Blight/Early_Blight_754.jpg,Early_Blight_754.jpg,.jpg,11952,256,256,Early_Blight,False,1e10e6cf6f0236a28c7f13fcf0f06c4f7292375f18368f1cb972e5c1cbe9fb77,afc5e484c58e965c,
potato_pld,Training/Early_Blight/Early_Blight_87.jpg,Early_Blight_87.jpg,.jpg,7220,256,256,Early_Blight,False,9a165c65cb338be53302a22cea1773c1bb2830d03332f9756ab2cba694482296,bbc9e08985b59f14,
potato_pld,Training/Early_Blight/Early_Blight_475.jpg,Early_Blight_475.jpg,.jpg,13220,256,256,Early_Blight,False,68e2444dc079241d578ba264728237d05da9b51d32d3b6ed236d11f1c81ae981,bac8e003c57f86bc,
potato_pld,Training/Early_Blight/Early_Blight_722.jpg,Early_Blight_722.jpg,.jpg,10110,256,256,Early_Blight,False,358508361acf6684a5e78e08dd31dcf448e7b0779af8247d16d21aa7a7d98850,aaeda56cd5649294,
potato_pld,Training/Early_Blight/Early_Blight_1218.jpg,Early_Blight_1218.jpg,.jpg,9684,256,256,Early_Blight,False,657b773ca4f0450b30d62bd8b41cb025fe0fcabeb1aecabc7344b8d33c94fe95,aa95c197da9a2978,
potato_pld,Training/Early_Blight/Early_Blight_197.jpg,Early_Blight_197.jpg,.jpg,10745,256,256,Early_Blight,False,4484c3a3f0719401a358231740aa6aff064c67019261d3f414f76d13e456f7f2,ef97b452d2a8c341,
potato_pld,Training/Early_Blight/Early_Blight_342.jpg,Early_Blight_342.jpg,.jpg,8766,256,256,Early_Blight,False,58c32e0446bfef57dca71ca2662ebbaa66dca24825deace38427eb097e2667ea,bfe0b5e2d057822a,
potato_pld,Training/Early_Blight/Early_Blight_752.jpg,Early_Blight_752.jpg,.jpg,10097,256,256,Early_Blight,False,deb18aca524d0ab639d96876521bb622970ab52b3a8f113902da0839fb25e384,be99b0b99591da81,
potato_pld,Training/Early_Blight/Early_Blight_969.jpg,Early_Blight_969.jpg,.jpg,9676,256,256,Early_Blight,False,73adcb32a28ced3bdf30c67752125ba47bca0f1c2e64b8d9cf45624d10357551,fa1fa0f095f194a2,
potato_pld,Training/Early_Blight/Early_Blight_193.jpg,Early_Blight_193.jpg,.jpg,9510,256,256,Early_Blight,False,fe0bac1eaf376162950dbaf4def36dd6af55255f69449e629f844eac16511b6b,aa8ee4adc6e4c6c2,
potato_pld,Training/Early_Blight/Early_Blight_306.jpg,Early_Blight_306.jpg,.jpg,8019,256,256,Early_Blight,False,7ee70ac90a64dc6c3564f1ab3e0c188672b0ab63915eadf9c3b5298da48c986b,be89e0c985c99e39,
potato_pld,Training/Early_Blight/Early_Blight_580.jpg,Early_Blight_580.jpg,.jpg,10944,256,256,Early_Blight,False,1ff48ccf96e8855fe122af0012accd9e732812dd3dade094b4baf05eda3c64e1,aee4e4069e5e9878,
potato_pld,Training/Early_Blight/Early_Blight_456.jpg,Early_Blight_456.jpg,.jpg,5564,256,256,Early_Blight,False,7b0b4779f2c471cc3e95219cc83b2e5ce281cd24936b2e2b6f74618222d3a5fc,eeba84e092879b9a,
potato_pld,Training/Early_Blight/Early_Blight_653.jpg,Early_Blight_653.jpg,.jpg,9187,256,256,Early_Blight,False,7bb47967e7438fd20bb20a021a39291abe791aa52aafe0777b83ae838c85b53e,eb91e0d685529e6a,
potato_pld,Training/Early_Blight/Early_Blight_866.jpg,Early_Blight_866.jpg,.jpg,10598,256,256,Early_Blight,False,163863ea54efd4d88bcfb59d984b25eb9c687cf326d4b6592c8b727491cddb06,fadbe06ac0a98785,
potato_pld,Training/Early_Blight/Early_Blight_508.jpg,Early_Blight_508.jpg,.jpg,9676,256,256,Early_Blight,False,d46615cca83359ee714d916cd106a1b8f0de32317b205719c95540fc66ef4533,baceb5acd0a583a4,
potato_pld,Training/Early_Blight/Early_Blight_1265.jpg,Early_Blight_1265.jpg,.jpg,11586,256,256,Early_Blight,False,b56946dff376a94aae723af2c33af4d4effa6969b1d6f28ce3cf52b6cd07d479,bed8b46190a7da86,
potato_pld,Training/Early_Blight/Early_Blight_1098.jpg,Early_Blight_1098.jpg,.jpg,12426,256,256,Early_Blight,False,10a9128969c8447eb628e217c3e74db2e9b720a416acb8ae6bcc89d2b5d8899e,fa8ee0d8878886fc,
potato_pld,Training/Early_Blight/Early_Blight_870.jpg,Early_Blight_870.jpg,.jpg,8538,256,256,Early_Blight,False,84c7196d970c104743f363cb75ca036631021b719db87a1d1650ea459909ab62,aab5f052c30bc17d,
potato_pld,Training/Early_Blight/Early_Blight_836.jpg,Early_Blight_836.jpg,.jpg,10447,256,256,Early_Blight,False,23660961c4e9f37a23fc450d2470bdb9aaa1ec8647757c7506111113da2a822e,bb1ab4a9d0d4c3aa,
potato_pld,Training/Early_Blight/Early_Blight_446.jpg,Early_Blight_446.jpg,.jpg,6716,256,256,Early_Blight,False,f0696181515de371b3168c89c177ffb488901607615b5ee316407afd08f48c27,ffc1a08195879795,
potato_pld,Training/Early_Blight/Early_Blight_811.jpg,Early_Blight_811.jpg,.jpg,9976,256,256,Early_Blight,False,a1dad0b9a4f21c14ac9bb1ffcc3986bf588b4a0680e997a98ae6dcb02686663b,ba78e00b81af87ec,
potato_pld,Training/Early_Blight/Early_Blight_1084.jpg,Early_Blight_1084.jpg,.jpg,9769,256,256,Early_Blight,False,26d94db964c9be15edb3696d9471957cb1553ebe5e5aa051feba34fa06d1c24f,aaa6e4c2855e975a,
potato_pld,Training/Early_Blight/Early_Blight_595.jpg,Early_Blight_595.jpg,.jpg,9281,256,256,Early_Blight,False,74e670e5cd19ab885a0e308495a0ff1ac71bd16f27209e9139a02838432ac66f,aa9be4f89681ca87,
potato_pld,Training/Early_Blight/Early_Blight_958.jpg,Early_Blight_958.jpg,.jpg,11111,256,256,Early_Blight,False,e5f06f9f4c59867728d962006d8452449b5575ae1e4bc19b5254fc5e22e753f8,afa4e456822a9f3c,
potato_pld,Training/Early_Blight/Early_Blight_219.jpg,Early_Blight_219.jpg,.jpg,11361,256,256,Early_Blight,False,67874a35be991d804a880ffc6d1325b75de042259a9b422defdcbf3c651537bc,fe8ee0a885d19783,
potato_pld,Training/Early_Blight/Early_Blight_583.jpg,Early_Blight_583.jpg,.jpg,8397,256,256,Early_Blight,False,74e04109c555d0d60b8521564a59443cc9d8d58cc5fd7fd9a6578cd89bd93ea2,ae9be4f084c1ce4b,
potato_pld,Training/Early_Blight/Early_Blight_492.jpg,Early_Blight_492.jpg,.jpg,8676,256,256,Early_Blight,False,5e379ce5bf8b7ae1e11ac29078a264793b3abd935e9cf85d36e67eb5def3f951,aa1ee1f0850196ff,
potato_pld,Training/Early_Blight/Early_Blight_806.jpg,Early_Blight_806.jpg,.jpg,10682,256,256,Early_Blight,False,4f2a47902db5f5c5b6fbb2d8f2d307a9ea3e8e11f09d5f3155b563574efda86a,ab4af4e98084c7e7,
potato_pld,Training/Early_Blight/Early_Blight_1274.jpg,Early_Blight_1274.jpg,.jpg,9439,256,256,Early_Blight,False,8625fdd9642e7fb18391c1a2f30f03de11dfdc646ff36c4c092dab6b48d48502,ef1aa07ad5a992c1,
potato_pld,Training/Early_Blight/Early_Blight_117.jpg,Early_Blight_117.jpg,.jpg,8752,256,256,Early_Blight,False,dddb88c46d2a9957996939b1e5e577bdfcf8a67681c10571edb2a9f40e7960fe,abcce18c973c9b30,
potato_pld,Training/Early_Blight/Early_Blight_1139.jpg,Early_Blight_1139.jpg,.jpg,11096,256,256,Early_Blight,False,b804141088a067dd158c914abb972ee91240d529ce2bd4d1344db682c1d4990b,bf0bb0b5d2b2c950,
potato_pld,Training/Early_Blight/Early_Blight_608.jpg,Early_Blight_608.jpg,.jpg,9331,256,256,Early_Blight,False,0b8650385338f96af69f7ee639a1c908897f4454f43c75122e097c8faec6a7ee,ba1fe1f88740866b,
potato_pld,Training/Early_Blight/Early_Blight_537.jpg,Early_Blight_537.jpg,.jpg,7659,256,256,Early_Blight,False,cbcfd99f75973ef0c45ea5ff870b871d3972f32faa5bcac56999cfd6722d6bc8,aa4eb1ecc1a0cbe5,
potato_pld,Training/Early_Blight/Early_Blight_925.jpg,Early_Blight_925.jpg,.jpg,9758,256,256,Early_Blight,False,0042937eb77697c8402aed6ee1d18b28e6d2f4995c0a1922491cfd306405eed7,bbb1b1f0d3618b41,
potato_pld,Training/Early_Blight/Early_Blight_640.jpg,Early_Blight_640.jpg,.jpg,9579,256,256,Early_Blight,False,a263e9f76e8fe38f165a11e342900f9d57c29e3155e4b25649f6b3c85b190f21,af97e0ba85e19641,
potato_pld,Training/Early_Blight/Early_Blight_541.jpg,Early_Blight_541.jpg,.jpg,6951,256,256,Early_Blight,False,0e28ed9cec867abbe514347e7a8a02cb13af1d7488b4aeb4699bf96677455922,aac6b08780b78fb6,
potato_pld,Training/Early_Blight/Early_Blight_1183.jpg,Early_Blight_1183.jpg,.jpg,11890,256,256,Early_Blight,False,7fbe0a23eaa05d17e65b4d04c4982f61fa3bee8e37e11f23b403e0d0169a7ae5,aa95f4d2c08bc96d,
potato_pld,Training/Early_Blight/Early_Blight_999.jpg,Early_Blight_999.jpg,.jpg,11020,256,256,Early_Blight,False,6d262fb5c49230a1a403a1aec96e89749ddcd235e61bd9247165c9e7259d40e6,baf8b1a8d0b48b96,
potato_pld,Training/Early_Blight/Early_Blight_1040.jpg,Early_Blight_1040.jpg,.jpg,7829,256,256,Early_Blight,False,a9bcf64bac8f7370bf77f1e13a6a28b3b24443e329cef72637e0835a6064c13c,eac5a5ec8704da3c,
potato_pld,Training/Early_Blight/Early_Blight_222.jpg,Early_Blight_222.jpg,.jpg,10368,256,256,Early_Blight,False,06d01ff15d83fa5c13f5dbac06cd40aa7b9f0f8d2018d9358ce3234fc5467525,aac0b187971eda3c,
potato_pld,Training/Early_Blight/Early_Blight_753.jpg,Early_Blight_753.jpg,.jpg,10202,256,256,Early_Blight,False,45e85fe203b9faf2eb0807a538bf67af66091fd9a434faebfad755897f7671d7,bbb1f053824bc54d,
potato_pld,Training/Early_Blight/Early_Blight_696.jpg,Early_Blight_696.jpg,.jpg,8929,256,256,Early_Blight,False,e40f93d0d16ebe860cfda1614808cc8406efb3a83a9c45cc67d97bd3328f4640,f8e3a55792bcd208,
potato_pld,Training/Early_Blight/Early_Blight_830.jpg,Early_Blight_830.jpg,.jpg,9590,256,256,Early_Blight,False,ed8addd972d9ec56278d352c88df03c06ab4b5b57cfcce66e5d843c497ea4c14,fe3de08087d6c68a,
potato_pld,Training/Early_Blight/Early_Blight_194.jpg,Early_Blight_194.jpg,.jpg,9742,256,256,Early_Blight,False,8ebccc1818e34f0fa60a4e18837b20cdbcfb70469ffe833a5579d9066d9ddc4b,ee8ba5a8c6e0d2b2,
potato_pld,Training/Early_Blight/Early_Blight_1303.jpg,Early_Blight_1303.jpg,.jpg,9121,256,256,Early_Blight,False,3c5687e0d2412b6b2a4afcca1f2120db49071b1f0a6ff9b67ed9e2fe983067e2,bf16c070cfe0d8e1,
potato_pld,Training/Early_Blight/Early_Blight_1027.jpg,Early_Blight_1027.jpg,.jpg,10606,256,256,Early_Blight,False,5e621421c4c26371daa2ad94dc9b31edce0b84d760d00629747fd5d63a982e69,eae1e11785fe9418,
potato_pld,Training/Early_Blight/Early_Blight_552.jpg,Early_Blight_552.jpg,.jpg,10097,256,256,Early_Blight,False,ab6a1c72d71b1df05a6ba0a1b48cdd4558a769fc618f5c62fd65f8d6419b737a,abd6f18ac0958796,
potato_pld,Training/Early_Blight/Early_Blight_913.jpg,Early_Blight_913.jpg,.jpg,10941,256,256,Early_Blight,False,318a4d47f96647bcb6c13e36fc3561fa52f4003f1bf478a1e4bbaffd6d769240,aef8b500d48fc23e,
potato_pld,Training/Early_Blight/Early_Blight_865.jpg,Early_Blight_865.jpg,.jpg,9829,256,256,Early_Blight,False,748d5dcf553266db99846f3d9784902e9245cfb8336a94ee153913d477613984,be1cb5ded2688944,
potato_pld,Training/Early_Blight/Early_Blight_190.jpg,Early_Blight_190.jpg,.jpg,9586,256,256,Early_Blight,False,2d88a60747890a6dbcd4349d32303ab2b8c951dd21d83a7f17615cc41dcd8f88,ee99a4e986e09e86,
potato_pld,Training/Early_Blight/Early_Blight_672.jpg,Early_Blight_672.jpg,.jpg,9057,256,256,Early_Blight,False,e5de6437c594a1092bc4eb80cfcee7a5abbd7225afe5d288681859ae1c410ccb,ffb4c05281798de1,
potato_pld,Training/Early_Blight/Early_Blight_872.jpg,Early_Blight_872.jpg,.jpg,8534,256,256,Early_Blight,False,35add322f6b641e720aeea6deb2f13576b7c5b10abc161f88f2c4380fc0f517b,ba9eb0dcd06cca64,
potato_pld,Training/Early_Blight/Early_Blight_242.jpg,Early_Blight_242.jpg,.jpg,9547,256,256,Early_Blight,False,5b203f835084f7859cad5cf13b1b933846262852954be7a90bef84e5d9759f41,fe9be0f885a18685,
potato_pld,Training/Early_Blight/Early_Blight_355.jpg,Early_Blight_355.jpg,.jpg,6830,256,256,Early_Blight,False,d471cae539d4a60fea67449a7a0b694440886c26f74df4436e9f98c9d3eafd57,fae0850fdc1598b5,
potato_pld,Training/Early_Blight/Early_Blight_153.jpg,Early_Blight_153.jpg,.jpg,11395,256,256,Early_Blight,False,7e8963f8742c1f7b5712844232b5feaeacb150de73a08d8eb6e54107296e05e1,bf6eb525d024c076,
potato_pld,Training/Early_Blight/Early_Blight_23.jpg,Early_Blight_23.jpg,.jpg,9528,256,256,Early_Blight,False,6a4cb5dd5f6788b6e9b7547dabd1ec2959c84ff1861517eb1040ab7f29f643c5,ab4ef5aac2b58390,
potato_pld,Training/Early_Blight/Early_Blight_164.jpg,Early_Blight_164.jpg,.jpg,10608,256,256,Early_Blight,False,82de55b1462152b9896f40b2c29526c0d713f3bc54ffb8944e1fc3bafb2279eb,bfb0e252c31b852b,
potato_pld,Training/Early_Blight/Early_Blight_655.jpg,Early_Blight_655.jpg,.jpg,8488,256,256,Early_Blight,False,f7f567c226ed563b62cb1438e40d320eb65561cb69bcb92b92cac3370facd94f,be95a4d0c4cace8b,
potato_pld,Training/Early_Blight/Early_Blight_27.jpg,Early_Blight_27.jpg,.jpg,7804,256,256,Early_Blight,False,72ddb882a11d3b6b1fce240c7abfd0180cec2525674fd62f2e3fc8847a204982,ebe8e10d851d9a3c,
potato_pld,Training/Early_Blight/Early_Blight_206.jpg,Early_Blight_206.jpg,.jpg,9550,256,256,Early_Blight,False,2cb48ebbe1ca90b4bfc12f21c302266eb2b8bc74f971cc6dd72b97fe072cdb3a,fb8eb1ac9194cac2,
potato_pld,Training/Early_Blight/Early_Blight_170.jpg,Early_Blight_170.jpg,.jpg,8203,256,256,Early_Blight,False,33a67be709d2755ede0ba7b1e1865403e2eabcc1220fdb81e0af467146330325,eaaec1348ff79c00,
potato_pld,Training/Early_Blight/Early_Blight_584.jpg,Early_Blight_584.jpg,.jpg,9797,256,256,Early_Blight,False,568d7a65f9f119d64de87711553e0f02ae36fbfe9959249cac069b9a21a961f9,bae5e552964a9c29,
potato_pld,Training/Early_Blight/Early_Blight_159.jpg,Early_Blight_159.jpg,.jpg,9305,256,256,Early_Blight,False,a3a860ce18db04b0630d90f7da996ec3f3abcb035bc388c27c55643cb0b41c24,ead0859a9d98b1b3,
potato_pld,Training/Early_Blight/Early_Blight_702.jpg,Early_Blight_702.jpg,.jpg,9545,256,256,Early_Blight,False,cd48066d328065801a03fc3262749102316abf99fbd9c40bca557d0879e5cc5c,e8b4a552d76a8e43,
potato_pld,Training/Early_Blight/Early_Blight_1159.jpg,Early_Blight_1159.jpg,.jpg,10813,256,256,Early_Blight,False,0dcf6457c43c88fc4fe69bfd4edcaec9108a57164bd8a8f0ccf205e962afbb40,ff8db4f8d020d2c1,
potato_pld,Training/Early_Blight/Early_Blight_86.jpg,Early_Blight_86.jpg,.jpg,9454,256,256,Early_Blight,False,29cc97dc15ab467eda681399f3ea940a4fe9f5b680257bede5b65776b88c2d24,bbe2f0a5c3900f9a,
potato_pld,Training/Early_Blight/Early_Blight_949.jpg,Early_Blight_949.jpg,.jpg,9309,256,256,Early_Blight,False,909e79681eb0e67138b92a1ed0311f3991ef91acfaed4b177f27305052bc9f74,ffe4f401d087c296,
potato_pld,Training/Early_Blight/Early_Blight_963.jpg,Early_Blight_963.jpg,.jpg,10024,256,256,Early_Blight,False,c9b26e933b507dd789153938dd3af99c7608ad274ed51c999f015c4a410d0710,fac2a12f83f59614,
potato_pld,Training/Early_Blight/Early_Blight_517.jpg,Early_Blight_517.jpg,.jpg,7583,256,256,Early_Blight,False,8fc53273b1458b6e1ea83a101a43c51a1fcbb4f1aa94cc0ff316214c0527ddcf,ab4ef1ac82e4d7a0,
potato_pld,Training/Early_Blight/Early_Blight_395.jpg,Early_Blight_395.jpg,.jpg,7065,256,256,Early_Blight,False,5c9352f7aa38129a4092af676b09aea7031d6fd3aabb785eb304d66c8043c348,bac8f0a780b7cd94,
potato_pld,Training/Early_Blight/Early_Blight_873.jpg,Early_Blight_873.jpg,.jpg,9046,256,256,Early_Blight,False,1ed74b4fd27617414afee9b92f6d8308528ab7cbbb7b7721f3673fdff447ca3a,aa4ae00f85fd86bc,
potato_pld,Training/Early_Blight/Early_Blight_418.jpg,Early_Blight_418.jpg,.jpg,7402,256,256,Early_Blight,False,63c5a8b9760b1f52bf80e921ba767638f871c9aae9ac22637882601f13583d3f,eac0a58f85bed438,
potato_pld,Training/Early_Blight/Early_Blight_494.jpg,Early_Blight_494.jpg,.jpg,7871,256,256,Early_Blight,False,f7a8690f548a9e10a3870c126ea6e6379750a93282601f3ff5d61e38f7949559,aa59f5a9d0f5c2a0,
potato_pld,Training/Early_Blight/Early_Blight_776.jpg,Early_Blight_776.jpg,.jpg,9626,256,256,Early_Blight,False,4ef12eb1d3884d7408f31b9b47e0e5b0e86cf6e9053be64ff4d3dfbca404efba,febcf0d4c2d08ac1,
potato_pld,Training/Early_Blight/Early_Blight_802.jpg,Early_Blight_802.jpg,.jpg,9311,256,256,Early_Blight,False,e2d13f078e0b6a3f491ec869f4bd285db95550ff67d3efd9582347ee5643a6b5,ae3fb5bccd889011,
potato_pld,Training/Early_Blight/Early_Blight_136.jpg,Early_Blight_136.jpg,.jpg,9508,256,256,Early_Blight,False,af0315d9caf9b5a18d678520fdaafa24e233b1553e12ab52afa18a5a8b716405,ebe4e50d841d9ab8,
potato_pld,Training/Early_Blight/Early_Blight_1012.jpg,Early_Blight_1012.jpg,.jpg,10394,256,256,Early_Blight,False,ea491688b277232156a3237a14462f38f741e01bd70de0b50e18a7f60d8997e9,bfe3b021d035c3b2,
potato_pld,Training/Early_Blight/Early_Blight_15.jpg,Early_Blight_15.jpg,.jpg,13577,256,256,Early_Blight,False,bedd71257b0fa1e95b88b3be7d6e84786aff673e9e32ded07e166c2276b70d3d,aabcb5dad048c86d,
potato_pld,Training/Early_Blight/Early_Blight_258.jpg,Early_Blight_258.jpg,.jpg,11088,256,256,Early_Blight,False,75a4b3377a49c9e9ff9bc91df1904666fd21667eb01631a21ee3a10b8610f3df,eacea1e887e0c785,
potato_pld,Training/Early_Blight/Early_Blight_137.jpg,Early_Blight_137.jpg,.jpg,9705,256,256,Early_Blight,False,c902551288fdcb92feb02245045ffbeab6144466b2f326b05e7ad4c50ac19e92,efcaa12a913d8335,
potato_pld,Training/Early_Blight/Early_Blight_357.jpg,Early_Blight_357.jpg,.jpg,9270,256,256,Early_Blight,False,87dbdd6abd0bb3158165a0da6c2ea5f13db22c3a6bca05c3f3ecad22bc4d695a,ef1ee0f895e09681,
potato_pld,Training/Early_Blight/Early_Blight_566.jpg,Early_Blight_566.jpg,.jpg,9698,256,256,Early_Blight,False,3f12c5563fa9b6ba49bf72a55d9133799f226d1bca3ff8b21789de9f5e6a7b9d,ba95f058c04acf6d,
potato_pld,Training/Early_Blight/Early_Blight_450.jpg,Early_Blight_450.jpg,.jpg,7390,256,256,Early_Blight,False,abed1091f26021c045b12c214bfd5c7e4af692234aa00daf2626975b141a417b,fbc2918793169b38,
potato_pld,Training/Early_Blight/Early_Blight_1156.jpg,Early_Blight_1156.jpg,.jpg,9873,256,256,Early_Blight,False,aed2fb25d91920236acaf6e3a8f3c531b62aa5e93feba5985accfa4b9c8a62ad,b86d9145d3aacb54,
potato_pld,Training/Early_Blight/Early_Blight_351.jpg,Early_Blight_351.jpg,.jpg,11567,256,256,Early_Blight,False,33feb57e3edb2d43cdc7eee2561f7f7f5bd75bb0805e6fc280d7cebd1e7dd8fd,faa5e0f68354874a,
potato_pld,Training/Early_Blight/Early_Blight_1163.jpg,Early_Blight_1163.jpg,.jpg,11523,256,256,Early_Blight,False,7509d65d240e40fbfff6fd4938ed732273a816e31334c6b50ef9e29581cba91d,bae591d2ca898b1d,
potato_pld,Training/Early_Blight/Early_Blight_389.jpg,Early_Blight_389.jpg,.jpg,9323,256,256,Early_Blight,False,56e721690d7f824042de5d66c3eb306ba555dd04cde71303305e447cec607ab0,fa95a1aa8708d65d,
potato_pld,Training/Early_Blight/Early_Blight_993.jpg,Early_Blight_993.jpg,.jpg,9633,256,256,Early_Blight,False,5c9546124db2fbc843d3a27bfedb5a1e38d78fc9fba0c70cee51157bf3c1c371,bf68b42dd254c3a2,
potato_pld,Training/Early_Blight/Early_Blight_1165.jpg,Early_Blight_1165.jpg,.jpg,10389,256,256,Early_Blight,False,536a76bc025cb5013bf28639500218325b7629944299e85876227cecf33a1949,ffb0b49ad019c2a9,
potato_pld,Training/Early_Blight/Early_Blight_498.jpg,Early_Blight_498.jpg,.jpg,7380,256,256,Early_Blight,False,97c4a5dbbd24d81df9d33a2a2f60f58b9c66cbcb8eabd606c52593bca87f5960,aab5e17485e0d647,
potato_pld,Training/Early_Blight/Early_Blight_609.jpg,Early_Blight_609.jpg,.jpg,8648,256,256,Early_Blight,False,1a498643b95831bdc40dbe10005f5cedc8ae112e88f3971d74d22d572b91b230,aac1e18f858ed65c,
potato_pld,Training/Early_Blight/Early_Blight_736.jpg,Early_Blight_736.jpg,.jpg,11106,256,256,Early_Blight,False,a5b10b562092cb09b267b3c7f085a13f7450e0d5a02f76d2f3bcd65dfc732663,bb83b1d3c12a436d,
potato_pld,Training/Early_Blight/Early_Blight_1064.jpg,Early_Blight_1064.jpg,.jpg,11120,256,256,Early_Blight,False,33119e14eb8991573d96de877c8a52bad8f51ce50c41994ded771b56e1634ecd,eaeae50586fd9c80,
potato_pld,Training/Early_Blight/Early_Blight_493.jpg,Early_Blight_493.jpg,.jpg,7948,256,256,Early_Blight,False,c20ea181826bc43f4b7899b66eb622d2d85041afa489235758df01517bbefe06,aa1ce16a8501d7fd,
potato_pld,Training/Early_Blight/Early_Blight_635.jpg,Early_Blight_635.jpg,.jpg,9423,256,256,Early_Blight,False,748fafb1b6163b444a350ce43abbb9136d70c09018325b57a6d9b4dcacbdf318,eab9a0d1c5929e4b,
potato_pld,Training/Early_Blight/Early_Blight_1034.jpg,Early_Blight_1034.jpg,.jpg,11747,256,256,Early_Blight,False,2982aaa4e461dbfb48a9b8b01230d13dff1676fc793b7845212156947207c6ef,be50b52b926dd314,
potato_pld,Training/Early_Blight/Early_Blight_1115.jpg,Early_Blight_1115.jpg,.jpg,8792,256,256,Early_Blight,False,40585c41c5a85d6abe5312ceee61989bac31e11f522ca87c94cc3a2366d0510d,fbc0b19f921ccb60,
potato_pld,Training/Early_Blight/Early_Blight_1024.jpg,Early_Blight_1024.jpg,.jpg,9945,256,256,Early_Blight,False,8b426aee6dc8abe5aea2ff58321b740e44302dfec6b4cb6c7dd9dc38d6d234dd,ff97b4d090a9c149,
potato_pld,Training/Early_Blight/Early_Blight_356.jpg,Early_Blight_356.jpg,.jpg,8419,256,256,Early_Blight,False,adb645d2a02ae3580492907b4105b9648d9eb730e576aa6e54b769a520df2e3d,aae1e147852fde14,
potato_pld,Training/Early_Blight/Early_Blight_1280.jpg,Early_Blight_1280.jpg,.jpg,10109,256,256,Early_Blight,False,2b22c1d7a51ea422c69875caaa16744e99dac1da4159f654eeacfb628d3f1ddc,af6df500c2c7d314,
potato_pld,Training/Early_Blight/Early_Blight_657.jpg,Early_Blight_657.jpg,.jpg,12996,256,256,Early_Blight,False,803d9ccff8feb913b62b23a8a2d52af385cc942776c4c31fb34c7b60e84b6e47,ffb5a05083419f63,
potato_pld,Training/Early_Blight/Early_Blight_698.jpg,Early_Blight_698.jpg,.jpg,9444,256,256,Early_Blight,False,aec16abef91b058b9faebe5d56d56cc469152f9a8f365ee660102f8a8c8e08c4,ebe8c12985bd9d90,
potato_pld,Training/Early_Blight/Early_Blight_1036.jpg,Early_Blight_1036.jpg,.jpg,9922,256,256,Early_Blight,False,d355751afd1bfb89ac3ad395cbca3d74fdd26d53b0e641b2e81de480a7bb0720,bae4a486951eda39,
potato_pld,Training/Early_Blight/Early_Blight_149.jpg,Early_Blight_149.jpg,.jpg,10326,256,256,Early_Blight,False,ba8f610f58cf78ad16a3992bc5e090a6efeaf1e626d4e3ea2b0af3d0af631cb8,abb4d5f09681928f,
potato_pld,Training/Early_Blight/Early_Blight_212.jpg,Early_Blight_212.jpg,.jpg,9324,256,256,Early_Blight,False,a6bccf681bb9bcb152edfb06ffdc5ce2d4c5f815dc2b806485cd4847e9ef0dbb,bab6b4f094c0ca4f,
potato_pld,Training/Early_Blight/Early_Blight_311.jpg,Early_Blight_311.jpg,.jpg,7957,256,256,Early_Blight,False,75085ff5b5c55be9e8253ccb5492bbf822eb811df6b9049aba36eeadecc54108,ff4af0a5c2b48714,
potato_pld,Training/Early_Blight/Early_Blight_1022.jpg,Early_Blight_1022.jpg,.jpg,8437,256,256,Early_Blight,False,5cc2600112055735ffc9cf041a0866b03ed7b85b5e29b079abd627d1762acbee,af9db0fed1d082c0,
potato_pld,Training/Early_Blight/Early_Blight_772.jpg,Early_Blight_772.jpg,.jpg,10624,256,256,Early_Blight,False,6f19cc3ef0b9a106dc1832e32460398844ea3fd6f56114ad28ccf3bff9eb9c36,fae1a587945ed888,
potato_pld,Training/Early_Blight/Early_Blight_1110.jpg,Early_Blight_1110.jpg,.jpg,10340,256,256,Early_Blight,False,9cf71e2d91f36bc68ff2bccdbe852b087b84920f5e2d89ef8027792d3f8b8cd3,ed9ee0b0c2c28f1b,
potato_pld,Training/Early_Blight/Early_Blight_487.jpg,Early_Blight_487.jpg,.jpg,7339,256,256,Early_Blight,False,95d6b170cadb4a3dbf916d5a89dd8aa0cabea0ba07bf5b1ad26fbca542813229,ab15e1fcd5d084a3,
potato_pld,Training/Early_Blight/Early_Blight_947.jpg,Early_Blight_947.jpg,.jpg,9725,256,256,Early_Blight,False,d05df7f8ef77568bbc0fad2392dd29678ec4fd42557b546d8575cf0c2438406f,eab7e1f087838616,
potato_pld,Training/Early_Blight/Early_Blight_714.jpg,Early_Blight_714.jpg,.jpg,10029,256,256,Early_Blight,False,cbbf9d9b568f8e407915240a690ffa7aac8c92b98093224ae24bf124f140e770,ab81e4388791d6bb,
potato_pld,Training/Early_Blight/Early_Blight_24.jpg,Early_Blight_24.jpg,.jpg,7405,256,256,Early_Blight,False,c9fc71d87683d8cf87620208df7cb50a50664ad4ef404a96aed327d9a469b0ae,afe0b566d007ca0f,
potato_pld,Training/Early_Blight/Early_Blight_345.jpg,Early_Blight_345.jpg,.jpg,9669,256,256,Early_Blight,False,91759aa781fc95358f03c8ce974cd41723e00648490092a6ac6874d37423de6e,aacae10bc7ad84bc,
potato_pld,Training/Early_Blight/Early_Blight_513.jpg,Early_Blight_513.jpg,.jpg,7150,256,256,Early_Blight,False,86c93c80dbf54e96ad4843b6b7ebd9a6577e5cfb40a8d64c072158e1de272cf0,bb5ab1a993d49382,
potato_pld,Training/Early_Blight/Early_Blight_439.jpg,Early_Blight_439.jpg,.jpg,6213,256,256,Early_Blight,False,4731e1cd1b87480d488f6f2ce118a15b4ab1ae96c469676ac64ec4bd99e0960c,aebde4f0d6c08a83,
potato_pld,Training/Early_Blight/Early_Blight_1157.jpg,Early_Blight_1157.jpg,.jpg,12756,256,256,Early_Blight,False,df082180d44e4b345768f51e59632ab17adb3217a6ffd81c6da1b842253f9f56,aac8f599927c8378,
potato_pld,Training/Early_Blight/Early_Blight_859.jpg,Early_Blight_859.jpg,.jpg,10148,256,256,Early_Blight,False,61e189a6ee1486e36e8f3dae746e5d1070df4734b74d9dd97564e53787cedcf1,ea9fe0f885c19683,
potato_pld,Training/Early_Blight/Early_Blight_728.jpg,Early_Blight_728.jpg,.jpg,9773,256,256,Early_Blight,False,a5e31a6988e475865bd439bb3f8cff67a4f26312e6921744096f943aa83531da,af91b1d2c20ac76d,
potato_pld,Training/Early_Blight/Early_Blight_1041.jpg,Early_Blight_1041.jpg,.jpg,9367,256,256,Early_Blight,False,1f7f696169aac33d86628d78376f764a5cd8dcbbc11db0248942b48e19d3d71f,bae2a403d61bcaf8,
potato_pld,Training/Early_Blight/Early_Blight_838.jpg,Early_Blight_838.jpg,.jpg,9085,256,256,Early_Blight,False,a52da299403a8c12acf4928f91e21de51f148f747df709ff3383ed0ec66d0e65,bf68b0a5d0d6c13a,
potato_pld,Training/Early_Blight/Early_Blight_1149.jpg,Early_Blight_1149.jpg,.jpg,9433,256,256,Early_Blight,False,82e9b46d1bb73a32b175b507a17e20368d7c4d30aaabb0a127bb885cde2ee414,aee2842796e6cad2,
potato_pld,Training/Early_Blight/Early_Blight_826.jpg,Early_Blight_826.jpg,.jpg,9337,256,256,Early_Blight,False,75b06e7154567ae2347133407de5bd12ba0d486eb5f62fb9e72ef4dbf86220b7,abb1b152d14bc34d,
potato_pld,Training/Early_Blight/Early_Blight_413.jpg,Early_Blight_413.jpg,.jpg,7463,256,256,Early_Blight,False,753c38cb881e4d77e459a2f2ec0d57d5fc38d241e4ecf053d195d2477b562a45,bbe2b0838197db92,
potato_pld,Training/Early_Blight/Early_Blight_237.jpg,Early_Blight_237.jpg,.jpg,10216,256,256,Early_Blight,False,ed0356007bcbbf0c1d9e2a8fd8e49f2c9b264e28a9317ba71acaa816d5a82bb1,ff87e0c0c3afc304,
potato_pld,Training/Early_Blight/Early_Blight_1140.jpg,Early_Blight_1140.jpg,.jpg,10570,256,256,Early_Blight,False,f1d1c0aa1d8dbbf6958dee7bb18f84f24e3a42394c18fd49ed4ba6b8006dca35,aacae48c87b59eb0,
potato_pld,Training/Early_Blight/Early_Blight_172.jpg,Early_Blight_172.jpg,.jpg,8949,256,256,Early_Blight,False,9d62e471e391c6bd0175ccfef9851d48663e889af513815ecac169bd0ae21d01,bec0a407d62f8a3d,
potato_pld,Training/Early_Blight/Early_Blight_639.jpg,Early_Blight_639.jpg,.jpg,8603,256,256,Early_Blight,False,297eaac12ae775d6144c3e69d80b9899cc30a4ba6d0678c7f03275c28a2f7b79,ba6fd0a5a9d0c585,
potato_pld,Training/Early_Blight/Early_Blight_1000.jpg,Early_Blight_1000.jpg,.jpg,11202,256,256,Early_Blight,False,008ebed9d518ffc88dfd55455ca40e6547278aee3bcd78b9789fd1904d58bf9a,eacba90b951b9239,
potato_pld,Training/Early_Blight/Early_Blight_403.jpg,Early_Blight_403.jpg,.jpg,7150,256,256,Early_Blight,False,8c8adae3310fe251e074eecde8fb772bb7aa196523de8e4abbfd991fcd2172a7,ebc6a506953e9278,
potato_pld,Training/Early_Blight/Early_Blight_783.jpg,Early_Blight_783.jpg,.jpg,10289,256,256,Early_Blight,False,d8f2fa26b4dd3fa74b5c6434560c4f7f9f9469eaf281f122dd7c424567b784e6,aecab4afd0b4c0b2,
potato_pld,Training/Early_Blight/Early_Blight_1206.jpg,Early_Blight_1206.jpg,.jpg,8351,256,256,Early_Blight,False,e4c2fe42b59f4bf61ce5a2bf28c216c11c68ca6f8639c3f9796f438253691db7,aa3f95f096c3c286,
potato_pld,Training/Early_Blight/Early_Blight_396.jpg,Early_Blight_396.jpg,.jpg,5754,256,256,Early_Blight,False,3d268337e2727d10fbdb5a780f2a4859679e36c3de04dcc7e32e764801462c11,af96e592c462ca63,
potato_pld,Training/Early_Blight/Early_Blight_177.jpg,Early_Blight_177.jpg,.jpg,8166,256,256,Early_Blight,False,29f4c32c58280a50f39e0e26f8dd7adbb464bb8d177bc50d7b1c7665258a49d9,beb4b058d048cbed,
potato_pld,Training/Early_Blight/Early_Blight_1011.jpg,Early_Blight_1011.jpg,.jpg,9854,256,256,Early_Blight,False,76d7ba5352fd27b0dd583094d7ff20959a5fe4a0931583955cdd108a6ca1391c,efe4a407961ed838,
potato_pld,Training/Early_Blight/Early_Blight_221.jpg,Early_Blight_221.jpg,.jpg,9285,256,256,Early_Blight,False,89ffb38367da9d2f0c07fa59370d3619b3ba1b3e1179841bab861a93cd1abf7b,ff84b45fd028c079,
potato_pld,Training/Early_Blight/Early_Blight_1126.jpg,Early_Blight_1126.jpg,.jpg,10288,256,256,Early_Blight,False,c8c6f13b3c2f72312c08c8363fc2b66748587fda3cf8abb864a66511f4cd8c66,be9cd05a8d6e9622,
potato_pld,Training/Early_Blight/Early_Blight_1097.jpg,Early_Blight_1097.jpg,.jpg,11515,256,256,Early_Blight,False,003519e4bb2a4cb66f201252f9e7de8cacf4dffde8ba8a32a6f989f49da4a6f9,eacae08a879d9f90,
potato_pld,Training/Early_Blight/Early_Blight_1205.jpg,Early_Blight_1205.jpg,.jpg,10110,256,256,Early_Blight,False,6fe052b1b432ee3a5bce0fbaf29ca4540b1a2b149f387900310ac349cfbe5b26,bacc908dd394cb3a,
potato_pld,Training/Early_Blight/Early_Blight_557.jpg,Early_Blight_557.jpg,.jpg,9864,256,256,Early_Blight,False,5a80d4a639dde5595d25f1297627fa5cdc2f9fa9795fccd78d892c49abb9a15e,ab90b5d2d18acf19,
potato_pld,Training/Early_Blight/Early_Blight_468.jpg,Early_Blight_468.jpg,.jpg,7707,256,256,Early_Blight,False,d9c7504af7ccfdd50d1c6d0f6662ab3202754b37b719d62fd0b5701a235da930,bbcad1e4d3908b92,
potato_pld,Training/Early_Blight/Early_Blight_981.jpg,Early_Blight_981.jpg,.jpg,10014,256,256,Early_Blight,False,7227817bad75870135ff5dd1fd0fa2c25a545ecbe003a092d2cb59db3759f511,ea8be1aa85019ebd,
potato_pld,Training/Early_Blight/Early_Blight_191.jpg,Early_Blight_191.jpg,.jpg,8567,256,256,Early_Blight,False,77e7e52d5d19008ce360ca905a108d79c08459f496a66eb51aa413166b3dd33e,bbb0b0c1d06bcb65,
potato_pld,Training/Early_Blight/Early_Blight_720.jpg,Early_Blight_720.jpg,.jpg,8212,256,256,Early_Blight,False,6654e4ec62de61b66413561976b612aad8ad5e6c1fccc29f1bfef0424412c75d,aff2b403d20bca2d,
potato_pld,Training/Early_Blight/Early_Blight_506.jpg,Early_Blight_506.jpg,.jpg,7376,256,256,Early_Blight,False,56a51f36c7edd57cc5296c159e41e4fc049dfa81047b74876cc8050cd3fd65e5,afffb481d200c38b,
potato_pld,Training/Early_Blight/Early_Blight_901.jpg,Early_Blight_901.jpg,.jpg,14734,256,256,Early_Blight,False,b0b12812d8bae9fdec61402d87ccd2b171749d97c34defba1114ed75eeb986fa,c0950f567f5a7468,
potato_pld,Training/Early_Blight/Early_Blight_440.jpg,Early_Blight_440.jpg,.jpg,6389,256,256,Early_Blight,False,d945b3bf164c30744b61792c9ff8b073188fa18c11d114d9e92e5aadb15cf5b0,aa9fb0f8d7c082c3,
potato_pld,Training/Early_Blight/Early_Blight_81.jpg,Early_Blight_81.jpg,.jpg,7888,256,256,Early_Blight,False,0f0467328b7bb3337fecd92831e10539178b4ef3b2d32780bc427e7ef927a897,bbe6b026d0978a9a,
potato_pld,Training/Early_Blight/Early_Blight_1009.jpg,Early_Blight_1009.jpg,.jpg,10093,256,256,Early_Blight,False,862bfe36c53f90905b6d4b566b7ffd1ccd4457ed257ba6e5ccb7afe8669ca67d,ff95b4dad008cac8,
potato_pld,Training/Early_Blight/Early_Blight_1081.jpg,Early_Blight_1081.jpg,.jpg,10385,256,256,Early_Blight,False,e66b375b832152c36df23853cb8654a8f1849e4971977e691331de5d28b7b5ee,aac2a0cfd00f9f2d,
potato_pld,Training/Early_Blight/Early_Blight_761.jpg,Early_Blight_761.jpg,.jpg,10717,256,256,Early_Blight,False,c7ca9f88a5b9b77ae748a2ee7fd319ecfdb2d2f149c01b57b316cf79579ff66a,aebca4e7d4c4c2c2,
potato_pld,Training/Early_Blight/Early_Blight_424.jpg,Early_Blight_424.jpg,.jpg,7160,256,256,Early_Blight,False,c19ccc43617dbb97e3650d395103dcf81608a1bad1c3e912e900461f22c66c71,fd1ea07ad2a08637,
potato_pld,Training/Early_Blight/Early_Blight_65.jpg,Early_Blight_65.jpg,.jpg,10868,256,256,Early_Blight,False,c59b58ff3426640418409edf3ccb9585635debee36cb06583cca20793a00400e,eee4a406d55e9a38,
potato_pld,Training/Early_Blight/Early_Blight_892.jpg,Early_Blight_892.jpg,.jpg,11426,256,256,Early_Blight,False,bc30b00d5ffb976a35aa2c8bcde92caf341341897ed63ed1b5d809d4edb7e371,fa9ae07885a08777,
potato_pld,Training/Early_Blight/Early_Blight_217.jpg,Early_Blight_217.jpg,.jpg,10836,256,256,Early_Blight,False,87e58bb32c3d0f7d497c0d210759f3f1dcf1c2734cb1354f9b7e1b3b9feb6880,bee3b0a5d0d4c592,
potato_pld,Training/Early_Blight/Early_Blight_835.jpg,Early_Blight_835.jpg,.jpg,11987,256,256,Early_Blight,False,87c8dc714c058d1b57343c6e36985b20223e1c43949cf39ecd595a31b0a248f8,aa53e500c53f877a,
potato_pld,Training/Early_Blight/Early_Blight_375.jpg,Early_Blight_375.jpg,.jpg,9915,256,256,Early_Blight,False,64dd65010744235c716f2edf56cf89c8c8fe732d008d223429b4c3a69ed70f75,aed2e08b87281ef5,
potato_pld,Training/Early_Blight/Early_Blight_76.jpg,Early_Blight_76.jpg,.jpg,9320,256,256,Early_Blight,False,4a7cb42716a669798b45651f580a1b037ecd1a30db812edf3786fd532f094007,ab97d55ac068cd61,
potato_pld,Training/Early_Blight/Early_Blight_299.jpg,Early_Blight_299.jpg,.jpg,7781,256,256,Early_Blight,False,1b95f7ce76c7fcb84a0651b6cbc9af0d4bc6cb3760547d1739a0f54a30762939,bbe1f125c11bca98,
potato_pld,Training/Early_Blight/Early_Blight_1174.jpg,Early_Blight_1174.jpg,.jpg,10923,256,256,Early_Blight,False,d5230722669993fa134f61f90aacd1fce4282ff7655f61c2e842f31ba49b97d9,ffb5b0b2d0d0d282,
potato_pld,Training/Early_Blight/Early_Blight_625.jpg,Early_Blight_625.jpg,.jpg,10628,256,256,Early_Blight,False,bed7254579cefcce730406631c0c2c158c5bc10719adb558a7aeba485146814b,afd1a4ced40a827d,
potato_pld,Training/Early_Blight/Early_Blight_13.jpg,Early_Blight_13.jpg,.jpg,8281,256,256,Early_Blight,False,1271528eb15c5f6f7231bdf091da58b72c84e25bf94f53a6ef4a51e289e0ddee,ab4eb1a5d1958b92,
potato_pld,Training/Early_Blight/Early_Blight_681.jpg,Early_Blight_681.jpg,.jpg,8823,256,256,Early_Blight,False,a1b1e2c7adad75e7529b87e5f7cb39f59fdf6fba1ff85303d79cdc995ca0a564,bfccb00cc33e4b70,
potato_pld,Training/Early_Blight/Early_Blight_1033.jpg,Early_Blight_1033.jpg,.jpg,11407,256,256,Early_Blight,False,b1a54f9dfb2603cbd9169f4f82bc03ef974ab95eb7723b1f1d4ef66b25901c1f,aa4ae02f83b587dc,
potato_pld,Training/Early_Blight/Early_Blight_479.jpg,Early_Blight_479.jpg,.jpg,13374,256,256,Early_Blight,False,22bb35a5bc651efb5ed6d9f4dd8fb3fd8e415337c59e054e3a8d49bcbd9810ed,ba79e103877d9f00,
potato_pld,Training/Early_Blight/Early_Blight_846.jpg,Early_Blight_846.jpg,.jpg,10626,256,256,Early_Blight,False,15f20b4b21d0fc9aa7ff01b55d63bd8b50228574a848f9e0500a2d0d7b898b3a,ffe8b401d0c5c2b6,
potato_pld,Training/Early_Blight/Early_Blight_948.jpg,Early_Blight_948.jpg,.jpg,9294,256,256,Early_Blight,False,2379530a29a6a21a011727078604e4ca945777787305b7543604da2f1242634c,ea89e4e887159eb8,
potato_pld,Training/Early_Blight/Early_Blight_343.jpg,Early_Blight_343.jpg,.jpg,7514,256,256,Early_Blight,False,c559d737ca25ebaeb1c6abd87b69681a8468dc1633019608d9ed7210451be560,bf6095a0c295cd9e,
potato_pld,Training/Early_Blight/Early_Blight_431.jpg,Early_Blight_431.jpg,.jpg,6421,256,256,Early_Blight,False,44b79b6bb1733faef157c2f35bd001de40cd06559346aa27a1cea80f996ce388,af8dc4cc932a1f31,
potato_pld,Training/Early_Blight/Early_Blight_1298.jpg,Early_Blight_1298.jpg,.jpg,9828,256,256,Early_Blight,False,3d319ebfac1226197a9b47452649ed9ab36495ee7744a904044d031c6a1d220e,aa2de05581bfc752,
potato_pld,Training/Early_Blight/Early_Blight_354.jpg,Early_Blight_354.jpg,.jpg,7517,256,256,Early_Blight,False,80bb68dab83b73ae51e4fe4adf371ceec59d0544f032441f6b644a256cc6842b,efc0a00f87bd961c,
potato_pld,Training/Early_Blight/Early_Blight_1190.jpg,Early_Blight_1190.jpg,.jpg,11748,256,256,Early_Blight,False,35da6b5d90791950ad60b7c5c93b175ea0e35fe9e5cb27fafe98774e67f88860,feafa090839587d4,
potato_pld,Training/Early_Blight/Early_Blight_1013.jpg,Early_Blight_1013.jpg,.jpg,10675,256,256,Early_Blight,False,88b8aa887586a2fc8aa9356cb0dcc1ecc2eb2df92e35edcfb3d77171edabf5db,bfe3e00e83188ef8,
potato_pld,Training/Early_Blight/Early_Blight_954.jpg,Early_Blight_954.jpg,.jpg,10402,256,256,Early_Blight,False,df6fff8210951d3220bb6d4c07489abe9fcea09e561ac5b8e9082e5cc8f9194d,bb06a1f69702d26b,
potato_pld,Training/Early_Blight/Early_Blight_1267.jpg,Early_Blight_1267.jpg,.jpg,9721,256,256,Early_Blight,False,8100274677ba49be95ca7c11b9652244159e01a150b6539ac69d4b74b8d12517,beb5d0facbd08841,
potato_pld,Training/Early_Blight/Early_Blight_807.jpg,Early_Blight_807.jpg,.jpg,9166,256,256,Early_Blight,False,7f079e109eb86eec211de62e51c15863a954664557d652c3671c712eea51358b,aa62e107857f97b0,
potato_pld,Training/Healthy/Healthy_154.jpg,Healthy_154.jpg,.jpg,8063,256,256,Healthy,False,f5b57e56d861351ff93222a5610e9644cf74e1441345b3538de7ebd40a2aa6e7,afeab4218b869d86,
potato_pld,Training/Healthy/Healthy_732.jpg,Healthy_732.jpg,.jpg,13164,256,256,Healthy,False,1246018254e87c0d655b5da5658c85f1358b19502b13e68c60b59a294b36a5de,fe1d80f0c7439743,
potato_pld,Training/Healthy/Healthy_778.jpg,Healthy_778.jpg,.jpg,12399,256,256,Healthy,False,627027b3c947d04fa644036b7213c997feb6eeb2b04828894d9b335afb712e25,ea95e5d49ac8d1c8,
potato_pld,Training/Healthy/Healthy_199.jpg,Healthy_199.jpg,.jpg,7695,256,256,Healthy,False,72315b2f2ca545a247018787516deff500c9e1b029c66b294aa28bef2e8acea9,ea57e4aa84e59487,
potato_pld,Training/Healthy/Healthy_811.jpg,Healthy_811.jpg,.jpg,13497,256,256,Healthy,False,dad3784f3a0c4e89fdeb35b430234d99ec79fc24920e9d22266b80257adbf102,eaa590dacac9c9c5,
potato_pld,Training/Healthy/Healthy_183.jpg,Healthy_183.jpg,.jpg,12667,256,256,Healthy,False,e7e8d0b9d36b524b88cff8633f71506a22177d9761f864f465eb009a1ff2fb6f,efa4e4d485421dcb,
potato_pld,Training/Healthy/Healthy_659.jpg,Healthy_659.jpg,.jpg,11719,256,256,Healthy,False,b751f8f9dbfb4dda180e49b317676dfbf74835c712fa933e16f6202815542328,ea3580749fc2d8ce,
potato_pld,Training/Healthy/Healthy_207.jpg,Healthy_207.jpg,.jpg,7098,256,256,Healthy,False,106c120aca6021131b45b9f9e959f8f14526c1dfbd6c8969f87110d7f6e1163e,ea16e5fa85e09487,
potato_pld,Training/Healthy/Healthy_806.jpg,Healthy_806.jpg,.jpg,12826,256,256,Healthy,False,fda377493de57a4b6b851f5f63b1529be46aeb2273724e0a5736b7400674c086,bf95d07a83d8ccc0,
potato_pld,Training/Healthy/Healthy_303.jpg,Healthy_303.jpg,.jpg,6721,256,256,Healthy,False,39251351cef866abcb55570b08886a4251bc2691a747936350e74e1f1548f0ac,ea53e1fa85019ca7,
potato_pld,Training/Healthy/Healthy_308.jpg,Healthy_308.jpg,.jpg,5940,256,256,Healthy,False,66de4fc1c78888b9ede83dd6149252a467df94234f53c96f2d150466f0d46017,abdac0b58da39d22,
potato_pld,Training/Healthy/Healthy_712.jpg,Healthy_712.jpg,.jpg,13156,256,256,Healthy,False,60eb627710dbaeda5bf6cf3283b0d581fd413a6bffdfcf9ea3d6dcc6923a6a54,aa91f11c94daceca,
potato_pld,Training/Healthy/Healthy_268.jpg,Healthy_268.jpg,.jpg,5864,256,256,Healthy,False,b7a263645a892df1e1156edd589125179a9f677069547b4dd6565787ceaea7a7,eaca854e9cb99a31,
potato_pld,Training/Healthy/Healthy_577.jpg,Healthy_577.jpg,.jpg,12240,256,256,Healthy,False,bd1f07523aab4a920037f91816947e2ca8ebb646cc578db89ba656292f589833,ba8fe4d6c2e0c709,
potato_pld,Training/Healthy/Healthy_242.jpg,Healthy_242.jpg,.jpg,6116,256,256,Healthy,False,8c2abdfbc22118ab5820d9851e04ff7243e57a31fddf563f3660040e07852392,bf97b0dad0a8c864,
potato_pld,Training/Healthy/Healthy_494.jpg,Healthy_494.jpg,.jpg,9471,256,256,Healthy,False,7f56327e2e7de2c8808cdaea73397e6c43602ac2e353e7ca7f773a2c33226828,eaf2a082958797dc,
potato_pld,Training/Healthy/Healthy_185.jpg,Healthy_185.jpg,.jpg,7123,256,256,Healthy,False,6ff3cb3ed5c5c33fbdb4678ed3ebf492d0f0966dfcd4291ad8d5b09de7f2db5e,ea62e1a487961eda,
potato_pld,Training/Healthy/Healthy_634.jpg,Healthy_634.jpg,.jpg,11865,256,256,Healthy,False,870737f3ab3b6291d246d7c67faf0ea77fdbed06d922abedd8a1ae421f29002e,aa95d25acf61e462,
potato_pld,Training/Healthy/Healthy_314.jpg,Healthy_314.jpg,.jpg,5889,256,256,Healthy,False,aaed36c0f0eff9d92ea72aeb6699a9e051b9b29e2b8604307a8755edaa2c8fc7,eac2c11e953a9573,
potato_pld,Training/Healthy/Healthy_731.jpg,Healthy_731.jpg,.jpg,12463,256,256,Healthy,False,0c44cc2559c14b1f45314991bcf6a2bdd56f2008cddc8f7b0956a4d8ed287f95,efc8e40f853cda30,
potato_pld,Training/Healthy/Healthy_2.jpg,Healthy_2.jpg,.jpg,10477,256,256,Healthy,False,d7a0eb3ed38a145e0e1bbfd17f3f075830afb6214aca142eec443ca29bab3e69,ee1ba5fa95a19086,
potato_pld,Training/Healthy/Healthy_329.jpg,Healthy_329.jpg,.jpg,15106,256,256,Healthy,False,bb012866750d26ea69dc45f325d9edd841d334c3427e110c08b7dd5f12653309,ba11a17c8742d67b,
potato_pld,Training/Healthy/Healthy_411.jpg,Healthy_411.jpg,.jpg,7761,256,256,Healthy,False,c5fa6e29361805376082027a2ac47c7f86452b95d70366a8a760de4c10d3c6f0,ff97b4e09001c2cf,
potato_pld,Training/Healthy/Healthy_785.jpg,Healthy_785.jpg,.jpg,12793,256,256,Healthy,False,1f5f778beb28bffdb308453cfb0ef9e62c687d0ae233585042c4565a97ef3c0f,aaf4b502945f9749,
potato_pld,Training/Healthy/Healthy_704.jpg,Healthy_704.jpg,.jpg,12797,256,256,Healthy,False,dbd0c5c4f9a3e9eddd22e2b0aeea7eb2aabee87559f3f6d17a349a9110a8d549,fe36e0a385c19ec2,
potato_pld,Training/Healthy/Healthy_813.jpg,Healthy_813.jpg,.jpg,13124,256,256,Healthy,False,15205c945c80f504bf32b7ce2c33d4d4064aef020d837cb3c47d5dab21416aa8,fb488007df0edc2e,
potato_pld,Training/Healthy/Healthy_403.jpg,Healthy_403.jpg,.jpg,10300,256,256,Healthy,False,a54a27a49d9a2c2a33e3a4fc00f7d60ea917c4d499fe65b7e676a56ecf7b0ae2,abc99595c286db1a,
potato_pld,Training/Healthy/Healthy_770.jpg,Healthy_770.jpg,.jpg,12435,256,256,Healthy,False,b494f85b214e3f07dc0426ba1f645a666ef524c0cef7bda3c029caf731e04812,bf68b4a5d052c13b,
potato_pld,Training/Healthy/Healthy_250.jpg,Healthy_250.jpg,.jpg,6229,256,256,Healthy,False,d26142b8eeafb1af9c9c9989f332261e09b20540c2dbf117145b7edd4ee21d18,ae6ad4a5c2b58593,
potato_pld,Training/Healthy/Healthy_396.jpg,Healthy_396.jpg,.jpg,13033,256,256,Healthy,False,ada7e84c3fbe5a6aea9aab32be2a98d9d8c13f833888d5bda068cd88f474bf70,a996d5da92c98d61,
potato_pld,Training/Healthy/Healthy_191.jpg,Healthy_191.jpg,.jpg,11773,256,256,Healthy,False,b3d4a03d24da269b24886aec3077d0e302ac155f08edd48cf9664f30784122e0,aa37a4c2970fce0d,
potato_pld,Training/Healthy/Healthy_378.jpg,Healthy_378.jpg,.jpg,12664,256,256,Healthy,False,0b087a3f1bfbcd47ffa1fb419be9cbec3438b07b49fe0be678eb793da1989929,ae31e06a97b99e30,
potato_pld,Training/Healthy/Healthy_42.jpg,Healthy_42.jpg,.jpg,8931,256,256,Healthy,False,61199045f9898c4149e97050ea413954108d11c34ff749bd23650bbb02c25418,ebd2b580d4c7828f,
potato_pld,Training/Healthy/Healthy_438.jpg,Healthy_438.jpg,.jpg,10612,256,256,Healthy,False,70ab51b446d37db6578eeff472e4580336852f717af7d5425eeb88f00fd415e1,ab12e4e98581973f,
potato_pld,Training/Healthy/Healthy_703.jpg,Healthy_703.jpg,.jpg,12210,256,256,Healthy,False,c829d8f83baf1d790b030881e58c50be0b3cd113830b39d4df43dd4a9ad1a63a,ef1fe8788de09046,
potato_pld,Training/Healthy/Healthy_384.jpg,Healthy_384.jpg,.jpg,11464,256,256,Healthy,False,b16c72a4bab1a9f3e466a40b04ea8688defaf71c34a779ce6882a018747fde33,aae8858597b4de92,
potato_pld,Training/Healthy/Healthy_727.jpg,Healthy_727.jpg,.jpg,13031,256,256,Healthy,False,6a87a5ec5b8101ff2679457603edd5b1774889859c6825b1079a8eceb7585987,ff1db4dcc2c88641,
potato_pld,Training/Healthy/Healthy_311.jpg,Healthy_311.jpg,.jpg,7131,256,256,Healthy,False,f128cb7fdb4421f437bd189d2e49a211ec87bddc0ef738e41ba3591ca4a5f0b4,ae89e0a987a5de94,
potato_pld,Training/Healthy/Healthy_708.jpg,Healthy_708.jpg,.jpg,13267,256,256,Healthy,False,2098bc0201e13cab5c495450f11580e957eb46e8de69e6489b1e4a097d3d5871,bfdaf0858297811e,
potato_pld,Training/Healthy/Healthy_681.jpg,Healthy_681.jpg,.jpg,11919,256,256,Healthy,False,884ca70f1615a15474474ce7d0b1d4ab9202f35a16a6680a9aee5be454ff06ff,fac6e083811f97cc,
potato_pld,Training/Healthy/Healthy_485.jpg,Healthy_485.jpg,.jpg,9187,256,256,Healthy,False,94956a7c3a0a571e74d7b25287624729f07b0c557dfe7445cc468b1b1923441f,bf87a11ed380cae1,
potato_pld,Training/Healthy/Healthy_243.jpg,Healthy_243.jpg,.jpg,6439,256,256,Healthy,False,fe7b3eea7dd72a88e8bb7d81a440e223aaf4f11f11f4b76ab4e5b3ab2c667705,faeae00587be849c,
potato_pld,Training/Healthy/Healthy_570.jpg,Healthy_570.jpg,.jpg,11826,256,256,Healthy,False,5e1174d4b5ab7f344e16079826b038356765478f9cc6b8407b269dbb92ae1c39,b3d295adaa259a16,
potato_pld,Training/Healthy/Healthy_449.jpg,Healthy_449.jpg,.jpg,9316,256,256,Healthy,False,e018472ca28b1ec05798b077566018fd26b7fecb98e18c7ef82f4787eafbd82f,ef59a12891f59b90,
potato_pld,Training/Healthy/Healthy_555.jpg,Healthy_555.jpg,.jpg,11142,256,256,Healthy,False,209a75674fe9d4860f7f2b8fffd9ce5df1eb2dc856d6982ac7fa13378d67b436,aacbbde9d524d204,
potato_pld,Training/Healthy/Healthy_444.jpg,Healthy_444.jpg,.jpg,9586,256,256,Healthy,False,9e5b62e7696e8945c63677b610e93d77aa2d344a2a39cfaf4f7cf83f9a33b58e,eeafe1f4c4809e14,
potato_pld,Training/Healthy/Healthy_402.jpg,Healthy_402.jpg,.jpg,7143,256,256,Healthy,False,101ce1ce34671d5091b1bbba5fdd40653106de7735f4726a34b941bb4ff1f166,a29c954ad86ccdf2,
potato_pld,Training/Healthy/Healthy_213.jpg,Healthy_213.jpg,.jpg,7550,256,256,Healthy,False,e30f4c86c16a8739297a05cdf40ce3741fb5dc9d5ecf45de669b746d8abd0eae,fae6f094c0928fca,
potato_pld,Training/Healthy/Healthy_117.jpg,Healthy_117.jpg,.jpg,6840,256,256,Healthy,False,2c4180fdaede85187e355a4b416bfc6695dab8e2b10effc7446bdf6270212cd5,af1eb038d351836b,
potato_pld,Training/Healthy/Healthy_349.jpg,Healthy_349.jpg,.jpg,14246,256,256,Healthy,False,fc638ee64a5e705694660dba7209afc0b4557bc67cfeb913cd6aec7281af9217,aab3b560d283dac9,
potato_pld,Training/Healthy/Healthy_276.jpg,Healthy_276.jpg,.jpg,7450,256,256,Healthy,False,06a7e1b9bc25cefe60d6d13b8e6d87b7188ab1094d19321fed3734fbe38f14f8,ab3db450d44ac2ed,
potato_pld,Training/Healthy/Healthy_633.jpg,Healthy_633.jpg,.jpg,12296,256,256,Healthy,False,a8f8acf91ae172e35f475e0da0fc02a5bd28ecd4fab2318f01ece24d742df56d,babd95d092cac9e0,
potato_pld,Training/Healthy/Healthy_391.jpg,Healthy_391.jpg,.jpg,10246,256,256,Healthy,False,14c82102c209556230997c0dbd0f1810cfc89193ddf69eaff999cd0177b677f7,aa9595daca4bc561,
potato_pld,Training/Healthy/Healthy_459.jpg,Healthy_459.jpg,.jpg,9299,256,256,Healthy,False,27b22bba4a2ee557272ecf7f47e6e221ace1227592da437760a908185d6ba028,ebd0b513d0ddc229,
potato_pld,Training/Healthy/Healthy_626.jpg,Healthy_626.jpg,.jpg,11712,256,256,Healthy,False,0b15e6b9d98f19cbc9acb01e228618e76287411ce97666dd1a22336a30a73e56,ea5ab529c265d165,
potato_pld,Training/Healthy/Healthy_239.jpg,Healthy_239.jpg,.jpg,6217,256,256,Healthy,False,383abdf8fa6869131feb86daffd5be97d54f08a7b93455d746a0f9c0f3e068e0,aec2e4af86b58e14,
potato_pld,Training/Healthy/Healthy_148.jpg,Healthy_148.jpg,.jpg,8942,256,256,Healthy,False,fa724ea6a894d30846313384d42b8001e5991723cd6cefcdd5f73c66664fa772,ea4be5698750d68a,
potato_pld,Training/Healthy/Healthy_178.jpg,Healthy_178.jpg,.jpg,10589,256,256,Healthy,False,c2b05b5b0feff29ca39ab2ae74a6e39c4d5016967f103e777692afb2fda2306d,fbdca068856cd724,
potato_pld,Training/Healthy/Healthy_595.jpg,Healthy_595.jpg,.jpg,11671,256,256,Healthy,False,10cf6eb0e4ef5c4b668b2fb67ec8decec1f2a8844e885d01390db97bd00c4ebf,afcab525ca4e8136,
potato_pld,Training/Healthy/Healthy_563.jpg,Healthy_563.jpg,.jpg,12026,256,256,Healthy,False,a2ae3659505f3ce2b934b8ee07bec49f9a755801f11e74dd1ec927a9fa1521ed,ab52a52bd42dd135,
potato_pld,Training/Healthy/Healthy_749.jpg,Healthy_749.jpg,.jpg,12270,256,256,Healthy,False,ed3eecd84774182f72b8678ca2b7c2755c845beaa69eed59f4e51758c9f524d3,efc0858f98b099b3,
potato_pld,Training/Healthy/Healthy_262.jpg,Healthy_262.jpg,.jpg,5823,256,256,Healthy,False,b36b62f7b72413bf52977acfaa7097c3fe61473be6a32b222dc5c2a09f3b0fba,ead2c09f97bc9230,
potato_pld,Training/Healthy/Healthy_718.jpg,Healthy_718.jpg,.jpg,13090,256,256,Healthy,False,ac4988d2bcc134d44a8c9a00196bc2b53f97e4fb2998e7ae88746d53b795b351,fac2c0879ebd98b0,
potato_pld,Training/Healthy/Healthy_724.jpg,Healthy_724.jpg,.jpg,11961,256,256,Healthy,False,f41a2c1b755bbd882d2767290775589966845cb2bb16a788c9dc6bd8beed7dc0,bb95b05ad2c8c9c9,
potato_pld,Training/Healthy/Healthy_682.jpg,Healthy_682.jpg,.jpg,11617,256,256,Healthy,False,57d8d9e356aed5fce7035157234e5245e2cce4fcd90d1dee38544c5590cd19aa,ff9de0f08702864b,
potato_pld,Training/Healthy/Healthy_565.jpg,Healthy_565.jpg,.jpg,10646,256,256,Healthy,False,2c36451e33600b04c19cfa42aae127f80fade1bc8d9c9ae320e8a35cff8c509d,e83daff0847398c2,
potato_pld,Training/Healthy/Healthy_309.jpg,Healthy_309.jpg,.jpg,6500,256,256,Healthy,False,16891980cf985b170896122324f79be0a54f27cedf8617582b5d3fac01f8e1d5,aae5a54cd50e9a3c,
potato_pld,Training/Healthy/Healthy_456.jpg,Healthy_456.jpg,.jpg,9066,256,256,Healthy,False,5fe24ccc15dc98be975b5212c90d240fdf241f78e666fb36b2b4f5537a1d373c,ea96a5f295c09ac9,
potato_pld,Training/Healthy/Healthy_192.jpg,Healthy_192.jpg,.jpg,12597,256,256,Healthy,False,5ac66a86db6d5f6ce6089bbcbd6500d2d22702a171783b9b2250eb782e386eda,eaf6a4e09703c60f,
potato_pld,Training/Healthy/Healthy_646.jpg,Healthy_646.jpg,.jpg,12656,256,256,Healthy,False,8c7aa192817da415c2809ce660dbfb673a2e468394c4a662a9a4427ae141ac0a,ea3588559e62986f,
potato_pld,Training/Healthy/Healthy_701.jpg,Healthy_701.jpg,.jpg,12720,256,256,Healthy,False,153d511b6b94f28eac089c50a142400b4d46f0fb5a2e5fdad9589fd6d9ac9b3e,bf0ff096c0e0cac3,
potato_pld,Training/Healthy/Healthy_491.jpg,Healthy_491.jpg,.jpg,10549,256,256,Healthy,False,f8ee9bcf4260c274476839f917de7a8b46e8d3afb4ff458576523413c69636d2,aa64e0a785169fb6,
potato_pld,Training/Healthy/Healthy_454.jpg,Healthy_454.jpg,.jpg,9266,256,256,Healthy,False,4f373c75234f8e4a06762f67d92be0f7b10ba8cc0ab0654855b8db7add53bf52,ae4eb1acc3958792,
potato_pld,Training/Healthy/Healthy_293.jpg,Healthy_293.jpg,.jpg,6843,256,256,Healthy,False,f996a92d97deaa553e9a5205b1b82b11912a99bdbbcb0e1c5fef237a35e064ed,ae0fe0f4974282eb,
potato_pld,Training/Healthy/Healthy_74.jpg,Healthy_74.jpg,.jpg,9696,256,256,Healthy,False,b4a82c01e4948bbe5215b9bac95c4fc0280acea16c2e49465f9d5164c04dbb40,ffb1b191904ac34b,
potato_pld,Training/Healthy/Healthy_513.jpg,Healthy_513.jpg,.jpg,8949,256,256,Healthy,False,caed1ed076cdf47c7a02f0c77be84430a941a82aeaa4d7d32714d585cac3d9f3,afc2a483d61fda18,
potato_pld,Training/Healthy/Healthy_803.jpg,Healthy_803.jpg,.jpg,13153,256,256,Healthy,False,2fe1f9bf57e6b59961a47c8115244c54b8342a255a1c45da486db38fe8775e7d,aec4a589d41f9a39,
potato_pld,Training/Healthy/Healthy_654.jpg,Healthy_654.jpg,.jpg,11525,256,256,Healthy,False,baca0145f950c41c734e1e39f0b1876ef03f77de7549b60aea29d1e781824946,ab4eb126d425da36,
potato_pld,Training/Healthy/Healthy_553.jpg,Healthy_553.jpg,.jpg,11271,256,256,Healthy,False,b2875aa9628a8a55d9239fb7d3fcdd3ab00c7574339541354c95065ad2a0187a,ef87b0d4d2c8e0c9,
potato_pld,Training/Healthy/Healthy_537.jpg,Healthy_537.jpg,.jpg,11786,256,256,Healthy,False,46e40ae6be0f25e3b2fef5bc5c63a1fd2d5c324493e85d5644ee66512a1a7c9c,aa0fe13cb5a0d335,
potato_pld,Training/Healthy/Healthy_288.jpg,Healthy_288.jpg,.jpg,6925,256,256,Healthy,False,741c771f7f4b167dc7e917a686bc058b164c4b0c3a30abbe6f6c3d326af7c86b,bf6ab021caa6d117,
potato_pld,Training/Healthy/Healthy_233.jpg,Healthy_233.jpg,.jpg,6893,256,256,Healthy,False,b2d99d9c5016d1eccb8ff6b27c30b51228535044c6b7eccaf9c0398d77db6904,ea91b55fd0f892c0,
potato_pld,Training/Healthy/Healthy_762.jpg,Healthy_762.jpg,.jpg,13242,256,256,Healthy,False,dcab38e990e59ebff1d1f562b1b1ff03cc31ef0094232331d3ca41891fa3035b,aa4eb52fd0359236,
potato_pld,Training/Healthy/Healthy_388.jpg,Healthy_388.jpg,.jpg,13161,256,256,Healthy,False,a3603706bc3a0627e159bc280372bc982f47bd8533b006a93fcc9c2f3e6bea48,efb7f0d0c2c285c1,
potato_pld,Training/Healthy/Healthy_536.jpg,Healthy_536.jpg,.jpg,10315,256,256,Healthy,False,31c0ad2f64f71a92bbe29cc67565c463c1cc8349694babf50bdad6c2746749f1,eea6c2f0d2c2c387,
potato_pld,Training/Healthy/Healthy_451.jpg,Healthy_451.jpg,.jpg,9350,256,256,Healthy,False,0ba0160140fffe6824b0a658789567e55b3e784814020621be5d6bac751efdda,fef0e00b87be8470,
potato_pld,Training/Healthy/Healthy_142.jpg,Healthy_142.jpg,.jpg,10249,256,256,Healthy,False,8c51f3768ed94cb3627a9d2b1576495a17289f7bad9cf6426067518b844d03c0,bf07b45ed0a8c06d,
potato_pld,Training/Healthy/Healthy_440.jpg,Healthy_440.jpg,.jpg,10979,256,256,Healthy,False,0048b93cfe1e447c7acb762fbb5dda654e4772767b0fd55fd9d5cdedffe9518d,bfd8e08087ab97a1,
potato_pld,Training/Healthy/Healthy_333.jpg,Healthy_333.jpg,.jpg,15110,256,256,Healthy,False,73cfd883e8e3f3c8d02bd409852109b6c9627282fccaea1a112e7fba1fecf0c6,eaeca5c5954e9c48,
potato_pld,Training/Healthy/Healthy_253.jpg,Healthy_253.jpg,.jpg,6425,256,256,Healthy,False,37ba02f1fde9ba7688e766d1fe689bd1b46d267e56600aa77ddce5f07e0adc3f,aaceb1ecd194c992,
potato_pld,Training/Healthy/Healthy_464.jpg,Healthy_464.jpg,.jpg,8981,256,256,Healthy,False,eeeaa7c4b017fece4858712af4ee37e6a30ffa5dbbb0d442a4424bdeeec27023,abc0952dde35d832,
potato_pld,Training/Healthy/Healthy_134.jpg,Healthy_134.jpg,.jpg,9931,256,256,Healthy,False,2126f096e3acf337fcf7eab8784996cde4f01312c5835958ae1d7b120a3a181c,ea2fe17485a89745,
potato_pld,Training/Healthy/Healthy_73.jpg,Healthy_73.jpg,.jpg,9578,256,256,Healthy,False,b9eb4e88777b32a1a8a5b7aab2917e9c33d50b846a166b14f4a298d423fc2f19,fb1ee16881759721,
potato_pld,Training/Healthy/Healthy_476.jpg,Healthy_476.jpg,.jpg,10538,256,256,Healthy,False,8120945b7cb0784ccac693983de65cb71c334574a127b9e1c12f6e61a9b82a05,ae35e452c46ace69,
potato_pld,Training/Healthy/Healthy_383.jpg,Healthy_383.jpg,.jpg,13817,256,256,Healthy,False,bd5e07bf9a7affa7db42cd5fb05d1622a0c07a49c366731577c2d72f7c1064f2,aa95df4ec24bc548,
potato_pld,Training/Healthy/Healthy_631.jpg,Healthy_631.jpg,.jpg,12546,256,256,Healthy,False,907be16e6b0ac05970a83ed679b2fcbd0000b06c6f8bc36cba476f795520e2e0,aac8e4a79794d196,
potato_pld,Training/Healthy/Healthy_625.jpg,Healthy_625.jpg,.jpg,11231,256,256,Healthy,False,86be842aaa00ce8eb5c35dadb15ce6a9ae6e46f59128f2e29411d7fc88a0b56c,afd8f12cd02d8396,
potato_pld,Training/Healthy/Healthy_174.jpg,Healthy_174.jpg,.jpg,7716,256,256,Healthy,False,d92d2524766fb26f6b66385e03f04b7ecf8d0129c7d1d70fc9a835a68977f7bc,fea5e08585de8692,
potato_pld,Training/Healthy/Healthy_591.jpg,Healthy_591.jpg,.jpg,13623,256,256,Healthy,False,033cc95c6a111e950927fe16683e36ff67055d81627d35091ef16e50fd8b1881,efcac48d8aac989c,
potato_pld,Training/Healthy/Healthy_114.jpg,Healthy_114.jpg,.jpg,8366,256,256,Healthy,False,f2692604fd596c36843bff27fa3d70ee49f68efb51f3ebe0202fa91e3e990265,efb5a091c15a875a,
potato_pld,Training/Healthy/Healthy_77.jpg,Healthy_77.jpg,.jpg,9906,256,256,Healthy,False,6b695689824e05f6ca4b41fd593d6a535a5a2505883ef8fa4a6de2b7655723c9,fa4be17a87218665,
potato_pld,Training/Healthy/Healthy_728.jpg,Healthy_728.jpg,.jpg,13088,256,256,Healthy,False,787ae4777acd92e3d89b050836f59ac1583402cd0d1e3ab48cb83932c48c223d,fe48e00a87bf9730,
potato_pld,Training/Healthy/Healthy_782.jpg,Healthy_782.jpg,.jpg,13057,256,256,Healthy,False,1fb1be45bcdd60c361e5bacbf97fdddbb34a6c704886508a51c6fa98ad7f76a2,fac2c083a7af829e,
potato_pld,Training/Healthy/Healthy_688.jpg,Healthy_688.jpg,.jpg,12250,256,256,Healthy,False,9e3c4cf64edfe7f5ba5c7b00d5084609f428e8162ec7ef81ba15f44141ae48f8,fe1be43cc71190c3,
potato_pld,Training/Healthy/Healthy_510.jpg,Healthy_510.jpg,.jpg,10092,256,256,Healthy,False,f96fefa3db3a2fa2fb2ead3fcb05d2724ed0bedddf194895db4685ac4de1f8e6,ffd2e083811fc698,
potato_pld,Training/Healthy/Healthy_799.jpg,Healthy_799.jpg,.jpg,11649,256,256,Healthy,False,4a3a7e2540db1e9d889cac634bc829ade6566e3cb0e7df31fe78752161eaa757,aa6ca5ced0868bb6,
potato_pld,Training/Healthy/Healthy_394.jpg,Healthy_394.jpg,.jpg,11144,256,256,Healthy,False,09c34d5b9051dc4428778f3333b399a983f71198fe2c6ea398be149c40192e4f,aacad5958b969c32,
potato_pld,Training/Healthy/Healthy_518.jpg,Healthy_518.jpg,.jpg,10970,256,256,Healthy,False,c232b6118350073f74801fac40da2174f4092a53151e5c8203a10ea2f6688198,aab5f0b4c5529752,
potato_pld,Training/Healthy/Healthy_261.jpg,Healthy_261.jpg,.jpg,5747,256,256,Healthy,False,6e988a0fd72d34db2ae347404c9dc3a1f82a1bef614c8f6ec55fb753e37ad6a5,ea92e1b285e097c7,
potato_pld,Training/Healthy/Healthy_61.jpg,Healthy_61.jpg,.jpg,8424,256,256,Healthy,False,a004b69c41c6746d4b26839ccc1cd311834c87404a3449219b62dfff172308fd,bbf0a193971ace09,
potato_pld,Training/Healthy/Healthy_272.jpg,Healthy_272.jpg,.jpg,7789,256,256,Healthy,False,1231de5161a9e0e75b9b2520a67e136d8b94472ba0ea80d272487724c69fac93,fa2fe0f485c180d7,
potato_pld,Training/Healthy/Healthy_127.jpg,Healthy_127.jpg,.jpg,10002,256,256,Healthy,False,2c1cb0dd400dd3d0bc8a4b2b178e9ec50289fcce713b06493a643c9020ae9996,aa2bf553814a8797,
potato_pld,Training/Healthy/Healthy_125.jpg,Healthy_125.jpg,.jpg,8751,256,256,Healthy,False,7efdbb63c835151cd34ce95e52a45fb172569ed19f83d5d9ff02a160ac4550d3,fee9e011c7fd8280,
potato_pld,Training/Healthy/Healthy_515.jpg,Healthy_515.jpg,.jpg,10033,256,256,Healthy,False,b7470491851bd4ae4595cd107dd99a78e86ff9d989f9412788d6e0576e259f21,fee0a087d68e9a1c,
potato_pld,Training/Healthy/Healthy_696.jpg,Healthy_696.jpg,.jpg,11543,256,256,Healthy,False,b717f0e1168f9be0cf35db9aa434f374979de62722326afa7bb49340542a661d,ae97da5acd44c462,
potato_pld,Training/Healthy/Healthy_382.jpg,Healthy_382.jpg,.jpg,13003,256,256,Healthy,False,6f9d2910d1e1383bf1e30db93f93372d99363b834b34cc63de206e3e67346c11,aa37a55ad06bc269,
potato_pld,Training/Healthy/Healthy_415.jpg,Healthy_415.jpg,.jpg,7349,256,256,Healthy,False,d6b397e45779e4ceb86e6a035f44e9efd4f4cc11232d98bcf37b5cac5e8774f6,e6a69dc25a9a2539,
potato_pld,Training/Healthy/Healthy_14.jpg,Healthy_14.jpg,.jpg,10927,256,256,Healthy,False,6f680df346836a73459b51f3301a58c4fbf54dcac2da5e33699691a5bbf341ef,ea1ba5f295e390c4,
potato_pld,Training/Healthy/Healthy_667.jpg,Healthy_667.jpg,.jpg,12545,256,256,Healthy,False,5b4da5707ed89be5b5e9a9bb81061b497998b90316cc7a43e1850f3c7e05c537,ab37d5f49a4ad048,
potato_pld,Training/Healthy/Healthy_699.jpg,Healthy_699.jpg,.jpg,11539,256,256,Healthy,False,2f3f0a04c0c142eb72b25a4d149fe97e86d0e100f449e576cef92ea4e35c4fce,f91eb0d8dee1d048,
potato_pld,Training/Healthy/Healthy_103.jpg,Healthy_103.jpg,.jpg,7434,256,256,Healthy,False,0bde80a5ae2b7799d264674cdf0b1f65d865823f6e74e46df74011b9adfddb6c,fae4e087851e971c,
potato_pld,Training/Healthy/Healthy_336.jpg,Healthy_336.jpg,.jpg,14674,256,256,Healthy,False,78af2d0521f4aeed55ac97a42abfdaf03d34c36ade21ce167d5015e26104bcff,aecce1a79195cc92,
potato_pld,Training/Healthy/Healthy_122.jpg,Healthy_122.jpg,.jpg,7910,256,256,Healthy,False,936aae6bf58bec58b0159627c6fb93693f7b0ce572bef10abfc8381f3f81d407,ffa0a1d58157970a,
potato_pld,Training/Healthy/Healthy_53.jpg,Healthy_53.jpg,.jpg,8962,256,256,Healthy,False,4667e7995583b9b2287b602450150e6cb217ad380b5c476b5dfaeb2a7456af9a,afe8a505d49f8a1c,
potato_pld,Training/Healthy/Healthy_624.jpg,Healthy_624.jpg,.jpg,12573,256,256,Healthy,False,116d5377c6755ccc4f26b71452121106cd8077525e8f962031c1c2c2c03850e0,aa9db550d2cb8b49,
potato_pld,Training/Healthy/Healthy_201.jpg,Healthy_201.jpg,.jpg,9030,256,256,Healthy,False,8c1340cfd9258d7afddaa58af7adeeee0f0fd030f5aa6a1bf7b79bfb60362c4f,bbdbb1a890b4d192,
potato_pld,Training/Healthy/Healthy_600.jpg,Healthy_600.jpg,.jpg,11296,256,256,Healthy,False,e1d477cd3183d75d1ddbdd9833f6a91304c5bbe7db4cc921ede6563bb5265d7e,aa95c07aaf619e2a,
potato_pld,Training/Healthy/Healthy_241.jpg,Healthy_241.jpg,.jpg,5201,256,256,Healthy,False,8577599de497188ee2e643f7792de994b87907203161259222929fe3e2d55c52,aeb5c07a89e08dc7,
potato_pld,Training/Healthy/Healthy_660.jpg,Healthy_660.jpg,.jpg,11996,256,256,Healthy,False,465b94538ba61f7fdac5dcd130ebe783421210daa1bbffa240896bcb7daf6ae3,be9785528b498dcc,
potato_pld,Training/Healthy/Healthy_564.jpg,Healthy_564.jpg,.jpg,8899,256,256,Healthy,False,d8037e01941ab4dca412e7175f2ca124a0ca6e476764d533ba9936c4fff921e4,ffc2e099811e875c,
potato_pld,Training/Healthy/Healthy_776.jpg,Healthy_776.jpg,.jpg,13299,256,256,Healthy,False,68b6e17b9d19e840de41be76a2c2b7da09f0b94ee76bae6e36d5e2ac3cf43c60,eac8e18f950d98bc,
potato_pld,Training/Healthy/Healthy_592.jpg,Healthy_592.jpg,.jpg,10519,256,256,Healthy,False,994944e6d177f895f72cb9ab2fd2f78611b13fba413c8cf735e5e30eb412c6e5,eec6a1a095959e9a,
potato_pld,Training/Healthy/Healthy_672.jpg,Healthy_672.jpg,.jpg,12762,256,256,Healthy,False,ca1be0903a1a2cb7f641bc21ddafc34641b5ac9fc21923b2de15e27cb3cb7b14,badab0ac81ad87b4,
potato_pld,Training/Healthy/Healthy_397.jpg,Healthy_397.jpg,.jpg,11761,256,256,Healthy,False,1a7cf581cbd9c19a7b5764ff3461d80d162237f5a17e4ccb7baae704559364fd,a8ccd597829eda38,
potato_pld,Training/Healthy/Healthy_442.jpg,Healthy_442.jpg,.jpg,10217,256,256,Healthy,False,b8f09163485abe1b8f994b391d2db2c5e1c56d716706aab7b4aa803e0ad9b2e2,ebe4b4c6c00e969e,
potato_pld,Training/Healthy/Healthy_266.jpg,Healthy_266.jpg,.jpg,5847,256,256,Healthy,False,fb51cab140acbe819b1c30dca45596e80eec2235819d314438f541855a3ef7a1,ae31b452c2ea93c7,
potato_pld,Training/Healthy/Healthy_543.jpg,Healthy_543.jpg,.jpg,10499,256,256,Healthy,False,ffd59e4fe8a8a509c648f6db7293b551e2f9469ce8da83398a91d19f22f2c543,bf4ab128d525da26,
potato_pld,Training/Healthy/Healthy_365.jpg,Healthy_365.jpg,.jpg,13888,256,256,Healthy,False,93cac82a2eea9c1a51d85ea33dd6359d653d5170b9c914687fc51294a98da1c8,ab0ef5ed96408ac3,
potato_pld,Training/Healthy/Healthy_587.jpg,Healthy_587.jpg,.jpg,11090,256,256,Healthy,False,efb7ef736a3aa560d92cd803a86b18bad0e91a5c184eb01efa2101b522f5687c,eaca85c89730ba37,
potato_pld,Training/Healthy/Healthy_432.jpg,Healthy_432.jpg,.jpg,10318,256,256,Healthy,False,8aa9b73d884af220ea9ab01391bf2cc02cc3cc3c49c1d14488ce3ecc05d3bad6,bbd2a48690e59b87,
potato_pld,Training/Healthy/Healthy_599.jpg,Healthy_599.jpg,.jpg,12493,256,256,Healthy,False,aeb8c12e6889120ec90f27258f54c9ed5b664a167dddb4643bc717acd9ad13cf,ee3fa1d4d6d0d090,
potato_pld,Training/Healthy/Healthy_612.jpg,Healthy_612.jpg,.jpg,12040,256,256,Healthy,False,02a2a602aa068cc2200e30fe2f09bb926b874483eb86c0b723a3a4d44af33d78,aa6bd0e192b5c5d2,
potato_pld,Training/Healthy/Healthy_19.jpg,Healthy_19.jpg,.jpg,10703,256,256,Healthy,False,3e21898a1dd6e689bb673db09c5bfa1fe40a605d18b8a4ca0bcfd97aff12947c,eae0e10f958d84fc,
potato_pld,Training/Healthy/Healthy_745.jpg,Healthy_745.jpg,.jpg,12556,256,256,Healthy,False,b8ed3b5945abb78205780a677678275280a7a65b9c522c82c4a7743a03a46341,aa4ef52f83a483b4,
potato_pld,Training/Healthy/Healthy_653.jpg,Healthy_653.jpg,.jpg,11598,256,256,Healthy,False,b7cfa7004edef2c59109105d453571e85141ce8ea91aa31b8384243c3b2d5d40,bb6eb107d1b5c092,
potato_pld,Training/Healthy/Healthy_447.jpg,Healthy_447.jpg,.jpg,9144,256,256,Healthy,False,fd6116a78d65afe268a2dec67a76242d395b2c99444714284f012e99775d9e4c,ea3785f49dc2d0c8,
potato_pld,Training/Healthy/Healthy_575.jpg,Healthy_575.jpg,.jpg,11937,256,256,Healthy,False,a59dfc4a37efa3c1b8bb600bb9c247d8b988e8854d85c26a048aef77428a1aab,aa05b57e43b85761,
potato_pld,Training/Healthy/Healthy_487.jpg,Healthy_487.jpg,.jpg,11008,256,256,Healthy,False,4e5b01da4ca6e6049827d56fb2bec064791e5d08044abffbbe53ca176be636e5,aae0a58585df969c,
potato_pld,Training/Healthy/Healthy_428.jpg,Healthy_428.jpg,.jpg,9799,256,256,Healthy,False,1ac940839a8813ba1e2bdc2af81843f33ce2f79104f4ea8d7eb2558a39dda6ef,ffe8888fd4c1e098,
potato_pld,Training/Healthy/Healthy_227.jpg,Healthy_227.jpg,.jpg,9424,256,256,Healthy,False,2a47f117f55ab7b9e813a24d99966ebcba6dd0d68bfae76f62e87a6d49e14b3b,ff8cb0ecd52482b4,
potato_pld,Training/Healthy/Healthy_235.jpg,Healthy_235.jpg,.jpg,6670,256,256,Healthy,False,0f82fed414ddee36762c169b42077421aed64b4ac365afd7877c673e392f179e,af61b503d413d237,
potato_pld,Training/Healthy/Healthy_469.jpg,Healthy_469.jpg,.jpg,9541,256,256,Healthy,False,eec6c5b078189b52065d952639d998220f0e4b142d313c2de8a959f254fb5c2a,ea9785508ed8cce9,
potato_pld,Training/Healthy/Healthy_277.jpg,Healthy_277.jpg,.jpg,6751,256,256,Healthy,False,6d69ba332014a560ff229ffce11951548a7216e400eee963b08945c2cca5bb3e,ab8db555907ad2a8,
potato_pld,Training/Healthy/Healthy_574.jpg,Healthy_574.jpg,.jpg,12295,256,256,Healthy,False,93250682b294d9aa7bf96714d7df830e97b23519fff5c52d3c7294a1dc5a49e4,af1621be95324a73,
potato_pld,Training/Healthy/Healthy_194.jpg,Healthy_194.jpg,.jpg,8632,256,256,Healthy,False,43c01333db9e36366e7a129e0b4412f3d5c2ca8c5f81f0cdef501d97aa6b89d3,fae9b083938bda88,
potato_pld,Training/Healthy/Healthy_34.jpg,Healthy_34.jpg,.jpg,9373,256,256,Healthy,False,dde2d519ff338af7dceb3ced7c33b4699fffb4ff79d8b3f6811321a29b909fe2,bfb3e07084c2cec3,
potato_pld,Training/Healthy/Healthy_149.jpg,Healthy_149.jpg,.jpg,9152,256,256,Healthy,False,0f06636878e6407c19849064fd4751817c7daf72d41dccd7760e0d758081aa1c,ff43f0ee80a4830f,
potato_pld,Training/Healthy/Healthy_368.jpg,Healthy_368.jpg,.jpg,13597,256,256,Healthy,False,18b290d5decaad5fc8751c71261d9d4004bb3b5c2abebb0b39e4fd80b2f52bf0,ae37c56a8971d621,
potato_pld,Training/Healthy/Healthy_166.jpg,Healthy_166.jpg,.jpg,9018,256,256,Healthy,False,d2a22c79636d8d7288a0140d6e30d6fa08ce44ecee33e6e4131ecc93d8b7434c,ea1ce4e88641de8f,
potato_pld,Training/Healthy/Healthy_547.jpg,Healthy_547.jpg,.jpg,10677,256,256,Healthy,False,c5d6216fbefeedc42b6d2cbe92f2cd735d8a1ef912c5004dd4edb8b3b0bdf926,ea3588749f61b84d,
potato_pld,Training/Healthy/Healthy_685.jpg,Healthy_685.jpg,.jpg,12013,256,256,Healthy,False,29d188eb33969b3bb9258d2d89ec2f3b7c76986738959fa83cacef8d6886174a,fa40810fdeacd917,
potato_pld,Training/Healthy/Healthy_109.jpg,Healthy_109.jpg,.jpg,7225,256,256,Healthy,False,df60ebb7cb1dfbdc5713c860a1f5456db1aca42a24a30064f8cec71262ff770f,fb5ce0a885fd9700,
potato_pld,Training/Healthy/Healthy_514.jpg,Healthy_514.jpg,.jpg,9841,256,256,Healthy,False,b8685478ff69327543397dbb39dbb24b9a60051a7fd383556b4c31690cb33647,efd0a103971fd21c,
potato_pld,Training/Healthy/Healthy_594.jpg,Healthy_594.jpg,.jpg,11172,256,256,Healthy,False,947f0b373fed3b509ff34979edee4638b613739059ba503489ab61edf5676ef1,eaeca5d49682d613,
potato_pld,Training/Healthy/Healthy_302.jpg,Healthy_302.jpg,.jpg,6489,256,256,Healthy,False,50300becc050f6004afe5b39b3a2b97742c304d172fb3d59d056fd6bf02d46bb,bfb5d0528949c16b,
potato_pld,Training/Healthy/Healthy_379.jpg,Healthy_379.jpg,.jpg,9138,256,256,Healthy,False,064ff0b042f61dfe13afdb2aef6cfc67b99f9f4c183ce03ed92ee4acbeaf4379,aa48c52fd63c8af4,
potato_pld,Training/Healthy/Healthy_8.jpg,Healthy_8.jpg,.jpg,11706,256,256,Healthy,False,343df039ea356bd3ff5540e2a37fad51e0c2d3f5f54e3302ec2ccd7caaf1e45a,fbb5f050c05ac34d,
potato_pld,Training/Healthy/Healthy_507.jpg,Healthy_507.jpg,.jpg,9343,256,256,Healthy,False,ed5fabbc7d775e31ad071703db976b503417d24dd609aeddd4db31af9511b9a8,be3dd05a8b618947,
potato_pld,Training/Healthy/Healthy_739.jpg,Healthy_739.jpg,.jpg,13497,256,256,Healthy,False,c5a6b4d8c01df710f0041deb5b418df6edd0723dfee27b5d60315ee120b6f51a,ff1f8130976096e1,
potato_pld,Training/Healthy/Healthy_220.jpg,Healthy_220.jpg,.jpg,6597,256,256,Healthy,False,b8cd162c7be41a00e46df9b57037e0e9cd1cb78eea1d49e72bb0d14b688d96ea,ff5af0bb90b08390,
potato_pld,Training/Healthy/Healthy_131.jpg,Healthy_131.jpg,.jpg,9207,256,256,Healthy,False,76b0dbc041f34764d3db70fc862bc4dc47f2b3a79cedd9e650f37da4dd4cf8dc,aac5e486c51e9e78,
potato_pld,Training/Healthy/Healthy_546.jpg,Healthy_546.jpg,.jpg,10913,256,256,Healthy,False,a49aab7667a28e5b250461c4e56b09364b2efc54f2748b62e3e0e0c5b5d12f54,aad4b4ab85459795,
potato_pld,Training/Healthy/Healthy_758.jpg,Healthy_758.jpg,.jpg,13868,256,256,Healthy,False,ddaf1a2dd344d969500b772eaad4894c9e8cf96a99ccf3c63a824f425d961d31,aab5d4b652d8c5b0,
potato_pld,Training/Healthy/Healthy_184.jpg,Healthy_184.jpg,.jpg,8406,256,256,Healthy,False,f6e3200a7f8fcf3d6d1c40f3aa840cd3f23f5cb157b046da8b6dcbeeff9c932a,fecab0a5c2958d92,
potato_pld,Training/Healthy/Healthy_618.jpg,Healthy_618.jpg,.jpg,11691,256,256,Healthy,False,ba8e5e992716512754413629e2e2292d6d48f840c9ee4d24844612d86557faab,bb21f41ed158cb29,
potato_pld,Training/Healthy/Healthy_286.jpg,Healthy_286.jpg,.jpg,6617,256,256,Healthy,False,de8549591e543b3c9c550663e0a8f494c50119f06edb123d1d9c507a556214a6,bf95f05ac069c568,
potato_pld,Training/Healthy/Healthy_181.jpg,Healthy_181.jpg,.jpg,11144,256,256,Healthy,False,e3232c0fb2480fcd10ba0f1eef304572ed737a33cfa3fd0a13fcfcf2977f1d20,afccf50cd23c1b30,
potato_pld,Training/Healthy/Healthy_267.jpg,Healthy_267.jpg,.jpg,6700,256,256,Healthy,False,1bc049c1abf39b11653a4616f30cad24b28ebe738aa3d300e1dd8f590ca19754,ab37f45a8a688569,
potato_pld,Training/Healthy/Healthy_30.jpg,Healthy_30.jpg,.jpg,8887,256,256,Healthy,False,6b7ff53a7b930156003ec1c25994a93b400ac5edbba6db0cb818e00c996b57c2,ef39a0d0d4d38e83,
potato_pld,Training/Healthy/Healthy_722.jpg,Healthy_722.jpg,.jpg,11549,256,256,Healthy,False,0263b1f736bac5843b04cb253e3b875c7a3b44276ccc3a5cb620d7448b6724da,fae3e081858d979c,
potato_pld,Training/Healthy/Healthy_36.jpg,Healthy_36.jpg,.jpg,9823,256,256,Healthy,False,266884a6357f1f7852148fafc3b7e454e5e76c40f6f02bbf7fc61ef1517835fd,ffe6a006d41eca1a,
potato_pld,Training/Healthy/Healthy_483.jpg,Healthy_483.jpg,.jpg,10086,256,256,Healthy,False,acfddc7d41a6018ff44e691f24cc3a5fb90c2aa97f2083382e974d9f2b70c974,ae8cb4bcd0d4d2d2,
potato_pld,Training/Healthy/Healthy_582.jpg,Healthy_582.jpg,.jpg,13373,256,256,Healthy,False,bc449f71c5f9deba78ad0e5a149cc833a21f4e040aece6ac6e4c2b7c3cf8b80d,aa98e5b187529e8b,
potato_pld,Training/Healthy/Healthy_331.jpg,Healthy_331.jpg,.jpg,13822,256,256,Healthy,False,fcfe8f245d021be84e3f210828465140b2c1aa49d377374bb8043b42ff3e616e,efdeb081c1f58306,
potato_pld,Training/Healthy/Healthy_605.jpg,Healthy_605.jpg,.jpg,12637,256,256,Healthy,False,ae2d7d83ea18efefab29e29ed712e68479d7172e1e5be09c91d6f4cae1fd6dcb,babdd1709b708a43,
potato_pld,Training/Healthy/Healthy_328.jpg,Healthy_328.jpg,.jpg,12931,256,256,Healthy,False,e9834be5b8a1f825a36d2a1df8b183fabeafcd7c68b01849376de0b7ade72fd2,ffe0e085970ed81a,
potato_pld,Training/Healthy/Healthy_247.jpg,Healthy_247.jpg,.jpg,5956,256,256,Healthy,False,06ce2cc9d972862bc9ecb6c9df184b083684df77bc8aa7f81bafc6dc15867213,fae0e10787fc84b8,
potato_pld,Training/Healthy/Healthy_163.jpg,Healthy_163.jpg,.jpg,10589,256,256,Healthy,False,a007a202e81f9b60dac2c192fa06af8f0e82bb9f7e48207d3f0444dea91b0817,aa0cb51f94b8d2f1,
potato_pld,Training/Healthy/Healthy_471.jpg,Healthy_471.jpg,.jpg,10094,256,256,Healthy,False,2bf19100762a32bb437ede31fc447d3e9e604607f5af938b48fa699b09cca10c,faa4e096815e9f68,
potato_pld,Training/Healthy/Healthy_375.jpg,Healthy_375.jpg,.jpg,9620,256,256,Healthy,False,548f23ac46d7398e42bc257cfd236eeff576182964abc6db18f237342cf88d9f,aa3dc5728c6a9d62,
potato_pld,Training/Healthy/Healthy_278.jpg,Healthy_278.jpg,.jpg,7301,256,256,Healthy,False,e9f677c80e5f225bb119f8aadf4d17be7577bb56e2d6bb44b00a6cc7908427b8,bf42b42fd254ca2a,
potato_pld,Training/Healthy/Healthy_417.jpg,Healthy_417.jpg,.jpg,9671,256,256,Healthy,False,f7210e4c41fdd5b77b4d82dc055205c061bb9f98e9fc6ec10e7d31286f2298bc,ffc4a98a9156c18e,
potato_pld,Training/Healthy/Healthy_623.jpg,Healthy_623.jpg,.jpg,11643,256,256,Healthy,False,d7e56d28b441f127500474502a73cc537b04f95d2153ad669297852ec3e23749,ea5aa53bc22b8665,
potato_pld,Training/Healthy/Healthy_691.jpg,Healthy_691.jpg,.jpg,11750,256,256,Healthy,False,805d03c1ec4699c48778194598d8669a09f92fcc6abd5abe0026dab8f87be394,ef1da078d7f09842,
potato_pld,Training/Healthy/Healthy_12.jpg,Healthy_12.jpg,.jpg,11808,256,256,Healthy,False,4c9714b2b41e49b8fa98adeabb4bf3851cc5e1c33afc3b1a2c74704bd5361bc3,eac0e10fcf3c84b9,
potato_pld,Training/Healthy/Healthy_13.jpg,Healthy_13.jpg,.jpg,10635,256,256,Healthy,False,776a1343b102f155885e049667117f7a057fa6a40c6650bd9728f072ddf43994,ea95f59ac0d8c958,
potato_pld,Training/Healthy/Healthy_228.jpg,Healthy_228.jpg,.jpg,6656,256,256,Healthy,False,b4bb9e75021da0f0a99ed7f790b1bfbcc68207457fb73f30268e4713a7b7f3b1,afc8f5afc4858216,
potato_pld,Training/Healthy/Healthy_316.jpg,Healthy_316.jpg,.jpg,8307,256,256,Healthy,False,04537d037fe392287623b40b1d14423ed85a762c1d8f2c57ff96870e12b4fefa,aab1b1d2d1cac969,
potato_pld,Training/Healthy/Healthy_720.jpg,Healthy_720.jpg,.jpg,11834,256,256,Healthy,False,8f71be2a6b08d291ab6db18191c85b4e929d816c4ea6b4c8a11495f70c8b53c3,ffb0e086c38fc21a,
potato_pld,Training/Healthy/Healthy_527.jpg,Healthy_527.jpg,.jpg,8734,256,256,Healthy,False,98bdbfdb3385ca9eba0b7a51be75f647158c5cbbed9b77103b51d62a8892979e,fb84e0d6851e871e,
potato_pld,Training/Healthy/Healthy_482.jpg,Healthy_482.jpg,.jpg,9134,256,256,Healthy,False,e3b54b76464fd35a9ba2d9c54a55fae6e77643933d33d066a0ddfc137b44f7ab,ab1fa552d4ea9251,
potato_pld,Training/Healthy/Healthy_295.jpg,Healthy_295.jpg,.jpg,6995,256,256,Healthy,False,eed3ed24abad219cc9e8367771f064d75ca83d2d8a408da7e7582f462b2bc860,bf95f05a815d8568,
potato_pld,Training/Healthy/Healthy_172.jpg,Healthy_172.jpg,.jpg,10288,256,256,Healthy,False,60dfa1d31e2ee660c75f27169df756d8674a21ba6f97e538378946e0b6981b97,ab1ef0e6803dc785,
potato_pld,Training/Healthy/Healthy_279.jpg,Healthy_279.jpg,.jpg,6629,256,256,Healthy,False,a7bfb04ed01fbba0e068c0424170f0bc9f2f9c2eebd92488e64dde21fa5b1827,bf88b45ed0a8cb34,
potato_pld,Training/Healthy/Healthy_155.jpg,Healthy_155.jpg,.jpg,10570,256,256,Healthy,False,795e76ef72f07cfbfa2072df6111d6320f581cbadc231875c4c9cd19ddb490de,fa49b4ab908593d6,
potato_pld,Training/Healthy/Healthy_133.jpg,Healthy_133.jpg,.jpg,8708,256,256,Healthy,False,94011e1ea5752690c3d4a47f30ac2b24f2d421a74e0854f1cb9d215de77cba52,ab6ba041d507d2af,
potato_pld,Training/Healthy/Healthy_622.jpg,Healthy_622.jpg,.jpg,13172,256,256,Healthy,False,0403c204099e6fbe58ff1eba9147b59f45f1ea5188c72b4fe8bc38d9e38f0347,be52b52bc22f1a70,
potato_pld,Training/Healthy/Healthy_338.jpg,Healthy_338.jpg,.jpg,10461,256,256,Healthy,False,a99c480191af2aea689c1591fed2ed45ed7f745ac8bbeed72ba1038083fa277e,aae4bd0e95d4928b,
potato_pld,Training/Healthy/Healthy_240.jpg,Healthy_240.jpg,.jpg,5253,256,256,Healthy,False,812661249d4c34a0b31cefd093b584e26a34bec4f2aec15b8d829ef2e24c1af6,aae0e587c5169e3a,
potato_pld,Training/Healthy/Healthy_783.jpg,Healthy_783.jpg,.jpg,12356,256,256,Healthy,False,c2d7eccf7617256453a5713042e9a3fd61f74b9206aa79da4453a81d2d593dd5,eaa0b5dcd68382c7,
potato_pld,Training/Healthy/Healthy_589.jpg,Healthy_589.jpg,.jpg,12578,256,256,Healthy,False,bc36b5a14acee92175928a4474583604fc3b0fd09421af51f9d1d4a55d01f113,aa58b562c62fda2c,
potato_pld,Training/Healthy/Healthy_386.jpg,Healthy_386.jpg,.jpg,14078,256,256,Healthy,False,ece4141b9564a6df3e66ae40e1fcbdbf1516521ac5a79513498b15c613b24b53,aae6a5e5d594c22c,
potato_pld,Training/Healthy/Healthy_692.jpg,Healthy_692.jpg,.jpg,13048,256,256,Healthy,False,934668532beefe3606db593052770e6cb77e2f83a4381e2facc2809ec51c50d7,faa1e057877a9e20,
potato_pld,Training/Healthy/Healthy_511.jpg,Healthy_511.jpg,.jpg,10425,256,256,Healthy,False,a82b9c793f8acae5713fef8581b42a80bc6fcc179edcf3454331e38dd50d663d,bfb5f056825283a9,
potato_pld,Training/Healthy/Healthy_725.jpg,Healthy_725.jpg,.jpg,13116,256,256,Healthy,False,90ec655f132c034151aee614f3eacea47f74b052ffcb2f2e27ab767b6cf45659,bb9590d2dac8cce8,
potato_pld,Training/Healthy/Healthy_112.jpg,Healthy_112.jpg,.jpg,8854,256,256,Healthy,False,5521d4994c48e736338b0dcf0fd28d6b50a3e78db31b22d221eb95da6fe78bec,faa4e15485f2d782,
potato_pld,Training/Healthy/Healthy_98.jpg,Healthy_98.jpg,.jpg,8146,256,256,Healthy,False,3e54f867205fbe59adda98a72e542180a4e2b7d80ec13b2ca98e62454f98dbf8,fec1e00b853f869c,
potato_pld,Training/Healthy/Healthy_218.jpg,Healthy_218.jpg,.jpg,6459,256,256,Healthy,False,c83f000dadab971573145e173e354ff370b03f7d423605df4c0676bc001cfa03,bf1fb02e90b0d9b0,
potato_pld,Training/Healthy/Healthy_566.jpg,Healthy_566.jpg,.jpg,11442,256,256,Healthy,False,419d06005c2c8c7adb55443ffaa65a042fbbb78d08b8d82610b44d673431141e,ab3ef08f9768c2a0,
potato_pld,Training/Healthy/Healthy_669.jpg,Healthy_669.jpg,.jpg,11289,256,256,Healthy,False,c9e4b41cb0b160d48464a4ffb63b9bcb784d720c613eb8ecaecf2ad05ea10790,ae3481729bcad8cd,
potato_pld,Training/Healthy/Healthy_797.jpg,Healthy_797.jpg,.jpg,13134,256,256,Healthy,False,c6268987238fe82ccb17c5d59a312f962e5e81462eb549c580b792a015ea7bac,aa1aa57286c3de47,
potato_pld,Training/Healthy/Healthy_737.jpg,Healthy_737.jpg,.jpg,13232,256,256,Healthy,False,87345cf61ea568476a7d0fdd8df7de363b6bf0c877ea572bb1f8ef58ec8b0c8c,ef5894a59b06d11e,
potato_pld,Training/Healthy/Healthy_119.jpg,Healthy_119.jpg,.jpg,8825,256,256,Healthy,False,0549d3f64b5cea9aa17159a50f4726c062da6858d51735d53a5c6fa56ee04200,eac6a18787fe9608,
potato_pld,Training/Healthy/Healthy_571.jpg,Healthy_571.jpg,.jpg,10574,256,256,Healthy,False,8bf7bdf08db7d46f551edad5d440de1a55ef558f489b8e601d14541d384387bb,ae64b58ad435d896,
potato_pld,Training/Healthy/Healthy_59.jpg,Healthy_59.jpg,.jpg,10742,256,256,Healthy,False,3bdcc1dd7d43044875bc158c97191e3e37400e9bd371edc806b616ded1537c84,ff54e06a8168d761,
potato_pld,Training/Healthy/Healthy_274.jpg,Healthy_274.jpg,.jpg,6073,256,256,Healthy,False,fa0d77c23c6fdbccac5361f7acc2cc8cff4593573559d2dbb1f1a16510190aca,bf97b456d04ad0a8,
potato_pld,Training/Healthy/Healthy_517.jpg,Healthy_517.jpg,.jpg,8885,256,256,Healthy,False,fe1b165009b77457e62fa6cb6f2a6604b989fa4ca0c3956abeeaad4e67f47afd,eeb5c5d28a43894b,
potato_pld,Training/Healthy/Healthy_743.jpg,Healthy_743.jpg,.jpg,14056,256,256,Healthy,False,182bfa71d1c7e38a4fd63addb334853ae1913c391586421c7ff4946e9eaed3c0,aa9581fc8762d86b,
potato_pld,Training/Healthy/Healthy_775.jpg,Healthy_775.jpg,.jpg,14004,256,256,Healthy,False,b96014444094b29325d6994f341397e9d680227d6b7df369c20de9fbb064eda4,aeb5f452808a97cd,
potato_pld,Training/Healthy/Healthy_651.jpg,Healthy_651.jpg,.jpg,11469,256,256,Healthy,False,ac09fd5cbb5ddd5c8dd38ebe30326eebb2d24abd2606c5e203d2d30c6fc4bd0a,ab4fe1ac9294da92,
potato_pld,Training/Healthy/Healthy_468.jpg,Healthy_468.jpg,.jpg,9513,256,256,Healthy,False,908e65383318af7d8d4ac63785671a690d5fdf23328aed91a163b5b76df35f90,fabda0f485c28653,
potato_pld,Training/Healthy/Healthy_102.jpg,Healthy_102.jpg,.jpg,7100,256,256,Healthy,False,12b6cfaaa86a03d89c82ac1e02c8d59260d80fa910d013a5038f41b0933d792b,fa3fe0f085c094c7,
potato_pld,Training/Healthy/Healthy_205.jpg,Healthy_205.jpg,.jpg,7495,256,256,Healthy,False,5431e6d380b51e9c371b1b3a50a8e8a7ab51644f04db5ca69b7f267fc6e9ac3e,ebe4a484950f9e1e,
potato_pld,Training/Healthy/Healthy_55.jpg,Healthy_55.jpg,.jpg,9529,256,256,Healthy,False,fd48621839b4cf4a330f7276111fe3a6af1a46525af4a58f28b2f7bd8db54f3e,bf94b4dad009836d,
potato_pld,Training/Healthy/Healthy_798.jpg,Healthy_798.jpg,.jpg,12457,256,256,Healthy,False,2282cfec1e8b0c168a4ffcf4cff185ab841bbf4dcd7e9a93fefec6870c2ed135,eae0e50b953d96a8,
potato_pld,Training/Healthy/Healthy_330.jpg,Healthy_330.jpg,.jpg,10848,256,256,Healthy,False,b099d31a4880dec61ecdb504c69ba2b54d277ca6f3355fc4338d387c18f0c8da,be35f05283c9d929,
potato_pld,Training/Healthy/Healthy_50.jpg,Healthy_50.jpg,.jpg,8474,256,256,Healthy,False,7cacb918b26731778702ee0eabf080efe436622ed33e9dc12b02ceeaf86e887a,bbbeb190d0f8ca88,
potato_pld,Training/Healthy/Healthy_721.jpg,Healthy_721.jpg,.jpg,11875,256,256,Healthy,False,ea617944216a97d887377c63e4f9f9db2c901db5e5ee8fc6433de0e9e0de7046,bb8ff4fa8060c589,
potato_pld,Training/Healthy/Healthy_169.jpg,Healthy_169.jpg,.jpg,9847,256,256,Healthy,False,3975e35f6e5395e1dc46363763ac334b7cce0758d17b63f8b02b2ac73801992c,ba80d5dae07de078,
potato_pld,Training/Healthy/Healthy_361.jpg,Healthy_361.jpg,.jpg,9354,256,256,Healthy,False,4fe46a5ff06d88b60d607b4b4aa5c00f831c47e8a6ef0a25463540c9e54068ff,ab26951ed239cad1,
potato_pld,Training/Healthy/Healthy_663.jpg,Healthy_663.jpg,.jpg,13414,256,256,Healthy,False,76d38478f71bff5ef429ce14d5d8f08125d691ede7b764b6e8fc6ec631d5b317,afc8b185d24fc296,
potato_pld,Training/Healthy/Healthy_82.jpg,Healthy_82.jpg,.jpg,8130,256,256,Healthy,False,000b8f68be822c1499a07ff33e02ada301e5d73e1b009f07bcda41688ced5e4c,fab5e09485d6c782,
potato_pld,Training/Healthy/Healthy_389.jpg,Healthy_389.jpg,.jpg,11690,256,256,Healthy,False,c6c345477ef8d9f1e9c537193b3b718a9029a8508959378c8aecc0e3aa3090ee,fef0e083978587c4,
potato_pld,Training/Healthy/Healthy_497.jpg,Healthy_497.jpg,.jpg,10162,256,256,Healthy,False,32fc5b348f8f1345780ed13dbd0369985462aa89bf811d1ce17a2435d974b142,bfd0f003917bc30d,
potato_pld,Training/Healthy/Healthy_24.jpg,Healthy_24.jpg,.jpg,8763,256,256,Healthy,False,8ed8a0d81fea1e78cd92d728d2494342cebca1f0cb757244f43017f7d3a5a350,bf87b056d2a88355,
potato_pld,Training/Healthy/Healthy_604.jpg,Healthy_604.jpg,.jpg,12049,256,256,Healthy,False,c6a2303062e9777d77f620afba8930ee4e401d6c23f4f09f1f7b2121939abcea,aac4b58b941fd278,
potato_pld,Training/Healthy/Healthy_501.jpg,Healthy_501.jpg,.jpg,8258,256,256,Healthy,False,6fa461393580c45e83e1cecdfcd553db1aa74e310120f93c55050e7549faab79,efc1850f943c9a39,
potato_pld,Training/Healthy/Healthy_496.jpg,Healthy_496.jpg,.jpg,8501,256,256,Healthy,False,a876c520af35cd7d0cebdbb502c6bc2a5847fb574009e98a345f5d97bc09a679,ea62e02787b58f94,
potato_pld,Training/Healthy/Healthy_321.jpg,Healthy_321.jpg,.jpg,7578,256,256,Healthy,False,f19a814a02862e1626f2b068d2a9f31c17b29ac190c7e15023456f110619af3f,bb1eb0ac93a4c9d2,
potato_pld,Training/Healthy/Healthy_445.jpg,Healthy_445.jpg,.jpg,10244,256,256,Healthy,False,34553f70e5ab1bc55c5f1f603a7c9da8a4b453e1db2c8d18d87c20ca1cd8fa45,aae1e507855ece38,
potato_pld,Training/Healthy/Healthy_551.jpg,Healthy_551.jpg,.jpg,12252,256,256,Healthy,False,baf54e4e47be3d93a69bfd9a157416f69f8c7022b35c649b54ccc9a4873b39c5,fb8f81d4d4eac0c8,
potato_pld,Training/Healthy/Healthy_548.jpg,Healthy_548.jpg,.jpg,10016,256,256,Healthy,False,226a626a6da64344f1ec211663a46e9a4aef21efc197079fececfaf0ca8dd6a2,be29a5d88668dea1,
potato_pld,Training/Healthy/Healthy_6.jpg,Healthy_6.jpg,.jpg,9812,256,256,Healthy,False,9311cd17359727606278f9f269651cadffee70d3911077ad93cd82735bcc640a,ba4ef0adc0b4cdc2,
potato_pld,Training/Healthy/Healthy_512.jpg,Healthy_512.jpg,.jpg,9523,256,256,Healthy,False,552c27e68c8145c77673a729cbbbea58cd72382afea6ff5e43df7b03920ebe94,ab3585f496c0dac9,
potato_pld,Training/Healthy/Healthy_366.jpg,Healthy_366.jpg,.jpg,13888,256,256,Healthy,False,93cac82a2eea9c1a51d85ea33dd6359d653d5170b9c914687fc51294a98da1c8,ab0ef5ed96408ac3,
potato_pld,Training/Healthy/Healthy_210.jpg,Healthy_210.jpg,.jpg,8112,256,256,Healthy,False,100d8dbc5a69c68dd7091d7a4d5b6247b2309551b18d188d0424aa82193e8782,ff43b0afc0b4c192,
potato_pld,Training/Healthy/Healthy_31.jpg,Healthy_31.jpg,.jpg,10588,256,256,Healthy,False,ce72360cf3bd12bee350e6457cc60469d6b63de32a3258117a210901e9a0a32e,eb9ba47a85c096c3,
potato_pld,Training/Healthy/Healthy_590.jpg,Healthy_590.jpg,.jpg,12201,256,256,Healthy,False,4c0dc085a3a76dfddc2aa5ddc426f2c5f214ea77ac9703163b1f46cc03ca583e,aa94b55ac2699769,
potato_pld,Training/Healthy/Healthy_136.jpg,Healthy_136.jpg,.jpg,6920,256,256,Healthy,False,d61266fd0ae5af2523e0701fd3afd80d4827f13a4ebf20291e1837cf4f4afd39,ab3db550d22a8375,
potato_pld,Training/Healthy/Healthy_186.jpg,Healthy_186.jpg,.jpg,12206,256,256,Healthy,False,81812a9155b966b598450fe60853f245d8454acaa04fef2e3556183289ae460b,aee695c0528f9a1d,
potato_pld,Training/Healthy/Healthy_224.jpg,Healthy_224.jpg,.jpg,7228,256,256,Healthy,False,0cec1484f5c6e69336d1579cbc5839fa16c93a7c78c6c5db780be0f309ab652e,aea5e4d6849a8f58,
potato_pld,Training/Healthy/Healthy_711.jpg,Healthy_711.jpg,.jpg,12764,256,256,Healthy,False,ec0a2a775102835989603d48ceeea19b8bc87975b42db1bcd1cde6adeb5ebaaf,aa07b5d0d48acadd,
potato_pld,Training/Healthy/Healthy_458.jpg,Healthy_458.jpg,.jpg,9018,256,256,Healthy,False,4971a8028426b92a3e9a2db1f3c988d524576cac8bdc50c22c3641c97bd89f50,afb5d052c269c725,
potato_pld,Training/Healthy/Healthy_270.jpg,Healthy_270.jpg,.jpg,6114,256,256,Healthy,False,5ac587ed7a51471d8c5b4f9ada7da7a6df91bd009affce208d66850056952a40,bacab1ac93b4cb90,
potato_pld,Training/Healthy/Healthy_541.jpg,Healthy_541.jpg,.jpg,10188,256,256,Healthy,False,4d37c525a87ccdee228ec4d2e98c76fd1b5b595649e3d11e3937e23e7d1edf30,ea1ff01aaf508770,
potato_pld,Training/Healthy/Healthy_419.jpg,Healthy_419.jpg,.jpg,7438,256,256,Healthy,False,09198679c7e965574415bb74ccd5f5f5dc7b0e493f17e0547ae81d030fdb4fbc,faade0d085959696,
potato_pld,Training/Healthy/Healthy_319.jpg,Healthy_319.jpg,.jpg,7281,256,256,Healthy,False,5388b31e48d0b63764948ce4a9e03dbf9f3650406299c5b7e0e9c0615837540f,aa96a51695d8dac9,
potato_pld,Training/Healthy/Healthy_581.jpg,Healthy_581.jpg,.jpg,13251,256,256,Healthy,False,78116adbe3b6a64eeecc2235a49491dc822ce748c356a38f3e1bfb0a23945190,fff0e08a9587868c,
potato_pld,Training/Healthy/Healthy_788.jpg,Healthy_788.jpg,.jpg,12671,256,256,Healthy,False,8be314867ba2d9db345e04ca8d3a55ee8f4ab1a0ac5e28be616023f675cb523d,ba95c154c35acfc1,
potato_pld,Training/Healthy/Healthy_300.jpg,Healthy_300.jpg,.jpg,6070,256,256,Healthy,False,722a4b24010723064ad8a1c2ffc99d10ca4685ba741a9adeecdd05abfd605e9d,af97b45a8049d1ad,
potato_pld,Training/Healthy/Healthy_573.jpg,Healthy_573.jpg,.jpg,12068,256,256,Healthy,False,239dcf6c0475b96898d78a20887a06b0ac3d3bbad1d33d2994d464d8174f1909,ba15e09e8a78c5ea,
potato_pld,Training/Healthy/Healthy_426.jpg,Healthy_426.jpg,.jpg,8289,256,256,Healthy,False,508336dffbf49854a2d1c16c98712a20ded7a5a150cce223f55e20c219c558ee,eebba1c0c48596ce,
potato_pld,Training/Healthy/Healthy_786.jpg,Healthy_786.jpg,.jpg,11438,256,256,Healthy,False,d8987eb1f6583f29fa7668e129a260088dd57f47da9a07dab51fe677169c5745,aa4a9425cb36cd3b,
potato_pld,Training/Healthy/Healthy_66.jpg,Healthy_66.jpg,.jpg,8844,256,256,Healthy,False,bd72be8217c793e30d3b8203de1227ef128b5457905eb35e4192680e00d5e3f8,aac3a41fd43e8e38,
potato_pld,Training/Healthy/Healthy_446.jpg,Healthy_446.jpg,.jpg,9018,256,256,Healthy,False,c0b7daa58a3ecb7456ba1c784dc9948dac415f551ff962c593ca8ea08d9c9739,fab4e017855a974a,
potato_pld,Training/Healthy/Healthy_671.jpg,Healthy_671.jpg,.jpg,12984,256,256,Healthy,False,41dff9b026c72b5f9e78715c2289fb03fcd891a63932d3ec9d9e65b4d3d5ab07,a210ad369d42dbeb,
potato_pld,Training/Healthy/Healthy_121.jpg,Healthy_121.jpg,.jpg,8790,256,256,Healthy,False,a220eb757ceff892f25faa151532c46d637a79c676942a3632a64289aa05fff8,fae8e00985bf8725,
potato_pld,Training/Healthy/Healthy_408.jpg,Healthy_408.jpg,.jpg,10136,256,256,Healthy,False,c4a7c84826ccb92b62971735df7383c312b2b96183d61a314d1945e66783abc4,fa80c19f9fd82561,
potato_pld,Training/Healthy/Healthy_640.jpg,Healthy_640.jpg,.jpg,11929,256,256,Healthy,False,6732be6b89b3d93e47a9e1287dadc43847ec3f13aea96f323f78accea6bcff8d,aab5d15ac94d85cc,
potato_pld,Training/Healthy/Healthy_578.jpg,Healthy_578.jpg,.jpg,11898,256,256,Healthy,False,0ea1f5652d3b7e198364c4f687a61fcf33c1e3d81267051ec605b9e67774ecab,aa1da57ac7319c61,
potato_pld,Training/Healthy/Healthy_450.jpg,Healthy_450.jpg,.jpg,10047,256,256,Healthy,False,2b479cfb1912a5530b83d376458528ea31dc194d83b801f6079501f6a43af59b,ef13a43a85f096e1,
potato_pld,Training/Healthy/Healthy_744.jpg,Healthy_744.jpg,.jpg,12023,256,256,Healthy,False,99c9b7e30bd31fcf52e0da543d1e7fb3b33850bcba9edbcb10e1663540bd362a,aa8db55691aad329,
potato_pld,Training/Healthy/Healthy_203.jpg,Healthy_203.jpg,.jpg,8607,256,256,Healthy,False,5bfd47e188a91374d6a10616f0c8362eefc090b38197275397ee6c27f3f4dea0,afeda144d46ec28c,
potato_pld,Training/Healthy/Healthy_707.jpg,Healthy_707.jpg,.jpg,11650,256,256,Healthy,False,db4e6658682e834de99c846ce75b94f31ead7946fb229441273a35f00e576bc0,ff40d081c306ddbe,
potato_pld,Training/Healthy/Healthy_489.jpg,Healthy_489.jpg,.jpg,8713,256,256,Healthy,False,83a554b2f302af2b6622020c1edd7139362e0d7a2d1cb4b7a0eb70d5cf2b1f23,be9db0d8d048cb69,
potato_pld,Training/Healthy/Healthy_453.jpg,Healthy_453.jpg,.jpg,9372,256,256,Healthy,False,179e111604882623396abc0cb3acaa2f62b43da843f4d77ebfbfd58a9e35f5a7,bb93b03e912493e5,
potato_pld,Training/Healthy/Healthy_747.jpg,Healthy_747.jpg,.jpg,13991,256,256,Healthy,False,00898a04dc28e7512d5cd580f49c98398a4715495b32fa4e2a2c8600c7541ab2,af50852f9a2d9a36,
potato_pld,Training/Healthy/Healthy_196.jpg,Healthy_196.jpg,.jpg,8075,256,256,Healthy,False,a6a6c70a0974f79b099903f7265223a77b7c430e28a87011878e380bf62ebac5,ef1aa1ba85a198c7,
potato_pld,Training/Healthy/Healthy_700.jpg,Healthy_700.jpg,.jpg,12619,256,256,Healthy,False,747871d5a2555af89e33b96e5a20a95062148175c512e2d70faf1bd37205bc41,ef1fa07095689663,
potato_pld,Training/Healthy/Healthy_40.jpg,Healthy_40.jpg,.jpg,9046,256,256,Healthy,False,b64f744a545be877efbf106a6ac44972b924466fe95a5d364db0a7723f9876dd,bac2f0ef80a497b4,
potato_pld,Training/Healthy/Healthy_801.jpg,Healthy_801.jpg,.jpg,9454,256,256,Healthy,False,bd033add9ecd3f3ee9c2440421b81246b0a51924d4a18043774da793e54d05ef,aac4ad6a956ed264,
potato_pld,Training/Healthy/Healthy_146.jpg,Healthy_146.jpg,.jpg,10535,256,256,Healthy,False,2035757ca5ff508f92e1f2100b60d440a6954325b05e34e4414913f27897b242,fa1fa0fe85e09603,
potato_pld,Training/Healthy/Healthy_212.jpg,Healthy_212.jpg,.jpg,7189,256,256,Healthy,False,c87fbdd683a3b1bf2c8b748f2e2c383c6c8e5b7c14f285257cdf1ed720a69ea9,eb32a5b895f190c6,
potato_pld,Training/Healthy/Healthy_340.jpg,Healthy_340.jpg,.jpg,7680,256,256,Healthy,False,4790cccd9419f7334e8c44f4272a31f4edad6699c9908902dc26ae23d5d0f0ea,aab6b5d1d492d292,
potato_pld,Training/Healthy/Healthy_291.jpg,Healthy_291.jpg,.jpg,6153,256,256,Healthy,False,87c6a589ec7229203467ee4097d1f35233abf24f936e8c5f3a00a6c3f641553b,af0ab52dd25cca2c,
potato_pld,Training/Healthy/Healthy_790.jpg,Healthy_790.jpg,.jpg,12222,256,256,Healthy,False,7e91ca4a38620a90403e108025355aea66d8d8f02c6b9f349453b0fe0028ce2a,ea09a5739530d6ad,
potato_pld,Training/Healthy/Healthy_648.jpg,Healthy_648.jpg,.jpg,11425,256,256,Healthy,False,2d5468f66b23aa6a73299eee38661e38861b2d0f231ef21babe60419e6aa1bc1,ba3eb58ad0d99a88,
potato_pld,Training/Healthy/Healthy_505.jpg,Healthy_505.jpg,.jpg,9522,256,256,Healthy,False,19a6392dad4ffb66af3cd58accf6fa1a8eb33297ab1d3e07e71abda462c9671a,fab9b1e0d0a5d185,
potato_pld,Training/Healthy/Healthy_499.jpg,Healthy_499.jpg,.jpg,10322,256,256,Healthy,False,684a15fcbe5ec01fe6b998e4060a3f0456f0c7b5d38854f4da4065e865410bfd,eafca101c58687ed,
potato_pld,Training/Healthy/Healthy_638.jpg,Healthy_638.jpg,.jpg,13300,256,256,Healthy,False,db3246b582a17272789de9adb68f267a523203321858d480ed9a422706b61f97,ab4cb52d9274cb32,
potato_pld,Training/Healthy/Healthy_304.jpg,Healthy_304.jpg,.jpg,6261,256,256,Healthy,False,7abea6066ccf048ad8656bc184bba28cf08ad3cc2fe18bb61f1f1205945e1ff0,aa3fa5f0dee280c1,
potato_pld,Training/Healthy/Healthy_689.jpg,Healthy_689.jpg,.jpg,12751,256,256,Healthy,False,716e7237bb46974bf353dbbaf548777f51574eb16631e8185a68b0dbe0ead48b,fb4ea0e481a5cf94,
potato_pld,Training/Healthy/Healthy_723.jpg,Healthy_723.jpg,.jpg,14674,256,256,Healthy,False,17200126049010aa85a82c563e71f37c128d2cdaed6d14ec185a6129b3630425,fa81b09f85b0d3d8,
potato_pld,Training/Healthy/Healthy_635.jpg,Healthy_635.jpg,.jpg,12296,256,256,Healthy,False,ed3e7ca8fc90dc059bf38328d15bed8fc2d581c1f3b4467d6d88dd1aba150b9d,aa9de17a1f299c21,
potato_pld,Training/Healthy/Healthy_580.jpg,Healthy_580.jpg,.jpg,11017,256,256,Healthy,False,3f94590ee66de3c88eb54d3d889618e37f66463103c130f12b932f1fe9d07e61,aa1fa578d7209671,
potato_pld,Training/Healthy/Healthy_719.jpg,Healthy_719.jpg,.jpg,12550,256,256,Healthy,False,4212af56c73b21abe0c039f20d4a9bc54f36749800f83b1a9928d51ce554ea74,bf98f4e5d098c360,
potato_pld,Training/Healthy/Healthy_33.jpg,Healthy_33.jpg,.jpg,10059,256,256,Healthy,False,133fdaea0a18f060d0f0d85a4cef979d13e3b644937c41849b9e206308f1951f,bb95f55f82488568,
potato_pld,Training/Healthy/Healthy_558.jpg,Healthy_558.jpg,.jpg,11103,256,256,Healthy,False,f0828b42b1be9cb1c0e157dece76d058f463d29955bfe261c141ab46bbb5c156,ae1cf12ac478c771,
potato_pld,Training/Healthy/Healthy_676.jpg,Healthy_676.jpg,.jpg,9698,256,256,Healthy,False,2ca595039b885fff3784e73dae1955c893a69951ae6b33931e2b1e126dfb33c1,fe60e487878f849c,
potato_pld,Training/Healthy/Healthy_225.jpg,Healthy_225.jpg,.jpg,7237,256,256,Healthy,False,8ac3f0541a9b03aff1d8e8caee418d105090e4d0151f110a0282d045a23dd38c,aec4a4c7940fda0f,
potato_pld,Training/Healthy/Healthy_104.jpg,Healthy_104.jpg,.jpg,7889,256,256,Healthy,False,d7db0743f8a2e79d780a86c144236d4fb13254b226efa74248ba908bca9e43b7,fab9a17095c092eb,
potato_pld,Training/Healthy/Healthy_738.jpg,Healthy_738.jpg,.jpg,13499,256,256,Healthy,False,7b2c007551a3178eafff38e92a5c93a477a87c1d0af9605129d285409cc607f1,fe3f81709a61984d,
potato_pld,Training/Healthy/Healthy_284.jpg,Healthy_284.jpg,.jpg,6626,256,256,Healthy,False,74ad580e2be3b61fd4311e7adda0aeca3e8287e2a0e82d5e9593f75975df8a0d,bf85b45ad0abc145,
potato_pld,Training/Healthy/Healthy_332.jpg,Healthy_332.jpg,.jpg,8774,256,256,Healthy,False,b9fc8ec7ceba8b46940fafbfb7b96d2964a6abe2daad9005dd82997708b008c5,ab3bb4b1b1b49494,
potato_pld,Training/Healthy/Healthy_734.jpg,Healthy_734.jpg,.jpg,11825,256,256,Healthy,False,c4219dbea71865e00dca044f36aeb6782adfd11e8914e1499c714bd4b0841365,ffcad0878e169434,
potato_pld,Training/Healthy/Healthy_709.jpg,Healthy_709.jpg,.jpg,13263,256,256,Healthy,False,ba6f75cb77b88c74048d662b777c63f34306f12327a0a7cd2e93880d78eefd12,af17d05a8358cde8,
potato_pld,Training/Healthy/Healthy_461.jpg,Healthy_461.jpg,.jpg,8722,256,256,Healthy,False,88885bbbccf34711c1a9d011c20cf372b47d8fcbf41da2b3a4982695aff2c60d,fab4b042936bcb25,
potato_pld,Training/Healthy/Healthy_484.jpg,Healthy_484.jpg,.jpg,9300,256,256,Healthy,False,7ac1f6af0c04a301ae33f4df280a556533759106b16cf0c4a0791792215a876f,bf56f42092af8256,
potato_pld,Training/Healthy/Healthy_740.jpg,Healthy_740.jpg,.jpg,12784,256,256,Healthy,False,4bea409fc03de9a6ab0ecb35164705cde5ffe26c2437e244adc07087ce9d50f5,fa95e17a87018e4b,
potato_pld,Training/Healthy/Healthy_455.jpg,Healthy_455.jpg,.jpg,9568,256,256,Healthy,False,9cf25ca9a38501727e1bed175e55d5b3b24773c87d630fab87b92956d9ec26f1,bf10f07ac2098bed,
potato_pld,Training/Healthy/Healthy_374.jpg,Healthy_374.jpg,.jpg,7960,256,256,Healthy,False,093b42cb1dd82e8ae34d541053059b0b0ebd3e26d03b058071244b23aaf92d56,aa13e55a86a59e69,
potato_pld,Training/Healthy/Healthy_76.jpg,Healthy_76.jpg,.jpg,9602,256,256,Healthy,False,4f9aaec80ba34edf6920a11fabd06128f0c74f0ef579726b9190d6722099dea8,fee2a087851e961e,
potato_pld,Training/Healthy/Healthy_781.jpg,Healthy_781.jpg,.jpg,14143,256,256,Healthy,False,008a41707084b6dcf5ff73a0d36fa1d6b5dbbb79b7f47b5d628e3df427eb3fd5,aa6ad085cd9b9c99,
potato_pld,Training/Healthy/Healthy_810.jpg,Healthy_810.jpg,.jpg,13435,256,256,Healthy,False,949fc5cecd19d0181f7ec95bfb93ff32031ecd1eddbb3d265d561e2e0a75f067,eabd95d0d0da89c1,
potato_pld,Training/Healthy/Healthy_584.jpg,Healthy_584.jpg,.jpg,11894,256,256,Healthy,False,7415cadec04bad5ce8b572a84bbf161187ff340eeeaf3c05ebb1b872a31ece7c,aab49ddec068e561,
potato_pld,Training/Healthy/Healthy_629.jpg,Healthy_629.jpg,.jpg,12644,256,256,Healthy,False,d6c372b2c34410ff3e9e0655f5426cf4dddea16ac79a1a2799e74545bac360a5,ba62f5ade027c164,
potato_pld,Training/Healthy/Healthy_665.jpg,Healthy_665.jpg,.jpg,10120,256,256,Healthy,False,2c98fc971bee1b360b0e96391024964e6dcb1931dacefd56942d9885c6b3698d,fa3d974298cae1c8,
potato_pld,Training/Healthy/Healthy_287.jpg,Healthy_287.jpg,.jpg,6396,256,256,Healthy,False,1c2b54336f329c6e8764845a237743fd7394f61fbf42a8ef1387a7c17dac9a00,af4895a5c916d43b,
potato_pld,Training/Healthy/Healthy_232.jpg,Healthy_232.jpg,.jpg,6465,256,256,Healthy,False,740040ea8214f165cb9828d45bcf26aec6e955a8343dbf94e7589a358464e459,bf6db403d067c226,
potato_pld,Training/Healthy/Healthy_32.jpg,Healthy_32.jpg,.jpg,10309,256,256,Healthy,False,b8de9625872a538e90fa16fa3737cf7ee5c2b1a4c933fb43c915331154b14779,bb4ab0afc1b4c592,
potato_pld,Training/Healthy/Healthy_107.jpg,Healthy_107.jpg,.jpg,7344,256,256,Healthy,False,2306d30b8229746efd2c75c519d68996d48dd37d6345466a024946f3de65ee52,fe42e08b87dd9684,
potato_pld,Training/Healthy/Healthy_351.jpg,Healthy_351.jpg,.jpg,10194,256,256,Healthy,False,35bacd284692afb11f47e8cad514c76143256f80813a76ce2ea7c2b601922cf3,abe49485921e9bb9,
potato_pld,Training/Healthy/Healthy_84.jpg,Healthy_84.jpg,.jpg,7818,256,256,Healthy,False,02c4ecb4eda7db4634e6bf9a7a78761f9963bf338aefb1a3b0e4e25f41f29c63,eac0e18f9d0d90bd,
potato_pld,Training/Healthy/Healthy_460.jpg,Healthy_460.jpg,.jpg,9674,256,256,Healthy,False,076bf59fcad081153a6e9e77d2f6069a67023fa5cf907509a389d852d0eb3a2c,bf9fa45ac268c461,
potato_pld,Training/Healthy/Healthy_301.jpg,Healthy_301.jpg,.jpg,7116,256,256,Healthy,False,cf8fa54037d5fdcd33e0d90f21cafc920f929c0fb2582d4cf559456ab3caf743,aa3de53987f09682,
potato_pld,Training/Healthy/Healthy_493.jpg,Healthy_493.jpg,.jpg,10371,256,256,Healthy,False,a6d7ee062392d7b79820ec14945d174a8fc82188d61c1b0e88ec69ced7ca243b,efa5e01780f0c7d2,
potato_pld,Training/Healthy/Healthy_280.jpg,Healthy_280.jpg,.jpg,6997,256,256,Healthy,False,5512e317350387decaf562e92ee2e1f0f089db2c8b0f346ab3b8d6c608cc430d,baf0e017957a827a,
potato_pld,Training/Healthy/Healthy_617.jpg,Healthy_617.jpg,.jpg,12798,256,256,Healthy,False,7adf266cad2a3c40f60f53006873326fb67c9cc171ee736e605545bac30b4b0c,bf4bd83390b4acb0,
potato_pld,Training/Healthy/Healthy_406.jpg,Healthy_406.jpg,.jpg,10255,256,256,Healthy,False,4a8cef81ca4e5b77bbe71554b2de27ebbe9ada0b253a88b0952a27cb5036fa89,aaf0959bca4dcc64,
potato_pld,Training/Healthy/Healthy_436.jpg,Healthy_436.jpg,.jpg,8471,256,256,Healthy,False,25c017b0f67ff9728776b518c00f717913a7e0c06245b6f12c99270bdb6fd4f0,fbc0a08795ded24a,
potato_pld,Training/Healthy/Healthy_380.jpg,Healthy_380.jpg,.jpg,13236,256,256,Healthy,False,187739401c714cd65a4ad3745df7863328f4b7e187ead68d8871578bc95c42e4,aa18a17b87239e67,
potato_pld,Training/Healthy/Healthy_549.jpg,Healthy_549.jpg,.jpg,11292,256,256,Healthy,False,d0a8c6a52f7a79d163b24c95fe6fe9cbcb5a4e01289869a8d9ee4464e2291ff4,a252a5c396b9d2b5,
potato_pld,Training/Healthy/Healthy_189.jpg,Healthy_189.jpg,.jpg,8377,256,256,Healthy,False,2b855c2f54007226bf31c86cf9cb820ebd3342d7420d6088a94766229349a117,bf4af0afc0b4c9c0,
potato_pld,Training/Healthy/Healthy_167.jpg,Healthy_167.jpg,.jpg,10587,256,256,Healthy,False,10043d4b4bbe6b02333dc24452ef1ab771942781da602b650d9dddf200182b95,aeb1b5d0d18ac1cb,
potato_pld,Training/Healthy/Healthy_398.jpg,Healthy_398.jpg,.jpg,8950,256,256,Healthy,False,5f9cf54df74fbcbb6650dae24da5321889de1bccde5900e0fdacec543c5c1c25,aaf794c2da29c98c,
potato_pld,Training/Healthy/Healthy_414.jpg,Healthy_414.jpg,.jpg,9023,256,256,Healthy,False,dea69ca5a0c0badb701a90b3cd59e09dbe9e569e2de4f1ff567d14310f936ea2,aa3bb5e4c4019eba,
potato_pld,Training/Healthy/Healthy_764.jpg,Healthy_764.jpg,.jpg,12537,256,256,Healthy,False,11fb5611a216113c16aa6ebba029fdec5c88f2d4f07873c6b8ce7270a5286922,ea8ca53c85f09ec3,
potato_pld,Training/Healthy/Healthy_768.jpg,Healthy_768.jpg,.jpg,11311,256,256,Healthy,False,344b39800ba25127a1cbe66dd54a4c4961d13028a1d9621544123f3f519d4d65,fa37b5d0d2c1c889,
potato_pld,Training/Healthy/Healthy_75.jpg,Healthy_75.jpg,.jpg,9252,256,256,Healthy,False,229a15a98c3214e8444b75091136fa7539f5da07fc975d6af7a1f954767ab52a,ffe0e0038407d79e,
potato_pld,Training/Healthy/Healthy_315.jpg,Healthy_315.jpg,.jpg,5735,256,256,Healthy,False,d5f613fb7cedeab917cc6f01627f6f95c04bcedbdf35484b70ca7a39e5eb51ec,aa35c5a485d595c7,
potato_pld,Training/Healthy/Healthy_540.jpg,Healthy_540.jpg,.jpg,11011,256,256,Healthy,False,cdccebf6473504b807bc36c97273c22dc4838cd5ced196021348f27a85c839de,fe03e5708d729943,
potato_pld,Training/Healthy/Healthy_305.jpg,Healthy_305.jpg,.jpg,7275,256,256,Healthy,False,7b60abdda54829d49054bfacae43e3db91382dbd69891c76e14317e9de0c14a7,abb69572d2e8c145,
potato_pld,Training/Healthy/Healthy_204.jpg,Healthy_204.jpg,.jpg,8367,256,256,Healthy,False,83729c28f8d105c73baa07df674ac114e1641dbd44eb74de24c5ca35d7378040,ef1ba4f894e19885,
potato_pld,Training/Healthy/Healthy_443.jpg,Healthy_443.jpg,.jpg,9369,256,256,Healthy,False,41b7a903fcd1d2f162b699a4bc6735a66ad68358af0bf12ede8c829b7ec99386,ffb1a0d1d15ac20b,
potato_pld,Training/Healthy/Healthy_792.jpg,Healthy_792.jpg,.jpg,12220,256,256,Healthy,False,f1e172a168001a3ab3d02e26e8418ccbc373d5e2567793cf751d8638567b39ff,aacab22dd9358d32,
potato_pld,Training/Healthy/Healthy_795.jpg,Healthy_795.jpg,.jpg,11645,256,256,Healthy,False,5d06b11580f414b39946246769bfb199170bd2dee49cc3b20edcce982fc61671,ba6a85258b32e59d,
potato_pld,Training/Healthy/Healthy_690.jpg,Healthy_690.jpg,.jpg,13193,256,256,Healthy,False,d7fd74436747b3f182f6943837f6c5200e43620d6989ada52e53ce229802a40d,ef1ce0fec50084f3,
potato_pld,Training/Healthy/Healthy_63.jpg,Healthy_63.jpg,.jpg,8024,256,256,Healthy,False,a6d1edf15d9789a7b6bc9ddab123c7d5ec89756d4ec07e3e4105bcd6386867d6,abb1d0d2834f8d6c,
potato_pld,Training/Healthy/Healthy_176.jpg,Healthy_176.jpg,.jpg,9715,256,256,Healthy,False,34dd21979793e21ec81e93c4a8ff82ad6cbc5ce415f478ee782cffb8c24bf08f,ffa0e091d09383db,
potato_pld,Training/Healthy/Healthy_49.jpg,Healthy_49.jpg,.jpg,10121,256,256,Healthy,False,e0d198c9d7299873b064f8f13fcc196d52bc8254c4bde5d4ba872e3b7ac2c8b8,aac0a10b957f96bc,
potato_pld,Training/Healthy/Healthy_433.jpg,Healthy_433.jpg,.jpg,8390,256,256,Healthy,False,68dca58e469ce6e53b0e1981168fe09b052c1aac3977dd8f25fb33178be709b8,a9f1b452d2abd446,
potato_pld,Training/Healthy/Healthy_86.jpg,Healthy_86.jpg,.jpg,8298,256,256,Healthy,False,1aea5d7bca4549c01ad657fa94548f8d6351904b0eaa89fc669a9591adc765c8,ea0ae1dd870196bd,
potato_pld,Training/Healthy/Healthy_290.jpg,Healthy_290.jpg,.jpg,5826,256,256,Healthy,False,586812906cf22789ab63b27facfdb4e398eda84b0324e1ef9285a467e07d9cf4,bf7290a5cb57c488,
potato_pld,Training/Healthy/Healthy_607.jpg,Healthy_607.jpg,.jpg,12974,256,256,Healthy,False,80d17a1421068a5de62dae8175bd01957490cb5e9844013ec8b706ca78b00a88,aa42b53fc43dc23c,
potato_pld,Training/Healthy/Healthy_583.jpg,Healthy_583.jpg,.jpg,11007,256,256,Healthy,False,a6813b010846fcfc06b810f38368b4dea6d844056f198a18061ab7e6d61f6005,ea4ab5adc2649574,
potato_pld,Training/Healthy/Healthy_636.jpg,Healthy_636.jpg,.jpg,13079,256,256,Healthy,False,8061fa700f02bac84b4bec46e1e84a6ea983740dd5bd6cb02049ec7f48306882,beb795d0901ac9c9,
potato_pld,Training/Healthy/Healthy_282.jpg,Healthy_282.jpg,.jpg,6551,256,256,Healthy,False,4f1fbd81e3b69762e8a9935614f621d7f03c4ca9cad4fbbd95a5b9d66f0d75fe,aa19e1fa855197aa,
potato_pld,Training/Healthy/Healthy_542.jpg,Healthy_542.jpg,.jpg,11212,256,256,Healthy,False,48b3456e07dc362afffc33205c48915c4782249bc6abe8860e93611b12e87ab6,ef0cf05f8038c7e8,
potato_pld,Training/Healthy/Healthy_472.jpg,Healthy_472.jpg,.jpg,8855,256,256,Healthy,False,223c7a824be0a97a20aa00c324c9bb5778502eb379df578d1f8c1479259dbdff,aa1fa1f895f094e1,
potato_pld,Training/Healthy/Healthy_120.jpg,Healthy_120.jpg,.jpg,9411,256,256,Healthy,False,2783c10be3b91ce0878ae7f1c561e96cfb541f3cc1ea43d37e121c7ade450ad7,ea9be158914f97a0,
potato_pld,Training/Healthy/Healthy_318.jpg,Healthy_318.jpg,.jpg,7043,256,256,Healthy,False,dde0c148a2ed298e83f863337b8614a8570a93a1381f6bada522a80c5b4841a3,aa6395b5d892caca,
potato_pld,Training/Healthy/Healthy_143.jpg,Healthy_143.jpg,.jpg,8859,256,256,Healthy,False,ae564e0dc63475c6e2dfc3bcc23fa722368c6ee1a733cd72a6f1c4636d8f0dd0,bf06b4fed2408b61,
potato_pld,Training/Healthy/Healthy_260.jpg,Healthy_260.jpg,.jpg,6468,256,256,Healthy,False,7c14e8ad5c7b8ee512cec1fab2834a1da198f5bcb8107e85b97420ac34af0b97,abe0e585951e9c78,
potato_pld,Training/Healthy/Healthy_412.jpg,Healthy_412.jpg,.jpg,8653,256,256,Healthy,False,c37ad7c37ddaae2e98facf195b881f37bf472b6aaa091023d37afb9edfa29a00,ffc8c08d999e90b1,
potato_pld,Training/Healthy/Healthy_246.jpg,Healthy_246.jpg,.jpg,6144,256,256,Healthy,False,8aad8dba5dc822eea3715efa876b0051baa11757bb9f865ef8051ec0a31579fb,ee85e08585de9e4a,
potato_pld,Training/Healthy/Healthy_429.jpg,Healthy_429.jpg,.jpg,10244,256,256,Healthy,False,fd3d38768f6064c1cba6de54e4b1ce17a6b803da1ee92fff0bf2aa1e7d010d38,fca0f09283cb63cb,
potato_pld,Training/Healthy/Healthy_350.jpg,Healthy_350.jpg,.jpg,11546,256,256,Healthy,False,ff6040101bc5746d507877b8cbc6aad2768c3d1790ef4761d8597aa93f68e74c,aa97a5ca94cfd228,
potato_pld,Training/Healthy/Healthy_118.jpg,Healthy_118.jpg,.jpg,8588,256,256,Healthy,False,5f6be3e4697438c62a9b6f8e47e3bec9a782ed40e44ebc0274f2a7130b9ef14a,eee2a41bc4019ede,
potato_pld,Training/Healthy/Healthy_452.jpg,Healthy_452.jpg,.jpg,9401,256,256,Healthy,False,8b10212230dcf0025ec5bc5bac7c7ce2b3329faaa1c8cc57b3293d5130a05087,ba4af1a980f5c794,
potato_pld,Training/Healthy/Healthy_804.jpg,Healthy_804.jpg,.jpg,11811,256,256,Healthy,False,be7a21f843c379005eeaeed8243b7d79a27c2520c6d10ac5c560fe3a766d257e,aec2d88b9a359936,
potato_pld,Training/Healthy/Healthy_214.jpg,Healthy_214.jpg,.jpg,7550,256,256,Healthy,False,e30f4c86c16a8739297a05cdf40ce3741fb5dc9d5ecf45de669b746d8abd0eae,fae6f094c0928fca,
potato_pld,Training/Healthy/Healthy_231.jpg,Healthy_231.jpg,.jpg,6257,256,256,Healthy,False,994baa966566b97baf301198d16167f3f806e1674b22f9669bece250eb9b34da,aa3fc8f49dc2904e,
potato_pld,Training/Healthy/Healthy_296.jpg,Healthy_296.jpg,.jpg,6653,256,256,Healthy,False,a2883eabf54fea69186de5124a9e9d10959f88503a99503017a0567233e9354d,bb25b55ac02bd1a5,
potato_pld,Training/Healthy/Healthy_47.jpg,Healthy_47.jpg,.jpg,10383,256,256,Healthy,False,7f5a562c522256aa6753de261e2e9bfbcaa4bbed4097e4c43a2f10791680b439,bacef8ee802587a4,
potato_pld,Training/Healthy/Healthy_789.jpg,Healthy_789.jpg,.jpg,11699,256,256,Healthy,False,a14670453b28084e15a916ec77ce13c52372117f7c799071896941681b87c7a9,eae8e445852fc7a8,
potato_pld,Training/Healthy/Healthy_610.jpg,Healthy_610.jpg,.jpg,11023,256,256,Healthy,False,8c20d331edf75f86a30b551da1fa19a7ee9dfb425ba67b2aeaf6f7b1835739d5,abe8869e98b089bb,
potato_pld,Training/Healthy/Healthy_619.jpg,Healthy_619.jpg,.jpg,12759,256,256,Healthy,False,f9886196ca98584f7fe5ba61ac1a53c989a3d8f41f61fc01955a587929f7924f,be3d8460b862d9ec,
potato_pld,Training/Healthy/Healthy_503.jpg,Healthy_503.jpg,.jpg,8939,256,256,Healthy,False,f1d1a26aff5974e63fa32ae978b8dac7eea73d8b898ad2ba78144a8147b3c944,eb56e4a287c49e07,
potato_pld,Training/Healthy/Healthy_57.jpg,Healthy_57.jpg,.jpg,10519,256,256,Healthy,False,978c8a24e2060f5428eb7965c13268eb94b719715c105a21d30fa8f81d32d150,fa50e06a87418f6f,
potato_pld,Training/Healthy/Healthy_616.jpg,Healthy_616.jpg,.jpg,12297,256,256,Healthy,False,1904d4a566782b8985ba67e52028d5fde2600189a95e101f756d50cab432cbf8,aebcad80d5c3928b,
potato_pld,Training/Healthy/Healthy_69.jpg,Healthy_69.jpg,.jpg,8768,256,256,Healthy,False,19b0a4f95ce78c78377c7b884a739e2007b4f18e19470c1002282f973d64c3fb,ffa2e0918157875a,
potato_pld,Training/Healthy/Healthy_85.jpg,Healthy_85.jpg,.jpg,7350,256,256,Healthy,False,50367295558051e8a6798e0eb3685082f7e6a150294b959a7746295d89eca26c,af4ab4a9d015d336,
potato_pld,Training/Healthy/Healthy_666.jpg,Healthy_666.jpg,.jpg,11399,256,256,Healthy,False,9e2b3619bca86e4a6faa201e1356e1bca972d8d2172c773b249fdcd4084c0c0c,aad4a18ad507d63d,
potato_pld,Training/Healthy/Healthy_364.jpg,Healthy_364.jpg,.jpg,12657,256,256,Healthy,False,6e74847d4a5664e40bbeb58505591a75282930b1477f5df36419189f0d505557,ae1d947ac2a55d16,
potato_pld,Training/Healthy/Healthy_381.jpg,Healthy_381.jpg,.jpg,12683,256,256,Healthy,False,a0c07a5f5ea2eb1369a7e363f2c7a778c3ff9c65876df9acbdfeb77d8f547d11,aa13b56dd2518bac,
potato_pld,Training/Healthy/Healthy_800.jpg,Healthy_800.jpg,.jpg,12728,256,256,Healthy,False,903f7dc93e5d4ea03523ea5c2bb9312864f32b0445fbc490f516289afe0e67ef,aa4ad425c89f8dba,
potato_pld,Training/Healthy/Healthy_779.jpg,Healthy_779.jpg,.jpg,13320,256,256,Healthy,False,6e4f868266ada2eff8a71d4b1cb2a08dcc9f33ee429f787329c56a5df1835f44,ae3590dac9cb8dc8,
potato_pld,Training/Healthy/Healthy_263.jpg,Healthy_263.jpg,.jpg,6790,256,256,Healthy,False,59d3d5af247a935664df76f436f2d3f41dde61a98ee07bc08aa991925da237d0,af68f401d207ca9f,
potato_pld,Training/Healthy/Healthy_765.jpg,Healthy_765.jpg,.jpg,11322,256,256,Healthy,False,ec20bea1431c9c1470cd649470d72f0cbb5b9fb2fccafee37248f39f839670ec,eaea808fdb9498b2,
potato_pld,Training/Healthy/Healthy_165.jpg,Healthy_165.jpg,.jpg,9171,256,256,Healthy,False,e89109ee63c05d792149c1cb319c6d7298fd6cd9f2389c7e6cac669840476719,eec0b401d4efc21f,
potato_pld,Training/Healthy/Healthy_72.jpg,Healthy_72.jpg,.jpg,7277,256,256,Healthy,False,eae706f94e759cde8b3c5515494ccb2c42c5fd21d7f1b187924d0767afce1f31,ab4af4ad80a5c3d6,
potato_pld,Training/Healthy/Healthy_576.jpg,Healthy_576.jpg,.jpg,12303,256,256,Healthy,False,e19e858b39a81ce22bb981e7c2ff2a7fe19f0d0acfa4b80a75803cf9befb2431,aa55a17ac1d8cf61,
potato_pld,Training/Healthy/Healthy_48.jpg,Healthy_48.jpg,.jpg,10124,256,256,Healthy,False,4741c93360621260185daaf195c5960d13aad46d4ff9f9f4056845d86d17640a,bbeaf129c145834e,
potato_pld,Training/Healthy/Healthy_71.jpg,Healthy_71.jpg,.jpg,9998,256,256,Healthy,False,0067ec3711c71645ab7c1b4f7218fdce7c708e9c9ea9a5836e6400d6baf79529,fa0be17d8500867f,
potato_pld,Training/Healthy/Healthy_26.jpg,Healthy_26.jpg,.jpg,9455,256,256,Healthy,False,4356265eae1bedea48328dcb130fe48af82a5805e91a2478ecc04dd72acaf5b7,fabda13096629ae2,
potato_pld,Training/Healthy/Healthy_650.jpg,Healthy_650.jpg,.jpg,11281,256,256,Healthy,False,9b07aa240b668ad364eac3f1075fec7024b4d2550abec2529032086eae69fbda,ba13a43b9579d268,
potato_pld,Training/Healthy/Healthy_306.jpg,Healthy_306.jpg,.jpg,7324,256,256,Healthy,False,bcba030ead13b1e2bb815934812ffbf327902842736b4b0d0322b4a8265e4216,ae1ab4a9d6d58686,
potato_pld,Training/Healthy/Healthy_363.jpg,Healthy_363.jpg,.jpg,12657,256,256,Healthy,False,6e74847d4a5664e40bbeb58505591a75282930b1477f5df36419189f0d505557,ae1d947ac2a55d16,
potato_pld,Training/Healthy/Healthy_95.jpg,Healthy_95.jpg,.jpg,8587,256,256,Healthy,False,047280abc7fd3bd6328056b3484ab9a442269776dee8c29a84208fda8d691357,fac1e0538589877d,
potato_pld,Training/Healthy/Healthy_5.jpg,Healthy_5.jpg,.jpg,10069,256,256,Healthy,False,169052499e0a48dceff07b5ff5b971a9422b5cdae437869bfa4679544635172b,ba42f0af80b58797,
potato_pld,Training/Healthy/Healthy_153.jpg,Healthy_153.jpg,.jpg,11478,256,256,Healthy,False,82ce341df04fce6ddaea80dd9041d475d8aa60964e6dd4d9003331519b70ced0,fb9ab4dfd038c220,
potato_pld,Training/Healthy/Healthy_229.jpg,Healthy_229.jpg,.jpg,6624,256,256,Healthy,False,4df6232659d319a6783e6491f4503f45b520959b18d52cbc901edcf9bd747a89,ae2ba14dd7a0c635,
potato_pld,Training/Healthy/Healthy_234.jpg,Healthy_234.jpg,.jpg,7080,256,256,Healthy,False,cdf9cfe999032facd56638763e9e2c96f3fe77697264d4fb121a8e5e791e14c9,bae6b507d0a2d24e,
potato_pld,Training/Healthy/Healthy_324.jpg,Healthy_324.jpg,.jpg,5503,256,256,Healthy,False,8c2a764315f5ad9036365d7cfbf1046ac60c452beb79be551f208500306aa638,aee0b4a592978d96,
potato_pld,Training/Healthy/Healthy_175.jpg,Healthy_175.jpg,.jpg,10112,256,256,Healthy,False,37af78f39ffcfa439dd85a0c0343e1837e8e47fad31bee83c940fb5b8adcee34,bac2b13fd2b48ad0,
potato_pld,Training/Healthy/Healthy_39.jpg,Healthy_39.jpg,.jpg,9438,256,256,Healthy,False,269c855c4de63bbdba6d3d09e50dec7ea1a9325efb9148061758538f7c6e1ae4,eeb3e084851f965a,
potato_pld,Training/Healthy/Healthy_608.jpg,Healthy_608.jpg,.jpg,12134,256,256,Healthy,False,5002b670805e86e4a4f64cd7345f51c5a25965a23aa279a85836cfb94829e14d,be5aa429d22d8b74,
potato_pld,Training/Healthy/Healthy_423.jpg,Healthy_423.jpg,.jpg,6403,256,256,Healthy,False,1423ab75f388f6055630178c9a60e7a1ac4141abe138d20da97425e4e7e03400,aa84a57a973af219,
potato_pld,Training/Healthy/Healthy_352.jpg,Healthy_352.jpg,.jpg,13010,256,256,Healthy,False,329eb0cd7b6b5b71f0d3708e07da0da4c23daebdb9cef3adb59c1d85dcb4c187,aec4d49e921a9b69,
potato_pld,Training/Healthy/Healthy_161.jpg,Healthy_161.jpg,.jpg,10576,256,256,Healthy,False,b13a353c0da8a945b2131891039be02440c36acf7ea2969168e62162d90353a6,fee2a007879e949c,
potato_pld,Training/Healthy/Healthy_215.jpg,Healthy_215.jpg,.jpg,6413,256,256,Healthy,False,5fa811c4de068572121c65604917710048f9dee613aca577a3e364ef9f6a79a5,bfebb48590878296,
potato_pld,Training/Healthy/Healthy_409.jpg,Healthy_409.jpg,.jpg,10282,256,256,Healthy,False,224248e116c477c8af081f71fa8e2ca08540bdd03a60dd243fc3b54798250a28,ef90a09bb6c992a9,
potato_pld,Training/Healthy/Healthy_615.jpg,Healthy_615.jpg,.jpg,12354,256,256,Healthy,False,7080918fbade3789c25ce2ea095d4af5adc7cd78aa42e0e7de762a7da5424452,eb36c0e09ac3b58d,
potato_pld,Training/Healthy/Healthy_585.jpg,Healthy_585.jpg,.jpg,11396,256,256,Healthy,False,a7645e6a724b83a8f7300b7c34cf4003975c46c1b4676e6d11dee6440231f2b4,eaeab5a7d0958292,
potato_pld,Training/Healthy/Healthy_702.jpg,Healthy_702.jpg,.jpg,12026,256,256,Healthy,False,55fd465b9b4b566c662f75cb9f62cf6f2dc4fb75d55f745414947a2b5bc0ea6d,fb1780f498cfa0cc,
potato_pld,Training/Healthy/Healthy_211.jpg,Healthy_211.jpg,.jpg,6609,256,256,Healthy,False,9a36b1180ce52cff1a4a89537762e65d953d660e405994e6b00a2e60fe5c2f1d,af62b4a5d4b5c096,
potato_pld,Training/Healthy/Healthy_572.jpg,Healthy_572.jpg,.jpg,11454,256,256,Healthy,False,22c880457ac09315eca03af3808a11399ca89d1bb1fbd77e0a1af5d241a8e5f3,efbf1454caa80d45,
potato_pld,Training/Healthy/Healthy_326.jpg,Healthy_326.jpg,.jpg,6839,256,256,Healthy,False,47bb59726da33962b4cdcd80d1e48c0abd3612b540c5bbb6a619c57d8cfd5813,ab01b55fd43ad238,
potato_pld,Training/Healthy/Healthy_307.jpg,Healthy_307.jpg,.jpg,6709,256,256,Healthy,False,f6962cf9890865c6f6c6e23cb174affcf8758f1284a64a0d9ffc50c2c10e60ca,ae3ba4f8d6c0d286,
potato_pld,Training/Healthy/Healthy_222.jpg,Healthy_222.jpg,.jpg,5815,256,256,Healthy,False,873a040b7c1c9aab9e2568999fd24fd12d64a889e70e0bba679c07494a9f8f1f,bfccb8ac90b5d094,
potato_pld,Training/Healthy/Healthy_370.jpg,Healthy_370.jpg,.jpg,12786,256,256,Healthy,False,f08ae7760cc63391880ba7ba907541f3fe96bcd2b5b794df751c10ab40012f66,aa61b50ed2b6ca1b,
potato_pld,Training/Healthy/Healthy_763.jpg,Healthy_763.jpg,.jpg,11579,256,256,Healthy,False,f2ad121ed4bfa6a20fbdeb74772ebe64784f978631ee30aa1e8f228b72657de5,ea3585f4d8729962,
potato_pld,Training/Healthy/Healthy_94.jpg,Healthy_94.jpg,.jpg,7660,256,256,Healthy,False,83ee01c94282309048e263783917ed03e3ab17635b64461acc2db77328521ed9,ebb4e15287fa8e01,
potato_pld,Training/Healthy/Healthy_479.jpg,Healthy_479.jpg,.jpg,8508,256,256,Healthy,False,8b8cca91cb502ad92ab373246212269f0e809d6b3763a196a53b29fab0f95f92,bf68f0a5839ec216,
potato_pld,Training/Healthy/Healthy_481.jpg,Healthy_481.jpg,.jpg,10075,256,256,Healthy,False,2b36e6c1f98bc5cb4ef21dd119947dbb976100680628363bc390669c7ce5b2a9,aab5b4d2d0ca8b4d,
potato_pld,Training/Healthy/Healthy_613.jpg,Healthy_613.jpg,.jpg,10199,256,256,Healthy,False,b44bdbd2d080a6d7f38f1b25862c9323c26c216afc5f2d9341e8f5e889ad5496,eacad4a9ca949936,
potato_pld,Training/Healthy/Healthy_502.jpg,Healthy_502.jpg,.jpg,9135,256,256,Healthy,False,8b3d592591654fef6b99f7722baeedbfa100ddbea5def394eb3d06b8011da700,eac8850f9c35d237,
potato_pld,Training/Healthy/Healthy_716.jpg,Healthy_716.jpg,.jpg,12996,256,256,Healthy,False,6dff55a47f2015c5e4f666b3e98bc7eb1169e53d34661a536d68aab5ed7ebb48,eacae189959dcc98,
potato_pld,Training/Healthy/Healthy_265.jpg,Healthy_265.jpg,.jpg,5161,256,256,Healthy,False,d2cbae5603fd28d43042c48444b9fae9952bd64fc9ded93c0078f25484d3fcac,af31b546d06fc225,
potato_pld,Training/Healthy/Healthy_544.jpg,Healthy_544.jpg,.jpg,12028,256,256,Healthy,False,c90a01111f0916bf59247417465ca74a6cc8fd7d1b2fac68c66ed773269961cc,aa14ed3ec53cc570,
potato_pld,Training/Healthy/Healthy_771.jpg,Healthy_771.jpg,.jpg,13265,256,256,Healthy,False,28891c14dce84f9e0355f1e9d1be8e4b44aea0b4dbe491d28c6b0412cdd30286,ba42b527d0b7c436,
potato_pld,Training/Healthy/Healthy_111.jpg,Healthy_111.jpg,.jpg,8079,256,256,Healthy,False,1a08237b52fc25603389562c7dbe7a26fb0feabea89f313cb2deb4ed0566b497,bb92f0d8c288cbe9,
potato_pld,Training/Healthy/Healthy_495.jpg,Healthy_495.jpg,.jpg,9701,256,256,Healthy,False,9cac3c4c0869c5cf3b90d8b62086918eaee6f69da5ec574b0e83ae9189a9456b,eb37a5f095c290cc,
potato_pld,Training/Healthy/Healthy_657.jpg,Healthy_657.jpg,.jpg,11749,256,256,Healthy,False,e4f9187cc87746eb00f18400f14b9bb43872b9adcf6448a5a2b2ea6f0523797f,ffb1b8ccc04b814d,
potato_pld,Training/Healthy/Healthy_686.jpg,Healthy_686.jpg,.jpg,12023,256,256,Healthy,False,e53574ac7e0d2e08b2bf63edd784bb7974a80072fd7636c35b40c7457023cfee,ff01b45fd23ec208,
potato_pld,Training/Healthy/Healthy_601.jpg,Healthy_601.jpg,.jpg,12825,256,256,Healthy,False,1c3c49761b395f214329970f4eaa599a57a20be4953c104566d24209f7ab770b,aa4b9933da34c533,
potato_pld,Training/Healthy/Healthy_678.jpg,Healthy_678.jpg,.jpg,12226,256,256,Healthy,False,45a88198451cd9deea0d91316b9b639da0e2bc97f8c18add437c1b806d5fb18b,ffb5b09ec0c8cd20,
potato_pld,Training/Healthy/Healthy_535.jpg,Healthy_535.jpg,.jpg,11615,256,256,Healthy,False,a50731994a91f8f159ba3d3debeb5a12c0cf399a777c4454e2443e1a9c7698a7,ba0dfd2af081d329,
potato_pld,Training/Healthy/Healthy_777.jpg,Healthy_777.jpg,.jpg,13311,256,256,Healthy,False,892e576951628a63054f7aaec9bc8063042f70160ade5edda8e268bdb2c982dd,eaa3b5f5d4c0d282,
potato_pld,Training/Healthy/Healthy_746.jpg,Healthy_746.jpg,.jpg,12216,256,256,Healthy,False,222a67ec5d5eec49d5d75606366a0da8a33636640bcb3bf44d6a7dc730fbc750,fa42b4ad94879b34,
potato_pld,Training/Healthy/Healthy_275.jpg,Healthy_275.jpg,.jpg,6304,256,256,Healthy,False,ee9954aba39958f89ff0ba74be8beca2dbc69c2568e4f4fa41e04263f1a16088,eae2e10e87fc9c81,
potato_pld,Training/Healthy/Healthy_498.jpg,Healthy_498.jpg,.jpg,10414,256,256,Healthy,False,c165d930e53fd4304b5122357197bbfdd561f303c735d7faa570c8318524c5cd,eafea4c0c58085ef,
potato_pld,Training/Healthy/Healthy_238.jpg,Healthy_238.jpg,.jpg,4865,256,256,Healthy,False,ed037902fcaaf15450e54e5b84a2190cffc2e8f169467446bab982e154b561c0,af97f45ac06ac521,
potato_pld,Training/Healthy/Healthy_105.jpg,Healthy_105.jpg,.jpg,6341,256,256,Healthy,False,cd259f999908f110334b5832886a032229493056006d85105e5d505cf1e6fa95,ffe0a4829407d61f,
potato_pld,Training/Healthy/Healthy_79.jpg,Healthy_79.jpg,.jpg,9834,256,256,Healthy,False,3049e20475e7fb253b8c011a3a53ff660c2a80bbe187de773269be720814ff50,ea3be8f48f429146,
potato_pld,Training/Healthy/Healthy_129.jpg,Healthy_129.jpg,.jpg,8208,256,256,Healthy,False,f23748a20e216eaa4f97be3af8b8140d821abbdc1f14cfa91667ad57264ee6e4,ea3ba4f085e19687,
potato_pld,Training/Healthy/Healthy_401.jpg,Healthy_401.jpg,.jpg,9332,256,256,Healthy,False,02a855b09de0c3a55be6a8722c7e86df57a54d87da81a1db83ae2a3533b31246,abb596da90d8c8c5,
potato_pld,Training/Healthy/Healthy_101.jpg,Healthy_101.jpg,.jpg,7763,256,256,Healthy,False,93085a60c243b3226913c75a3bf900d1adbd1b6c160e90e89541696b6a853497,fae2a087818e975e,
potato_pld,Training/Healthy/Healthy_424.jpg,Healthy_424.jpg,.jpg,11675,256,256,Healthy,False,8d4be524f8972642178184868bdf05e17241e02a450a8ca7a3650b76c43ed49b,ffb0f44a600dd0ea,
potato_pld,Training/Healthy/Healthy_7.jpg,Healthy_7.jpg,.jpg,10106,256,256,Healthy,False,ff6f878ecbbf8e3843b56bccbd929d69806a471084579ae537438ab74143eb2f,ffb1e053825b8f08,
potato_pld,Training/Healthy/Healthy_258.jpg,Healthy_258.jpg,.jpg,6368,256,256,Healthy,False,cf2edf6ccd8184e2791d24141acaf3cd40e5d2739d9ff030e8a8d25551720a29,aae4f584d21e8a9e,
potato_pld,Training/Healthy/Healthy_642.jpg,Healthy_642.jpg,.jpg,12419,256,256,Healthy,False,4b1fe24e1bde0cc48d50b5657fb08f96bbdc23e966fda0461887c0b9311f7af3,ab95d4dac96cc4e0,
potato_pld,Training/Healthy/Healthy_807.jpg,Healthy_807.jpg,.jpg,12371,256,256,Healthy,False,3be0e84abbb2544956fde720d86052803b8c8150fcbb5921a15de19d917791b4,af74e10bd4758638,
potato_pld,Training/Healthy/Healthy_373.jpg,Healthy_373.jpg,.jpg,11587,256,256,Healthy,False,b0c2c9dab4ed940bc03ced05e6703a299e345c12b8365b0008147afc3383f183,aa50b52bc12dd277,
potato_pld,Training/Healthy/Healthy_569.jpg,Healthy_569.jpg,.jpg,10891,256,256,Healthy,False,97d02a33c0cfae3f58696943f98b8d08ae964db8220bf237b7bc45fb065f2400,aa9cb16e9138d761,
potato_pld,Training/Healthy/Healthy_598.jpg,Healthy_598.jpg,.jpg,12313,256,256,Healthy,False,a50cf9d1c68784957ffca591a7a870f2e887b424644934e810e7698036660f4d,aa95e17895629e27,
potato_pld,Training/Healthy/Healthy_164.jpg,Healthy_164.jpg,.jpg,10875,256,256,Healthy,False,0346c218c1a3f26d861becc1ead1f71c2698af1a2b4b5f9c1d5b43aed307e306,af0bb43fd035c270,
potato_pld,Training/Healthy/Healthy_193.jpg,Healthy_193.jpg,.jpg,8514,256,256,Healthy,False,206d83db7a011e046dee2c803f89f20181a466696a72a2d13d501493636fa2e1,efd8b0a190f58595,
potato_pld,Training/Healthy/Healthy_208.jpg,Healthy_208.jpg,.jpg,7735,256,256,Healthy,False,30ac3cfbd227a2ef4a653d2f80a112a1af7df542756fa2f1c4f2b6af88e17fd7,be19a0b995f19ac1,
potato_pld,Training/Healthy/Healthy_358.jpg,Healthy_358.jpg,.jpg,14150,256,256,Healthy,False,c2264741ac9f23e89685261c64c690f8695e26834b746f964641b3bc3837174a,aac8b587d6969a1c,
potato_pld,Training/Healthy/Healthy_264.jpg,Healthy_264.jpg,.jpg,6152,256,256,Healthy,False,9e23f2cbe1ad6aba7ac9d9a2065d688902808ae24eb5510a19712c1760b8f807,af1cb4c8d08bca5d,
potato_pld,Training/Healthy/Healthy_684.jpg,Healthy_684.jpg,.jpg,12078,256,256,Healthy,False,85adb3e4f204efc58aa1b0352c60d55e0898cac7aa4cf857a350b4cc8114d05f,bf9fd05ac8288574,
potato_pld,Training/Healthy/Healthy_347.jpg,Healthy_347.jpg,.jpg,10902,256,256,Healthy,False,631e0c4d89a4c0a01314738c7fd4ca3de415c8259f2f64a25ef9bf945fe05c36,aae5a594d40eda1b,
potato_pld,Training/Healthy/Healthy_4.jpg,Healthy_4.jpg,.jpg,10872,256,256,Healthy,False,912496e6358f4f80bffd552b4761b7e1010f7a43d5ff1f7f4065195cf152fc79,ef1ba0fa85a196c1,
potato_pld,Training/Healthy/Healthy_345.jpg,Healthy_345.jpg,.jpg,12098,256,256,Healthy,False,28d70faa33ab2f82c7a20d47eb3e57786796755195e6615ed1aadbaf2064690f,aab5b55682e2d9c1,
potato_pld,Training/Healthy/Healthy_614.jpg,Healthy_614.jpg,.jpg,12890,256,256,Healthy,False,effb8dc5e77b3d9ca22c107828b6b530c5283878ee4bcbaefd65d24556069458,af48943de02d8377,
potato_pld,Training/Healthy/Healthy_68.jpg,Healthy_68.jpg,.jpg,7894,256,256,Healthy,False,629887c29d48dd686e8a741a619763f022a2e6b003a81b7ce8eca6691ec667f8,ea1de1788741d6a9,
potato_pld,Training/Healthy/Healthy_759.jpg,Healthy_759.jpg,.jpg,16629,256,256,Healthy,False,61951416d7cca6a9504a3629cded7cb5ecff5939c6ab73e69143e160404d4374,afe0b588179d16ac,
potato_pld,Training/Healthy/Healthy_519.jpg,Healthy_519.jpg,.jpg,9537,256,256,Healthy,False,20614763d42d9a52884512437f6bd4899598b12a2a9fd118ae659013ab0223f2,ab1ee1b897c1868b,
potato_pld,Training/Healthy/Healthy_802.jpg,Healthy_802.jpg,.jpg,11254,256,256,Healthy,False,879560d43b56987f5c7e68bda3584c392554d1f5ada7d18f2e0ec5ee8ac08a77,aabdb57191508b5a,
potato_pld,Training/Healthy/Healthy_273.jpg,Healthy_273.jpg,.jpg,7356,256,256,Healthy,False,993ed5b57279343ccb31454f4d5d7eaeb54f8388b8ac939398b9f679dec5c1eb,ebb9f49083de9700,
potato_pld,Training/Healthy/Healthy_673.jpg,Healthy_673.jpg,.jpg,11562,256,256,Healthy,False,433d72c59e01c34b95fc2f78bce634bfbdd74c71e3eb9f70e0382ae3e1d55b93,ffe0e007c01f8c5e,
potato_pld,Training/Healthy/Healthy_257.jpg,Healthy_257.jpg,.jpg,6043,256,256,Healthy,False,3452a6338fd0803a804f5465cbb5641f2a5f5a0e26a9605efaa5fbacdf504ea9,aa91b5d3d04bc369,
potato_pld,Training/Healthy/Healthy_531.jpg,Healthy_531.jpg,.jpg,9353,256,256,Healthy,False,33b77c58079b0d06db86317e0545457c0ba8c44be7eeadc834ce5eefe5c73b87,fac2c08b879d969c,
potato_pld,Training/Healthy/Healthy_560.jpg,Healthy_560.jpg,.jpg,10761,256,256,Healthy,False,ff163e721234cda715ff0bc0f48d2d150e763e0e5aabdc79be1dba3ae5d26b2b,aecbf0a5cb368461,
potato_pld,Training/Healthy/Healthy_474.jpg,Healthy_474.jpg,.jpg,9669,256,256,Healthy,False,2db7d2f5da57fc993a899645d31c6b3c2a4d8d3a858cd2a57a0de9f4ffb9bff6,aa4ae52a852d97b5,
potato_pld,Training/Healthy/Healthy_791.jpg,Healthy_791.jpg,.jpg,12756,256,256,Healthy,False,f57e7cfe70f77088522e49e1130cb35dbf606ddba49ae6bfffad85cd54ca1bb8,aa6ab525d435cb92,
potato_pld,Training/Healthy/Healthy_195.jpg,Healthy_195.jpg,.jpg,9181,256,256,Healthy,False,d063437512425975c933559885f6bc982db81ace0586b23de5b2e9421d82922b,ab6ab0afd0b5c192,
potato_pld,Training/Healthy/Healthy_23.jpg,Healthy_23.jpg,.jpg,10166,256,256,Healthy,False,61e21f02a2946c124d135a9c9cce0a351e7310ad4a3f1ea6331a896e1667999d,eac2a50ffc09f01d,
potato_pld,Training/Healthy/Healthy_156.jpg,Healthy_156.jpg,.jpg,9026,256,256,Healthy,False,d6340379a7c5094e614f291c016b4cbed3d1a8f48cfc68334a6ee014b6a47a34,bf52b4a1c257c38a,
potato_pld,Training/Healthy/Healthy_322.jpg,Healthy_322.jpg,.jpg,6701,256,256,Healthy,False,7c5dec2b99ecf11a8bad07f3c46f4c2fad9bafa9a0225fb6ad5753bdf3484c24,aabd95549a4a9bc8,
potato_pld,Training/Healthy/Healthy_385.jpg,Healthy_385.jpg,.jpg,14181,256,256,Healthy,False,1b0d9c169478521b495456ee554564f6ef630e41dced00758a0ad372789f4b30,aacce0a596d49ed2,
potato_pld,Training/Healthy/Healthy_478.jpg,Healthy_478.jpg,.jpg,8497,256,256,Healthy,False,17d5235ed133b534d3043bb8c50f80ba3d792919ea47fac8cc71e7d530d2d806,ebcba1e8c60c9e38,
potato_pld,Training/Healthy/Healthy_694.jpg,Healthy_694.jpg,.jpg,11466,256,256,Healthy,False,325fe9d743492abc0ebd5a0917486f56cfe93535d29ddb603f7e2b01db710286,ff0df07c81708770,
potato_pld,Training/Healthy/Healthy_223.jpg,Healthy_223.jpg,.jpg,6238,256,256,Healthy,False,d3d3fd78d1815b2af79590c62526c5b61e549f626d9249db923f1775d4f55511,aaf5a0a08557979e,
potato_pld,Training/Healthy/Healthy_606.jpg,Healthy_606.jpg,.jpg,13055,256,256,Healthy,False,f73c265a88e61336efa835597e4777ad331824d92cc7a0286e5fbb40b89af58f,ab0ce07fb73a5620,
potato_pld,Training/Healthy/Healthy_346.jpg,Healthy_346.jpg,.jpg,11559,256,256,Healthy,False,0a06fd6bea457248342846957d65fc700b63918771c3d9ed4b1bc20cfee9833a,aae8b5a1d0d5d496,
potato_pld,Training/Healthy/Healthy_742.jpg,Healthy_742.jpg,.jpg,12482,256,256,Healthy,False,0272d97906c8ab4f9518b6d2b6fdfd4b6469868f55dcca5f226876c7bebf70c6,ef60852fde348c13,
potato_pld,Training/Healthy/Healthy_525.jpg,Healthy_525.jpg,.jpg,11628,256,256,Healthy,False,80d6ea86b3f4bf26bf6ddd6bbf40e0ce503352ccff9a5ba3696b07f0a7fbc988,ffa1e054c5ce838a,
potato_pld,Training/Healthy/Healthy_662.jpg,Healthy_662.jpg,.jpg,12709,256,256,Healthy,False,8ba4edb6dccc282ffd9e4ed12759f33763dfb6715928a212df7a2d45be8d8ba8,efe0a5478f1c909c,
potato_pld,Training/Healthy/Healthy_87.jpg,Healthy_87.jpg,.jpg,6816,256,256,Healthy,False,5fd22091247c14e6c42780024798cc881b45387297aeb770725e8cdbdeae2e2b,fbf0a183d51f821a,
potato_pld,Training/Healthy/Healthy_404.jpg,Healthy_404.jpg,.jpg,10777,256,256,Healthy,False,2bc651f0a878acea2945423421430bef9879a5743db78689c9b02a512e793afe,abc9d49492323b73,
potato_pld,Training/Healthy/Healthy_425.jpg,Healthy_425.jpg,.jpg,9819,256,256,Healthy,False,97e5985452849d5f07e8368d5077066c92574be225d2b004aa53dfc159d04e29,babcb5d0d08b88cb,
potato_pld,Training/Healthy/Healthy_255.jpg,Healthy_255.jpg,.jpg,5301,256,256,Healthy,False,f0b6803e85d385d4ab5272a53dcff816b84ab93b0f140cd3b3860253df713cc0,facac00b9ebd92b0,
potato_pld,Training/Healthy/Healthy_130.jpg,Healthy_130.jpg,.jpg,8485,256,256,Healthy,False,0b3cb362e3444525a693767653a684ac22a3d9fd65e9470f7dc873a8680ce2b0,aa89f5ddc0a897c4,
potato_pld,Training/Healthy/Healthy_730.jpg,Healthy_730.jpg,.jpg,14331,256,256,Healthy,False,159dd412945aab2c0b780038599a9ff7319632daef2d3bd39e942586d0606b73,fa3de0f087038e87,
potato_pld,Training/Healthy/Healthy_812.jpg,Healthy_812.jpg,.jpg,11300,256,256,Healthy,False,a53041a0018c00cdb5da49556447c436f1bd56f706334f3cfa7c4495d09e07b1,af95f0d2824bc1e9,
potato_pld,Training/Healthy/Healthy_145.jpg,Healthy_145.jpg,.jpg,11612,256,256,Healthy,False,085c6d943d8aa837dcd56d50fda3fd715ac10be4b3f72d25fcd89ce35e717eed,fe8ba4f994a0c0d3,
potato_pld,Training/Healthy/Healthy_516.jpg,Healthy_516.jpg,.jpg,10553,256,256,Healthy,False,0f7da513dcbf0d9d768d43691b471fff62defa4b094a578b1e5f8511bed3a076,bab5f050825acf69,
potato_pld,Training/Healthy/Healthy_567.jpg,Healthy_567.jpg,.jpg,13153,256,256,Healthy,False,5358503ddc546ce9ca83a6c8b3d271c16283390b1c2ed59d4e4609ffc8c9f27f,ea1dc170967b1ce2,
potato_pld,Training/Healthy/Healthy_602.jpg,Healthy_602.jpg,.jpg,11703,256,256,Healthy,False,997245919ca439734a7f3b10e0a857cacf9797a243108bff0c56c3f4f641338e,aa1de0788f6adc62,
potato_pld,Training/Healthy/Healthy_715.jpg,Healthy_715.jpg,.jpg,12052,256,256,Healthy,False,ac2c202b2fb77d2603a6ee88891e8077bf3f8f016226f1e9ef871f2abcde45b5,eac0948f7af0b3a4,
potato_pld,Training/Healthy/Healthy_534.jpg,Healthy_534.jpg,.jpg,10149,256,256,Healthy,False,28d0168604b81f49cf8681d38ed7a4d735d7a6ee4f1a8a471b9a9d512ad01824,eecae1a885859697,
potato_pld,Training/Healthy/Healthy_523.jpg,Healthy_523.jpg,.jpg,9709,256,256,Healthy,False,7e8a77c5a5a10618fc06a1e0ce8e0a4d2c8c1d80b1afdfd16f2465d4a311cf24,aec8b4839487d637,
potato_pld,Training/Healthy/Healthy_249.jpg,Healthy_249.jpg,.jpg,5822,256,256,Healthy,False,8010de7c198c1fa43afddaf91a769dc4a4dbc7b77fd1dc2d02a742705b210b7b,aa88f5b9d2f5c2c0,
potato_pld,Training/Healthy/Healthy_427.jpg,Healthy_427.jpg,.jpg,11171,256,256,Healthy,False,ed6e8f27d8c99dbf3a24ffc6314469cac80fb58ba19d300ca54a327da64d00d4,e3c68c8c87bd9153,
potato_pld,Training/Healthy/Healthy_772.jpg,Healthy_772.jpg,.jpg,12145,256,256,Healthy,False,3cfc3901d011301a932d9b45e48326211399636205108c97d362cf6efcf9db7c,ee12a53b94e19ac6,
potato_pld,Training/Healthy/Healthy_729.jpg,Healthy_729.jpg,.jpg,11603,256,256,Healthy,False,57c1d5353514806d507c8fca14a65c211549e87ab82263521657b6ae2c5ad198,feb0b053c01acf69,
potato_pld,Training/Healthy/Healthy_325.jpg,Healthy_325.jpg,.jpg,6577,256,256,Healthy,False,3e9fbba7b4e7ed5d67d06bd0a46a57e524f4b7fe377df020397cd5b9919f6ce3,aa1fe1bc855087d3,
potato_pld,Training/Healthy/Healthy_297.jpg,Healthy_297.jpg,.jpg,6393,256,256,Healthy,False,9b9bf93dbf4cb6a68c9d718bccde5904ba58668d3f1d619b9a2d54b6b0c43964,ea31e0e595c4bc5c,
potato_pld,Training/Healthy/Healthy_462.jpg,Healthy_462.jpg,.jpg,9036,256,256,Healthy,False,ac6b35604049af9e7f441817de1528611fa78838263499ad6c44c0c49dba7f5f,ea3fa5f094c2984b,
potato_pld,Training/Healthy/Healthy_550.jpg,Healthy_550.jpg,.jpg,12392,256,256,Healthy,False,3b726be6d328a8c4c9a1fcb74cb75e8e4ae7c8f1043fd43e2f49d29bd40d6ba9,aae99da18ea5cd14,
potato_pld,Training/Healthy/Healthy_21.jpg,Healthy_21.jpg,.jpg,9888,256,256,Healthy,False,a420dd590aceee64884ba390f331555a75974571a1d25697e0e723f08e215b71,bf12b4bfc058e168,
potato_pld,Training/Healthy/Healthy_508.jpg,Healthy_508.jpg,.jpg,10699,256,256,Healthy,False,37e78a4de258f40afb9f2b1a191059513fb4bb75f5400ff33281076c939a8f86,bae0b491d09ec29f,
potato_pld,Training/Healthy/Healthy_179.jpg,Healthy_179.jpg,.jpg,9897,256,256,Healthy,False,bcc18c0322c87e15c3e8697837ff5ba7ec46220cb3a23b606d609e241c0297c6,ff88e0ec81a4c787,
potato_pld,Training/Healthy/Healthy_15.jpg,Healthy_15.jpg,.jpg,9347,256,256,Healthy,False,8df6783df397ec7602a8dba0933cd21fcbe659884e562cf0d444f3ce7b54ea4b,ebe0852fdab0c913,
potato_pld,Training/Healthy/Healthy_522.jpg,Healthy_522.jpg,.jpg,9879,256,256,Healthy,False,e9562cf5db5387e6b97ff4b641b687eabcf2635c41e21782929a464102be1934,abcad085c1978d97,
potato_pld,Training/Healthy/Healthy_816.jpg,Healthy_816.jpg,.jpg,7710,256,256,Healthy,False,a68261d5ee34eb87bf80f19178bf0b884f73055ae966b251ad24cf251b31d8be,ea35a1f095c693ca,
potato_pld,Training/Healthy/Healthy_697.jpg,Healthy_697.jpg,.jpg,12624,256,256,Healthy,False,b369ad16380b2b486276ae192649702af67aa9dcc279768b6dde96e844ef6a32,fe3fb0588741c1c3,
potato_pld,Training/Healthy/Healthy_271.jpg,Healthy_271.jpg,.jpg,6137,256,256,Healthy,False,cf2aab914dfece8ed028ce9e0e698a214244f23e71fc91bc5402f69370b77b8a,aae0f1b794c2cb0b,
potato_pld,Training/Healthy/Healthy_160.jpg,Healthy_160.jpg,.jpg,9597,256,256,Healthy,False,7b5dd1d78a6f51e8cc788865219bb2c8cdf8e18f3a72db97e88dd95a301ffc23,ef99a0fcd5e08681,
potato_pld,Training/Healthy/Healthy_741.jpg,Healthy_741.jpg,.jpg,13278,256,256,Healthy,False,0aa8e5de75f1ec554f89ef2788e4acdeb926d9284b93777c2b39a356e3cdd777,ea6085af96b5d81c,
potato_pld,Training/Healthy/Healthy_355.jpg,Healthy_355.jpg,.jpg,11452,256,256,Healthy,False,7c32a8de22eb7a46b6c8dee3c06365560593ac0e3ed91b5fb39d0ef22a0196fc,aaccd1b7851e9a92,
potato_pld,Training/Healthy/Healthy_597.jpg,Healthy_597.jpg,.jpg,10847,256,256,Healthy,False,89f8493497c9560df072d51635526d047cc3fe2a9f201a18b6d36db50e5948f7,afc0bd28952bd235,
potato_pld,Training/Healthy/Healthy_628.jpg,Healthy_628.jpg,.jpg,11894,256,256,Healthy,False,93ec0695dd9a2f64932fe8789b63cfbb9778a53afdee99ebc2ec42eed8ac2733,efe6e0929593908e,
potato_pld,Training/Healthy/Healthy_698.jpg,Healthy_698.jpg,.jpg,12157,256,256,Healthy,False,8f0adc48e47b59c88afb886b85c5d7750b6e880b9f8ce360f48be1722c91e8be,ff1f805c8e4b8c61,
potato_pld,Training/Healthy/Healthy_157.jpg,Healthy_157.jpg,.jpg,8248,256,256,Healthy,False,80500f7d2420ab521b298f787f275ee7b22455c665e3028a5a6cd8288c538fd0,faa5e09487c0d7b2,
potato_pld,Training/Healthy/Healthy_41.jpg,Healthy_41.jpg,.jpg,8833,256,256,Healthy,False,8a6a97a78b73c90852315a8dc8f49dbeac9df31a6da4bbebed8ef7784a712e21,abc2f1ab80258f3d,
potato_pld,Training/Healthy/Healthy_299.jpg,Healthy_299.jpg,.jpg,7220,256,256,Healthy,False,f6b362bd372d86faae27332fd1622a9b359060646d8efea7caa2fdf8cd301344,ea3fe0f48740965a,
potato_pld,Training/Healthy/Healthy_108.jpg,Healthy_108.jpg,.jpg,7394,256,256,Healthy,False,2a4916716445f3b2a7cd7a723013e43cb7b790ad730f2b4c81aa066769a7093a,fba1e01785da9712,
potato_pld,Training/Healthy/Healthy_190.jpg,Healthy_190.jpg,.jpg,9429,256,256,Healthy,False,7c5e1eb8e133d666bf2ae860bf6fa2284ff3eae4531dd9773c1664926757b2c5,aab8b5d8d08bca4d,
potato_pld,Training/Healthy/Healthy_159.jpg,Healthy_159.jpg,.jpg,8765,256,256,Healthy,False,6016eef4c2b0737c3795206e4aab085e969910d377c58846fac39cc0ac3424a8,fea0f583809f93c8,
potato_pld,Training/Healthy/Healthy_92.jpg,Healthy_92.jpg,.jpg,8087,256,256,Healthy,False,cc76fdb77d4ae4945cad871c7636592aaf7c7640fcb465ffa37d2bfd2c5fed74,afe4b144d00ecbbc,
potato_pld,Training/Healthy/Healthy_596.jpg,Healthy_596.jpg,.jpg,11260,256,256,Healthy,False,2656a74ea9425c8e44d582123ce5305022dfdcb07f0da923e9269178cbbb0452,ab49b52dd234c936,
potato_pld,Training/Healthy/Healthy_11.jpg,Healthy_11.jpg,.jpg,10846,256,256,Healthy,False,05b07b39d67ae1b237b9accd249edcc3138d8b62715b9ea30b345b023b39798d,bf95f45a8949d128,
potato_pld,Training/Healthy/Healthy_226.jpg,Healthy_226.jpg,.jpg,8781,256,256,Healthy,False,59e06c13e39f1889f278514343b5d5c5b94b0d972174af82203a405b303b7ebc,aecea5acd0e4c3c4,
potato_pld,Training/Healthy/Healthy_54.jpg,Healthy_54.jpg,.jpg,9602,256,256,Healthy,False,2ede826938cf89ed188f1c61b68b7f8059fbcfdee3298f17f90bf8e1de86eeac,abc2b5afd055822e,
potato_pld,Training/Healthy/Healthy_202.jpg,Healthy_202.jpg,.jpg,8761,256,256,Healthy,False,37bbfe4875193adf4d3668490ab1096cc95baf74f5af3f3d35bc8762bf4b854c,fbb0b1d0c14acb4b,
potato_pld,Training/Healthy/Healthy_217.jpg,Healthy_217.jpg,.jpg,6218,256,256,Healthy,False,ad8bdc1a17d97d3d5e024ab28cc9a3c7edbe6ada2d73ebc21799392035cb8501,bf8da179d460c2e1,
potato_pld,Training/Healthy/Healthy_78.jpg,Healthy_78.jpg,.jpg,9547,256,256,Healthy,False,e65138eb5476e1d4093c09824c9d712547dae9e9f329025d0ea2edd39a00a806,fac6e023857f8728,
potato_pld,Training/Healthy/Healthy_655.jpg,Healthy_655.jpg,.jpg,12576,256,256,Healthy,False,6105b3bb228fd2b7296c7a55159bfb10aed5b7d69ae98a4d1a94e0445b225568,ef58f0eb81858b86,
potato_pld,Training/Healthy/Healthy_90.jpg,Healthy_90.jpg,.jpg,7497,256,256,Healthy,False,48db3361b3f122071892498a2a1ef40dd7ccfc1dd455befae99365143354e374,ef52e0a285970f96,
potato_pld,Training/Healthy/Healthy_25.jpg,Healthy_25.jpg,.jpg,9076,256,256,Healthy,False,2835005928d7fbc984aed1cd0a5a105ddf6d47d674509760de3e577b536eefab,eac2a50fd60dd43c,
potato_pld,Training/Healthy/Healthy_561.jpg,Healthy_561.jpg,.jpg,10868,256,256,Healthy,False,3af2f15189c811165d078351053bb42834990f66531debb451dbc7e9878f5e0f,ba379472956ac22d,
potato_pld,Training/Healthy/Healthy_251.jpg,Healthy_251.jpg,.jpg,6284,256,256,Healthy,False,9d5f4b3aef80f9cac88719ddcd90f28542cf84dbd0e9f420ba8bd4ae9a72d493,eac8c08f9d3ab171,
potato_pld,Training/Healthy/Healthy_132.jpg,Healthy_132.jpg,.jpg,8343,256,256,Healthy,False,6820a2b52de68ecd88ef7374d9b36b810f88fe17f11f8c19cfad801e230be4b9,eaa1e1d48712d79a,
potato_pld,Training/Healthy/Healthy_123.jpg,Healthy_123.jpg,.jpg,9047,256,256,Healthy,False,566f2fbac7d9c6a7c3f3bc027b2ab9b8be20143f389dd04e921192ca2b39d152,bee8bca8c095c596,
potato_pld,Training/Healthy/Healthy_774.jpg,Healthy_774.jpg,.jpg,12415,256,256,Healthy,False,da1734b508ef9f85c0629a5501b880ef254bbcce5362b01f6489f4412d713325,af17e0f0d6619263,
potato_pld,Training/Healthy/Healthy_705.jpg,Healthy_705.jpg,.jpg,12780,256,256,Healthy,False,d989acf666077d50b3f5a03a126b29c392d23c7349a9b89ec905f81cd805d73c,ea4ba5b895a19c95,
potato_pld,Training/Healthy/Healthy_421.jpg,Healthy_421.jpg,.jpg,10778,256,256,Healthy,False,50301728bdf4b1c610541640333de79f6bf95f3e5c76521557a871862415c859,fa92b58193c7920f,
potato_pld,Training/Healthy/Healthy_735.jpg,Healthy_735.jpg,.jpg,12270,256,256,Healthy,False,933876b8c17ff27476e2a8cc43670596e78dcc0809b5e59b46a6c8505683a865,bfe0f0a1c3879594,
potato_pld,Training/Healthy/Healthy_219.jpg,Healthy_219.jpg,.jpg,7339,256,256,Healthy,False,dc9e7a88ba70ec208ddb1feedfb07d0f7fdb6595f8b7d1fbb02b2a20b6ee0ffe,ff4ce4ecc0e0c487,
potato_pld,Training/Healthy/Healthy_180.jpg,Healthy_180.jpg,.jpg,12165,256,256,Healthy,False,ff74c8703d09dcbf8ae2007ccae14fdc6b6275b82b167f40691bc0c4d70d8512,fa8cb1f895a09a95,
potato_pld,Training/Healthy/Healthy_387.jpg,Healthy_387.jpg,.jpg,9885,256,256,Healthy,False,61a0a8a0abb2384406079aad3233700c93fb09eb4cd799800deb7b5b713d9c81,abcad585809f9a3c,
potato_pld,Training/Healthy/Healthy_28.jpg,Healthy_28.jpg,.jpg,9782,256,256,Healthy,False,af440d49689d9084b4de4ce03eac1f2d57baa7146139701542e383279dd8207b,fab1e117c01acb59,
potato_pld,Training/Healthy/Healthy_611.jpg,Healthy_611.jpg,.jpg,12526,256,256,Healthy,False,7938b924c5c45228316b7610fa58dfa27da0a93e242ad1ed66cd1fc8f4f26108,bb429d2dd075d232,
potato_pld,Training/Healthy/Healthy_760.jpg,Healthy_760.jpg,.jpg,16505,256,256,Healthy,False,7d05c34313d96c29acbd1d97dbfdf6272b7b5050a5aac592bbb85a9c1e24b603,afe09588179d1abc,
potato_pld,Training/Healthy/Healthy_568.jpg,Healthy_568.jpg,.jpg,12238,256,256,Healthy,False,84de61b698ecccaf8d32fe91864db8591b92bd8253143ddc4375d5310909de96,bf9f97d48a4a4160,
potato_pld,Training/Healthy/Healthy_144.jpg,Healthy_144.jpg,.jpg,9212,256,256,Healthy,False,c70b8ee2547f8efc5ba1063034ca079d555e55dd3a70e7104f18bc8c7dfd1507,fa99e0fa85909791,
potato_pld,Training/Healthy/Healthy_687.jpg,Healthy_687.jpg,.jpg,12098,256,256,Healthy,False,6c6673d577d019776414016ffd5cc9a7a09e8012e48692381dcd11c751ec6c1d,ff01b41fd23ec218,
potato_pld,Training/Healthy/Healthy_320.jpg,Healthy_320.jpg,.jpg,8014,256,256,Healthy,False,c3f47637705dd99be92e60d50389e88c5feac2b774af3a85f6ea110fca862978,aab5b114d47ac8e9,
potato_pld,Training/Healthy/Healthy_448.jpg,Healthy_448.jpg,.jpg,11791,256,256,Healthy,False,cb2e8a3928090f3973bd39507372ce3eeed381db9ae882eefb0cc0f946619f70,eae4a5969e4a9839,
potato_pld,Training/Healthy/Healthy_67.jpg,Healthy_67.jpg,.jpg,8570,256,256,Healthy,False,1258115293a0bbf9d9b58ea9ef6cfd10b7b98966f8cb5e42592653e4f73d7bd2,bbb4b452d2aa83c5,
potato_pld,Training/Healthy/Healthy_254.jpg,Healthy_254.jpg,.jpg,6286,256,256,Healthy,False,b2b8544726b409fef212d63269f856cb233cebf09c51be112b9a5d320eb406d6,baf0b193d14aca4d,
potato_pld,Training/Healthy/Healthy_171.jpg,Healthy_171.jpg,.jpg,9029,256,256,Healthy,False,34f79424c339639e82640a95128707cf5a1fd87a1f21fa771d45e4b5c1ac24fe,afbdf45a82788229,
potato_pld,Training/Healthy/Healthy_603.jpg,Healthy_603.jpg,.jpg,14029,256,256,Healthy,False,76a77461cd7308ede51925e82ad9a1776887d278062c90d8fbb85d11f8a04243,aa97e15a85789669,
potato_pld,Training/Healthy/Healthy_65.jpg,Healthy_65.jpg,.jpg,9402,256,256,Healthy,False,72eabd6628df6895ed647709659f65fac34ee8de531604186af85c6b8be3b0df,ebede00585de870a,
potato_pld,Training/Healthy/Healthy_736.jpg,Healthy_736.jpg,.jpg,12293,256,256,Healthy,False,1a3309dc662461697e042f63d234fba768e859aca258057da14e49f5a3d3097b,eabda5f498d0d8c0,
potato_pld,Training/Healthy/Healthy_80.jpg,Healthy_80.jpg,.jpg,9045,256,256,Healthy,False,df19e2c2103803b36870e63c5070cdc2dbb46d35b5f9e1cddad21aaaa8e3bcc7,fa4bf06b82258f34,
potato_pld,Training/Healthy/Healthy_644.jpg,Healthy_644.jpg,.jpg,10830,256,256,Healthy,False,8c46f94f5e19d1536f1cea078ea6084e4a34bfc904a28841acff7b9ab478c068,bbd2a5ac90b5c992,
potato_pld,Training/Healthy/Healthy_248.jpg,Healthy_248.jpg,.jpg,6428,256,256,Healthy,False,6117c51ae0e496ecd03c30b4d9f08083cd805977860d3978428b422cb9cdc577,aa93b552936a8d2d,
potato_pld,Training/Healthy/Healthy_237.jpg,Healthy_237.jpg,.jpg,5904,256,256,Healthy,False,a67929bdf61cb361162cd3a586d4ce4f99efebec94c866b53b6f808dada4f3b8,ab3dc150896bcd66,
potato_pld,Training/Healthy/Healthy_706.jpg,Healthy_706.jpg,.jpg,11895,256,256,Healthy,False,a4ba23b8b4b5436cd107aa605b06fb9def956aca469162d6094c1f2ea18accc3,ff93b8c181cec30a,
potato_pld,Training/Healthy/Healthy_150.jpg,Healthy_150.jpg,.jpg,9100,256,256,Healthy,False,50266fb83e1d2071d1f638adaf8914cb47d0168d40193e17fd338bdddf837b76,ffe0b0419187d387,
potato_pld,Training/Healthy/Healthy_439.jpg,Healthy_439.jpg,.jpg,10946,256,256,Healthy,False,1a4e664f6d1b018f3e68a5796d63282d6e0772803514cf0d4e93fa0a5b225b03,aaf0a187857e962e,
potato_pld,Training/Healthy/Healthy_793.jpg,Healthy_793.jpg,.jpg,11916,256,256,Healthy,False,ae46a1f914cf72c00fb1be98810d3407f13a2ab7aaae8df47980311ef6813c2a,bbe0c181cd1f9c9c,
potato_pld,Training/Healthy/Healthy_641.jpg,Healthy_641.jpg,.jpg,10709,256,256,Healthy,False,51c8807b9df56af69569dd7a24d92964598669df08a9c88709b110571d21cc82,aab591de84cacd49,
potato_pld,Training/Healthy/Healthy_390.jpg,Healthy_390.jpg,.jpg,12743,256,256,Healthy,False,8779d106de55921daf113f5dedc24149aead8a5abb919ad1b9359d47f2a3868b,aab595d8d64a894d,
potato_pld,Training/Healthy/Healthy_367.jpg,Healthy_367.jpg,.jpg,12763,256,256,Healthy,False,1a7835072d02f11cbcbbfe4f7395aaa693daf62f4b4f16cff184b60fc1a2d29c,aa70c10fc6b59a7c,
potato_pld,Training/Healthy/Healthy_99.jpg,Healthy_99.jpg,.jpg,7899,256,256,Healthy,False,1629a7c2aa80b9d1fa7730622cbeef3074198c1119c3ad9c709f5545c0db7d4b,bf90b1dcd00acb4d,
potato_pld,Training/Healthy/Healthy_317.jpg,Healthy_317.jpg,.jpg,6090,256,256,Healthy,False,009ee0139c33f1392c7858ae2a32b8e7fcdcd96f0837277076f575cefe2ff34a,eacac5ca950b951d,
potato_pld,Training/Healthy/Healthy_668.jpg,Healthy_668.jpg,.jpg,14490,256,256,Healthy,False,4546f7d414df161b3fdbf5d4f4b0d9ac34f17701a8349d157ecea640264abc61,ff2fe0f0c3c08a43,
potato_pld,Training/Healthy/Healthy_521.jpg,Healthy_521.jpg,.jpg,9935,256,256,Healthy,False,30c0a25c035bb922c4ed3a8baff2bb535d57d47455f245a059c3655ef34178ee,beb4f0d8c04d8f64,
potato_pld,Training/Healthy/Healthy_58.jpg,Healthy_58.jpg,.jpg,10469,256,256,Healthy,False,c1268168ec0a829a35154d2c49e6fa196df5631037d401205152f3c908f3e391,fa1fe0708520977b,
potato_pld,Training/Healthy/Healthy_766.jpg,Healthy_766.jpg,.jpg,11881,256,256,Healthy,False,8176ee5a05aa42fa1add7891454939c647431728adc47f4009bf271a40dc2951,eacaa5a98c9d9594,
potato_pld,Training/Healthy/Healthy_188.jpg,Healthy_188.jpg,.jpg,12946,256,256,Healthy,False,f6332bcfb94813ecb6e817181c846b92f6d8528c45063978219fd1526559c9bd,aa1bb7e0d4b1c2f0,
potato_pld,Training/Healthy/Healthy_588.jpg,Healthy_588.jpg,.jpg,12103,256,256,Healthy,False,ce0cbadb6c0844026d032f6767c48b2c5fe4714169ec32d6bd16994e5b20ec16,ae629521cb31e71e,
potato_pld,Training/Healthy/Healthy_359.jpg,Healthy_359.jpg,.jpg,14396,256,256,Healthy,False,e90e67abc86e864cc203eb63992fa354fc73d313ddb53eb63ed9fbe61ffd1d4b,abfa9585d0968e8a,
potato_pld,Training/Healthy/Healthy_586.jpg,Healthy_586.jpg,.jpg,12615,256,256,Healthy,False,35fde24b3bdfa4f400bcd005323d5d216d333f8ea47c0994079e4e7f65c44796,efe0c5859fdc9810,
potato_pld,Training/Healthy/Healthy_679.jpg,Healthy_679.jpg,.jpg,12533,256,256,Healthy,False,cea1e3606951106ee69c85d646fc2a364198f50c979693bcdf43989012c3fff5,ff89b031c163c7c2,
potato_pld,Training/Healthy/Healthy_289.jpg,Healthy_289.jpg,.jpg,7839,256,256,Healthy,False,f14b5dcc3f569fa1dd32b1e23b64ff589b2ed37d6cf2cd772b8f9a9cbaa70b30,bf4ef0ad808dc3c4,
potato_pld,Training/Healthy/Healthy_93.jpg,Healthy_93.jpg,.jpg,7674,256,256,Healthy,False,11a614b74b4ea90088c28fef7a40741f85425261026733c8c4d7c35ce0f5517b,afcdf0e6c2848b0e,
potato_pld,Training/Healthy/Healthy_100.jpg,Healthy_100.jpg,.jpg,5555,256,256,Healthy,False,9975e9bfe631e0ce2901b23bc297c38c9eb93eeef7f24edcf6d3a7986112d2f1,bfb1f0d1c05a8749,
potato_pld,Training/Healthy/Healthy_661.jpg,Healthy_661.jpg,.jpg,12714,256,256,Healthy,False,e0e3ec744394b9619e7a1e67ff61e3f63ac3431bcdf9db4c9ebc2381d758a482,ff85d0dacfc0c460,
potato_pld,Training/Healthy/Healthy_256.jpg,Healthy_256.jpg,.jpg,6124,256,256,Healthy,False,350510f909f65061254873e450e4f55a4e8cf62b517d1a5445ca68d7072c4d09,eee4a446942f983d,
potato_pld,Training/Healthy/Healthy_152.jpg,Healthy_152.jpg,.jpg,10399,256,256,Healthy,False,bc0304df6ac8c1f4cfd97b4c4281ad9e7f36270a4e7c4ed249922ca1ebc4e536,aa4ae10b855f97ac,
potato_pld,Training/Healthy/Healthy_323.jpg,Healthy_323.jpg,.jpg,5463,256,256,Healthy,False,b3e840819138f8eeb2053a07ddd5e4984b439c5ed2afea7165c519abfa76a970,aac9c58f9d1d9170,
potato_pld,Training/Healthy/Healthy_91.jpg,Healthy_91.jpg,.jpg,6701,256,256,Healthy,False,5d7fe96e3658e1856f2e5a20857e6773ada14f7744a4bb6f96311e507a354616,bfb1f051c05ac369,
potato_pld,Training/Healthy/Healthy_151.jpg,Healthy_151.jpg,.jpg,11320,256,256,Healthy,False,f8928b2869dea04624eb104ad90688e968785a409af0187d1d32ba1c7d17c64b,bfe0e081859fc752,
potato_pld,Training/Healthy/Healthy_488.jpg,Healthy_488.jpg,.jpg,10870,256,256,Healthy,False,9db641213975c8946779600f924cef9b1b5c3b5e69fd1ff47ff816167a9d961f,faceb1c695849694,
potato_pld,Training/Healthy/Healthy_420.jpg,Healthy_420.jpg,.jpg,8337,256,256,Healthy,False,b99994a889707da6d110c36c175b16d6a15e0cfa1f8e4c7802a4071590e82bb9,ffbc9c98c0c0e265,
potato_pld,Training/Healthy/Healthy_754.jpg,Healthy_754.jpg,.jpg,15973,256,256,Healthy,False,17d95af152a041f48dddd0409c85c296ea5e8e26943a60f715d117741a1945e7,aa56f0eae081a7ce,
potato_pld,Training/Healthy/Healthy_794.jpg,Healthy_794.jpg,.jpg,12957,256,256,Healthy,False,2841892831a891be8b294bffa60f807e2f5ca9cd565c69713f25a8903562a268,fe95c4d4c2f09ac1,
potato_pld,Training/Healthy/Healthy_410.jpg,Healthy_410.jpg,.jpg,9368,256,256,Healthy,False,eaed6f6a4e3c2c8be4abc0c7fe80aac26b8839a0dbdf5854c7292696b57eb388,faa0e005c7de86da,
potato_pld,Training/Healthy/Healthy_327.jpg,Healthy_327.jpg,.jpg,6103,256,256,Healthy,False,87e077e865df46bc78789c0932742fae5dd77c4cb28c2c3b58c03d89beacf6da,af4af42d82b88bf0,
potato_pld,Training/Healthy/Healthy_209.jpg,Healthy_209.jpg,.jpg,7654,256,256,Healthy,False,821a18d493132a8b4a23e1b278cf05ceb90e0d0ebfeaec635e343b77128c95fe,eee4a485849f9e98,
potato_pld,Training/Healthy/Healthy_245.jpg,Healthy_245.jpg,.jpg,6530,256,256,Healthy,False,0759f2bb4c6eebf085abb21cb0446b986d3ce4628e00d6ec3d63559cc022ea89,ffb5b052c0e9c145,
potato_pld,Training/Healthy/Healthy_20.jpg,Healthy_20.jpg,.jpg,11493,256,256,Healthy,False,7ebce3ccd3f142c11952aee8bc86b215376d8c525a7b3eccba64556014a44a7a,be2db055907ad278,
potato_pld,Training/Healthy/Healthy_477.jpg,Healthy_477.jpg,.jpg,9326,256,256,Healthy,False,a0bcf3f0e2925451367fe62ffe2096ac1d93b48af35854babe5f91439f6c1044,bfb5b452c05ac349,
potato_pld,Training/Healthy/Healthy_83.jpg,Healthy_83.jpg,.jpg,6929,256,256,Healthy,False,2e5401c370b290352afc17995e442cdd4fa3ac65ffb514aa83edfc00a07c8bb9,babfa0d8d54092ab,
potato_pld,Training/Healthy/Healthy_128.jpg,Healthy_128.jpg,.jpg,7830,256,256,Healthy,False,4561e19fb9f3a48b66564ca34f4e62e3d59258d6bd034c468221bbcff6ecdcbf,aad9f439c0858be3,
potato_pld,Training/Healthy/Healthy_695.jpg,Healthy_695.jpg,.jpg,13088,256,256,Healthy,False,48d6324c6b671ea35c2ad3c9dac0c7aca22c79235adab95c5980f7addbcacbe8,fa3da1709cf390c2,
potato_pld,Training/Healthy/Healthy_135.jpg,Healthy_135.jpg,.jpg,8736,256,256,Healthy,False,93268c1c0f3a96baac3dcc5391ea5aba1537487fe73df121a3ded6d17f2e980e,aac4f546802e977e,
potato_pld,Training/Healthy/Healthy_643.jpg,Healthy_643.jpg,.jpg,14775,256,256,Healthy,False,7002b6226abaa605da47d7b72293ff35ec2e3ec4110b25a3b7598168a4393a3f,aa49a5ead12d9734,
potato_pld,Training/Healthy/Healthy_675.jpg,Healthy_675.jpg,.jpg,13149,256,256,Healthy,False,1dd19b9e64bfbe63c36c327b26d940330de8529b45e1edb65d9dbeb71cbe837c,fbe3b097801687ca,
potato_pld,Training/Healthy/Healthy_710.jpg,Healthy_710.jpg,.jpg,13454,256,256,Healthy,False,3d244f3b1b3be60e68327caddd53d9bc0f222251865e62b978630db659d138a4,af17d05a8358cde8,
potato_pld,Training/Healthy/Healthy_97.jpg,Healthy_97.jpg,.jpg,8021,256,256,Healthy,False,03c72e05d49cb19be5e11a14a3bd06c532446178aa876f4a1ca87fe675c637ce,fe5eb4ac82d4d340,
potato_pld,Training/Healthy/Healthy_62.jpg,Healthy_62.jpg,.jpg,8333,256,256,Healthy,False,9c03ecb0b0976dd0566cc3c3c3c89e91f6c6c825a61b5498ca5f86e099cc7fa1,faa0a517875e9a58,
potato_pld,Training/Healthy/Healthy_16.jpg,Healthy_16.jpg,.jpg,10266,256,256,Healthy,False,8bb0a7e569e9afe5ba4acb99bb867cfe8dffb865cacd8e9c8598a1e54be84b2d,ffe0a0a7c615863a,
potato_pld,Training/Healthy/Healthy_652.jpg,Healthy_652.jpg,.jpg,12856,256,256,Healthy,False,4238e4886dba8a6f3fdfd0ed4aaa31175786107430c258ed5c33d11df2bc951e,ffb8f09c80d0cb49,
potato_pld,Training/Healthy/Healthy_96.jpg,Healthy_96.jpg,.jpg,8159,256,256,Healthy,False,5a02e422f7d248de358a82a576c81c503505753aa751da4094fc9228b2d90944,efb5e05087629743,
potato_pld,Training/Healthy/Healthy_545.jpg,Healthy_545.jpg,.jpg,9266,256,256,Healthy,False,0d97491de7cb05f3b5055e93826881c12f0d033322a58b002f2b013f526d65b0,ab17f50fd014d23c,
potato_pld,Training/Healthy/Healthy_418.jpg,Healthy_418.jpg,.jpg,9851,256,256,Healthy,False,9161ef8028b1ca9b1bd34e70ff01d7402588a9a00e60b70468579e22ee2ef669,efe4f5c1a483c01e,
potato_pld,Training/Healthy/Healthy_637.jpg,Healthy_637.jpg,.jpg,9342,256,256,Healthy,False,02ab5e17e6c181451638f338d726c7eda5bb806edd115adc7d26b665bd66caa0,bac2b02ad52dda3c,
potato_pld,Training/Healthy/Healthy_124.jpg,Healthy_124.jpg,.jpg,6153,256,256,Healthy,False,08ba3f467576c9d55113a0bdafe02077d05fe8b66e4b7e35229d9d94c8def5b1,ea83e1f2859296ba,
potato_pld,Training/Healthy/Healthy_360.jpg,Healthy_360.jpg,.jpg,10531,256,256,Healthy,False,ba1288995409e87b41606b8cd3b1d7baaad4dddf42c98e81df73f104c06f1bb0,aa15f57a9169ca25,
potato_pld,Training/Healthy/Healthy_52.jpg,Healthy_52.jpg,.jpg,9664,256,256,Healthy,False,f8babcdeea963027910d9a1b811ef5f71f9d4b2c15589b314fd1b490a21e4eb5,fe1ee074a170c761,
potato_pld,Training/Healthy/Healthy_158.jpg,Healthy_158.jpg,.jpg,9951,256,256,Healthy,False,6b6bf076608bd995d2273ed65e8808540f01866fa2b40389f1997d4dc74b2bfc,efb4b516d0dad088,
potato_pld,Training/Healthy/Healthy_60.jpg,Healthy_60.jpg,.jpg,9798,256,256,Healthy,False,9a654b820690ee42055e2d5fa1c0d697346340fe20439c068543404b062a1700,fa8fe07c8300876f,
potato_pld,Training/Healthy/Healthy_3.jpg,Healthy_3.jpg,.jpg,9397,256,256,Healthy,False,2afd85a98dad7b8e97397acff38b866a66caf8fc3a447397b05fd63f81726130,ff4ef0aec2a48d10,
potato_pld,Training/Healthy/Healthy_773.jpg,Healthy_773.jpg,.jpg,11891,256,256,Healthy,False,cfea1aea10f88e1e18d199e78d995b4a1720fbbe80329179538c0402b8bbef96,fab0a190878bcf4e,
potato_pld,Training/Healthy/Healthy_504.jpg,Healthy_504.jpg,.jpg,9852,256,256,Healthy,False,84bac05935575b4bd420bcd5805f02eb3a583b324543a576b2bc42b011ef42e8,eecae0f886819697,
potato_pld,Training/Healthy/Healthy_470.jpg,Healthy_470.jpg,.jpg,9642,256,256,Healthy,False,23723a44c87d3e730d92955b24c67d8880b47674536dea8bebdf912c953c5cb7,ff91b013c10bce2d,
potato_pld,Training/Healthy/Healthy_1.jpg,Healthy_1.jpg,.jpg,6967,256,256,Healthy,False,731280c5d1a248592e2483dcea7a5097bdfa8394dbad22f0706c729ed124b742,aae4a486975e9a78,
potato_pld,Training/Healthy/Healthy_342.jpg,Healthy_342.jpg,.jpg,12165,256,256,Healthy,False,503ad996f5d14cc055e5af5f035c3aeae633b1e67599c89f731667b67d23667a,aab5b552c00bcb6d,
potato_pld,Training/Healthy/Healthy_752.jpg,Healthy_752.jpg,.jpg,14378,256,256,Healthy,False,8562d1149dc20a387d5c6896557c51e70dae509eac2d3dfb7be59f1714ba6f0e,fff0d48183a1a78c,
potato_pld,Training/Healthy/Healthy_294.jpg,Healthy_294.jpg,.jpg,6283,256,256,Healthy,False,e4fa928de41ffa4e075301d1f87a04f420da72a57d38b2729542771c2c4d6628,bf5b9421d057c92a,
potato_pld,Training/Healthy/Healthy_463.jpg,Healthy_463.jpg,.jpg,8927,256,256,Healthy,False,7b95a6deac845d5301a5d47f6ac42f07bcf302e619e3b90a23926241d532a1df,eac085af96add894,
potato_pld,Training/Healthy/Healthy_216.jpg,Healthy_216.jpg,.jpg,6134,256,256,Healthy,False,a0aeb27dfa6283660013051cadcbf56f2c627363a914f5aed8a7ba6c885efa7c,ae0ea06cc7e4cee4,
potato_pld,Training/Healthy/Healthy_441.jpg,Healthy_441.jpg,.jpg,10748,256,256,Healthy,False,fb5058c8ca6854000a6bb5df5c1a1f391ac369ef57364ed953a49bb9f95c0965,ae0aa43dd4b58ef0,
potato_pld,Training/Healthy/Healthy_559.jpg,Healthy_559.jpg,.jpg,11421,256,256,Healthy,False,e2d4c1915c8b34b4406a644f67d7837632c18ffce9c61476e0922a412424695a,aa92b19edc62c3e1,
potato_pld,Training/Healthy/Healthy_784.jpg,Healthy_784.jpg,.jpg,11166,256,256,Healthy,False,afb65f3cf00e60ff075f041fa3fec9bc426ef8961c2733dc42abf87ebee9d594,aab595deca498d44,
potato_pld,Training/Healthy/Healthy_630.jpg,Healthy_630.jpg,.jpg,12938,256,256,Healthy,False,f6363a7efde70131bc2810fc9a39dda4720fd9975d89ea325e27866c4fcbc9fe,ba35e0759762944b,
potato_pld,Training/Healthy/Healthy_269.jpg,Healthy_269.jpg,.jpg,6156,256,256,Healthy,False,a01d61aeb8921283805a06fba7258317d0d3cfeeef024bebc788d11391489f94,aee4a416d61aca79,
potato_pld,Training/Healthy/Healthy_170.jpg,Healthy_170.jpg,.jpg,9107,256,256,Healthy,False,4430ac3d0ede0da6ccb1c71ec0edd364167358a3e7a056ea57a0d7c36cf0d8d1,aab9a5f695e09483,
potato_pld,Training/Healthy/Healthy_139.jpg,Healthy_139.jpg,.jpg,8558,256,256,Healthy,False,dcf0a4217d68f57be1a44af3afaca834ae425ef26a876e60527342b8a77d2374,ab1bf4b992f09491,
potato_pld,Training/Healthy/Healthy_9.jpg,Healthy_9.jpg,.jpg,9421,256,256,Healthy,False,47aa4a831f43a9d3089f9c9be9677f91f8868d1e73f7fd4879dcd0895fb8430e,ea48c50fce1d8abc,
potato_pld,Training/Healthy/Healthy_656.jpg,Healthy_656.jpg,.jpg,12258,256,256,Healthy,False,33345a560ae9e503a6067590872ed2f4d0da9de82912fa97b3dc370dcb800f38,fabd81f098c2d9c8,
potato_pld,Training/Healthy/Healthy_500.jpg,Healthy_500.jpg,.jpg,10121,256,256,Healthy,False,5ab7975e8c075d81a3ee3d5195f489757de100d9090948e935e316f9fb10f2a9,ff9fa0508548c6e9,
potato_pld,Training/Healthy/Healthy_562.jpg,Healthy_562.jpg,.jpg,11407,256,256,Healthy,False,8eb8fd4f64ccfa30244a00458604aee22e26de7305e7f53ae597a7770f315403,af07c17c9778c621,
potato_pld,Training/Healthy/Healthy_46.jpg,Healthy_46.jpg,.jpg,9188,256,256,Healthy,False,a451fd593245889804cb253832ae993e56155f3610473f6f858b31d9e97f2fec,bb9eb1fcd1808a83,
potato_pld,Training/Healthy/Healthy_538.jpg,Healthy_538.jpg,.jpg,11120,256,256,Healthy,False,a860bf267824e01c7b4f2a334d09487ffea213adeda107b20a709cde59687217,aa15f4fa93588359,
potato_pld,Training/Healthy/Healthy_674.jpg,Healthy_674.jpg,.jpg,11542,256,256,Healthy,False,f862307febf2297271423be8ebb0974ff8956c38db85540fdec1515d7ea31272,ea95801ccae39d4f,
potato_pld,Training/Healthy/Healthy_356.jpg,Healthy_356.jpg,.jpg,9922,256,256,Healthy,False,d2f37f6bd74fc8b5380ee22f344ee85e526f8892a1bd6b7cbfbb2e020e23dcd5,aef195c2928f981d,
potato_pld,Training/Healthy/Healthy_593.jpg,Healthy_593.jpg,.jpg,12630,256,256,Healthy,False,01700fe72a8beb629802e3e4f05a1e50a82f52699176456814935059109b9b96,eeb1b550d4ca928b,
potato_pld,Training/Healthy/Healthy_236.jpg,Healthy_236.jpg,.jpg,6012,256,256,Healthy,False,339e638c3fded7e073a7a085cc57275e72f8ddc174da1aaad4f60428caeab1d8,bf95d05aa17cd428,
potato_pld,Training/Healthy/Healthy_362.jpg,Healthy_362.jpg,.jpg,7792,256,256,Healthy,False,764999d2f95443bb75b563ab9e404f890ad554bc226b59ec5536149fc99351d4,aa4df17293218f33,
potato_pld,Training/Healthy/Healthy_162.jpg,Healthy_162.jpg,.jpg,7388,256,256,Healthy,False,1214d41bc3f257becfd1bcb37a63958776ce72ab357ff2ce0faf6145cc827f4b,bacdb5ded00ac268,
potato_pld,Training/Healthy/Healthy_89.jpg,Healthy_89.jpg,.jpg,8268,256,256,Healthy,False,90ef1655f4c2af77a95b93f865c8d03177910f900d60585c87fb7a9f59ff3e37,bae4b0679007d63e,
potato_pld,Training/Healthy/Healthy_106.jpg,Healthy_106.jpg,.jpg,6997,256,256,Healthy,False,b7e4efc4f7c77bf969d16e4988d20a7b168a90c5e8aebb2daab68c138902337c,eac2e10f85fe9438,
potato_pld,Training/Healthy/Healthy_354.jpg,Healthy_354.jpg,.jpg,12360,256,256,Healthy,False,e60af5b588daefff562cc6a70af50a7e41175db3762bae9bf1083b6babff321d,aa9495da83699e69,
potato_pld,Training/Healthy/Healthy_369.jpg,Healthy_369.jpg,.jpg,7398,256,256,Healthy,False,b092269a9819f62a01e8a8dbfd51876780bba4b0de585ad74d367cdf3c0ac786,ab95d45a8169d5a5,
potato_pld,Training/Healthy/Healthy_755.jpg,Healthy_755.jpg,.jpg,15147,256,256,Healthy,False,337658628b56ad92b771c8894a1f2f6581ee00e7089977316401bcbc8a39b38c,baa5e0d5c1928bce,
potato_pld,Training/Healthy/Healthy_337.jpg,Healthy_337.jpg,.jpg,11852,256,256,Healthy,False,fbb6a4edf8dd2885e133d9517d64666b8491537618adcf434bd817c6cca77bc3,ab4ab42fd075d324,
potato_pld,Training/Healthy/Healthy_344.jpg,Healthy_344.jpg,.jpg,10330,256,256,Healthy,False,e5e4b21afa07571bc59b630274f760fb8522a5e964a0349d1c368fb0ef98b40d,aaaca5b095d79692,
potato_pld,Training/Healthy/Healthy_796.jpg,Healthy_796.jpg,.jpg,11862,256,256,Healthy,False,1fb3583ea2e461e4376894faac3cc54fe4906885e979b7fa9b2dbcf457120d64,fa4295a7da3688b2,
potato_pld,Training/Healthy/Healthy_244.jpg,Healthy_244.jpg,.jpg,5763,256,256,Healthy,False,8c8fd3c49eeb86b31ec3d2c62288dad1db4f386a82e266c9f36e072972ac415f,f89891d88349ceed,
potato_pld,Training/Healthy/Healthy_113.jpg,Healthy_113.jpg,.jpg,8188,256,256,Healthy,False,0751f65a7be038406516c1aa9e296876d0279c5a8bdba30bf71ba47cc6f3c832,bbb1b013c15bcb0b,
potato_pld,Training/Healthy/Healthy_339.jpg,Healthy_339.jpg,.jpg,8373,256,256,Healthy,False,6f6be4f99425ea06ae557d9040189d616c2e63723f0232b094132918c1ce1178,aae2b5d5d442978a,
potato_pld,Training/Healthy/Healthy_413.jpg,Healthy_413.jpg,.jpg,9980,256,256,Healthy,False,b8291ce2314c9e365d8489d33d991c51c87da30eaa2e23ae5c6bf3d226e978c4,facaa027c19785ad,
potato_pld,Training/Healthy/Healthy_285.jpg,Healthy_285.jpg,.jpg,6852,256,256,Healthy,False,3b8a0bea996d9d812efddd3e70a3f643e29473206c7f4f8bbc550a3d61b479c9,afb4f45ac049d529,
potato_pld,Training/Healthy/Healthy_809.jpg,Healthy_809.jpg,.jpg,11810,256,256,Healthy,False,92038425c182ca8673fc465bfa8b5f7de3bb34242d0a546cdc70c0654ba4295e,fac08f1fd4199538,
potato_pld,Training/Healthy/Healthy_18.jpg,Healthy_18.jpg,.jpg,11352,256,256,Healthy,False,cd4729edd8cee64da56ad8d55fd4ff54bb3f7ff4d53c2e9a0f98c15c1132dd9c,ea3be5f0850394c7,
potato_pld,Training/Healthy/Healthy_259.jpg,Healthy_259.jpg,.jpg,6083,256,256,Healthy,False,112417253a6136b85361cd220562b1aa6b8d725e66ca6c2d5ecc1e9f41bab676,aaaeb1ac95a4d2d4,
potato_pld,Training/Healthy/Healthy_520.jpg,Healthy_520.jpg,.jpg,9712,256,256,Healthy,False,1edd4c3111ad49a77978fa44d17a6ae445c69df11b2d3dd7e7cb0045433258b1,ab99b1d991989395,
potato_pld,Training/Healthy/Healthy_490.jpg,Healthy_490.jpg,.jpg,8573,256,256,Healthy,False,e1262ff3359743eb19245216422814c74d9c099b049593ead9cba8e0e10fe9fb,bf68d0a1cb9e841d,
potato_pld,Training/Healthy/Healthy_292.jpg,Healthy_292.jpg,.jpg,6139,256,256,Healthy,False,cf29503a36659d4d9ed0efc7a9211f0725b6fe6f9cf90431d7a374fa833b2ffb,bf58b5abd005da06,
potato_pld,Training/Healthy/Healthy_554.jpg,Healthy_554.jpg,.jpg,11054,256,256,Healthy,False,ac82e21dbe57fba1d80aa3edac0ae1e92586735a2a28a4e28b8abe52df99402a,faa8e0a587868e5e,
potato_pld,Training/Healthy/Healthy_405.jpg,Healthy_405.jpg,.jpg,9973,256,256,Healthy,False,023512310449d25353c659ea57860d3693c4ef45986cad09f9989f736bfc2a11,aaca95b5d292c9c9,
potato_pld,Training/Healthy/Healthy_182.jpg,Healthy_182.jpg,.jpg,10492,256,256,Healthy,False,6f2f6e64bdd085115f02f2590c0ee439e4a64a581e19b23d8cd5b6c5dd4d7120,aadba4f8d4c0cac3,
potato_pld,Training/Healthy/Healthy_137.jpg,Healthy_137.jpg,.jpg,9116,256,256,Healthy,False,3b3b838041e4a4871407fd972b5aa672ee5bb19324dfe8ce866b55e94d2ef26e,fa4be04b81eb9705,
potato_pld,Training/Healthy/Healthy_168.jpg,Healthy_168.jpg,.jpg,10563,256,256,Healthy,False,6f72c660774ff44b0c0b5d694cc46d1f3665906821af4b2a456b438a1c576c9c,aa87a57f84f0d6a0,
potato_pld,Training/Healthy/Healthy_173.jpg,Healthy_173.jpg,.jpg,11036,256,256,Healthy,False,27786eb96173029f6502091969c7404acd40891c464ef0f232969312de74cb3f,eacae8c2858dd70d,
potato_pld,Training/Healthy/Healthy_357.jpg,Healthy_357.jpg,.jpg,10249,256,256,Healthy,False,4ba99867aae19d48279b72025b94b1258a03c95c354978e7bcad8e653ede8fd2,aac4f59e96989a19,
potato_pld,Training/Healthy/Healthy_141.jpg,Healthy_141.jpg,.jpg,8467,256,256,Healthy,False,3bc8ff29711576449a1d393400b83fbd924bd8042652eca49e84936357e70ae8,bfc8f1ec83048e96,
potato_pld,Training/Healthy/Healthy_126.jpg,Healthy_126.jpg,.jpg,9288,256,256,Healthy,False,9b91e3260a1c19e93fbf05dbf59e458ef3c58dcf1ccf8c45afeae3600e893cc9,be0fe47c8560d4e8,
potato_pld,Training/Healthy/Healthy_343.jpg,Healthy_343.jpg,.jpg,10726,256,256,Healthy,False,a125d762e43987b5a7e459fcab415610b8d633b7a5d80367d53bb28eacd43f9c,aab5b5d88a4acd89,
potato_pld,Training/Healthy/Healthy_138.jpg,Healthy_138.jpg,.jpg,10316,256,256,Healthy,False,8b0fd6e34d076135d353baef1e70dfa7a3601fb97d1c757eb3c7cb0dd115157f,ee83e5d6855a870a,
potato_pld,Training/Healthy/Healthy_465.jpg,Healthy_465.jpg,.jpg,9120,256,256,Healthy,False,016ec21c3ca4beebb8199ac95a7cb6b599250fdf46b6a0be43dcc43aac5dc6bf,ff4af0a582a4c396,
potato_pld,Training/Healthy/Healthy_609.jpg,Healthy_609.jpg,.jpg,11402,256,256,Healthy,False,ee96983699d7e13528b7497cdd78826753a9938b168c4feb7c3381538c1653f5,ba37c3709dc690cc,
potato_pld,Training/Healthy/Healthy_70.jpg,Healthy_70.jpg,.jpg,8932,256,256,Healthy,False,f0e88c45dbf3603da569f1bca2fc45ba223e76dfa6302cb8eba3fcc509908bbb,fa48b02d83b4db96,
potato_pld,Training/Healthy/Healthy_45.jpg,Healthy_45.jpg,.jpg,9027,256,256,Healthy,False,869bf06692e5523489ccf66837c0d46e81ca746b270ca37163661f0c69d72972,fb98e0ff81d093c0,
potato_pld,Training/Healthy/Healthy_64.jpg,Healthy_64.jpg,.jpg,8695,256,256,Healthy,False,5088774d421334255c6a6c6daec70c7447c35b86e001f203be2b652b4e1bf59c,fbb0e01383bbd708,
potato_pld,Training/Healthy/Healthy_372.jpg,Healthy_372.jpg,.jpg,11399,256,256,Healthy,False,656a08f133ce7ddb16f9f99197c44d1a98d09045054f3545d68f190bab90b7a1,ba61c15a876adc69,
potato_pld,Training/Healthy/Healthy_81.jpg,Healthy_81.jpg,.jpg,8162,256,256,Healthy,False,a247fb45fe9ef0d7dce44f104f1e025a10c461b18d67d1337220e9964e4cd412,fab1e055855e970a,
potato_pld,Training/Healthy/Healthy_29.jpg,Healthy_29.jpg,.jpg,10736,256,256,Healthy,False,70a674c48afa0f7df8d751902f3cd473c9f498f74d823b56af206ea49ead2072,fbcab52dc034c392,
potato_pld,Training/Healthy/Healthy_528.jpg,Healthy_528.jpg,.jpg,10542,256,256,Healthy,False,4ee7cb92090df4ceb4d6edf55420f213b0bdedb67d60f2e7b297c507e44560bc,bf97805ac2e8cd61,
potato_pld,Training/Healthy/Healthy_312.jpg,Healthy_312.jpg,.jpg,6040,256,256,Healthy,False,59d0826d09c494a025939614811adcc33c22db0a32c888870a8ec2e33e882156,bb4bb1acd1b48392,
potato_pld,Training/Healthy/Healthy_509.jpg,Healthy_509.jpg,.jpg,10631,256,256,Healthy,False,83d27ffae1664710ed6b39907b48bb8e6136add7f4efb34b08a8e747fc9fe60e,bfd5b440d0cbd2c1,
potato_pld,Training/Healthy/Healthy_116.jpg,Healthy_116.jpg,.jpg,8132,256,256,Healthy,False,7b60da2ff24173d85f7fbd00e48d7d36dfbc1f02765c3915acc8a9117fb44fb4,eab5e5f0859086d3,
potato_pld,Training/Healthy/Healthy_466.jpg,Healthy_466.jpg,.jpg,8912,256,256,Healthy,False,f0cfeafba2037d4fa498fcc85d9784cd325b2255cfcb405c043b38e773da1485,fbc8e08b81ad9b34,
potato_pld,Training/Healthy/Healthy_757.jpg,Healthy_757.jpg,.jpg,14066,256,256,Healthy,False,3932207ce0ab0eb443d73e54e07a85d0fe3edb11dae38f50fd9a1203228787a4,aab1b1c2cb8b5d8c,
potato_pld,Training/Healthy/Healthy_529.jpg,Healthy_529.jpg,.jpg,11358,256,256,Healthy,False,4b8c01d3fd4aa323f0df82c98abb6216c8c211c09a3898c20d0cad30e18c2146,ffe0a101958796ad,
potato_pld,Training/Healthy/Healthy_17.jpg,Healthy_17.jpg,.jpg,9591,256,256,Healthy,False,632bbe8bf5dbee08d17cd5f7773c36fb3d99b905208b3bf78877aab0326b4ba8,eac3e1ab95789485,
potato_pld,Training/Healthy/Healthy_767.jpg,Healthy_767.jpg,.jpg,11990,256,256,Healthy,False,3453c83cafa863a5f22ccd728f299dbed07c32f17f46291d5f56176e54c6cb7a,eacaa58b9b1d9035,
potato_pld,Training/Healthy/Healthy_664.jpg,Healthy_664.jpg,.jpg,11284,256,256,Healthy,False,7c2adbbd3cd9ef63d5a5619baffe86ecf103418cd9f5c1dd496c429e61a192f9,bf99b058c0e8c3e9,
potato_pld,Training/Healthy/Healthy_524.jpg,Healthy_524.jpg,.jpg,10123,256,256,Healthy,False,7b4baa620497c67939a38f022d0aff7106302d8acadd16354dba12725f40fe9a,eab4a5d086829ecf,
potato_pld,Training/Healthy/Healthy_647.jpg,Healthy_647.jpg,.jpg,11892,256,256,Healthy,False,249b4e618ed702d1e58ee38ee044a83cf69863b85bc7f2635d248a91e74eb89c,ea3da55294ca94cb,
potato_pld,Training/Healthy/Healthy_198.jpg,Healthy_198.jpg,.jpg,8710,256,256,Healthy,False,61932b8bc416d877ef432a565e177650fc6fd8c80d45250d46a8dc3649c53d21,aab7f186d55e820a,
potato_pld,Training/Healthy/Healthy_733.jpg,Healthy_733.jpg,.jpg,13046,256,256,Healthy,False,9b91d96cd7d03ff647ee5560cf9ba9c52f8eb4231f0aafa7b7eb3d9da4d87d76,ffc8b007951f903c,
potato_pld,Training/Healthy/Healthy_22.jpg,Healthy_22.jpg,.jpg,10695,256,256,Healthy,False,597d7fd649b87a49a1c115b67cd25cbcb37d0d5a4d4b6faebed7f0f22593136d,fac0a10fd50d9aad,
potato_pld,Training/Healthy/Healthy_627.jpg,Healthy_627.jpg,.jpg,11418,256,256,Healthy,False,9eac5e193e9c72b02dc68e436c3891e513c321386bbae2f95f044819b83383c9,aabd9550caeac561,
potato_pld,Training/Healthy/Healthy_756.jpg,Healthy_756.jpg,.jpg,13952,256,256,Healthy,False,5486826c1b5c91d2b2628fe84018bf613d3278cdc6c7798f5e7adfc9f1c916ed,8a35977197e2984b,
potato_pld,Training/Healthy/Healthy_815.jpg,Healthy_815.jpg,.jpg,6715,256,256,Healthy,False,700c056f85deff54ffc65c19ccec006345b458478be3bbe5048b8cd6e5578a71,bf01b05ad2adcb54,
potato_pld,Training/Healthy/Healthy_252.jpg,Healthy_252.jpg,.jpg,6647,256,256,Healthy,False,e68e122dae1ceeadc39cecbfa6649be9ea68b3de5a33e2e57ac724bbfacab275,bf9095d0d06bcb25,
potato_pld,Training/Healthy/Healthy_726.jpg,Healthy_726.jpg,.jpg,11266,256,256,Healthy,False,82f07499732fbed5cff4413cfb074015fb97b02b36d29a8ba94d8f02a02544b5,ebe4f4248584d6ce,
potato_pld,Training/Healthy/Healthy_395.jpg,Healthy_395.jpg,.jpg,10699,256,256,Healthy,False,c4d69212445be846e0c5767d211895e054422d332165f4ff11561d5df451b57f,abb3d0f89ec0988d,
potato_pld,Training/Healthy/Healthy_632.jpg,Healthy_632.jpg,.jpg,12240,256,256,Healthy,False,19c8a3addb43c05d98bd704b669b4e3fcc875a50d0f593f0a4789a60669dd478,ae91b558d04b8bec,
potato_pld,Training/Healthy/Healthy_457.jpg,Healthy_457.jpg,.jpg,10536,256,256,Healthy,False,1693e8336b6a6d0d737dfc6b64d01ec7125c32735b4fd27b2f07f59744c72126,feafb09cc4528750,
potato_pld,Training/Healthy/Healthy_400.jpg,Healthy_400.jpg,.jpg,10118,256,256,Healthy,False,794885029693590c21173dcd332547160b643f742f1c470f504460e4c027288c,aae4d446941edabc,
potato_pld,Training/Healthy/Healthy_140.jpg,Healthy_140.jpg,.jpg,8527,256,256,Healthy,False,008d1bf5fc87bad471a9e7481c1b04721b3567fefd57fec8af11bf773257e5a5,ffa0e0c48117c59f,
potato_pld,Training/Healthy/Healthy_377.jpg,Healthy_377.jpg,.jpg,13545,256,256,Healthy,False,f6728c4c7ba4c75104841c90184f906f3f62a947f2419e85a611ef4b1523e188,ba50a52ad47dd0e5,
potato_pld,Training/Healthy/Healthy_620.jpg,Healthy_620.jpg,.jpg,13493,256,256,Healthy,False,209092535c26523251c836a20440fc7e53feb776e1c4c05ba01368b2c6f14297,ba4cb16a41fd9b30,
potato_pld,Training/Healthy/Healthy_310.jpg,Healthy_310.jpg,.jpg,7322,256,256,Healthy,False,b58819081c39969d2e0eba9bf580bf78b8b4228d076de32e7501199eedcee8b4,afe4b442d20fda0d,
potato_pld,Training/Healthy/Healthy_750.jpg,Healthy_750.jpg,.jpg,12971,256,256,Healthy,False,1891f22bd9c90a3d03e08e812f5d99b5aa3ca8f27c4531f7930ff9bf51005af0,bb4a9425e32ec936,
potato_pld,Training/Healthy/Healthy_35.jpg,Healthy_35.jpg,.jpg,10108,256,256,Healthy,False,6cee2a8abda4e10ff86f882296d78cece94096442e0ac8442e2b6cbb1c4ef50d,fb58b139d1318b91,
potato_pld,Training/Healthy/Healthy_805.jpg,Healthy_805.jpg,.jpg,12346,256,256,Healthy,False,d6b48f932ae17c02937d67ff7fc2a150c8b5d88e97312f0fee190abcdf3324b6,eabd94f09acb81c8,
potato_pld,Training/Healthy/Healthy_407.jpg,Healthy_407.jpg,.jpg,11866,256,256,Healthy,False,adda88f8131cee943670575ccc4a19085ba5730b4d1685e19af241cbe24e400f,abd49158cacdcba4,
potato_pld,Training/Healthy/Healthy_10.jpg,Healthy_10.jpg,.jpg,10565,256,256,Healthy,False,08e2faab1d4e4c6baa72bc8fc3c1af7e736ab793d59b5636a34521177277060d,af7a80a0c2b5c59f,
potato_pld,Training/Healthy/Healthy_814.jpg,Healthy_814.jpg,.jpg,8463,256,256,Healthy,False,6cc0a8d4aab2aa85c0612a3f7ea39c315e6a4e94a29f10fbbaac23f29c588e08,aa1d85d0dccad94e,
potato_pld,Training/Healthy/Healthy_769.jpg,Healthy_769.jpg,.jpg,13058,256,256,Healthy,False,f2103a4aacd95dffc196ce460e6162f092b7ba560aa951cdab10888ab2391b01,af95d0dacb498d41,
potato_pld,Training/Healthy/Healthy_639.jpg,Healthy_639.jpg,.jpg,12001,256,256,Healthy,False,a3bf1a1cdfb9cfe835e2ad01508b0f2c98a081f14cb2e46ba8724eba4cc1059a,ae42b52bf2a58374,
potato_pld,Training/Healthy/Healthy_392.jpg,Healthy_392.jpg,.jpg,9816,256,256,Healthy,False,468907ca292312c37d01e7491eb2fbce492108d8515af0198331fddd623a5564,aab5b5dac84ac5c8,
potato_pld,Training/Healthy/Healthy_115.jpg,Healthy_115.jpg,.jpg,8192,256,256,Healthy,False,e1fd1992b738efa92161ccee34a84d89c8d06db270b75c5e7550360f0da94b5e,eac0e10785efc794,
potato_pld,Training/Healthy/Healthy_200.jpg,Healthy_200.jpg,.jpg,7906,256,256,Healthy,False,61909943223c653801eb0bb74d4fb3e775a7fa6ff7528253e772be6698e61e5c,ab6b95a5c591e581,
potato_pld,Training/Healthy/Healthy_486.jpg,Healthy_486.jpg,.jpg,9633,256,256,Healthy,False,1de4e40376a73a22a801e2f889c8a6d5f3e3606a344ff1032ad2b16f905b5743,ef95a55ad0c8cac1,
potato_pld,Training/Healthy/Healthy_539.jpg,Healthy_539.jpg,.jpg,10965,256,256,Healthy,False,3322fb7da5d12c9382b89aa72ca42c1bdadcea6aeafaf570deb631b555ac1ef1,ee35d4f28a69dc40,
potato_pld,Training/Healthy/Healthy_808.jpg,Healthy_808.jpg,.jpg,12595,256,256,Healthy,False,9bfcf4fa333be7d1dcf79f3f4466d3c112990f945d3a9b40fe542892866d49bc,afca8129d725d916,
potato_pld,Training/Healthy/Healthy_416.jpg,Healthy_416.jpg,.jpg,10868,256,256,Healthy,False,e0a96584d0cafbb1bb13154538e5998a71e712a051f7c1b51f792124b0801abb,af70d431857bd20e,
potato_pld,Training/Healthy/Healthy_206.jpg,Healthy_206.jpg,.jpg,8001,256,256,Healthy,False,8a44428863b56edd9b4ffa4511c90332ae56c89f432d6b4fd7da4f640e30b172,ea4ae0aac2ad8fb4,
potato_pld,Training/Healthy/Healthy_677.jpg,Healthy_677.jpg,.jpg,11546,256,256,Healthy,False,f71bf086dd10f8be7c8edb04c270ed4fb8f0e56e64e15904eb0516cd3c8060ff,fae0e29297c5c589,
potato_pld,Training/Healthy/Healthy_37.jpg,Healthy_37.jpg,.jpg,10339,256,256,Healthy,False,3c59e9149e38c0d1b73ec4a170d1a41e6f849e4bcc222484ae1950fe671a5757,bbb2b143d14b892d,
potato_pld,Training/Healthy/Healthy_557.jpg,Healthy_557.jpg,.jpg,13323,256,256,Healthy,False,11d6b096bd30ce68ec459d3dffd7683b409bbd445a3d9f0017b79f565c2ceaa6,a8b5b7d4d24a8b0b,
potato_pld,Training/Healthy/Healthy_283.jpg,Healthy_283.jpg,.jpg,6490,256,256,Healthy,False,9504858f3c76135eaf81d6cdb7452048380d4ce9ca5ca98f8892dbfa8cf0f5b5,aa12b5bf92f8ce40,
potato_pld,Training/Healthy/Healthy_56.jpg,Healthy_56.jpg,.jpg,9845,256,256,Healthy,False,81037c5392c1cfb06edc21cd700ac2de1423a4f75ab654a0e70a4734a537eede,fa4ae00b817f972c,
potato_pld,Training/Healthy/Healthy_197.jpg,Healthy_197.jpg,.jpg,8483,256,256,Healthy,False,b3d25192c2e162b7b12c78361632cf04586fa3cb8e970464f202ad6b039ab42b,eea6b0d2d04ac26f,
potato_pld,Training/Healthy/Healthy_506.jpg,Healthy_506.jpg,.jpg,9964,256,256,Healthy,False,d09061ef0b453ada0c225b97d960b05f1f42f9da44f3e49b1cb8353bc8229ba5,aabdb5d891d0d2c1,
potato_pld,Training/Healthy/Healthy_467.jpg,Healthy_467.jpg,.jpg,9317,256,256,Healthy,False,e4091f0fa282372d27fe424f3094cb0f4ae37871ae3149d9434520d87e6a5f8c,af15a05a8278dde9,
potato_pld,Training/Healthy/Healthy_473.jpg,Healthy_473.jpg,.jpg,8751,256,256,Healthy,False,baa38cc70850ff74de390578959118d3a995a0e519e93edfb81c4eada75063e1,af13e578c4eace01,
potato_pld,Training/Healthy/Healthy_526.jpg,Healthy_526.jpg,.jpg,8760,256,256,Healthy,False,a19676a55964a2034e39d15616c1edbabe2bcaeb4a73dd30503213e4ffc9ea39,aa1781f0dee2d8c3,
potato_pld,Training/Healthy/Healthy_748.jpg,Healthy_748.jpg,.jpg,12167,256,256,Healthy,False,0481c080c444bfa51141ef94d61a3d717e9c49047add27af57583d720380b9d0,be9dd47ac9608847,
potato_pld,Training/Healthy/Healthy_787.jpg,Healthy_787.jpg,.jpg,12748,256,256,Healthy,False,ea1f8c659eadbc7ad15ebdb0ee818db4ac2a93ce55a676689cf569e93455e71e,aab0f543c06fc33c,
potato_pld,Training/Healthy/Healthy_435.jpg,Healthy_435.jpg,.jpg,8690,256,256,Healthy,False,8fd5ec9e993290a3da2aab2623113bc5dad0d752b8b785574b371df99c66b460,ffa5f092828a9399,
potato_pld,Training/Healthy/Healthy_579.jpg,Healthy_579.jpg,.jpg,13183,256,256,Healthy,False,e7493f618e84a501eb3814dc08549d88f5dda95e7ce31c1aed8f219888336fde,ae0fa01fc13a973a,
potato_pld,Training/Healthy/Healthy_753.jpg,Healthy_753.jpg,.jpg,14642,256,256,Healthy,False,9d47fd18be51318b0124583814784b56649ecb611e5b206e0c93d1542f396664,bf85d0d798cbc0c8,
potato_pld,Training/Healthy/Healthy_38.jpg,Healthy_38.jpg,.jpg,8267,256,256,Healthy,False,3619ff0da1affde337517486e1e223b0deb4103c24dd400d7dd4a54f2379d17d,ff15b45ed0a8d320,
potato_pld,Training/Healthy/Healthy_475.jpg,Healthy_475.jpg,.jpg,10437,256,256,Healthy,False,55327c559d667bc4b1690a42b99f7c848e5d22bd908d914fe62147f2dbf453a7,ff91f0d0830287cf,
potato_pld,Training/Healthy/Healthy_371.jpg,Healthy_371.jpg,.jpg,9334,256,256,Healthy,False,e5154ecd06fa07467d7c561fa2b01df438e3c3eb1aab192cac8ea40fa9a79160,aa5ab529c27d8b26,
potato_pld,Training/Healthy/Healthy_298.jpg,Healthy_298.jpg,.jpg,6178,256,256,Healthy,False,d250c1162840055ad037d502c72438fbca1aee8cc3e5dcb28118e68057a50027,ba4bb12dc194cd3a,
potato_pld,Training/Healthy/Healthy_437.jpg,Healthy_437.jpg,.jpg,9175,256,256,Healthy,False,ce68ee691c6e2a82a3c843a9fe232817824e760b45e754d4c18bdd0650841cb0,afb5b452d00ac56d,
potato_pld,Training/Healthy/Healthy_348.jpg,Healthy_348.jpg,.jpg,16719,256,256,Healthy,False,b80ce09dd8f335d6926b080d2edfca4e942cfea76a158f2994c6f3d497a6ec51,aceda5c4d60a9a1d,
potato_pld,Training/Healthy/Healthy_480.jpg,Healthy_480.jpg,.jpg,8955,256,256,Healthy,False,7f78ea911a430ac942a2d2c38ad234905d20f64ba74044ca852131c755714df1,fe5ac0e8dac59186,
potato_pld,Training/Healthy/Healthy_751.jpg,Healthy_751.jpg,.jpg,12357,256,256,Healthy,False,05ab1262ff85b30cf4a3049670f638d01ebad1bc720b9ca9646bcb7107c3af82,aec0b563dae58334,
potato_pld,Training/Healthy/Healthy_693.jpg,Healthy_693.jpg,.jpg,12842,256,256,Healthy,False,2ee7343fa4ff3eaa748740ce9a0e3f3193a4d78309168d417ed66e48e3816384,fa3f85d08cc6c1c6,
potato_pld,Training/Healthy/Healthy_717.jpg,Healthy_717.jpg,.jpg,12276,256,256,Healthy,False,1ea972974b3523913183b7437326a96672e43e34ac946536dcc729d0d2283d62,abc8d485898f9e8e,
potato_pld,Training/Healthy/Healthy_353.jpg,Healthy_353.jpg,.jpg,13575,256,256,Healthy,False,42ecfdea4a39a42421c69b07574196fea2e84aeb35f2c411c4e2581b01302521,aacad1a5c2969f92,
potato_pld,Training/Healthy/Healthy_147.jpg,Healthy_147.jpg,.jpg,8391,256,256,Healthy,False,f24c026f278916fdac09fe6025d4736639d19a383b8a5afc9d4074a9f206753b,bbd1b188d0d5c29e,
potato_pld,Training/Healthy/Healthy_187.jpg,Healthy_187.jpg,.jpg,13066,256,256,Healthy,False,71997ebdfe4615c0c492e175ceced1291feeeb813cffdc0440121940857b21d4,aaf9b1d0910ed30f,
potato_pld,Training/Healthy/Healthy_658.jpg,Healthy_658.jpg,.jpg,11388,256,256,Healthy,False,a304a09ae8e7db88b37282153c79a6b37d1ab6cc9817a81ac5c193d1656a43be,feb8b081915ac769,
potato_pld,Training/Healthy/Healthy_714.jpg,Healthy_714.jpg,.jpg,13445,256,256,Healthy,False,8c16f94662e35093cd9c3bf9df10de7b4a82a4175d416dade73c9a118369c93f,afc8f0859b8495bc,
potato_pld,Training/Healthy/Healthy_431.jpg,Healthy_431.jpg,.jpg,10178,256,256,Healthy,False,55ba373709319e387c4b14e8736326d8a3333a42e610114a3e210e9740e60cba,eae0971cd04adb8d,
potato_pld,Training/Healthy/Healthy_530.jpg,Healthy_530.jpg,.jpg,10765,256,256,Healthy,False,36e08b29524ad9b6df8b8835ce555e7c363cda47f5dbc6443a07ad93c8c521fc,fab4a097914a974b,
potato_pld,Training/Healthy/Healthy_422.jpg,Healthy_422.jpg,.jpg,11450,256,256,Healthy,False,cce9c484012426bc00f069cb8e11f5bd093a5987385b716a12b71803ee279376,fbcaa0eb86959614,
potato_pld,Training/Healthy/Healthy_393.jpg,Healthy_393.jpg,.jpg,12206,256,256,Healthy,False,9c008d89a6cc6edcec48b3ebec10e3d9c2f548f5cd33c5ad41c89d68aa86d9eb,aaccb5e596c49a16,
potato_pld,Training/Healthy/Healthy_335.jpg,Healthy_335.jpg,.jpg,14097,256,256,Healthy,False,210867e3290772389187cf4864795b3e960ac5f14c8ecbd1f30b1ca2ece9d662,afb8b1d1d04aca4d,
potato_pld,Training/Healthy/Healthy_683.jpg,Healthy_683.jpg,.jpg,11007,256,256,Healthy,False,5ecfad7ab24041e7b581f5687cd84cb14a8fdfa6c0544096394784f5a4c19417,aaeab585d4b58896,
potato_pld,Training/Healthy/Healthy_649.jpg,Healthy_649.jpg,.jpg,12172,256,256,Healthy,False,b64cf1b9c8c12b9fc31e838c298885e34722fe411c761c49332191a2242ae336,efbfa1f0916090c3,
potato_pld,Training/Healthy/Healthy_533.jpg,Healthy_533.jpg,.jpg,15243,256,256,Healthy,False,6f7c689ffe0b15dcd76bf7e205dff33b7751ef250e007b01514efa847b2169d7,fedea5ad83a8a021,
potato_pld,Training/Healthy/Healthy_670.jpg,Healthy_670.jpg,.jpg,11758,256,256,Healthy,False,2a0fe92255db55580926d4c84163a7a0ca7f0ed141e92683c283873eec5bc6c9,aa3481729bcbd8cd,
potato_pld,Training/Healthy/Healthy_341.jpg,Healthy_341.jpg,.jpg,12507,256,256,Healthy,False,8715a11768988ac38c803766e79952e9ff10324559e09aece8164d65227d8035,aaeaa5e1e5e5c184,
potato_pld,Training/Healthy/Healthy_221.jpg,Healthy_221.jpg,.jpg,8443,256,256,Healthy,False,56edb4b694e83edbdf81580b9ab320990079c3f71feeb839a4eb8b661261c6e1,bf46f0af82b483b0,
potato_pld,Training/Healthy/Healthy_376.jpg,Healthy_376.jpg,.jpg,14422,256,256,Healthy,False,3a672459af675ecf73e400c54bcc9508958c439dbbf5f7120d22a38cbca37966,ba19e173853b9662,
potato_pld,Training/Healthy/Healthy_44.jpg,Healthy_44.jpg,.jpg,8402,256,256,Healthy,False,1b9d7733b932640962b0d4dd337310f609b76498b31ca084c7129bfaaea5818b,ee1be4f085e19487,
potato_pld,Training/Healthy/Healthy_556.jpg,Healthy_556.jpg,.jpg,12289,256,256,Healthy,False,29bdc7966cdc8f1386080285a3c3d68905da181d8295b65691448fd6c6a19d96,aba5f5529ac9d098,
potato_pld,Training/Healthy/Healthy_680.jpg,Healthy_680.jpg,.jpg,11862,256,256,Healthy,False,c14cc97b8320feb92e917632385bb09b66c8d0a128b0d878266aeafadaa7a7e5,eac2f4a181cd9795,
potato_pld,Training/Healthy/Healthy_334.jpg,Healthy_334.jpg,.jpg,12445,256,256,Healthy,False,3cab67f3fe6a27ea2fa46099a15c6890ce0a821bf92f4940d9266e9fcac30981,eab1b1d0c34b8b4d,
potato_pld,Training/Healthy/Healthy_51.jpg,Healthy_51.jpg,.jpg,9634,256,256,Healthy,False,a7ddfe87939df4b4783a2a7df129d8642b1ab323746d12f55ad34357a34f236c,ff4ba0ea80a093f5,
potato_pld,Training/Healthy/Healthy_552.jpg,Healthy_552.jpg,.jpg,12375,256,256,Healthy,False,7600246ae590b2284ddeb5c046aefe5febd5418f31e62ebe07883fea5368fdcc,ffa3f4d5c08680d2,
potato_pld,Training/Healthy/Healthy_532.jpg,Healthy_532.jpg,.jpg,10167,256,256,Healthy,False,f87e04b7af9163463e75a7faf19836671ba2c7753b58189a644a0fbdc63a909f,efe0a08a808fc7dd,
potato_pld,Training/Healthy/Healthy_27.jpg,Healthy_27.jpg,.jpg,11038,256,256,Healthy,False,4d95e1f80e3ca4faee0a22612c9cdef8eb45b655b1923b3e37a66dae94e655c7,bfe3f0338053833a,
potato_pld,Training/Healthy/Healthy_430.jpg,Healthy_430.jpg,.jpg,10501,256,256,Healthy,False,ae6d9d8ff9b1773fe2888e54b7882c1cfa5584cb24ebaac8a476a7f6ed119f36,bfccd0cbd125182e,
potato_pld,Training/Healthy/Healthy_230.jpg,Healthy_230.jpg,.jpg,6326,256,256,Healthy,False,1a6eed0a226bcb08a77bad1c11859a58492e8cb37eddf02f49adcdca8f106a42,af35d45ac2ab8568,
potato_pld,Training/Healthy/Healthy_492.jpg,Healthy_492.jpg,.jpg,9291,256,256,Healthy,False,2b61e93bd11dc2f9cafb24d5320259439a5bddfd68eec0d8e602d98265200c4c,aa60e555840ed73f,
potato_pld,Training/Healthy/Healthy_281.jpg,Healthy_281.jpg,.jpg,7068,256,256,Healthy,False,ecfc9c982bfd5cd70fd32d90defac42f183f308ed4a930731c6c52f3e5b5901b,bf4a9405d8aec956,
potato_pld,Training/Healthy/Healthy_645.jpg,Healthy_645.jpg,.jpg,12071,256,256,Healthy,False,35411dfd5d4a53e690dcde9afee8a8c9ca5c7ca48f11394191e1be6a04348b91,aa6ab16d913c9e34,
potato_pld,Training/Healthy/Healthy_621.jpg,Healthy_621.jpg,.jpg,13538,256,256,Healthy,False,2dc15c8e340c7e3e805683861a1179214815429ad0f9a10c925e75708f54c17c,af0de47a1e2d4334,
potato_pld,Training/Healthy/Healthy_761.jpg,Healthy_761.jpg,.jpg,12743,256,256,Healthy,False,aa0069ed55b79501d3174c64387298f7c577d67f350cd7cd455a2d980c521398,aa19a559d2e8cae5,
potato_pld,Training/Healthy/Healthy_713.jpg,Healthy_713.jpg,.jpg,11249,256,256,Healthy,False,1ee784a13a6ecd881fa739726d3c5750ba415cc753ffc538a0ee9a19e3da141d,bb7ab1a1919582da,
potato_pld,Training/Healthy/Healthy_313.jpg,Healthy_313.jpg,.jpg,6667,256,256,Healthy,False,bb14bf1b4a0b12eb6f0d49dfcf405113370ee15722667515f42927478fdb7d09,aa1fa4f895e192c3,
potato_pld,Training/Healthy/Healthy_399.jpg,Healthy_399.jpg,.jpg,10942,256,256,Healthy,False,6ae4cc27a164d2d0fe9c73269e32bd32123fc733e3a74fa8f56257522d2aa252,ab9495dac8e98d64,
potato_pld,Training/Healthy/Healthy_434.jpg,Healthy_434.jpg,.jpg,8565,256,256,Healthy,False,b452fddf5b4f2b7ffca6985c6b76b7204247502286bf7f882a830729cfc5ae48,ab0a942dda3cd936,
potato_pld,Training/Healthy/Healthy_780.jpg,Healthy_780.jpg,.jpg,13097,256,256,Healthy,False,e8df73c9e38aac2f80adbecd0310fc1fcc83a3e0b9343eca62b5bc189986940e,bb4eb0ecc1948f92,
potato_pld,Training/Healthy/Healthy_88.jpg,Healthy_88.jpg,.jpg,7221,256,256,Healthy,False,904f0543ebbf37ed6692247c3044aa805464f8812e75e47b476e6614e9a44c37,ab96e18997489a6d,
potato_pld,Training/Healthy/Healthy_43.jpg,Healthy_43.jpg,.jpg,9385,256,256,Healthy,False,2d1eb43455fd2dccffb1a374c627a6d7488f0c85057502e00215d218d0a073e1,bee3b021d1a782b6,
potato_pld,Training/Healthy/Healthy_110.jpg,Healthy_110.jpg,.jpg,8819,256,256,Healthy,False,14c6d57d9e19222de33c8642c0e7b12f089d2d5a98171d98981d70233d796631,fe9fe0c085ed9700,
potato_pld,Training/Healthy/Healthy_177.jpg,Healthy_177.jpg,.jpg,9387,256,256,Healthy,False,c325c6b963165b2faa066feee854b80a4a36def9202c1d1f72db3cbcdcfda8e7,feb9b083b54e06c8,
potato_pld,Training/Late_Blight/Late_Blight_897.jpg,Late_Blight_897.jpg,.jpg,8582,256,256,Late_Blight,False,091e455387b945929379e090b023823a47028bdc53893fe533701f651ff31760,ae0db5fed050d2a2,
potato_pld,Training/Late_Blight/Late_Blight_746.jpg,Late_Blight_746.jpg,.jpg,10420,256,256,Late_Blight,False,8b7853dc70348b595755c90f29f1e69c9ae53a239c18084ff11e17df0ae8a6bd,eee4e5c5850e9e0c,
potato_pld,Training/Late_Blight/Late_Blight_1047.jpg,Late_Blight_1047.jpg,.jpg,7168,256,256,Late_Blight,False,b258e2fdc471cfdd0c4838cd8d669f6ccee592ba44faf7afbe78af47e6996ff4,ff94d04ac32d5634,
potato_pld,Training/Late_Blight/Late_Blight_912.jpg,Late_Blight_912.jpg,.jpg,8172,256,256,Late_Blight,False,098ac2e1b1081468555ea2c91f58349bbeb85045a8cee9fa567a3456e485f70d,efe4a080d58f961e,
potato_pld,Training/Late_Blight/Late_Blight_222.jpg,Late_Blight_222.jpg,.jpg,8056,256,256,Late_Blight,False,d7c471ea7f0df302d69aae9d5e8071e3b24887ebd12af1645f1c551a1e4c6b6c,eae29527d017ca9a,
potato_pld,Training/Late_Blight/Late_Blight_998.jpg,Late_Blight_998.jpg,.jpg,9023,256,256,Late_Blight,False,0bbe410a4570fd2b58dac695bb3ce2633ff069936768a8fc62c42237b51f0086,aef0bfe09460962b,
potato_pld,Training/Late_Blight/Late_Blight_152.jpg,Late_Blight_152.jpg,.jpg,9251,256,256,Late_Blight,False,0751c3d3bfc0f9e55a4a4c4731ae95d61f142fa61cec104f44710c14c4b6f9ce,eaabc07583c191cf,
potato_pld,Training/Late_Blight/Late_Blight_1087.jpg,Late_Blight_1087.jpg,.jpg,11080,256,256,Late_Blight,False,412889b970f1164335ea02ea9e3e49931238d390e82b78ff3c32adb5d7b20eb5,fab1b49122c5938f,
potato_pld,Training/Late_Blight/Late_Blight_494.jpg,Late_Blight_494.jpg,.jpg,8080,256,256,Late_Blight,False,29bbb654282b1582a731e11208ccc040c04f302418c09bb5702ac2a6bfdb8067,aac8d12b983dd9b2,
potato_pld,Training/Late_Blight/Late_Blight_77.jpg,Late_Blight_77.jpg,.jpg,8770,256,256,Late_Blight,False,ee087661c9d50ead712f6c047c983abca9b4ebc1fbfa5b297c66fa0089d0a3c7,be6cb480d213cb9b,
potato_pld,Training/Late_Blight/Late_Blight_762.jpg,Late_Blight_762.jpg,.jpg,9825,256,256,Late_Blight,False,bedf0c5e42b1ee6e2757d2fc6baa4299a54bebaebafc61b39b615fe87d5908c0,afd1b581d495c21b,
potato_pld,Training/Late_Blight/Late_Blight_100.jpg,Late_Blight_100.jpg,.jpg,9492,256,256,Late_Blight,False,ca19abb91d77957a667064b8b2e3b46660545467ed5a75aec62aea05963a2dcf,aa3ce5b095d29a8b,
potato_pld,Training/Late_Blight/Late_Blight_184.jpg,Late_Blight_184.jpg,.jpg,8916,256,256,Late_Blight,False,8cb3beda8199a888bd5f3b5dab7920edc4e4d0d9e582e6348ed9f56a868aa415,efe2a0c7850d971c,
potato_pld,Training/Late_Blight/Late_Blight_772.jpg,Late_Blight_772.jpg,.jpg,9217,256,256,Late_Blight,False,b29085923e6279062623602cb0ab864c20e6c47098cc321bcba42b288be0bea1,aa3fa1f695529642,
potato_pld,Training/Late_Blight/Late_Blight_1098.jpg,Late_Blight_1098.jpg,.jpg,11937,256,256,Late_Blight,False,1e5f5dd803df7e7951a9b16d7f8d025b2cb913871faca1938cf60a1e250f8454,ac63c52d961c538f,
potato_pld,Training/Late_Blight/Late_Blight_668.jpg,Late_Blight_668.jpg,.jpg,9593,256,256,Late_Blight,False,04ed8f210054ebc36708dcd5ef0c4404953bdd057c383da0305ca64fd4d898fa,eee4e4d4841e963a,
potato_pld,Training/Late_Blight/Late_Blight_536.jpg,Late_Blight_536.jpg,.jpg,8437,256,256,Late_Blight,False,ad8f7e0d56267d58c14e6cbb6a58c0c0f5faf0d65c9f7ec324c41baf0d87672d,bf1ab49ed288ca49,
potato_pld,Training/Late_Blight/Late_Blight_368.jpg,Late_Blight_368.jpg,.jpg,8985,256,256,Late_Blight,False,a6f1579660697b8c27fd0f46743e971c5670a93763200fbf1131f39bd87eb38f,ae99b4b9d2c1ca83,
potato_pld,Training/Late_Blight/Late_Blight_936.jpg,Late_Blight_936.jpg,.jpg,7399,256,256,Late_Blight,False,842f1e5004035f13ce1de75d71457830dd0968ae94fb909c108801b6f90f3755,fe1fa0dc95d0d290,
potato_pld,Training/Late_Blight/Late_Blight_794.jpg,Late_Blight_794.jpg,.jpg,10725,256,256,Late_Blight,False,fd6ca80aa22b30d9368292663363b399449668ad355fed15eb2e77d06cbc2e5a,baa5a1d6854a969e,
potato_pld,Training/Late_Blight/Late_Blight_680.jpg,Late_Blight_680.jpg,.jpg,9110,256,256,Late_Blight,False,4810d608ad3433005b554ddfc793f5f9c2af2aca6c179229f693a300d2afa6f0,fecea0ee81a582a5,
potato_pld,Training/Late_Blight/Late_Blight_261.jpg,Late_Blight_261.jpg,.jpg,9738,256,256,Late_Blight,False,dfe0b43f7f5b2eaf6998c65d3fb6773976fe5da1cf616b6b92e2a038c3fd9c48,ea99a19995599e29,
potato_pld,Training/Late_Blight/Late_Blight_965.jpg,Late_Blight_965.jpg,.jpg,7415,256,256,Late_Blight,False,f9d0a00f2f402350971611abb28d42ee11de52c365b6b6e3c742de8e74d07b2d,bbbaa011d54b82eb,
potato_pld,Training/Late_Blight/Late_Blight_725.jpg,Late_Blight_725.jpg,.jpg,11192,256,256,Late_Blight,False,563d11b0fa609514555c2cc1d145ea72fed7227b00aeab3c3bdab76cd3ec2bce,bedab02990bd9394,
potato_pld,Training/Late_Blight/Late_Blight_598.jpg,Late_Blight_598.jpg,.jpg,9852,256,256,Late_Blight,False,5d9092b5fd444dff85551025c539720981794a5dfcbb7135853cf08b464ed0be,fa4ae4a883a58f17,
potato_pld,Training/Late_Blight/Late_Blight_477.jpg,Late_Blight_477.jpg,.jpg,8935,256,256,Late_Blight,False,a7407e4230e16b26725096651d927b4a80629f0fde2f8a192b410ba3f2068890,ae9ae4d184a39a57,
potato_pld,Training/Late_Blight/Late_Blight_492.jpg,Late_Blight_492.jpg,.jpg,8343,256,256,Late_Blight,False,bd6f1b5c36aa5012de3cf3c9de82f3adb2233fb2f89e33a843ba2ac380999a4a,aeb4e45ac06b8765,
potato_pld,Training/Late_Blight/Late_Blight_752.jpg,Late_Blight_752.jpg,.jpg,10045,256,256,Late_Blight,False,ffedd9efc4c40bab47557d2ac5f8744561dc7e528679c71f9e9a271ed3e7af40,afe4a4c6d61e8c19,
potato_pld,Training/Late_Blight/Late_Blight_664.jpg,Late_Blight_664.jpg,.jpg,8458,256,256,Late_Blight,False,047b02d563df219a8ff082904f2de8d9e825b36e3a2e843e816fecec89dc2809,eba4b1d482d2cf4a,
potato_pld,Training/Late_Blight/Late_Blight_748.jpg,Late_Blight_748.jpg,.jpg,9866,256,256,Late_Blight,False,2dab733da8c639ef05dd58fe66242d36e513609b006f7cd97a0ab4926c913f25,aba5f4d2821f874a,
potato_pld,Training/Late_Blight/Late_Blight_732.jpg,Late_Blight_732.jpg,.jpg,8855,256,256,Late_Blight,False,356bfdfde54b5cb6a4c17db65a1533502164eb4cabdef6c10974668ca81d72a7,ffcca06a80a593b5,
potato_pld,Training/Late_Blight/Late_Blight_983.jpg,Late_Blight_983.jpg,.jpg,10904,256,256,Late_Blight,False,1a81761856bc424ae7c2452e36a1383e755a59aa9922564cab6bc0f5635cabb0,be4bb0aed0e4d2c4,
potato_pld,Training/Late_Blight/Late_Blight_288.jpg,Late_Blight_288.jpg,.jpg,10034,256,256,Late_Blight,False,9d8e3ced0a7237faeb720d73ad2bcedca965d4c0004efd56c1f20111e0a8bdff,eea6e4d58552962a,
potato_pld,Training/Late_Blight/Late_Blight_463.jpg,Late_Blight_463.jpg,.jpg,5800,256,256,Late_Blight,False,f560827745ccb07b4b795a9cd580f4b355690ba36619e1cdbeb96d1ee4ca230d,abc3b0aed1b5d0d0,
potato_pld,Training/Late_Blight/Late_Blight_532.jpg,Late_Blight_532.jpg,.jpg,8300,256,256,Late_Blight,False,b306d7284ac90ebb7a3a8118bb3e0238cba67d4e9a12a5020d23c1804087202c,abd1b1fbd191c282,
potato_pld,Training/Late_Blight/Late_Blight_767.jpg,Late_Blight_767.jpg,.jpg,9834,256,256,Late_Blight,False,485a81ea95aa16c5d1dd6cb66ede4d722d8299f9fc8495c50df0fc6222b73a8b,afa5bd52d08a86d4,
potato_pld,Training/Late_Blight/Late_Blight_875.jpg,Late_Blight_875.jpg,.jpg,9304,256,256,Late_Blight,False,5cfc45e632339b68d72144bea0864df933399dae79ac63182a9c98de8bb8f509,ff49b0efd1058294,
potato_pld,Training/Late_Blight/Late_Blight_1129.jpg,Late_Blight_1129.jpg,.jpg,7840,256,256,Late_Blight,False,3948487a0277471750b5b23e657c6a9482752096587a97ab0a9fa1464a16f120,bb6ed4bdc0b0c5c0,
potato_pld,Training/Late_Blight/Late_Blight_1033.jpg,Late_Blight_1033.jpg,.jpg,10334,256,256,Late_Blight,False,d0f9ac8497c016c9d94a5a449eec314d9608787f4f8ab6391cf53d89a092d8d1,feb0b8f2410386d7,
potato_pld,Training/Late_Blight/Late_Blight_986.jpg,Late_Blight_986.jpg,.jpg,8569,256,256,Late_Blight,False,b3e00b6e4262dc92f2bde678e2a61536bcab5b3255932bac5be6734ebce36205,ba6eb8649035cbb4,
potato_pld,Training/Late_Blight/Late_Blight_561.jpg,Late_Blight_561.jpg,.jpg,10348,256,256,Late_Blight,False,1464a2557c6b25465d6e32c13f1b635da128b4dbb6f3a0092dc4c703002134bb,fe6ab1adc1b58190,
potato_pld,Training/Late_Blight/Late_Blight_428.jpg,Late_Blight_428.jpg,.jpg,9815,256,256,Late_Blight,False,94a8fa886347f5f0dd66155c8adb5abb6b6ee3765f4eaa4ee86cfc5fc20eb7a5,bfc6b02bd0a5c196,
potato_pld,Training/Late_Blight/Late_Blight_350.jpg,Late_Blight_350.jpg,.jpg,8886,256,256,Late_Blight,False,db223900c3432e428be0b64e4d9b0111f17d5c6f44b78b766ac7ce651d487f36,af39e45290c393e9,
potato_pld,Training/Late_Blight/Late_Blight_929.jpg,Late_Blight_929.jpg,.jpg,6933,256,256,Late_Blight,False,df807d231c41502357be0d678091213d1a8d391b8c1383b143459effee226133,bfc4a581c08fd24f,
potato_pld,Training/Late_Blight/Late_Blight_910.jpg,Late_Blight_910.jpg,.jpg,8036,256,256,Late_Blight,False,2dba50d977407c48e79afc45da960161a6a0c115c344bc7bc2609f45f5b9ba58,af7db500d201c2ef,
potato_pld,Training/Late_Blight/Late_Blight_924.jpg,Late_Blight_924.jpg,.jpg,8074,256,256,Late_Blight,False,630d2e6b244e47bc3dbaaf68ccf7735c8c8651351f3adc37bb3b62743a5b5555,be83b493d05fc22a,
potato_pld,Training/Late_Blight/Late_Blight_567.jpg,Late_Blight_567.jpg,.jpg,8374,256,256,Late_Blight,False,1ed6c4e15b4566f8c18caf735990fe70ac195a508b62b36a0689132ec768767f,af38f435c2a08f47,
potato_pld,Training/Late_Blight/Late_Blight_547.jpg,Late_Blight_547.jpg,.jpg,8711,256,256,Late_Blight,False,dd957c6b9a5f6fd99ada216eab62d0e7c13456d40e890e2782a6cd2773ef4d7d,bf0db17cd2988391,
potato_pld,Training/Late_Blight/Late_Blight_1092.jpg,Late_Blight_1092.jpg,.jpg,8735,256,256,Late_Blight,False,96e3c0711e642b60d9e99dd666e35e1a7a053c89dd357095e19216e3eefdcd7e,fea7c6d0c3894cc4,
potato_pld,Training/Late_Blight/Late_Blight_314.jpg,Late_Blight_314.jpg,.jpg,8674,256,256,Late_Blight,False,cfc0c5281173e9405a6e7cb6febcfc5c010a11fb366e975dd37abf1f9b002616,aac5b55682aadf21,
potato_pld,Training/Late_Blight/Late_Blight_476.jpg,Late_Blight_476.jpg,.jpg,7777,256,256,Late_Blight,False,25564d751bbf496e82944384e0cd8fe346616534f00a887b5ef68d7663d92339,afe0a501d54fd60e,
potato_pld,Training/Late_Blight/Late_Blight_253.jpg,Late_Blight_253.jpg,.jpg,9334,256,256,Late_Blight,False,3ecde1833d8a34c041f224da260bb5c6f24a5e75ac72fe11b6a3e9172b09b5fc,bbe6b081c597c398,
potato_pld,Training/Late_Blight/Late_Blight_490.jpg,Late_Blight_490.jpg,.jpg,8689,256,256,Late_Blight,False,2d66e258dc63c77bc59a532d65da480d6c17b8af13ea1b6f3e535f902f251507,bfa1e0d5c04a83cf,
potato_pld,Training/Late_Blight/Late_Blight_822.jpg,Late_Blight_822.jpg,.jpg,8656,256,256,Late_Blight,False,c218f18eebf010dad87474fae89263c62c0c6e8be4afc38bf1fb78e8152b6321,fecee0cc811e8738,
potato_pld,Training/Late_Blight/Late_Blight_847.jpg,Late_Blight_847.jpg,.jpg,9134,256,256,Late_Blight,False,e74bd04c1c3878a3cffdd9e01771f0a20f6ec9798538763f70835ab87a89b2c0,fabfe0f087229681,
potato_pld,Training/Late_Blight/Late_Blight_945.jpg,Late_Blight_945.jpg,.jpg,7306,256,256,Late_Blight,False,867cac8beb88df31e330e88d99778e9359d206352969e01044c34b67d022c9f0,fac5e08f85fc8518,
potato_pld,Training/Late_Blight/Late_Blight_712.jpg,Late_Blight_712.jpg,.jpg,11540,256,256,Late_Blight,False,9e2b24b020f21012e7c5dd6d77748f365bd67f27ba87d1ba92350005168ff3a1,fbaee01181fb8790,
potato_pld,Training/Late_Blight/Late_Blight_54.jpg,Late_Blight_54.jpg,.jpg,8846,256,256,Late_Blight,False,77bbd3114de9d5d4c2629bc47c80f2210de50b28d1fad1bfd1db9bee1792f711,bee0839fe01c7345,
potato_pld,Training/Late_Blight/Late_Blight_479.jpg,Late_Blight_479.jpg,.jpg,9163,256,256,Late_Blight,False,816c0a5962eec5702120371349abb5b28cb508ec68c42dc8785d7017e3c3b659,af1ff0f8c68083d1,
potato_pld,Training/Late_Blight/Late_Blight_1010.jpg,Late_Blight_1010.jpg,.jpg,8554,256,256,Late_Blight,False,9aa60ce8fab91c46986a67f63c39359355db65b75fc89855de40d06360f20950,af5bb50890fcd238,
potato_pld,Training/Late_Blight/Late_Blight_628.jpg,Late_Blight_628.jpg,.jpg,9545,256,256,Late_Blight,False,b92a506d6ae7e9018b1fe4a9a3f05fac625141edc1c2ca5cae7667bc43dac590,eea7a5d68062c6a3,
potato_pld,Training/Late_Blight/Late_Blight_354.jpg,Late_Blight_354.jpg,.jpg,8866,256,256,Late_Blight,False,d0eeffc9dad39b2ec16331afae18acf53a684f0246dfc0d620cdc1b84e98a0c0,aea1f412c23be535,
potato_pld,Training/Late_Blight/Late_Blight_658.jpg,Late_Blight_658.jpg,.jpg,8893,256,256,Late_Blight,False,4df500611bf0f0bdfb20c7e748b7d00d580ad5b524ebf013de6e78080bb79775,fee885419ca1839f,
potato_pld,Training/Late_Blight/Late_Blight_244.jpg,Late_Blight_244.jpg,.jpg,8949,256,256,Late_Blight,False,6dc214483a62e6cb67ffca1f7cc93411afe4715acf27439ffb1736f6e22eeb4b,bec1b4c1960ed22f,
potato_pld,Training/Late_Blight/Late_Blight_889.jpg,Late_Blight_889.jpg,.jpg,5958,256,256,Late_Blight,False,8facb063a1d24df87bef093288b3b0ef0613b60a38869dbff5d6ce3c7e37efd3,fee0a007d53f8a1c,
potato_pld,Training/Late_Blight/Late_Blight_347.jpg,Late_Blight_347.jpg,.jpg,9487,256,256,Late_Blight,False,fa347e129cff640a1fa41dc163d82ba17cd3a720128f0b9ead555f01a1a14163,ffd5e444855ea058,
potato_pld,Training/Late_Blight/Late_Blight_148.jpg,Late_Blight_148.jpg,.jpg,8342,256,256,Late_Blight,False,9e77aa8be896a58cd1b479ab565551ad3a4d828b36f20cd8ac32f2efb173764e,bf1eb5af8008cb4c,
potato_pld,Training/Late_Blight/Late_Blight_525.jpg,Late_Blight_525.jpg,.jpg,8932,256,256,Late_Blight,False,1e1ead55a927ca828d00a7470ecd83272f2e8da8f995a9beb83596c569f93078,ea95e0ba85f08f43,
potato_pld,Training/Late_Blight/Late_Blight_196.jpg,Late_Blight_196.jpg,.jpg,9430,256,256,Late_Blight,False,6fe86c5aa004da7f930a3610b2c4114d475593c9183e675c623c9db0d12b7d0a,ea3dc1f49f619086,
potato_pld,Training/Late_Blight/Late_Blight_339.jpg,Late_Blight_339.jpg,.jpg,10833,256,256,Late_Blight,False,342e1deb8e4d9033fc7cf0e3524412abdebdc009ee27fd600f9f34fbfdcb4337,eacce5ca85199d31,
potato_pld,Training/Late_Blight/Late_Blight_541.jpg,Late_Blight_541.jpg,.jpg,8448,256,256,Late_Blight,False,98a2284c8636cefbdb9f0d51660c071c9e8dd70b9a4d53eede88fe843ad16dc5,be08b41dd2e8cadc,
potato_pld,Training/Late_Blight/Late_Blight_950.jpg,Late_Blight_950.jpg,.jpg,7526,256,256,Late_Blight,False,4cd759821c846ba93c8e38a32e5fe866cdd799e68d97fc3a9a6421c98bc2b0ca,ead8c50b963d9235,
potato_pld,Training/Late_Blight/Late_Blight_617.jpg,Late_Blight_617.jpg,.jpg,9328,256,256,Late_Blight,False,af6097c9f159b9a2498af33a4a6efd5548167f39e3462d9c0a661302b0cd3e92,bf3fb1b0d0d08ac1,
potato_pld,Training/Late_Blight/Late_Blight_102.jpg,Late_Blight_102.jpg,.jpg,10051,256,256,Late_Blight,False,74aa9f9e4df6caeedfc12a2d4097eec1f0cc37eb64ff76a1a06647d91aa5e5dd,ba96b19b9149d169,
potato_pld,Training/Late_Blight/Late_Blight_932.jpg,Late_Blight_932.jpg,.jpg,7403,256,256,Late_Blight,False,ace06a556afe3269d04a84bd905f55f0b5fdac6916d868d2561f72f089ea0e20,aa48e10b87fd8675,
potato_pld,Training/Late_Blight/Late_Blight_1132.jpg,Late_Blight_1132.jpg,.jpg,9170,256,256,Late_Blight,False,561d12d2e318d85602b6a5db7a03b44e07676d4d491c2a26d4e355d54c6d37e6,bba5f076d08a815d,
potato_pld,Training/Late_Blight/Late_Blight_675.jpg,Late_Blight_675.jpg,.jpg,9501,256,256,Late_Blight,False,c87ede55b88d4601f869fa5f1aaed53359146e29c4cf8252d0a09ac7c5fe8b67,ba9aa0fe95e0d261,
potato_pld,Training/Late_Blight/Late_Blight_181.jpg,Late_Blight_181.jpg,.jpg,7744,256,256,Late_Blight,False,eb7cd5c47e67569c92da5897c31dd76a4f1a35e6b6621a60193c50e7a00d6fc0,bb68c813969ce19d,
potato_pld,Training/Late_Blight/Late_Blight_796.jpg,Late_Blight_796.jpg,.jpg,10544,256,256,Late_Blight,False,43c0d4040d0a26c3fe05e8ea45c0538dc4adc9a787047372f0dd4f8e57e5873f,aab5a19595529772,
potato_pld,Training/Late_Blight/Late_Blight_625.jpg,Late_Blight_625.jpg,.jpg,9269,256,256,Late_Blight,False,ffc4aff898a2dd053dbb663462e13aeb05f32f014248d37f820662eb7986d9e0,bfcaa5e8d0a7c085,
potato_pld,Training/Late_Blight/Late_Blight_575.jpg,Late_Blight_575.jpg,.jpg,8182,256,256,Late_Blight,False,1b561621d420fd10274f4a23b85ece86e0d6d942905f2818d89c67c1c14f4e85,faca850595be983c,
potato_pld,Training/Late_Blight/Late_Blight_649.jpg,Late_Blight_649.jpg,.jpg,9275,256,256,Late_Blight,False,cfbdb70e93f75f602e69600a15b645a4d114dd33105311b443e8d33b3b20a3e1,eaf4f4a1c4178556,
potato_pld,Training/Late_Blight/Late_Blight_132.jpg,Late_Blight_132.jpg,.jpg,7956,256,256,Late_Blight,False,c9363ea969c9b39c6db2cf844bb9fafaecc39bcdd0ccebdf5634d0174d722b42,bb4ac19f881f9d30,
potato_pld,Training/Late_Blight/Late_Blight_722.jpg,Late_Blight_722.jpg,.jpg,10882,256,256,Late_Blight,False,a7f1b8cb39d6ac5d019387c2f9b6434c5d0350f40775d19752e90bd7143bbbc5,af1ee5ba8dc19481,
potato_pld,Training/Late_Blight/Late_Blight_848.jpg,Late_Blight_848.jpg,.jpg,9880,256,256,Late_Blight,False,592ea3582689922cbb2e01bdb094d2b3cadf2495de69a4c2c524670b2350a3d6,eae8e40587bf9614,
potato_pld,Training/Late_Blight/Late_Blight_281.jpg,Late_Blight_281.jpg,.jpg,9414,256,256,Late_Blight,False,85ec51d3377c81857972c3f3351bf1e8f69b6439719c04b7d89d7b49c7ead37a,aeb6e0f094c09acf,
potato_pld,Training/Late_Blight/Late_Blight_653.jpg,Late_Blight_653.jpg,.jpg,7922,256,256,Late_Blight,False,26558cb6dd683e3ce17d996b21d99ed54eebeefa420b4151101f1d4227529fcc,bacea1e8d5a5c096,
potato_pld,Training/Late_Blight/Late_Blight_857.jpg,Late_Blight_857.jpg,.jpg,8498,256,256,Late_Blight,False,21a1aca46e00c3be734a77ccf6045214694f784fcee86cce40dd4b68896b7546,aa0fb1dc95d89748,
potato_pld,Training/Late_Blight/Late_Blight_334.jpg,Late_Blight_334.jpg,.jpg,6737,256,256,Late_Blight,False,0fcb70f58a4a4516f1cd8723a1ac4026c1aef71373b6c79217a5578743eced2d,ea3ec1318f53985a,
potato_pld,Training/Late_Blight/Late_Blight_390.jpg,Late_Blight_390.jpg,.jpg,8493,256,256,Late_Blight,False,261a9fd698443e8b76759e567766824b331ddec9e190e39dc91d54a74c823479,af68d0a5c19e8f98,
potato_pld,Training/Late_Blight/Late_Blight_268.jpg,Late_Blight_268.jpg,.jpg,8675,256,256,Late_Blight,False,af5769cfccf1295abf522d4274360d173e12dd8c30be5c582bbe3056c0500d7c,aa7ae5ca87a59681,
potato_pld,Training/Late_Blight/Late_Blight_1039.jpg,Late_Blight_1039.jpg,.jpg,8390,256,256,Late_Blight,False,c749556db43c1d7c540debf814f8e42dcd53f61324b689faffb85642ce6275e9,aa7be0a8855d87a5,
potato_pld,Training/Late_Blight/Late_Blight_116.jpg,Late_Blight_116.jpg,.jpg,8992,256,256,Late_Blight,False,aeab7850c37836376fd31fd92703235ad4028f44a0046140ed0732d0ed4280eb,ba9bb50194aec26d,
potato_pld,Training/Late_Blight/Late_Blight_862.jpg,Late_Blight_862.jpg,.jpg,9640,256,256,Late_Blight,False,08c16ae6f35a66fd1c986dad21663b4e8d33de534d48e0587b9fbb93a101e03c,fa4fe0e885a19d85,
potato_pld,Training/Late_Blight/Late_Blight_187.jpg,Late_Blight_187.jpg,.jpg,9341,256,256,Late_Blight,False,880bb7f219d6b1c7392a7d78e4992f2ce113c9507f2a05b182287891f3e9e068,bab5d49dc0538b43,
potato_pld,Training/Late_Blight/Late_Blight_220.jpg,Late_Blight_220.jpg,.jpg,7246,256,256,Late_Blight,False,6893f4569aaa262dea4d50f5e6f90f763ef347f6d2e83fee6eaf9bf1ea80bbe8,a6d9b6c9d284c95a,
potato_pld,Training/Late_Blight/Late_Blight_471.jpg,Late_Blight_471.jpg,.jpg,8790,256,256,Late_Blight,False,7d4006d0ea694fecc5c84e638d26d9e6eb6b295a9ee8829279fc29497a476647,eabde0f081c09dc7,
potato_pld,Training/Late_Blight/Late_Blight_225.jpg,Late_Blight_225.jpg,.jpg,8553,256,256,Late_Blight,False,337c6e6444eef22288a1155595383d3cf07b6e678e306f4500e864d9f53ad535,bbccb1c4d194cb92,
potato_pld,Training/Late_Blight/Late_Blight_455.jpg,Late_Blight_455.jpg,.jpg,8023,256,256,Late_Blight,False,07cf46c67d3a449d933863f408ffc6864e07e10a658a2377a089110ad848c77d,eb93e152c56a1d64,
potato_pld,Training/Late_Blight/Late_Blight_57.jpg,Late_Blight_57.jpg,.jpg,10276,256,256,Late_Blight,False,b669fe760240fe9fbec5d29496c75ae812ccf696300b5893a2b8c96e2a137f2c,ffcea029d1c582c6,
potato_pld,Training/Late_Blight/Late_Blight_255.jpg,Late_Blight_255.jpg,.jpg,9283,256,256,Late_Blight,False,05c84624de91e2c817d8ac91b6be35a4e460d871e528ae4e5559ba82e69abf30,ea9ce1d487c89e0b,
potato_pld,Training/Late_Blight/Late_Blight_739.jpg,Late_Blight_739.jpg,.jpg,9797,256,256,Late_Blight,False,220298bb813e5ab0d37fc4683f47bc72c5d849dd905ceefb0b2420a3be2d0626,fac1e007854f957c,
potato_pld,Training/Late_Blight/Late_Blight_1103.jpg,Late_Blight_1103.jpg,.jpg,8567,256,256,Late_Blight,False,57ae25b69fa4f1af2b88a29e81702fdda5a1eabf0499c67bc57bc7f993de51ba,bbb7b452906ac349,
potato_pld,Training/Late_Blight/Late_Blight_308.jpg,Late_Blight_308.jpg,.jpg,9431,256,256,Late_Blight,False,51b3d284a367b0a7205e6a503ca9ce3689587280d1cf1d926f38be449d078d9c,ba5ab0a982a5d3f4,
potato_pld,Training/Late_Blight/Late_Blight_393.jpg,Late_Blight_393.jpg,.jpg,8930,256,256,Late_Blight,False,dd06992b2c6ed5cd5cfb31290a839830a01d0780f6facb6e2e77c6e1b93482e8,eae8e1898d1f9598,
potato_pld,Training/Late_Blight/Late_Blight_887.jpg,Late_Blight_887.jpg,.jpg,7669,256,256,Late_Blight,False,ed5518a385d9c86bba4eba517b8e8e8904de27446a17cb626e126fc8cf54cfeb,afc5a44bd20f8a9c,
potato_pld,Training/Late_Blight/Late_Blight_430.jpg,Late_Blight_430.jpg,.jpg,9421,256,256,Late_Blight,False,17fa59e66a4fae867ee3747c7f9bc359e0b787539f671af4b45ec7d769d10fb6,aacae00a8aaf9bbc,
potato_pld,Training/Late_Blight/Late_Blight_425.jpg,Late_Blight_425.jpg,.jpg,9505,256,256,Late_Blight,False,b8e4f5c51262ae300a57665714cd2eee12dff51b3d8c8cba9577602106da91ef,abd8c188c79d9a9c,
potato_pld,Training/Late_Blight/Late_Blight_499.jpg,Late_Blight_499.jpg,.jpg,8845,256,256,Late_Blight,False,40e134dc4e3a1f50eb460eed1a77bb0a6f2edf7002248e4e26e9a9361ff745ef,ae1d8550d6ebd461,
potato_pld,Training/Late_Blight/Late_Blight_627.jpg,Late_Blight_627.jpg,.jpg,8195,256,256,Late_Blight,False,d09b43177c1c712ec9b217d90a64e4623c13feb12581679437b4ae3c14d9be60,baa2f0f7d1a28217,
potato_pld,Training/Late_Blight/Late_Blight_711.jpg,Late_Blight_711.jpg,.jpg,9833,256,256,Late_Blight,False,5d443b5d99056fd470993005baa1b5ee1be1f23693318c21b7b13c1a925e8330,feb6a0fa8580865b,
potato_pld,Training/Late_Blight/Late_Blight_113.jpg,Late_Blight_113.jpg,.jpg,9193,256,256,Late_Blight,False,03e431d6eced86c13b57a49720fe1d4bf3cf2c54296c7db2923709b0a12d5ae4,eaece4ec85459638,
potato_pld,Training/Late_Blight/Late_Blight_48.jpg,Late_Blight_48.jpg,.jpg,8489,256,256,Late_Blight,False,b432aa5da471349b46c948c12027ab942c565bef123b38df59b1524d67d29200,fe60cf1ec09d9183,
potato_pld,Training/Late_Blight/Late_Blight_88.jpg,Late_Blight_88.jpg,.jpg,12026,256,256,Late_Blight,False,2c55e3ff811484bfdb3774d879beb72d50b8ddbc92a0f6c2fb38c51543d0f34b,e9e4c415c796d352,
potato_pld,Training/Late_Blight/Late_Blight_226.jpg,Late_Blight_226.jpg,.jpg,7160,256,256,Late_Blight,False,dee9c0a321acbbe1670001fa8788832ed7a587e206646fe4b68fe5f58655a486,eeeca488d515933c,
potato_pld,Training/Late_Blight/Late_Blight_973.jpg,Late_Blight_973.jpg,.jpg,7421,256,256,Late_Blight,False,be5509ddd18c99ba6f6acf3b4e42c503cac4adc5d8533bca23b29cbe96e78ca7,bfbcf048d2b48760,
potato_pld,Training/Late_Blight/Late_Blight_325.jpg,Late_Blight_325.jpg,.jpg,9329,256,256,Late_Blight,False,6fce8968580bcf41d05125a3d5aa13311071fade27a081cf69757496ca3b7b1f,bf62a0c9d5adc294,
potato_pld,Training/Late_Blight/Late_Blight_930.jpg,Late_Blight_930.jpg,.jpg,8759,256,256,Late_Blight,False,c4ed93171e8c91c51120c9bc67ef3b898b05ea6e5abaa71824317f1759be7ce7,efb2e05485ba9e18,
potato_pld,Training/Late_Blight/Late_Blight_122.jpg,Late_Blight_122.jpg,.jpg,8923,256,256,Late_Blight,False,26201e8c301e9b98cf1a42eef10536451450ed1242a9f1df64ee1e6bfb3eaab1,aeb792528d29d1c3,
potato_pld,Training/Late_Blight/Late_Blight_372.jpg,Late_Blight_372.jpg,.jpg,9548,256,256,Late_Blight,False,faba47993bd324fe83e2ed3b74168de67ad3e09fba9acd4e2324d80401608d05,afe2b420c8b5c597,
potato_pld,Training/Late_Blight/Late_Blight_10.jpg,Late_Blight_10.jpg,.jpg,7964,256,256,Late_Blight,False,d05d2118880261d1718ad0c5417a5596f25048339f414fd3b248a6516381bdfe,afa5b45ed2a8c245,
potato_pld,Training/Late_Blight/Late_Blight_42.jpg,Late_Blight_42.jpg,.jpg,10712,256,256,Late_Blight,False,c018190abcb4a46e1c95089dc225a5c86b3fffece0919b883fd15b3bf71379d9,ea67b564d4e2c2c4,
potato_pld,Training/Late_Blight/Late_Blight_915.jpg,Late_Blight_915.jpg,.jpg,7635,256,256,Late_Blight,False,94518d20e83e6ea8ff5828bf44d89c309ce479c599c62d6bd76bfcf889a1168c,ea66e10785af9634,
potato_pld,Training/Late_Blight/Late_Blight_74.jpg,Late_Blight_74.jpg,.jpg,10954,256,256,Late_Blight,False,00b3ada7266a26ce8a04ccf3390f5b0439c5036edc69a69124596527ad340f45,ee24b4c6828cdbd5,
potato_pld,Training/Late_Blight/Late_Blight_637.jpg,Late_Blight_637.jpg,.jpg,8712,256,256,Late_Blight,False,66076a53453e649e40464c971b005c1a108b7e3beb95c2286db9bd713eef7252,eaa3a1d5c582979a,
potato_pld,Training/Late_Blight/Late_Blight_155.jpg,Late_Blight_155.jpg,.jpg,10533,256,256,Late_Blight,False,54c3d376fa41302b26bc0335d222b63b3082ca1f86f00ac8dbc5ec5ad375e4af,ae33a199951a92f3,
potato_pld,Training/Late_Blight/Late_Blight_663.jpg,Late_Blight_663.jpg,.jpg,9926,256,256,Late_Blight,False,f665955f887eb98da5f872239e9587e21c42af7fc90b37d624050843211caabe,aee2b447d462c2ae,
potato_pld,Training/Late_Blight/Late_Blight_188.jpg,Late_Blight_188.jpg,.jpg,8469,256,256,Late_Blight,False,6e30612caa8f10a8a436bbccde9a04a7fcc20070a9f44fff8e12a04dff9a64bf,afe0850e9ebc9895,
potato_pld,Training/Late_Blight/Late_Blight_935.jpg,Late_Blight_935.jpg,.jpg,7721,256,256,Late_Blight,False,b59f827e57646f9d242aea57555b31edd697c97f934a9dd8c85fd88e9ae9840c,fa96b07a8348876d,
potato_pld,Training/Late_Blight/Late_Blight_56.jpg,Late_Blight_56.jpg,.jpg,9813,256,256,Late_Blight,False,fdb20efa5902168435e008ee6883fd92cbe02dcd4cf781bb6da4bc8e9a54ccc6,abf2b4a1d215d21e,
potato_pld,Training/Late_Blight/Late_Blight_500.jpg,Late_Blight_500.jpg,.jpg,8378,256,256,Late_Blight,False,720622d736ee05d54cbbef5a81730a2f1b03f02d58e253ceb40b4dd9e6996615,ebe9c157963a9230,
potato_pld,Training/Late_Blight/Late_Blight_864.jpg,Late_Blight_864.jpg,.jpg,10374,256,256,Late_Blight,False,69153dec97fcbbbfb934a7b91e97729156c8677969fa3b44c1725fda4c6700ad,bbafa110b434f076,
potato_pld,Training/Late_Blight/Late_Blight_194.jpg,Late_Blight_194.jpg,.jpg,7031,256,256,Late_Blight,False,ab9517ffb03b384807d43539ad0ba8b0d2f1850e3b2bee8f32594f66997307c0,ebd4eca08587861f,
potato_pld,Training/Late_Blight/Late_Blight_211.jpg,Late_Blight_211.jpg,.jpg,8881,256,256,Late_Blight,False,1c3d3ae481c0fb5e72ed4c36a69a07100c1bd0e0bcf67b579839126db70671a9,ef15a0f2d6f2c2c0,
potato_pld,Training/Late_Blight/Late_Blight_733.jpg,Late_Blight_733.jpg,.jpg,9565,256,256,Late_Blight,False,fbf926c3d75865bd9c789628bd8c8c64baf8e5e1e86ea57a4dba97c9d5e8dbe9,eae6e006859e965e,
potato_pld,Training/Late_Blight/Late_Blight_591.jpg,Late_Blight_591.jpg,.jpg,8536,256,256,Late_Blight,False,8841d90547af19aef3c403bf82069df25df631f792c8505c1c70d6ae70993fd3,fee0a107d4e4c23e,
potato_pld,Training/Late_Blight/Late_Blight_783.jpg,Late_Blight_783.jpg,.jpg,10461,256,256,Late_Blight,False,054cef61d598d06cb0b7e589a155bfe1a0f759e9ba68ee852861bf98191e6d10,abf0b5bc901e1e38,
potato_pld,Training/Late_Blight/Late_Blight_377.jpg,Late_Blight_377.jpg,.jpg,10303,256,256,Late_Blight,False,ddac79f822484534d56726426808408ec98c05566d8afdad394c14f175e64917,aa5db5a882b583f4,
potato_pld,Training/Late_Blight/Late_Blight_729.jpg,Late_Blight_729.jpg,.jpg,7784,256,256,Late_Blight,False,2884081ecbbd946c35a5edeaa3dd15292eb5d2f438cc68f4542070814414ce3a,ba97f4aad0a1c2d1,
potato_pld,Training/Late_Blight/Late_Blight_539.jpg,Late_Blight_539.jpg,.jpg,8650,256,256,Late_Blight,False,7c08af734cfec592b35ce04242796c29713577399df05c2be9e4a5ac6c6d69d6,bf61f0858306c3be,
potato_pld,Training/Late_Blight/Late_Blight_789.jpg,Late_Blight_789.jpg,.jpg,10137,256,256,Late_Blight,False,045d0f8a364adb8763dc26188d2dd226986b37d5a5cff9522e6bbacc3ce6e361,bee8a484c4d7c696,
potato_pld,Training/Late_Blight/Late_Blight_817.jpg,Late_Blight_817.jpg,.jpg,8989,256,256,Late_Blight,False,a0418b283d347b540e320bb6c9ad6dcdc9b608be5321121e6a32ce5c1286d4b1,fab1a1f785c29243,
potato_pld,Training/Late_Blight/Late_Blight_642.jpg,Late_Blight_642.jpg,.jpg,8088,256,256,Late_Blight,False,a54b8a9d662063e278f4eb665f3805689117998812c70001f46b60030ee043f3,afe085a5db16cc1a,
potato_pld,Training/Late_Blight/Late_Blight_816.jpg,Late_Blight_816.jpg,.jpg,8853,256,256,Late_Blight,False,1b2e6b90d0a1b37550d6c0ff148e48d3f409c462292df99182e67b29c081b3c9,fbe1e007c54e80fc,
potato_pld,Training/Late_Blight/Late_Blight_1042.jpg,Late_Blight_1042.jpg,.jpg,10152,256,256,Late_Blight,False,e7d496efd87f0e41013b32479326ea8db1a5b1ecaa74ed5c4aa6327e6b06eac7,af12a0ab97459736,
potato_pld,Training/Late_Blight/Late_Blight_571.jpg,Late_Blight_571.jpg,.jpg,7880,256,256,Late_Blight,False,1976d165410fdaf1bb675b00372317d3efc74e85c0ec8bd8dbe78a51ac8fae4d,ea3ae1038de69d0e,
potato_pld,Training/Late_Blight/Late_Blight_36.jpg,Late_Blight_36.jpg,.jpg,10651,256,256,Late_Blight,False,0a267f58eab98f613169404a8d36064ce12b990e4c965756e7905127b4d876b5,ff40e0a68a2f9c96,
potato_pld,Training/Late_Blight/Late_Blight_701.jpg,Late_Blight_701.jpg,.jpg,10175,256,256,Late_Blight,False,7e13071ddd8a14fc42d6c282c1d81232e0bd66a8945eda08712c611f4e292ec8,bee6b046d06eca0d,
potato_pld,Training/Late_Blight/Late_Blight_480.jpg,Late_Blight_480.jpg,.jpg,7591,256,256,Late_Blight,False,8b9337550a07b341cabdd3cc7234d38f0042e7a4024b919b6a2292ba83e85674,ead1e0938717d760,
potato_pld,Training/Late_Blight/Late_Blight_382.jpg,Late_Blight_382.jpg,.jpg,8249,256,256,Late_Blight,False,5ee58b129dfa52a11cf2b1a50d4d84c20039376ba6aa12799d9febd1113a73c5,becef0ae90858396,
potato_pld,Training/Late_Blight/Late_Blight_221.jpg,Late_Blight_221.jpg,.jpg,8049,256,256,Late_Blight,False,3dcb4128cf2c8d20fe404a508819a1b6c611d069ac53694cbc532ff5f1cfbd3d,aed0bd42d2275a36,
potato_pld,Training/Late_Blight/Late_Blight_957.jpg,Late_Blight_957.jpg,.jpg,8897,256,256,Late_Blight,False,1f7180a73c3453b10a954e2ad26634df6779ff0a4ba89b739e3de7c15eaa90c5,fab6e09685d19703,
potato_pld,Training/Late_Blight/Late_Blight_254.jpg,Late_Blight_254.jpg,.jpg,8993,256,256,Late_Blight,False,b11b7769c6b91ee5c3b25bf61bbb124749ff0f382f6c7c536a5d6e5c405b6d08,ea96c5a285529f63,
potato_pld,Training/Late_Blight/Late_Blight_851.jpg,Late_Blight_851.jpg,.jpg,8748,256,256,Late_Blight,False,98f700614f9c674a91a4e9a0d716d8a4fda1f11c8addc1013ec00bc6e4bcf5a5,fee9e409849d9d90,
potato_pld,Training/Late_Blight/Late_Blight_624.jpg,Late_Blight_624.jpg,.jpg,9470,256,256,Late_Blight,False,480fe0e20f37c887524e78750b49065069ca641928aa68dc4c96cf8b903fa081,efc4e4858556959c,
potato_pld,Training/Late_Blight/Late_Blight_592.jpg,Late_Blight_592.jpg,.jpg,8166,256,256,Late_Blight,False,5f826e3d6e0e5c37b63d2dab744e672470c652f39992e47c7d2fcbd5ee84d707,bfeef400d2d683a0,
potato_pld,Training/Late_Blight/Late_Blight_859.jpg,Late_Blight_859.jpg,.jpg,9338,256,256,Late_Blight,False,5f1408cc6d257b69ed640760cfa462611c80a770a15f7f15b90a3bd80cb2a534,fe50e10b832fc768,
potato_pld,Training/Late_Blight/Late_Blight_788.jpg,Late_Blight_788.jpg,.jpg,10137,256,256,Late_Blight,False,98824ca4cbe8b9ba3074940dc781f987d02ea45f5e90d205e70a9ed6a8b4fee9,ff8bb51a900cc2dc,
potato_pld,Training/Late_Blight/Late_Blight_185.jpg,Late_Blight_185.jpg,.jpg,10327,256,256,Late_Blight,False,6e0731be42257de40bb43cac857bdb7f3a5d19915ce14977b2af9abbb5175ffe,ef8ba079c5e19681,
potato_pld,Training/Late_Blight/Late_Blight_751.jpg,Late_Blight_751.jpg,.jpg,9487,256,256,Late_Blight,False,a6b4f399069da82f44c0b1fe7adb5670809b00241f79a6748aa0308f38acf2b8,eafae0b485a487a6,
potato_pld,Training/Late_Blight/Late_Blight_634.jpg,Late_Blight_634.jpg,.jpg,9417,256,256,Late_Blight,False,b31007e688e657c476bf880689d594e65254de80ce78737d75ecc66cdc731a2c,fac8a1a395b59394,
potato_pld,Training/Late_Blight/Late_Blight_987.jpg,Late_Blight_987.jpg,.jpg,9415,256,256,Late_Blight,False,a3f2219c5b6396291c2039a6318639a558bd95adc77c53fbe92e8965d8616b1a,bf0db47fd4e88201,
potato_pld,Training/Late_Blight/Late_Blight_282.jpg,Late_Blight_282.jpg,.jpg,9466,256,256,Late_Blight,False,2d8d707b37e3e69758581459d1649b9802f04a178bd9be45a5fd7bf8bad2d554,ab1be1fa870186b3,
potato_pld,Training/Late_Blight/Late_Blight_883.jpg,Late_Blight_883.jpg,.jpg,7713,256,256,Late_Blight,False,b025b7bfc9324c376f464d0020ce2d829b99b46131621379b6818e6b100f4c4e,aa17e1f8878096f3,
potato_pld,Training/Late_Blight/Late_Blight_459.jpg,Late_Blight_459.jpg,.jpg,9447,256,256,Late_Blight,False,d25daa47010260755fa982b1afd0de269ace820a99a4e159283fdf042d94d4c2,aacce10aa51f87bc,
potato_pld,Training/Late_Blight/Late_Blight_588.jpg,Late_Blight_588.jpg,.jpg,8413,256,256,Late_Blight,False,a7bf4f02f3aa59bee9b9eb0516e6f3fa25f40ad2a856ffbb1deccef0d5ed1298,ea39f1f082409f4f,
potato_pld,Training/Late_Blight/Late_Blight_557.jpg,Late_Blight_557.jpg,.jpg,8369,256,256,Late_Blight,False,1a7a2a7b33e4fa795803f9f17ba3eb6d5f5c3a96afb360e31d88fe7ce73d86b2,b798f0ffc124c158,
potato_pld,Training/Late_Blight/Late_Blight_1104.jpg,Late_Blight_1104.jpg,.jpg,7720,256,256,Late_Blight,False,8633a89647e1ab1833ead65e9a17f6212b116b8fe19aa11cc628b06dfee5593c,ff1af0b4c2808fc3,
potato_pld,Training/Late_Blight/Late_Blight_489.jpg,Late_Blight_489.jpg,.jpg,8519,256,256,Late_Blight,False,a529304547edde316a0149a76f15db368e14d73f6f7c05e8f16f2868ec10a6f2,bec6b4a087345a3e,
potato_pld,Training/Late_Blight/Late_Blight_1091.jpg,Late_Blight_1091.jpg,.jpg,11464,256,256,Late_Blight,False,2b1a30b85a430b6b9d82adbaf914cae7f28571049f921328466e17fde3d80901,ea83993ab732c668,
potato_pld,Training/Late_Blight/Late_Blight_948.jpg,Late_Blight_948.jpg,.jpg,8292,256,256,Late_Blight,False,ae12a709f1b0303aad845cb8f0aca72b95cac40207334b0f7a9e522901984aac,faa4b106c77acb81,
potato_pld,Training/Late_Blight/Late_Blight_504.jpg,Late_Blight_504.jpg,.jpg,8055,256,256,Late_Blight,False,36ddde54cf883636a699ccd4e07bf418749fbdf370c052f9902e412fdbc7144e,ede4e406cc1ecd38,
potato_pld,Training/Late_Blight/Late_Blight_163.jpg,Late_Blight_163.jpg,.jpg,8573,256,256,Late_Blight,False,30e7595f567b2a5db2e5ead0b5bcd04a5bce478b81c06ec11ad74c5adafe2ef3,ab96e589c45f864a,
potato_pld,Training/Late_Blight/Late_Blight_1037.jpg,Late_Blight_1037.jpg,.jpg,10723,256,256,Late_Blight,False,0b08caf3c3ae89de679074c4fbdb6b597d7c7e00ead27c3c1b1d8002592f5231,ebb5b4c3d04983c9,
potato_pld,Training/Late_Blight/Late_Blight_50.jpg,Late_Blight_50.jpg,.jpg,11178,256,256,Late_Blight,False,43afaf544674ea3a165e64cf5f8b6650a25f0412235cbcaa82ef09466d047f6a,ebeaed09c519841d,
potato_pld,Training/Late_Blight/Late_Blight_47.jpg,Late_Blight_47.jpg,.jpg,8987,256,256,Late_Blight,False,e7061122c1194f9439977cbb6936a6cb956558271c39f45c57fc8f941067a209,ef18a47312a2db1d,
potato_pld,Training/Late_Blight/Late_Blight_1.jpg,Late_Blight_1.jpg,.jpg,9763,256,256,Late_Blight,False,feedd35a6f5ec9f8550fe498beb3920801355be4be2ca0d152e9f3add0649fc0,aa87b5cfd5c0c0c9,
potato_pld,Training/Late_Blight/Late_Blight_146.jpg,Late_Blight_146.jpg,.jpg,7442,256,256,Late_Blight,False,03cc5fbca90d679fab00ad7c42732d727e17eba5edd0a3f8e6f31e89c3f0d122,ee1781749fc690cc,
potato_pld,Training/Late_Blight/Late_Blight_119.jpg,Late_Blight_119.jpg,.jpg,8696,256,256,Late_Blight,False,fdd3586046d30bdd06c9aabd32b9603cfe5fc7927d98c1f200cecca0a8e032ce,ea25e1a587469e8e,
potato_pld,Training/Late_Blight/Late_Blight_761.jpg,Late_Blight_761.jpg,.jpg,10063,256,256,Late_Blight,False,081e925d9d541ac473cb19650e0cca6d4671f51d8998175e32d98d1790393dcd,bf4bb0afc1a4c145,
potato_pld,Training/Late_Blight/Late_Blight_776.jpg,Late_Blight_776.jpg,.jpg,11652,256,256,Late_Blight,False,b639fdd369315bb4666500fe9a5fbad4e3111574f641a2769d50e0e64b7be1a7,beb5a1b5c458949a,
potato_pld,Training/Late_Blight/Late_Blight_291.jpg,Late_Blight_291.jpg,.jpg,5066,256,256,Late_Blight,False,992115861061959327b7dad31c976bf3dfc0f397c7f0ff6a0abfc96966e9c6b2,beb6e042c36f851c,
potato_pld,Training/Late_Blight/Late_Blight_730.jpg,Late_Blight_730.jpg,.jpg,10804,256,256,Late_Blight,False,0679a2f8c638ba9c233cc8f7f2ab078567ebdb7f8485b5fd436db7035b02fa70,aee4e4c484df960e,
potato_pld,Training/Late_Blight/Late_Blight_573.jpg,Late_Blight_573.jpg,.jpg,8772,256,256,Late_Blight,False,bce71b4bc2edc058637b8df0d2c1bd73b457b5e97603a16f0e82bd351bf6a679,afbde450c2e08f85,
potato_pld,Training/Late_Blight/Late_Blight_242.jpg,Late_Blight_242.jpg,.jpg,9394,256,256,Late_Blight,False,2970bb1b812fdce3ab9bbf013a7f3f4776e169cb1d59ccf4fb9b052ff0494b36,abdaf0b182b29725,
potato_pld,Training/Late_Blight/Late_Blight_133.jpg,Late_Blight_133.jpg,.jpg,9010,256,256,Late_Blight,False,24598bd91a9ae9fa343554ba9922e0da275928bca21f4d2315c6a00add0c9bea,eabfe1f580c092c6,
potato_pld,Training/Late_Blight/Late_Blight_692.jpg,Late_Blight_692.jpg,.jpg,10304,256,256,Late_Blight,False,a0f4221036813b5adf33f70fc2b699bcb2caae5b66a1d1538d2a5ba73aea079b,bec2f42f80a58b96,
potato_pld,Training/Late_Blight/Late_Blight_798.jpg,Late_Blight_798.jpg,.jpg,9678,256,256,Late_Blight,False,e29c6329a8f7b5b481abef59316b339dbcacc7d1624acd94acee9c049e5ba356,ea5ab0a9c18dcb9c,
potato_pld,Training/Late_Blight/Late_Blight_976.jpg,Late_Blight_976.jpg,.jpg,9120,256,256,Late_Blight,False,47197c07fcc60e9b2fefc94713b356f73a79c4b227e2aab1654ff91b9f839a97,aae0e507968fd25c,
potato_pld,Training/Late_Blight/Late_Blight_1054.jpg,Late_Blight_1054.jpg,.jpg,10234,256,256,Late_Blight,False,4608cc85286cbfe158320acb6b0a1a4d8f621674a9906aac7a924873fcb79acc,fae2e083878f8e94,
potato_pld,Training/Late_Blight/Late_Blight_290.jpg,Late_Blight_290.jpg,.jpg,7253,256,256,Late_Blight,False,075329a12dcc0b2b58ba414c5e0e3028a4466e55f78412339e30f3947b39473f,ab95c150c8eacde5,
potato_pld,Training/Late_Blight/Late_Blight_766.jpg,Late_Blight_766.jpg,.jpg,9516,256,256,Late_Blight,False,64f4429b1926708c50b14a1fc3aebe0542f05fd76c2a21a6b11e04163c7e18f5,aba6f492814bcb4e,
potato_pld,Training/Late_Blight/Late_Blight_348.jpg,Late_Blight_348.jpg,.jpg,6416,256,256,Late_Blight,False,47d5d9ffc15572cfc47bae221ae637900ac9e5c52db85ef62feafd94dd116232,baece4b4c4a0ce96,
potato_pld,Training/Late_Blight/Late_Blight_386.jpg,Late_Blight_386.jpg,.jpg,8544,256,256,Late_Blight,False,da5876bb88a7047a4a4fa246bb1818c385611c5e0cedcdb5798e2db9f6e2a817,fac2b10f96b58b14,
potato_pld,Training/Late_Blight/Late_Blight_9.jpg,Late_Blight_9.jpg,.jpg,8137,256,256,Late_Blight,False,7863d5a238985ad132b3d0a210fa1f070bb43bbe1875ff7648ed235cfab188d9,ba97b558c16ac651,
potato_pld,Training/Late_Blight/Late_Blight_114.jpg,Late_Blight_114.jpg,.jpg,9546,256,256,Late_Blight,False,87a68d023d913e0ba881175669c4d89ab29a3a85aa2067278802e9f434b4fe8f,eab7a1d19583964a,
potato_pld,Training/Late_Blight/Late_Blight_801.jpg,Late_Blight_801.jpg,.jpg,10193,256,256,Late_Blight,False,b27fcac1caea9c4e0678df7c683ae15403b47f8df58fb29188fe32fbe73dd96f,ea5be07b85299661,
potato_pld,Training/Late_Blight/Late_Blight_693.jpg,Late_Blight_693.jpg,.jpg,10208,256,256,Late_Blight,False,cb0e1725169469ed8c98a68015c3e03cbbb222835d438dcdfadae95e0b564014,bad4b52ec06d9364,
potato_pld,Training/Late_Blight/Late_Blight_899.jpg,Late_Blight_899.jpg,.jpg,8304,256,256,Late_Blight,False,bbe953bf785254ea8bc3fb3c58ed08933c9c6abe502f69ba0f1743f23ab106cb,be94f05ac3498579,
potato_pld,Training/Late_Blight/Late_Blight_316.jpg,Late_Blight_316.jpg,.jpg,7736,256,256,Late_Blight,False,b2ef8e2972cc0a1209289cab8bd5b97cb4f0f4a0c3c14d39396bf5741357cb8d,bd20f057830f8b7c,
potato_pld,Training/Late_Blight/Late_Blight_872.jpg,Late_Blight_872.jpg,.jpg,9215,256,256,Late_Blight,False,e01128adf77cbde10ffd5d5bf61348534267bffa8d4ab298afb319a841b9f470,eaf4a823d5378156,
potato_pld,Training/Late_Blight/Late_Blight_1096.jpg,Late_Blight_1096.jpg,.jpg,10057,256,256,Late_Blight,False,0c8e821e161d2d02943904440e449b781bd401dfa220d9bdc6bac7f5fc18e639,b8e7f01685ce929c,
potato_pld,Training/Late_Blight/Late_Blight_276.jpg,Late_Blight_276.jpg,.jpg,9348,256,256,Late_Blight,False,8456ffc514e7157520a9eeef9c998b8af2d5fda063d17f7d5c070ee518e03272,bf48d0a7a88387b5,
potato_pld,Training/Late_Blight/Late_Blight_758.jpg,Late_Blight_758.jpg,.jpg,9732,256,256,Late_Blight,False,04fc006dc081ec4450110c1a21b39ff5a0506db890b5126abf937d563c6bc683,eaf0a587971fd280,
potato_pld,Training/Late_Blight/Late_Blight_416.jpg,Late_Blight_416.jpg,.jpg,7763,256,256,Late_Blight,False,820120ce4b41dfb388666e8066e659d8ade8652d65bf932535b829eca31df010,bee5d04b893d5838,
potato_pld,Training/Late_Blight/Late_Blight_731.jpg,Late_Blight_731.jpg,.jpg,9677,256,256,Late_Blight,False,c81f8a02c0d4d2871f5f87a1f7507aa448776b1814ddef42b7cf848d336f63d6,efb7b554c06ac228,
potato_pld,Training/Late_Blight/Late_Blight_921.jpg,Late_Blight_921.jpg,.jpg,7273,256,256,Late_Blight,False,a3d6bb48d723a4b52b02cbe61edb0ab217c14abd5546fa1bbc679fdffb4c629a,ae70b521d257d2aa,
potato_pld,Training/Late_Blight/Late_Blight_72.jpg,Late_Blight_72.jpg,.jpg,8981,256,256,Late_Blight,False,e4e256491dae46318ce479166e77af237999752f9173fb6d235754afdf3264c4,eae0a507951ed43e,
potato_pld,Training/Late_Blight/Late_Blight_371.jpg,Late_Blight_371.jpg,.jpg,9170,256,256,Late_Blight,False,3baf0afda00f120f57c9302d9e34c18e66a29af4ffdf88c955b0df83a6e8de28,eaede505845e985c,
potato_pld,Training/Late_Blight/Late_Blight_647.jpg,Late_Blight_647.jpg,.jpg,8747,256,256,Late_Blight,False,80573bacf3d8de21e6d158db6b79543fe345537fb52002abe68256d01721376e,aee4b5a7c417cc12,
potato_pld,Training/Late_Blight/Late_Blight_23.jpg,Late_Blight_23.jpg,.jpg,10856,256,256,Late_Blight,False,519c82b644e73478c3fcddcb04a6024fce87c9567ee6d6b9f9e7140df725d900,be9dfc46d0a8c854,
potato_pld,Training/Late_Blight/Late_Blight_232.jpg,Late_Blight_232.jpg,.jpg,7649,256,256,Late_Blight,False,ea91582967a2db212a78502cf5727afb47655333f3ac05a254573eb6a70434b2,aa35f4f694d0d2c2,
potato_pld,Training/Late_Blight/Late_Blight_825.jpg,Late_Blight_825.jpg,.jpg,10177,256,256,Late_Blight,False,af15d52a1e86655577c365024e22af59fd67760b3f3578fbbd04d4e583f4723d,fa63e00787fed600,
potato_pld,Training/Late_Blight/Late_Blight_426.jpg,Late_Blight_426.jpg,.jpg,9048,256,256,Late_Blight,False,f2265a3a773f9dbbc48ff722c9be7a0dc40889288b0aa6a87ad8d4aaf1efbdb1,bab1b1d1c9408de7,
potato_pld,Training/Late_Blight/Late_Blight_444.jpg,Late_Blight_444.jpg,.jpg,8446,256,256,Late_Blight,False,c064db465bd6b59df517029483137eab9535ae9c2c79b41a3c3876d17a449bcd,ff63b0648166d626,
potato_pld,Training/Late_Blight/Late_Blight_981.jpg,Late_Blight_981.jpg,.jpg,9371,256,256,Late_Blight,False,e601ee88b66c6b98deb0ace54fb3a6e7ca7bee53c40039af5e2b828d43e76b26,afcbf02b81359714,
potato_pld,Training/Late_Blight/Late_Blight_800.jpg,Late_Blight_800.jpg,.jpg,9971,256,256,Late_Blight,False,e11b498ffbab95fc0dd8a2be2d1acb41eb955eff27c7dfd86a187112faccd6ed,bfe0b7419072cb92,
potato_pld,Training/Late_Blight/Late_Blight_614.jpg,Late_Blight_614.jpg,.jpg,8909,256,256,Late_Blight,False,fbc906635e0f43c64ee397dd3d769eb7310bac9068d76de1240389006fb72219,eac2c40b9f399a35,
potato_pld,Training/Late_Blight/Late_Blight_523.jpg,Late_Blight_523.jpg,.jpg,9281,256,256,Late_Blight,False,0f1feaf3403c96ab1b9fc699eeef22af6e0a3b0a0e0f0f994a7afea15fa780b2,afb1b452d22bd04d,
potato_pld,Training/Late_Blight/Late_Blight_486.jpg,Late_Blight_486.jpg,.jpg,8509,256,256,Late_Blight,False,2ad9c95256ccd6b6ec3769ab2f56ec96c3d5b86477fefb3c0c762caef753d4b5,ebc881a99bbd9912,
potato_pld,Training/Late_Blight/Late_Blight_450.jpg,Late_Blight_450.jpg,.jpg,10360,256,256,Late_Blight,False,085e9e4ad03655dfd453b9fb0a59bc00d7e9b35ae031ee89c94030c3c98fccd8,aa1ea5f89541d0fa,
potato_pld,Training/Late_Blight/Late_Blight_559.jpg,Late_Blight_559.jpg,.jpg,8761,256,256,Late_Blight,False,145f486b59b179fdd76bc5c788d4531ab151faa3f63ded0f5f5f35d35f6687a8,afe0a0a3978585d7,
potato_pld,Training/Late_Blight/Late_Blight_757.jpg,Late_Blight_757.jpg,.jpg,9489,256,256,Late_Blight,False,8da5c53c9bc977c6bc0dac4606a697ee5116e675c574654f3857e0ca7f5c8ae6,ee1fa5f8d4e184c0,
potato_pld,Training/Late_Blight/Late_Blight_412.jpg,Late_Blight_412.jpg,.jpg,8328,256,256,Late_Blight,False,8c33d91f82c7aaaebbe9465bc3dc1a2347fc4b630d636745541b649b9d426e14,af89e0da85a19e53,
potato_pld,Training/Late_Blight/Late_Blight_285.jpg,Late_Blight_285.jpg,.jpg,9334,256,256,Late_Blight,False,be2bf3b15edafa15664a58b0f5cc36c1d67146a61cbe0703fe503ea29597d252,bf91a1dbc5688625,
potato_pld,Training/Late_Blight/Late_Blight_422.jpg,Late_Blight_422.jpg,.jpg,8126,256,256,Late_Blight,False,1185e62dbd18d0d012df6e4dd78d97008e0624f3fcaacdcbba0c3f28037d7ba0,aaafd5d58240cacb,
potato_pld,Training/Late_Blight/Late_Blight_502.jpg,Late_Blight_502.jpg,.jpg,8665,256,256,Late_Blight,False,47da869e3113452b59e11a1648283f93a7f03d5e58cadd7019d560034da08bd4,ea3d8df190f292c2,
potato_pld,Training/Late_Blight/Late_Blight_340.jpg,Late_Blight_340.jpg,.jpg,11614,256,256,Late_Blight,False,ca04ba0a2e8bf228a53a7cbc27a81398ab4486bfe71d0b76f13950fd98b14ba5,ea4aa52fd67c8621,
potato_pld,Training/Late_Blight/Late_Blight_687.jpg,Late_Blight_687.jpg,.jpg,7414,256,256,Late_Blight,False,97bda09c5c537c44c8c878a1c63f42e3565229dfb2bf0ba915e26afe4214a615,aa27e17681729793,
potato_pld,Training/Late_Blight/Late_Blight_16.jpg,Late_Blight_16.jpg,.jpg,8532,256,256,Late_Blight,False,2693a339e17fcebabcca4c22f1a949989d7c2dd01ebe90b718adef1c52c708f6,bff0b0289095cb57,
potato_pld,Training/Late_Blight/Late_Blight_1078.jpg,Late_Blight_1078.jpg,.jpg,7479,256,256,Late_Blight,False,11dd674164f058d2d20e614f8eafab9dde0884f4852e5f0ecafac1297f765034,af9dd0428117c2fe,
potato_pld,Training/Late_Blight/Late_Blight_320.jpg,Late_Blight_320.jpg,.jpg,8464,256,256,Late_Blight,False,a7a1ad39bd707f41bd2e74608ec2b0400b1fad300c8b68a3ace5b477bda5d8f4,ab5af4ec82a5c354,
potato_pld,Training/Late_Blight/Late_Blight_385.jpg,Late_Blight_385.jpg,.jpg,9401,256,256,Late_Blight,False,acb54baf40066cbbb8fe6b757f15c757ff47893e3c4f511dc880bd4c9720b455,af4ee1ec876087a4,
potato_pld,Training/Late_Blight/Late_Blight_1115.jpg,Late_Blight_1115.jpg,.jpg,8985,256,256,Late_Blight,False,c2e912ddb2ac98c1b84d2dbf2b4bc6c7afad9bf3995038b4057cd31c199e969a,ab1fe4f09720ca4b,
potato_pld,Training/Late_Blight/Late_Blight_835.jpg,Late_Blight_835.jpg,.jpg,8035,256,256,Late_Blight,False,f9269ad2a3e194700cd99b84678a0fffecbcee2f3453106b2972695b87f0e489,efb8a4fad0038ac3,
potato_pld,Training/Late_Blight/Late_Blight_367.jpg,Late_Blight_367.jpg,.jpg,10889,256,256,Late_Blight,False,e6f31ea2c3f4206660ac4eee48e93d907556a9ad963a51e8d48da96c42db3780,bbcef1a881d49784,
potato_pld,Training/Late_Blight/Late_Blight_934.jpg,Late_Blight_934.jpg,.jpg,7621,256,256,Late_Blight,False,89b324523e7cb6061299d8fca56f69323c84d132fdffc7037d6bfdd9cd8a80a9,fa9ce0f4871087da,
potato_pld,Training/Late_Blight/Late_Blight_26.jpg,Late_Blight_26.jpg,.jpg,13516,256,256,Late_Blight,False,0ce61e9e4d1e503728660ecc89e1eb83860167f3b5f27a200ce4027082926a0f,fc3d8cc985d88cc6,
potato_pld,Training/Late_Blight/Late_Blight_230.jpg,Late_Blight_230.jpg,.jpg,8514,256,256,Late_Blight,False,2441440d8b7f027706f6c352932657ecfe89f6e2593f1a297d6ba7e998f3c6b8,ab96a1d685c2d6e2,
potato_pld,Training/Late_Blight/Late_Blight_18.jpg,Late_Blight_18.jpg,.jpg,9861,256,256,Late_Blight,False,4d3d99268c7f583bce06bf82197f1cb31972597175acff913ecd6cffa426a60e,bec8a4cfd4e4c285,
potato_pld,Training/Late_Blight/Late_Blight_821.jpg,Late_Blight_821.jpg,.jpg,9346,256,256,Late_Blight,False,70e30ca894e6d935a170da07f7a2b58e3c3741fa9f2d5ead23148cc4c346c29d,fa57e02a855f8d30,
potato_pld,Training/Late_Blight/Late_Blight_219.jpg,Late_Blight_219.jpg,.jpg,8286,256,256,Late_Blight,False,2bb6013dae9278c700e9d89d5ae6892cecb5437f41e66cb59de115db788ac007,aaeae047c0afcc95,
potato_pld,Training/Late_Blight/Late_Blight_411.jpg,Late_Blight_411.jpg,.jpg,8223,256,256,Late_Blight,False,7ac0d8252651552fd757e1f5022d1318654519bea153d05a17a2c46ee731c4ca,ae9fd45eca688461,
potato_pld,Training/Late_Blight/Late_Blight_720.jpg,Late_Blight_720.jpg,.jpg,10440,256,256,Late_Blight,False,441799840354a86bd46b65b29a380bc41047e238b9f6df67beb9e5f6bbe0d0af,bef4b490d04ad24f,
potato_pld,Training/Late_Blight/Late_Blight_34.jpg,Late_Blight_34.jpg,.jpg,12758,256,256,Late_Blight,False,2b0e3a125b82870ececd9626a842248bba47c186a0b81adf698629bd0afc6bb3,ab4ee08887fd8f81,
potato_pld,Training/Late_Blight/Late_Blight_8.jpg,Late_Blight_8.jpg,.jpg,8199,256,256,Late_Blight,False,1fb5dbaf49aef049233fd5b49485d0bffe0b18a1bf117b2508ef3971b385b3ed,afdee180c43f861c,
potato_pld,Training/Late_Blight/Late_Blight_1069.jpg,Late_Blight_1069.jpg,.jpg,10567,256,256,Late_Blight,False,f0fda9e1a96697ef40eebf41b7b33b18883ba675b52152d2a79b5b4e6e92e80b,fac8b48cb4b59383,
potato_pld,Training/Late_Blight/Late_Blight_468.jpg,Late_Blight_468.jpg,.jpg,6398,256,256,Late_Blight,False,c76afeca10261ea7a9680c197ec1a638cc6d70604d0fec84cf207f9fc4d6d299,afa0f0d7800ad65f,
potato_pld,Training/Late_Blight/Late_Blight_524.jpg,Late_Blight_524.jpg,.jpg,8540,256,256,Late_Blight,False,5b61bcc4be09637fc48be0965acbe7aeb99e3fd1dfc74656dabd932396d93c9d,af60f483d097929e,
potato_pld,Training/Late_Blight/Late_Blight_362.jpg,Late_Blight_362.jpg,.jpg,7692,256,256,Late_Blight,False,2812193240e454bd966ba2f5e162c77f52a70db7866e23aa2c380e327725a26c,ee49a02dc79dc694,
potato_pld,Training/Late_Blight/Late_Blight_698.jpg,Late_Blight_698.jpg,.jpg,9401,256,256,Late_Blight,False,a711affe140575f61d4a79f5d9b9086966610880b45ec690edbcba408a10e487,ab1bf0a980f19be2,
potato_pld,Training/Late_Blight/Late_Blight_826.jpg,Late_Blight_826.jpg,.jpg,9763,256,256,Late_Blight,False,1d9da37a142ebe88966ba7359544b093a2bcf59810404f26998a517f492eae0b,afb5b552c8aa9192,
potato_pld,Training/Late_Blight/Late_Blight_369.jpg,Late_Blight_369.jpg,.jpg,8568,256,256,Late_Blight,False,41e0d08d1b534665eca511875382b26d6a990492fa1eb3aea8785e5292c08935,bb0bb1a9d0d5d0b4,
potato_pld,Training/Late_Blight/Late_Blight_243.jpg,Late_Blight_243.jpg,.jpg,8379,256,256,Late_Blight,False,c3eb7e9527c209242b1f4e5777a2a85e2001d6cd019cd3a77bc5c10f1564ec49,ab05f4fad01a833b,
potato_pld,Training/Late_Blight/Late_Blight_778.jpg,Late_Blight_778.jpg,.jpg,10320,256,256,Late_Blight,False,dd29085a6fe6d8e8cb1f9d7b44a7a825f72c102899724c9eeb88ac8fc9ade451,eeb6a89684d6c592,
potato_pld,Training/Late_Blight/Late_Blight_388.jpg,Late_Blight_388.jpg,.jpg,9031,256,256,Late_Blight,False,ce80addc4cfb1c50d57f333f170842fdd3570dbe522fcdeab155a645ee40317a,eacaaa0f9d1c90ab,
potato_pld,Training/Late_Blight/Late_Blight_301.jpg,Late_Blight_301.jpg,.jpg,7554,256,256,Late_Blight,False,3f940bd19757e74284dd622b412fa7df106f8c784d3c0f53f935b143fae86c41,ae97e83e8568c6c1,
potato_pld,Training/Late_Blight/Late_Blight_1068.jpg,Late_Blight_1068.jpg,.jpg,10109,256,256,Late_Blight,False,6e2d4f8f61ff79f89864013522aa2ce6a62d22354decbb97c127932356747b12,fc9a95c263b4da28,
potato_pld,Training/Late_Blight/Late_Blight_1064.jpg,Late_Blight_1064.jpg,.jpg,10457,256,256,Late_Blight,False,d98f0d1a6b9a49c1a03ceae48d0d8b085e4a11d0a5f276d639db5a79c9156110,efe8e286258f9489,
potato_pld,Training/Late_Blight/Late_Blight_937.jpg,Late_Blight_937.jpg,.jpg,7871,256,256,Late_Blight,False,da94b737b364aa623f94246f5077a49f1037f514b8c37318aa8d037a4a7a111f,bbe1b4c5800bd74e,
potato_pld,Training/Late_Blight/Late_Blight_717.jpg,Late_Blight_717.jpg,.jpg,10106,256,256,Late_Blight,False,9d4b36c96040f673e9c8a2894d51c207c1ea4fd3c883c2460e771ee859ced103,aec3a48fc034cabe,
potato_pld,Training/Late_Blight/Late_Blight_705.jpg,Late_Blight_705.jpg,.jpg,9051,256,256,Late_Blight,False,f81ed9971b6b6e614c0cde6fe9f11ec7a96e0bbd2bfc80e169d034112f243ce5,be1fa0dcd5b892c0,
potato_pld,Training/Late_Blight/Late_Blight_517.jpg,Late_Blight_517.jpg,.jpg,9729,256,256,Late_Blight,False,9b68389e7f833fd38d2421279d703fb5efbff3f5b4f01bad77c528736b694bbf,ab97e132d1719271,
potato_pld,Training/Late_Blight/Late_Blight_512.jpg,Late_Blight_512.jpg,.jpg,6101,256,256,Late_Blight,False,f37dbd2113ccb2f1173cce369121266b0b48082adde81f1858139880e5abe060,ae3fe47084c297c3,
potato_pld,Training/Late_Blight/Late_Blight_1074.jpg,Late_Blight_1074.jpg,.jpg,9895,256,256,Late_Blight,False,f5c4800a5df3bc1c9332d242c4a42b5071dcba59003ae6f09a424094eb696f59,efa7c5d99f280a01,
potato_pld,Training/Late_Blight/Late_Blight_410.jpg,Late_Blight_410.jpg,.jpg,8978,256,256,Late_Blight,False,78218f8f7ddfaa33788bb9800e60ede91a54bb939e5394150ce1dd69c7bd6b8a,eae1e105857e8d5c,
potato_pld,Training/Late_Blight/Late_Blight_406.jpg,Late_Blight_406.jpg,.jpg,8698,256,256,Late_Blight,False,3eb655e2aa08cc36f7319c7e29509892aa2b65d28e1b3d0d9470da8d5b876007,bec0b047d08fca3e,
potato_pld,Training/Late_Blight/Late_Blight_363.jpg,Late_Blight_363.jpg,.jpg,9657,256,256,Late_Blight,False,cde12f3b0f01f946aca6c60361db09fa875f347b109c43e2f585072c25a5293d,bec3a08195dfd21c,
potato_pld,Training/Late_Blight/Late_Blight_464.jpg,Late_Blight_464.jpg,.jpg,8801,256,256,Late_Blight,False,d5cb1222ea53af7bff33e223fb3edd7b5bfe54b59ab763bfc4de3b676a47fd0b,ebdee0aa80e18d87,
potato_pld,Training/Late_Blight/Late_Blight_941.jpg,Late_Blight_941.jpg,.jpg,7779,256,256,Late_Blight,False,0e64d8b3ed1dc2fdeef57e1b92801c71f7cafdbb4c163e7f9002e97036d6b736,faf0a103d5be8296,
potato_pld,Training/Late_Blight/Late_Blight_870.jpg,Late_Blight_870.jpg,.jpg,8280,256,256,Late_Blight,False,962cb48615bfda2f2db5d61806fa8bb5e97406d0aa8e18c421f413e5e82fd845,bf40b0a5d226d8f6,
potato_pld,Training/Late_Blight/Late_Blight_879.jpg,Late_Blight_879.jpg,.jpg,8633,256,256,Late_Blight,False,f1ae18520647317ee7dc75f48cadc7f276acca13d8440f6c92378453f135462d,eba9e45d85c085cb,
potato_pld,Training/Late_Blight/Late_Blight_29.jpg,Late_Blight_29.jpg,.jpg,10367,256,256,Late_Blight,False,cb48abc2c93e2fdc199f3cdb43e8cf92e6c6ba1b0cd57bed47eda0ec61b7b6dc,fec1e01f870c9ce8,
potato_pld,Training/Late_Blight/Late_Blight_151.jpg,Late_Blight_151.jpg,.jpg,8491,256,256,Late_Blight,False,1384e8d59447f1e3eba272b7f4cf48a28ab9ecece629e092e2575e48e6f9afb0,efe0a1c5950dde14,
potato_pld,Training/Late_Blight/Late_Blight_510.jpg,Late_Blight_510.jpg,.jpg,10105,256,256,Late_Blight,False,d287d6c63bf34216cff9399e33fa0078108f84493cc6265b140eab9074aacd03,badbf4eaa0a191a1,
potato_pld,Training/Late_Blight/Late_Blight_635.jpg,Late_Blight_635.jpg,.jpg,8204,256,256,Late_Blight,False,48ab08971d176f874b80aa7a9d5173b176090caef2346f9f997dc8ded6eceb2e,bef881d7914ad229,
potato_pld,Training/Late_Blight/Late_Blight_508.jpg,Late_Blight_508.jpg,.jpg,8376,256,256,Late_Blight,False,9005be3824125964dadcb56b74c7825600a2bf4b732df22f0f6bdc81e1286ce7,ae8db5f8d6d0c2a0,
potato_pld,Training/Late_Blight/Late_Blight_568.jpg,Late_Blight_568.jpg,.jpg,10133,256,256,Late_Blight,False,72ccbc40ddfecbea7bdd56f691b9f498f71c3704997261f6cb6279b2002b5d5c,af3be4b1c4e08ac3,
potato_pld,Training/Late_Blight/Late_Blight_830.jpg,Late_Blight_830.jpg,.jpg,10032,256,256,Late_Blight,False,a5cbb1bea612e9a41079ad56ba1686549300ebd6f3b26b10e943594b31f127a7,bbceb065d1a4c2d4,
potato_pld,Training/Late_Blight/Late_Blight_909.jpg,Late_Blight_909.jpg,.jpg,8764,256,256,Late_Blight,False,9c0fc10b45b12a9ccb1077a5449b68e8562519b066d4d5cb79bd68094b7d1468,efe0e107851ed638,
potato_pld,Training/Late_Blight/Late_Blight_366.jpg,Late_Blight_366.jpg,.jpg,7553,256,256,Late_Blight,False,895152e2e421e510cb70fd6d245ea9f2576449efa99320a42d816220a64b7a08,eae9958f9d08b825,
potato_pld,Training/Late_Blight/Late_Blight_496.jpg,Late_Blight_496.jpg,.jpg,8546,256,256,Late_Blight,False,7e39ad6e7ac9a906fa941e9e74d3b7aca08a315a699217d14edbb4719b05eea4,bfc2b4a99085d25e,
potato_pld,Training/Late_Blight/Late_Blight_545.jpg,Late_Blight_545.jpg,.jpg,8905,256,256,Late_Blight,False,64a1a642bf36055ba7231a3c5f34fcf01dce1b12f6709e913013e1a7672c9db1,af07b4ded2288a55,
potato_pld,Training/Late_Blight/Late_Blight_768.jpg,Late_Blight_768.jpg,.jpg,10791,256,256,Late_Blight,False,debace086e05e4c778febac7871a4bb744e7703113d5617c2b71051bd1bc29e2,abd8b512d095d2cb,
potato_pld,Training/Late_Blight/Late_Blight_191.jpg,Late_Blight_191.jpg,.jpg,10149,256,256,Late_Blight,False,6926d43ae8cd760acffe56c63e6952695683c8c1bb67923f8ed962b1710afd1c,facee1f887a082a5,
potato_pld,Training/Late_Blight/Late_Blight_620.jpg,Late_Blight_620.jpg,.jpg,9212,256,256,Late_Blight,False,e6295baa05a72266795b7d8706476114b886b3cde8772700ddc7a7e71c313844,eaeac057802b8fbc,
potato_pld,Training/Late_Blight/Late_Blight_384.jpg,Late_Blight_384.jpg,.jpg,8527,256,256,Late_Blight,False,fdee390e396c8e9e0119eb6c08f780f24c68aab0bd51f0a03363bb55e3662f03,aae4e48d859d9e98,
potato_pld,Training/Late_Blight/Late_Blight_750.jpg,Late_Blight_750.jpg,.jpg,10112,256,256,Late_Blight,False,b5e2eca590eeb2dbd542932d344377c2fc6a119c260e7834c087801c95cc9cfb,afe0e4c4c61e961e,
potato_pld,Training/Late_Blight/Late_Blight_1071.jpg,Late_Blight_1071.jpg,.jpg,10275,256,256,Late_Blight,False,904cb07c4e1908834dcdbe82e041377beac888a87b60d31889662a91b90e3999,fba4c59383cc9691,
potato_pld,Training/Late_Blight/Late_Blight_239.jpg,Late_Blight_239.jpg,.jpg,9235,256,256,Late_Blight,False,4456f13cea29fd9bc852c75d80b982b465a9b5cd482f00fba0033a864048fc64,aba6e1578702975a,
potato_pld,Training/Late_Blight/Late_Blight_861.jpg,Late_Blight_861.jpg,.jpg,8594,256,256,Late_Blight,False,ac1bcb1546ee6fada16f688dd37d4a9696855c90abb329cf3adfc48aed0b2dfc,aa0be15487d9d58b,
potato_pld,Training/Late_Blight/Late_Blight_1008.jpg,Late_Blight_1008.jpg,.jpg,10950,256,256,Late_Blight,False,caa798a4fa30de3bce93cc5f5542646e76cfa2f406c29288f138571e5bba36ba,ead8e08385cf96a5,
potato_pld,Training/Late_Blight/Late_Blight_734.jpg,Late_Blight_734.jpg,.jpg,9432,256,256,Late_Blight,False,ad98d01c0ec885286502b9791cd41bd2a9ab9caad5e86274d20338b1e98aa061,aab1f0d6cb1b8d18,
potato_pld,Training/Late_Blight/Late_Blight_811.jpg,Late_Blight_811.jpg,.jpg,10324,256,256,Late_Blight,False,42ec46e9bc69b915e41530a867bdfe822b6028f0bf30b09d4139a5cc26f0f86c,bf8cb4bdd0d4c0d0,
potato_pld,Training/Late_Blight/Late_Blight_686.jpg,Late_Blight_686.jpg,.jpg,8433,256,256,Late_Blight,False,406db589382c38e13d049bae0666c37c2ef301f52a3e4526e06198b718539aa5,aac8f4a987078db6,
potato_pld,Training/Late_Blight/Late_Blight_1119.jpg,Late_Blight_1119.jpg,.jpg,9866,256,256,Late_Blight,False,b2ccda609f19322bc00d43c65ed2f6b8c9e821c395a7a2be6e42e928d1eb22c6,abe1b540d08fd0af,
potato_pld,Training/Late_Blight/Late_Blight_210.jpg,Late_Blight_210.jpg,.jpg,7821,256,256,Late_Blight,False,3a7a64a7b02d2eed849ff1bf442d2827786db3fb88d2e818298b8f0a1ff637f2,aaadf4d08281de97,
potato_pld,Training/Late_Blight/Late_Blight_863.jpg,Late_Blight_863.jpg,.jpg,9093,256,256,Late_Blight,False,d566ab24edf1e982dfd90cac8a974c227369323c29243b4a8cf694cbb715d262,eee2e12797ad8604,
potato_pld,Training/Late_Blight/Late_Blight_577.jpg,Late_Blight_577.jpg,.jpg,9585,256,256,Late_Blight,False,3baa08462027ef08dece56329a506d1bb2d4700f52aab145623de9f76eb6fd4c,fe3ba0f895a19095,
potato_pld,Training/Late_Blight/Late_Blight_79.jpg,Late_Blight_79.jpg,.jpg,10285,256,256,Late_Blight,False,7b19f61a8066ff2cecac34650ef6032a0e05fd35093e6db34eb835ed5d0c9f12,baccf0558142d7ea,
potato_pld,Training/Late_Blight/Late_Blight_451.jpg,Late_Blight_451.jpg,.jpg,9039,256,256,Late_Blight,False,8a8f84afa1b47bac4b397b2c50a3ee41deab6738a79fdfcdacae063b094b1e76,fa37c0aa95e491c6,
potato_pld,Training/Late_Blight/Late_Blight_167.jpg,Late_Blight_167.jpg,.jpg,9287,256,256,Late_Blight,False,87167265d8f2daec86a9fe80435f1005004659fc88e21305926a37a35f18dfba,bfead0a5c9a3c481,
potato_pld,Training/Late_Blight/Late_Blight_1090.jpg,Late_Blight_1090.jpg,.jpg,10827,256,256,Late_Blight,False,1ab4ed6a742c57e0bf5371c8fd5d1f16090af3004f258b0681a3dfa522bf7616,fda0e0cd5e94985a,
potato_pld,Training/Late_Blight/Late_Blight_1088.jpg,Late_Blight_1088.jpg,.jpg,12192,256,256,Late_Blight,False,70dd8bfcefb0c4ae78d674e000a6f7bbe6f72e42fe6d63e68ee374d30bd477bc,fe86a4e8a5e96035,
potato_pld,Training/Late_Blight/Late_Blight_747.jpg,Late_Blight_747.jpg,.jpg,9744,256,256,Late_Blight,False,ecf665b688f20cfdbb3711439be11946ae62f18552139f02cb528ea566856872,aba1f0f79042d36a,
potato_pld,Training/Late_Blight/Late_Blight_629.jpg,Late_Blight_629.jpg,.jpg,6898,256,256,Late_Blight,False,42ff825b873b90c5faeedd1d6be2e17d924b8687b83e1d7057fa0cb3ac2aae13,bbcdb1ac90959296,
potato_pld,Training/Late_Blight/Late_Blight_439.jpg,Late_Blight_439.jpg,.jpg,8011,256,256,Late_Blight,False,153ce0042ad0f5181f9f638ade33345ce5bde604aacb21c0098db9cd17848994,af62d0858d9fb498,
potato_pld,Training/Late_Blight/Late_Blight_639.jpg,Late_Blight_639.jpg,.jpg,9370,256,256,Late_Blight,False,d10e12c7b164b98d8ee6ae0ef5ce87219fb82efd6bdbcec58a262747ad8c1797,ab60d4a9c2a68f9d,
potato_pld,Training/Late_Blight/Late_Blight_423.jpg,Late_Blight_423.jpg,.jpg,9376,256,256,Late_Blight,False,2bdb20f740006a8f0d19bf66a818a90eed344336f95a357989e1551a65c1e0be,bac8e0c8c1bf8b9c,
potato_pld,Training/Late_Blight/Late_Blight_728.jpg,Late_Blight_728.jpg,.jpg,9621,256,256,Late_Blight,False,b1d66510d50bb1415e8e0e4111588fd3bf5cc30f06ab5018d4be592209983d42,fca1e14787fe9600,
potato_pld,Training/Late_Blight/Late_Blight_818.jpg,Late_Blight_818.jpg,.jpg,8757,256,256,Late_Blight,False,f96ecc8abea0abecd684c2ff2e772ce643594f2a7f72eea57d3d8906b32c128d,fac4e10e87f4de20,
potato_pld,Training/Late_Blight/Late_Blight_844.jpg,Late_Blight_844.jpg,.jpg,10014,256,256,Late_Blight,False,14139dd0c8183ac471318c5ea6a956c1bc2d79194b83a750d20e51d60b96381f,fb83e0ae8590971e,
potato_pld,Training/Late_Blight/Late_Blight_13.jpg,Late_Blight_13.jpg,.jpg,7217,256,256,Late_Blight,False,5a042b6a0fe4e78b1b97a1805d96eb9b52d846fb6c9d4dee421d125c59533788,ba07e17e9700967a,
potato_pld,Training/Late_Blight/Late_Blight_317.jpg,Late_Blight_317.jpg,.jpg,9356,256,256,Late_Blight,False,ebd25b25440e80f106ef03874305bd0d63c117b67d3b3583f3cba751cf1d35de,eed2e03b85a29785,
potato_pld,Training/Late_Blight/Late_Blight_610.jpg,Late_Blight_610.jpg,.jpg,8957,256,256,Late_Blight,False,4f6dd67c22a26f1ed5fa430829fac2962f9ef372d9799b3887cc2e42d10b1c55,ebdeb0e882a58b07,
potato_pld,Training/Late_Blight/Late_Blight_53.jpg,Late_Blight_53.jpg,.jpg,10397,256,256,Late_Blight,False,4ec2c5dd34afab7cc8a4c008e08c6d9ea59f692ea1846428c4e1dd7164b2e513,ee39a4d2c2e29b43,
potato_pld,Training/Late_Blight/Late_Blight_1021.jpg,Late_Blight_1021.jpg,.jpg,7422,256,256,Late_Blight,False,d8c7d6a3573c1ec3a3ee0d189c824ead02b092737fca949c91810ee773b5ab5c,eee4e005c517d43e,
potato_pld,Training/Late_Blight/Late_Blight_274.jpg,Late_Blight_274.jpg,.jpg,9700,256,256,Late_Blight,False,fdade8e158e842450c67bf5a203067c3f05172858f8e140060cc388b17ab2694,ea95e5f483d094c3,
potato_pld,Training/Late_Blight/Late_Blight_153.jpg,Late_Blight_153.jpg,.jpg,9581,256,256,Late_Blight,False,56f29cffe718d50591155c7794cb2dae08e090536e1493bd64acaa0c534f9fe9,becbb0be93a48311,
potato_pld,Training/Late_Blight/Late_Blight_854.jpg,Late_Blight_854.jpg,.jpg,9294,256,256,Late_Blight,False,60bfa7e8741c887440bd7753f237704140a3a63b4bc1fd472a922d754a51a6a0,ff62e04d93299345,
potato_pld,Training/Late_Blight/Late_Blight_1038.jpg,Late_Blight_1038.jpg,.jpg,9162,256,256,Late_Blight,False,addee03a0c54bb32d2ecad7a80553783786467faf4f90d21764cf56ed71c53c2,fbadb194d053815a,
potato_pld,Training/Late_Blight/Late_Blight_246.jpg,Late_Blight_246.jpg,.jpg,8409,256,256,Late_Blight,False,30bdb909d30628afc12ded1e772bcdcdb1229d4fee707eec1ed5749a8afddc30,aff494c28f4bb460,
potato_pld,Training/Late_Blight/Late_Blight_535.jpg,Late_Blight_535.jpg,.jpg,7897,256,256,Late_Blight,False,b43d6fdd38c6f8a59af9dbb2184209b4a53fcdb747411f781f69f6f764ebefdf,ee5ae4a986c59586,
potato_pld,Training/Late_Blight/Late_Blight_214.jpg,Late_Blight_214.jpg,.jpg,8360,256,256,Late_Blight,False,df0048c673be6e27967fa45784b8a06cff34cd127590dbd5ba2f8bdca1b3da5b,ba42cccada9d9c94,
potato_pld,Training/Late_Blight/Late_Blight_1111.jpg,Late_Blight_1111.jpg,.jpg,11448,256,256,Late_Blight,False,741a115fecda141bf7880853e17d8a741669885d2633d63227de39c69212df33,bae2a525c3b7a816,
potato_pld,Training/Late_Blight/Late_Blight_682.jpg,Late_Blight_682.jpg,.jpg,10134,256,256,Late_Blight,False,1a431b860eecb209d61421ce52028dd72530c0e42d5b2c9b5ac38ca6b73df3f2,aae0e11785ff9780,
potato_pld,Training/Late_Blight/Late_Blight_469.jpg,Late_Blight_469.jpg,.jpg,8153,256,256,Late_Blight,False,79a4ccbf2a12f9f63341ec45fd2f6afd4c0148de8c9cf3dfd81c33a25b23fdf8,af68d0c5cb07cd0e,
potato_pld,Training/Late_Blight/Late_Blight_503.jpg,Late_Blight_503.jpg,.jpg,9337,256,256,Late_Blight,False,9193d9ec165764b65e3984a84585c22fe387d9cbac6fed9d72fedee9d6476e31,ab9de5ecc4d0ca81,
potato_pld,Training/Late_Blight/Late_Blight_327.jpg,Late_Blight_327.jpg,.jpg,8986,256,256,Late_Blight,False,b3889c1f4e80953c10997e80d9084cb183e702fc9eda11ff5567238db7a586aa,afc5a54ec06b813d,
potato_pld,Training/Late_Blight/Late_Blight_960.jpg,Late_Blight_960.jpg,.jpg,8497,256,256,Late_Blight,False,5b984fd7ecb21a7987c053839f00aff411347226fddf58b72b984735b35d53d9,bf84e48b8254dfa8,
potato_pld,Training/Late_Blight/Late_Blight_168.jpg,Late_Blight_168.jpg,.jpg,9425,256,256,Late_Blight,False,b83094a73e3ae6499ee196124170f9cb7fbbb1d4603e9ce449e38498bfd9ea27,aed2e4aa8415cf63,
potato_pld,Training/Late_Blight/Late_Blight_685.jpg,Late_Blight_685.jpg,.jpg,10372,256,256,Late_Blight,False,e478e0aa41d97a4f0e677f9c92cc501df7367aa038a1d0d908389369ff04b77b,aa38f57dd4b88611,
potato_pld,Training/Late_Blight/Late_Blight_96.jpg,Late_Blight_96.jpg,.jpg,7095,256,256,Late_Blight,False,04e2a5d85d58d1d219c859132213c513686280e1e5c09790d2d3b2e58321b33e,beb7b0d8c1498785,
potato_pld,Training/Late_Blight/Late_Blight_336.jpg,Late_Blight_336.jpg,.jpg,9882,256,256,Late_Blight,False,e1040b6382c5c8e5763fea4e97e2242e62aba91b3ccac8058b3f03445a40be37,afe5b452862ad459,
potato_pld,Training/Late_Blight/Late_Blight_569.jpg,Late_Blight_569.jpg,.jpg,9912,256,256,Late_Blight,False,e479ad7f22e4ef109130d7f91c937427af8e93f24e5a78c5c541fda7c52b5f36,abc6e5c5d40f901d,
potato_pld,Training/Late_Blight/Late_Blight_584.jpg,Late_Blight_584.jpg,.jpg,9362,256,256,Late_Blight,False,3cfff8cb77bd180ba0293dd6c84d5154e6ad1ee175db417c48887ff997f40444,bfe8b081d794cb82,
potato_pld,Training/Late_Blight/Late_Blight_595.jpg,Late_Blight_595.jpg,.jpg,9132,256,256,Late_Blight,False,629b9f867b5d105fa00196c4fcd769928967f52779352175987a2df9050e89dd,fac0818f953f9835,
potato_pld,Training/Late_Blight/Late_Blight_1120.jpg,Late_Blight_1120.jpg,.jpg,6970,256,256,Late_Blight,False,97097742f89a999d84861ff2d7ce5bb587ef6049b6fcff6c6f92cfbf16748701,bb66fc98f1c24889,
potato_pld,Training/Late_Blight/Late_Blight_293.jpg,Late_Blight_293.jpg,.jpg,9093,256,256,Late_Blight,False,991eb24401b8f4e2b02ed69aaad8140967bc2a09a3867d111f8f1237a01bf94f,bab1b051813b9779,
potato_pld,Training/Late_Blight/Late_Blight_360.jpg,Late_Blight_360.jpg,.jpg,9717,256,256,Late_Blight,False,688a99ee71d20b4eab970473901609731c3b597fbedb530b075245287ffb4657,aa4eb5aed0f4c192,
potato_pld,Training/Late_Blight/Late_Blight_1108.jpg,Late_Blight_1108.jpg,.jpg,8846,256,256,Late_Blight,False,6d6979023f5c34e39a779b1b3565c1f443c4ffd800ef55f68c005efa6970e8af,be1dc05ace61cc65,
potato_pld,Training/Late_Blight/Late_Blight_213.jpg,Late_Blight_213.jpg,.jpg,9044,256,256,Late_Blight,False,e0d7245c57ac5cb934fbf351c6b6851fb72cf6905bc995f26a1e76c70e040504,aedab4add2d482c2,
potato_pld,Training/Late_Blight/Late_Blight_85.jpg,Late_Blight_85.jpg,.jpg,9499,256,256,Late_Blight,False,76a7c2b512aed3f43872593e881ad5f208df4df09687a0bff7a68096a4995714,fa0ed1e88591c793,
potato_pld,Training/Late_Blight/Late_Blight_906.jpg,Late_Blight_906.jpg,.jpg,7953,256,256,Late_Blight,False,150c4eea59d273d56bef070f61ad64efde5dac160c82a389194f029cdee12b0b,eec4e41c953e86f0,
potato_pld,Training/Late_Blight/Late_Blight_429.jpg,Late_Blight_429.jpg,.jpg,8709,256,256,Late_Blight,False,75692d0f870976683f86e72998b57b4b7cf86a05f9a00076fff998e69eed1bec,aaead0879db0b0b3,
potato_pld,Training/Late_Blight/Late_Blight_754.jpg,Late_Blight_754.jpg,.jpg,9349,256,256,Late_Blight,False,bcd01ea6d1fd57dbddf6b1a7f7836a1735213c3c238078de9c48568a416cf991,ba6af0adc1f48782,
potato_pld,Training/Late_Blight/Late_Blight_474.jpg,Late_Blight_474.jpg,.jpg,8421,256,256,Late_Blight,False,01eba232b9cc6f60e4b83e5969e64446fc5c9c7f7b01ef67d89c9b7524e20f55,abc8f0a9822fc774,
potato_pld,Training/Late_Blight/Late_Blight_874.jpg,Late_Blight_874.jpg,.jpg,8623,256,256,Late_Blight,False,4a8d0da92a4595d9033a1443b0313f309fa2f16c7530fe0ae38dcf6a5d9c832e,fa1df53c8058c749,
potato_pld,Training/Late_Blight/Late_Blight_742.jpg,Late_Blight_742.jpg,.jpg,10173,256,256,Late_Blight,False,0a780e8839c540109b8aaef079cd91a1e6359257df84cd13dcfa53b4443ef401,fec2a087848fd61e,
potato_pld,Training/Late_Blight/Late_Blight_265.jpg,Late_Blight_265.jpg,.jpg,8368,256,256,Late_Blight,False,b5827e52778d49d080e69c94e8d674f7ded02448c787fbf93772159ad87c528d,ffc2b09fd0848276,
potato_pld,Training/Late_Blight/Late_Blight_216.jpg,Late_Blight_216.jpg,.jpg,7417,256,256,Late_Blight,False,c59bc36f4f77dd6a7947d8989c7c4f5b5fe3908737c4c6a0ef7e8440f6ef06cb,aabdb53091f2d2c1,
potato_pld,Training/Late_Blight/Late_Blight_1128.jpg,Late_Blight_1128.jpg,.jpg,10396,256,256,Late_Blight,False,b7a48d5bd561f45f8609add26d831c2a2587fff7d9a722b8af92df5c2b09c409,ebdce1ac844195d5,
potato_pld,Training/Late_Blight/Late_Blight_482.jpg,Late_Blight_482.jpg,.jpg,7597,256,256,Late_Blight,False,ab9af721a2ecbb6f699b9dbb22b4d2bd8c12432ef5955874647fe47033dc2e64,eac2953bb067c62c,
potato_pld,Training/Late_Blight/Late_Blight_40.jpg,Late_Blight_40.jpg,.jpg,12104,256,256,Late_Blight,False,663731d2a8adc6139ee665acdf2652114419972b37401246510813311e710d24,ff0ba07f81325392,
potato_pld,Training/Late_Blight/Late_Blight_126.jpg,Late_Blight_126.jpg,.jpg,10904,256,256,Late_Blight,False,fa5bd7bb247682052cfd8abcdfd7cf735116666ac2821350dfdf0adb9aea78a5,ab15a1fad75086e2,
potato_pld,Training/Late_Blight/Late_Blight_896.jpg,Late_Blight_896.jpg,.jpg,7524,256,256,Late_Blight,False,b7a55766fde61423b51f362e92ade8d6037fb9143fc8912c24b264cac6d3aec4,abc1b14fd28a925d,
potato_pld,Training/Late_Blight/Late_Blight_467.jpg,Late_Blight_467.jpg,.jpg,8670,256,256,Late_Blight,False,5839e37387579d15a08485af8182aeebbeddd3842e706ce4967d95f038423868,aba5d1d0cac3cdc1,
potato_pld,Training/Late_Blight/Late_Blight_902.jpg,Late_Blight_902.jpg,.jpg,8113,256,256,Late_Blight,False,4d9e194bd16d1bc90807af791b63d89c818eff4bf085156d8156d21aa817976b,fec2e0cf800d973c,
potato_pld,Training/Late_Blight/Late_Blight_485.jpg,Late_Blight_485.jpg,.jpg,8892,256,256,Late_Blight,False,27c5d4f58e37b604660c779fc24083b6b43d84f04882029366b8837623a0dfdd,afc1b443d40a9a7d,
potato_pld,Training/Late_Blight/Late_Blight_931.jpg,Late_Blight_931.jpg,.jpg,8393,256,256,Late_Blight,False,e1a7e3c04af1a2ffb2bca15997b2e7f0040c0591a87f96b94b7bf4ee5c547bdf,fa3ea470858296db,
potato_pld,Training/Late_Blight/Late_Blight_659.jpg,Late_Blight_659.jpg,.jpg,8215,256,256,Late_Blight,False,7ca2da88db307eb5daa6356b1b68265bc5338d668b40d5edec7ee96503d17b8f,ee1be4b996c19087,
potato_pld,Training/Late_Blight/Late_Blight_156.jpg,Late_Blight_156.jpg,.jpg,10668,256,256,Late_Blight,False,e893110f74c4bcb7a81aaf7e94408850443f177cdc32955e47265a71639cec87,ae33a199951a92f3,
potato_pld,Training/Late_Blight/Late_Blight_669.jpg,Late_Blight_669.jpg,.jpg,10679,256,256,Late_Blight,False,f09d340768f9bfae49eb534990442b59c0478ca7cc506f9f56d144f38756f5b7,bf63e081909193f7,
potato_pld,Training/Late_Blight/Late_Blight_878.jpg,Late_Blight_878.jpg,.jpg,8592,256,256,Late_Blight,False,50460e623458cf6acb28fe4db220733569465368d41e63314cd771367ea7ad96,eed4e486851fd41a,
potato_pld,Training/Late_Blight/Late_Blight_873.jpg,Late_Blight_873.jpg,.jpg,8515,256,256,Late_Blight,False,3787e76f5750a920a38fef4926af57e13fe9233ac76aac359f05283f189bbddc,ea1ae17885e98f61,
potato_pld,Training/Late_Blight/Late_Blight_633.jpg,Late_Blight_633.jpg,.jpg,8812,256,256,Late_Blight,False,90c66082012cba0c0663e7e32dd3327c95efd7104f5a83355c764a83ccb9796c,afc8c4ad829f9d14,
potato_pld,Training/Late_Blight/Late_Blight_904.jpg,Late_Blight_904.jpg,.jpg,8462,256,256,Late_Blight,False,406969a960747e5ab5426f6d811014cfd791c60785b169a5be924b8061c77fbc,aaf4b582d40f921f,
potato_pld,Training/Late_Blight/Late_Blight_408.jpg,Late_Blight_408.jpg,.jpg,11065,256,256,Late_Blight,False,17117a578c0fc5fdcf9b375a38e3fd7a191a64a8eb9adc3d63432b52cf1559a6,fa2da5548252a75b,
potato_pld,Training/Late_Blight/Late_Blight_1030.jpg,Late_Blight_1030.jpg,.jpg,8363,256,256,Late_Blight,False,a732a24b3a3fc8f9b468efccc5a494d32569190b91d277d67e9cbd2e275139fe,eb2de055c1a38772,
potato_pld,Training/Late_Blight/Late_Blight_964.jpg,Late_Blight_964.jpg,.jpg,9030,256,256,Late_Blight,False,11604025afb71ae2ab77ec1d69f982e2be3671aba75a38ba060b9db371c51ac2,bec4b4aa9017d25e,
potato_pld,Training/Late_Blight/Late_Blight_611.jpg,Late_Blight_611.jpg,.jpg,8503,256,256,Late_Blight,False,65fecd928d37fd196bd051f30e09b7a20caa5baa2db9650ff37ed5088d915389,be6ac2a0c19f879c,
potato_pld,Training/Late_Blight/Late_Blight_1048.jpg,Late_Blight_1048.jpg,.jpg,8778,256,256,Late_Blight,False,db4435220227aef754747ada425c576d564f41200a9cad99b4aa3f4f47aa5213,bb90f09b940de96a,
potato_pld,Training/Late_Blight/Late_Blight_1019.jpg,Late_Blight_1019.jpg,.jpg,10592,256,256,Late_Blight,False,b48788d4182734673dd2829911d215f1f48af65f5a47be5578c238432dd3afdc,fee0a587968c929c,
potato_pld,Training/Late_Blight/Late_Blight_488.jpg,Late_Blight_488.jpg,.jpg,8953,256,256,Late_Blight,False,cd66e2316b697eb693257e321d3a1392f0a2263d15514d2ba62ef0365ab6ca92,bfe2b4a1c075c136,
potato_pld,Training/Late_Blight/Late_Blight_83.jpg,Late_Blight_83.jpg,.jpg,11590,256,256,Late_Blight,False,da82de45f0516adcfc27c7a7b86b21967b61895af2951d5be5f4a7dc5eddae94,eae0a14f9c3599b1,
potato_pld,Training/Late_Blight/Late_Blight_180.jpg,Late_Blight_180.jpg,.jpg,7873,256,256,Late_Blight,False,43e1935f773a1e4d21334284991359b5290fa42f8f9e91ea117623d083cf7394,ab37d5c09a5983c9,
potato_pld,Training/Late_Blight/Late_Blight_914.jpg,Late_Blight_914.jpg,.jpg,8365,256,256,Late_Blight,False,4a9651394b89e0d217d0f03a3439a9f24aee5f48f13391bdd14ff0fe81d20db8,eabde1d481c2994b,
potato_pld,Training/Late_Blight/Late_Blight_507.jpg,Late_Blight_507.jpg,.jpg,9266,256,256,Late_Blight,False,b739eb9a5f3a0ed178eed8385556a36c522fd899f2d8739b85f8561eae3f9160,aa06e1fe85c0976e,
potato_pld,Training/Late_Blight/Late_Blight_217.jpg,Late_Blight_217.jpg,.jpg,7369,256,256,Late_Blight,False,2b2613aad8c48eaf0927a2f53533232b9ac24782430b6e4d0aef83b733e59245,aacebdc691079127,
potato_pld,Training/Late_Blight/Late_Blight_1017.jpg,Late_Blight_1017.jpg,.jpg,8498,256,256,Late_Blight,False,bd21c1f4d7c8e09972d8ec01a2ac318881de6bec49d7b4902208199173e7b9b6,bf12f0ebc2d0838b,
potato_pld,Training/Late_Blight/Late_Blight_202.jpg,Late_Blight_202.jpg,.jpg,7600,256,256,Late_Blight,False,6567b927e64f3a9c22e4a72304b7cda38b710da9ccda5f8c914569d67b36c709,bbccb1ecc094cb94,
potato_pld,Training/Late_Blight/Late_Blight_891.jpg,Late_Blight_891.jpg,.jpg,9482,256,256,Late_Blight,False,63db860e0bec46e3d2b2c68ddc687fcd7fc078fe7f0101ecdafacf7e053a2b6e,ab01e0ffc54487ae,
potato_pld,Training/Late_Blight/Late_Blight_823.jpg,Late_Blight_823.jpg,.jpg,10328,256,256,Late_Blight,False,b6d78f624d48f07c4a4c9dde6dfddccba1cb2f8756471106ad0020f7989b147c,fa4ae00a87ddc789,
potato_pld,Training/Late_Blight/Late_Blight_846.jpg,Late_Blight_846.jpg,.jpg,8618,256,256,Late_Blight,False,935bd40e6b0f9f728bee629136409861d509ce46b72350e1eddcc0055ae20011,fa1de0788570c763,
potato_pld,Training/Late_Blight/Late_Blight_497.jpg,Late_Blight_497.jpg,.jpg,7974,256,256,Late_Blight,False,23f7a7b7add549296f111293d702ec30280e982a1283e62485100b1fe83311af,eae0e50a852f9db4,
potato_pld,Training/Late_Blight/Late_Blight_1072.jpg,Late_Blight_1072.jpg,.jpg,10331,256,256,Late_Blight,False,492ca027ffb369d864e58a5bec0cf3b4a034a951dc09091038322de5880b24ec,ebacb8c1c0e1879e,
potato_pld,Training/Late_Blight/Late_Blight_858.jpg,Late_Blight_858.jpg,.jpg,8479,256,256,Late_Blight,False,554ee1e4dda76ede2576f7dd761205864a8a6493411ec82411f98420a1419d15,aa61b543954792af,
potato_pld,Training/Late_Blight/Late_Blight_1012.jpg,Late_Blight_1012.jpg,.jpg,8073,256,256,Late_Blight,False,e677f237538b6f014ea800ff129d0f638445c4cb89e6292a29edb5a38120a2cc,bf0fb0f8c6c0d261,
potato_pld,Training/Late_Blight/Late_Blight_905.jpg,Late_Blight_905.jpg,.jpg,8336,256,256,Late_Blight,False,5902e633988f228fdc4d0b1a2c8245c89478bd8974c302c37febfbaf0c004510,ba9db456d08ac2d9,
potato_pld,Training/Late_Blight/Late_Blight_943.jpg,Late_Blight_943.jpg,.jpg,7406,256,256,Late_Blight,False,9bbdc8eb8cc61fe808b609857f991c2caf2463dcee3e17bc8b53573f3d483202,fadae02187bd9701,
potato_pld,Training/Late_Blight/Late_Blight_97.jpg,Late_Blight_97.jpg,.jpg,9422,256,256,Late_Blight,False,3339a1c121bfafba0b72361ae3f3e3478e93fede778bbe6058ae618a1f2c37e7,ea1ce5ea868194b7,
potato_pld,Training/Late_Blight/Late_Blight_399.jpg,Late_Blight_399.jpg,.jpg,8451,256,256,Late_Blight,False,2f6b8e508afbbaa5980d06c675886402b09be1705b5ae6b9fc9eed3938abd833,ffdaf0a88294d710,
potato_pld,Training/Late_Blight/Late_Blight_112.jpg,Late_Blight_112.jpg,.jpg,9330,256,256,Late_Blight,False,da261002119e4a522506525992c4de62952af988ef10820a334f94f85803dd41,eb9d945e8f58cc40,
potato_pld,Training/Late_Blight/Late_Blight_190.jpg,Late_Blight_190.jpg,.jpg,8117,256,256,Late_Blight,False,308adabe0aa4ea854a9d9b35f700675e34123030b4783ae9ead7e5da4e8b8f0f,bbccb08c913c5b3c,
potato_pld,Training/Late_Blight/Late_Blight_470.jpg,Late_Blight_470.jpg,.jpg,7956,256,256,Late_Blight,False,3c2a1b981b815a67c5811ded03d629fd7f5a579974c3297154b61b4dd2fa78b9,ea58a5eb8701d46d,
potato_pld,Training/Late_Blight/Late_Blight_719.jpg,Late_Blight_719.jpg,.jpg,9319,256,256,Late_Blight,False,0aeea933c826f8d87d667c4de05453b7f9b97225a7a05b56c846e214787e6a88,eef7a0a284359e58,
potato_pld,Training/Late_Blight/Late_Blight_774.jpg,Late_Blight_774.jpg,.jpg,8423,256,256,Late_Blight,False,729bf783bc618092b72150b0c839a6360026152b5bd5adaa2a68442adb46a3f4,afcce1eac025c335,
potato_pld,Training/Late_Blight/Late_Blight_311.jpg,Late_Blight_311.jpg,.jpg,7746,256,256,Late_Blight,False,4b979b1db7bfd09fd3c2d0b3a9080ddd275c44e16e4b831111eb666b4937a091,aad1955ede68a125,
potato_pld,Training/Late_Blight/Late_Blight_674.jpg,Late_Blight_674.jpg,.jpg,9329,256,256,Late_Blight,False,9b14bfc0581c6edc3bf8969a3c064a1c733418c90048af07f8cb61df58fb76ac,bad2b0ead03591b5,
potato_pld,Training/Late_Blight/Late_Blight_619.jpg,Late_Blight_619.jpg,.jpg,8281,256,256,Late_Blight,False,0ee2c7ec6d595ad003569d080b89ff86d4603d746afc834374d13750df7341c7,fae28087979c7a98,
potato_pld,Training/Late_Blight/Late_Blight_396.jpg,Late_Blight_396.jpg,.jpg,9274,256,256,Late_Blight,False,a1a315d38f6b32034bf1275afff5fc1f78f08fcdbcb47b725f7b102738a9ef54,fa23e047850e977c,
potato_pld,Training/Late_Blight/Late_Blight_105.jpg,Late_Blight_105.jpg,.jpg,8716,256,256,Late_Blight,False,d74da7bafdeab323f8c2a905e8f074dcd03931ed6a006cc5f5cffe4c87ce900c,bba4d056924bc33b,
potato_pld,Training/Late_Blight/Late_Blight_75.jpg,Late_Blight_75.jpg,.jpg,9993,256,256,Late_Blight,False,cb11767b1076904abbe1bf491db04efc30d7365999ea994c9949084828eef481,afc0b4abd255d30a,
potato_pld,Training/Late_Blight/Late_Blight_607.jpg,Late_Blight_607.jpg,.jpg,8952,256,256,Late_Blight,False,64ed2b95d2bc27f863459ce00064c9a5555a1958c2266aa512bb85e02b66be8b,bf97d05a8d6c8468,
potato_pld,Training/Late_Blight/Late_Blight_66.jpg,Late_Blight_66.jpg,.jpg,8653,256,256,Late_Blight,False,1daa4ce47a7762b50fff4725b3db82561110de05b909c5677f74df1b7007f6ca,ae349ac9f1cdc446,
potato_pld,Training/Late_Blight/Late_Blight_131.jpg,Late_Blight_131.jpg,.jpg,9500,256,256,Late_Blight,False,e62eefdaf3bdec398d49c0d429a1cb718b0451302bb2532478f6ee986b992e92,ebc9e10b855d9728,
potato_pld,Training/Late_Blight/Late_Blight_107.jpg,Late_Blight_107.jpg,.jpg,10765,256,256,Late_Blight,False,4bef70f597701e94b787ee8d2eb16018c21fbfd7978f3869e9be48a263912004,fae3a00795f78216,
potato_pld,Training/Late_Blight/Late_Blight_278.jpg,Late_Blight_278.jpg,.jpg,8868,256,256,Late_Blight,False,5ca009644655da4c1adb0a3b9105894d8ab42547ab23de8511bd54305a007aaa,fa2fc5f0d64292c4,
potato_pld,Training/Late_Blight/Late_Blight_109.jpg,Late_Blight_109.jpg,.jpg,9248,256,256,Late_Blight,False,fbc1aefed81debf3b9cb75d9d477010a519f5b339a7114f24b5ee26efa3a4679,ebada0c4854a9f8d,
potato_pld,Training/Late_Blight/Late_Blight_3.jpg,Late_Blight_3.jpg,.jpg,8003,256,256,Late_Blight,False,33de499ed0807a27a2f1d8ad598dec9a004123823f6c06c3e2befce703b4e4d5,bf39e0a296859a8e,
potato_pld,Training/Late_Blight/Late_Blight_570.jpg,Late_Blight_570.jpg,.jpg,8104,256,256,Late_Blight,False,49c03f6864602423cdf9a571cd9327f04f123e20b1c0bbf2d8261e9a5403b3cc,feb5e456c2708721,
potato_pld,Training/Late_Blight/Late_Blight_694.jpg,Late_Blight_694.jpg,.jpg,8957,256,256,Late_Blight,False,59726598bc755e15f798e4e571dfe61fde798c0a0928c433b82d3d7f6a61daba,ba48b175d7868b92,
potato_pld,Training/Late_Blight/Late_Blight_495.jpg,Late_Blight_495.jpg,.jpg,8073,256,256,Late_Blight,False,7a5b6bc885aa36b01fa438b48cff8eaa80bbb2cc6abafca28801cf59348eed99,fa66a0e287819e97,
potato_pld,Training/Late_Blight/Late_Blight_900.jpg,Late_Blight_900.jpg,.jpg,8116,256,256,Late_Blight,False,e09af53d208680bb419b4e070d0a388302bee4c497565e739d4d51e49dde44cb,eac6e0aa851d9e3c,
potato_pld,Training/Late_Blight/Late_Blight_483.jpg,Late_Blight_483.jpg,.jpg,8655,256,256,Late_Blight,False,e0d5e574174530a5f3451b91358afac60585e9d0b76ed9b676e1fc2f396b6a82,af1ff078c258d2b0,
potato_pld,Training/Late_Blight/Late_Blight_99.jpg,Late_Blight_99.jpg,.jpg,10007,256,256,Late_Blight,False,4a8bdad0d732f72c7bcefde72abfb55d8b23f7047ed4c9c4dfaa5578faf89b83,fe0ec0f8c7f0b0a1,
potato_pld,Training/Late_Blight/Late_Blight_672.jpg,Late_Blight_672.jpg,.jpg,9276,256,256,Late_Blight,False,338e56dc7d1801ecf8abc3d91b7f17402a69a5afdbbe9051fae8bda07fb689b2,bb49a0edc5a58687,
potato_pld,Training/Late_Blight/Late_Blight_309.jpg,Late_Blight_309.jpg,.jpg,9088,256,256,Late_Blight,False,d8c2fbbcf8db4b93e15341ae72930b53e91bced26386b85bc09bf18b8c13d887,aa17f5be85f086c0,
potato_pld,Training/Late_Blight/Late_Blight_812.jpg,Late_Blight_812.jpg,.jpg,10584,256,256,Late_Blight,False,2a2f0c10003db02ca6e8ef05801555adbb4f58ff170416eb77403a1f15f819a4,aafdb550d1a29352,
potato_pld,Training/Late_Blight/Late_Blight_298.jpg,Late_Blight_298.jpg,.jpg,7863,256,256,Late_Blight,False,3c5b607d8fd82122fa0c96b7537a7b128cf79639618ba6f1506250090475caa4,ba1ea13895a89ed5,
potato_pld,Training/Late_Blight/Late_Blight_513.jpg,Late_Blight_513.jpg,.jpg,8056,256,256,Late_Blight,False,f306b4ec598586e4cde8b91216f6b8f23ea348c41caf8722ce309e7036b85527,aa34e1768302cf7e,
potato_pld,Training/Late_Blight/Late_Blight_169.jpg,Late_Blight_169.jpg,.jpg,9338,256,256,Late_Blight,False,51995bd1ba3b923e6598bb461b91cc8e92471de04a9a9882beb2956dec28eb57,ea3be4d184c1d687,
potato_pld,Training/Late_Blight/Late_Blight_1018.jpg,Late_Blight_1018.jpg,.jpg,8976,256,256,Late_Blight,False,e1938a030e69b2b453d599fb6261da913b79630bc170bb68de3587414de405a4,ee95e1d681d2871a,
potato_pld,Training/Late_Blight/Late_Blight_1110.jpg,Late_Blight_1110.jpg,.jpg,10764,256,256,Late_Blight,False,e1f6bdb1e948cafb8f18fdd3f034ab7e18c83f86d96248f142f0aeef242bb008,aaf2b5a0b2c1d317,
potato_pld,Training/Late_Blight/Late_Blight_183.jpg,Late_Blight_183.jpg,.jpg,6816,256,256,Late_Blight,False,b3e1ba4dcbab7aa97f346508b6f0729bdaa5c167d5ff584c2365ff484420f867,cac9b6e08579873c,
potato_pld,Training/Late_Blight/Late_Blight_813.jpg,Late_Blight_813.jpg,.jpg,8802,256,256,Late_Blight,False,5fb0505ff5c3e28bcdd1cf843387fda11c28893e015ef408ba89197f32dd94f7,aae0b587960d9abc,
potato_pld,Training/Late_Blight/Late_Blight_2.jpg,Late_Blight_2.jpg,.jpg,12303,256,256,Late_Blight,False,36699b643d8813ae51d13415bef6224c1077586fbcece93890ff3dd77c354be9,be5be0a880f587b4,
potato_pld,Training/Late_Blight/Late_Blight_80.jpg,Late_Blight_80.jpg,.jpg,10668,256,256,Late_Blight,False,e34eb590304b093130f142f63dbcfb996e713ff414b1ac3c5642a3a091919af5,ea1fc4f8a541d4c3,
potato_pld,Training/Late_Blight/Late_Blight_437.jpg,Late_Blight_437.jpg,.jpg,9721,256,256,Late_Blight,False,447cc523a32cf604c8d4dd724cdbddb401ef4d58cca9dee51c0a7eef6edd6939,aaeaad21d52dca1c,
potato_pld,Training/Late_Blight/Late_Blight_586.jpg,Late_Blight_586.jpg,.jpg,7953,256,256,Late_Blight,False,56f8c81ca899d2e509e0097b62061567af774dd1d43ce413529bb0f4c968d485,ea3acde1998e870c,
potato_pld,Training/Late_Blight/Late_Blight_249.jpg,Late_Blight_249.jpg,.jpg,9622,256,256,Late_Blight,False,e5e13ffac7d86dbf1d60107ed9a74f7445d874eb9efbd2b9754ea834653b45c0,becdb0c19027ca37,
potato_pld,Training/Late_Blight/Late_Blight_1058.jpg,Late_Blight_1058.jpg,.jpg,8346,256,256,Late_Blight,False,1e5f87da67491508015d675c58ab5759e45b1023534ac049d14c39219d2f1f28,ef23e157851a9638,
potato_pld,Training/Late_Blight/Late_Blight_176.jpg,Late_Blight_176.jpg,.jpg,11197,256,256,Late_Blight,False,e863415b6ad85798a350d8b0cf0425a98df13021f56d3cbd11800bfc630ba83b,bbcbf02dc1b0cb50,
potato_pld,Training/Late_Blight/Late_Blight_901.jpg,Late_Blight_901.jpg,.jpg,5643,256,256,Late_Blight,False,b7a622470288c14e4768e96574ddb1d4af8e0c0be0c6cc9d65a651b91222c032,ebe8a18fd50dd890,
potato_pld,Training/Late_Blight/Late_Blight_880.jpg,Late_Blight_880.jpg,.jpg,7305,256,256,Late_Blight,False,ce546678918e4650826b7fe624339e224f6c056bdfadaccaf1e9b718d42c424b,ae52f4ad82d49f0a,
potato_pld,Training/Late_Blight/Late_Blight_1000.jpg,Late_Blight_1000.jpg,.jpg,10218,256,256,Late_Blight,False,2a2ca017c3f951032a0b5a522b94ba1024278424f6f9e936592beb53015e8c00,eb1fa5f085c190a7,
potato_pld,Training/Late_Blight/Late_Blight_487.jpg,Late_Blight_487.jpg,.jpg,8697,256,256,Late_Blight,False,133733a2c79fecf35d40f33b30fe1ea63241eda6c82f711a79f1fcdcd122a0e1,ea40d5298e2f8eb5,
potato_pld,Training/Late_Blight/Late_Blight_49.jpg,Late_Blight_49.jpg,.jpg,8570,256,256,Late_Blight,False,515266bf776fce2f716019f31b542565c8d6f5ad7bca1e905c7afe0c401d548c,bc9e9d4ae4a4d2d0,
potato_pld,Training/Late_Blight/Late_Blight_791.jpg,Late_Blight_791.jpg,.jpg,9832,256,256,Late_Blight,False,4b94fd752def3645daf47cf280bbbb4704541be445b433025ddcd18b9b9308d0,aee0a487941fc69e,
potato_pld,Training/Late_Blight/Late_Blight_709.jpg,Late_Blight_709.jpg,.jpg,9036,256,256,Late_Blight,False,9bf423478aa320109c078b4658b8fca9934d7eb43c2d7e41efbcdec1936125b4,bfd8b1ac80b4c3d2,
potato_pld,Training/Late_Blight/Late_Blight_963.jpg,Late_Blight_963.jpg,.jpg,7923,256,256,Late_Blight,False,f3c326ba51dd003c1d3856a81ecc06272bc3d855609fdc02c300d1fcb00af5b8,aec0e50fd6fc8a18,
potato_pld,Training/Late_Blight/Late_Blight_286.jpg,Late_Blight_286.jpg,.jpg,10442,256,256,Late_Blight,False,0ff8fe6ae952f5f297eb0b9c172e4ed949471ec318943a45a9e1d0f7c80b244f,eae2e10787be8478,
potato_pld,Training/Late_Blight/Late_Blight_318.jpg,Late_Blight_318.jpg,.jpg,9152,256,256,Late_Blight,False,e5cc9b253ec841d9cbeb14acea00bb3ceb095c306e320c9854f46ac04f70f257,bf42b0a3c0b5cd95,
potato_pld,Training/Late_Blight/Late_Blight_267.jpg,Late_Blight_267.jpg,.jpg,7789,256,256,Late_Blight,False,9f4d043619c537259d59e89900dd2c49a8ef0a548e24b581378e353308e953e4,eec2a58f871c9a38,
potato_pld,Training/Late_Blight/Late_Blight_407.jpg,Late_Blight_407.jpg,.jpg,11010,256,256,Late_Blight,False,f71d9dc92c94c35504d6cc785ae93171b2749f21c64cb243668fd30c2623654b,fa2da5d48252875b,
potato_pld,Training/Late_Blight/Late_Blight_790.jpg,Late_Blight_790.jpg,.jpg,10643,256,256,Late_Blight,False,284d3048cb1d673d90d09fce0c2a221196e8e65ca59931c98ad3a9f1b9614cb1,babde1f4d2d28142,
potato_pld,Training/Late_Blight/Late_Blight_1004.jpg,Late_Blight_1004.jpg,.jpg,9794,256,256,Late_Blight,False,0596f3cd77472a94d91a343ceecb6f4e0191604573d8fd565ff6540ca2cfd8d1,eaa5e5d285529e8a,
potato_pld,Training/Late_Blight/Late_Blight_643.jpg,Late_Blight_643.jpg,.jpg,8367,256,256,Late_Blight,False,155daaaf6d3b602e8eb2e65f97e64a94e67442d6fe19b4a6fd449f02825ac1fe,aec8a486d21fda3a,
potato_pld,Training/Late_Blight/Late_Blight_199.jpg,Late_Blight_199.jpg,.jpg,7054,256,256,Late_Blight,False,f97502346e26e351e943a3f4640744e56058bd25b96acb61defd34a7a9b2fcb9,eb91e55a864a0e6d,
potato_pld,Training/Late_Blight/Late_Blight_884.jpg,Late_Blight_884.jpg,.jpg,9012,256,256,Late_Blight,False,b0509897efa855ff2f90049c8f0e32cef43ea0356dd8fea33b5fbb36fab3d806,ba1ba1f8d52192f1,
potato_pld,Training/Late_Blight/Late_Blight_723.jpg,Late_Blight_723.jpg,.jpg,9422,256,256,Late_Blight,False,0ec0742b97edb2db3f257a8018c1a33394ff7bf1699ae042d91167ad0eafcf42,bfdab828d0a5c835,
potato_pld,Training/Late_Blight/Late_Blight_1114.jpg,Late_Blight_1114.jpg,.jpg,8382,256,256,Late_Blight,False,863e90e6c5f6f32a07b00a38004526faf4fba7a6186ab3a23b51fafb551af6d0,ba94e058cf699dc4,
potato_pld,Training/Late_Blight/Late_Blight_394.jpg,Late_Blight_394.jpg,.jpg,9837,256,256,Late_Blight,False,430ca6ca21d3780f53b2dadf5c162ce94d84b7948ce39ceafc92e5207d48b892,eac0854f9d4dd42d,
potato_pld,Training/Late_Blight/Late_Blight_807.jpg,Late_Blight_807.jpg,.jpg,9545,256,256,Late_Blight,False,cf501cf46b159aed9353643e796c6d2aac32ae054ca1a15e1f2ef1e40e1ea3f5,bbb9e4f8d5c08283,
potato_pld,Training/Late_Blight/Late_Blight_1065.jpg,Late_Blight_1065.jpg,.jpg,10599,256,256,Late_Blight,False,deb436243f6d051c076e16e9450e3b99d6356af69f69a66f9cf49c6ee6d481cd,ef94b54bd00382f6,
potato_pld,Training/Late_Blight/Late_Blight_841.jpg,Late_Blight_841.jpg,.jpg,10175,256,256,Late_Blight,False,72c31ef8d1cb4081b626dcfa997119a651f6a9d790e99ba3f34ad3e8ff520f05,fa50f4ba8403c76b,
potato_pld,Training/Late_Blight/Late_Blight_307.jpg,Late_Blight_307.jpg,.jpg,9875,256,256,Late_Blight,False,8d063e7a6aea5390350c997a3271ab670b4deeefda24900e93deda0e891955f0,bf27b0ab8005d755,
potato_pld,Training/Late_Blight/Late_Blight_684.jpg,Late_Blight_684.jpg,.jpg,8823,256,256,Late_Blight,False,b22eb4b0d25d90ce28e3f0cd4061a2ac1537d0088de625f1bcb7bfa1c0817e4b,bbc6f0aa9084c3b7,
potato_pld,Training/Late_Blight/Late_Blight_300.jpg,Late_Blight_300.jpg,.jpg,7659,256,256,Late_Blight,False,bc138e199aa91a520ef5c33e724633da6333624a7fa6ac1abe3457c9b3cb9514,bf4eb4ad80b4c196,
potato_pld,Training/Late_Blight/Late_Blight_432.jpg,Late_Blight_432.jpg,.jpg,8835,256,256,Late_Blight,False,65c06fed944b2408251ad232eba954fb10a9048b64866f3ad9a9d9183ec0d2aa,eac3850a9c3dd137,
potato_pld,Training/Late_Blight/Late_Blight_134.jpg,Late_Blight_134.jpg,.jpg,10155,256,256,Late_Blight,False,3dec404469ea54f65f21bc03468ca7c672c8204ae11b61903f38f89b0ed6fe3f,bfb6b012d268c92d,
potato_pld,Training/Late_Blight/Late_Blight_284.jpg,Late_Blight_284.jpg,.jpg,8679,256,256,Late_Blight,False,9fe022e9c878611f35134e1e9bec4b30a227837aa857abb6150ead2fc34dbaa3,e937a1f087738e03,
potato_pld,Training/Late_Blight/Late_Blight_25.jpg,Late_Blight_25.jpg,.jpg,12661,256,256,Late_Blight,False,5be2855f6a6abef722593c01405bda1a36121c1f7159a59e564b976edcdcf77d,bfbe90c19877c043,
potato_pld,Training/Late_Blight/Late_Blight_582.jpg,Late_Blight_582.jpg,.jpg,6733,256,256,Late_Blight,False,859ea97cf33ec3283927a8b92d4e967b608a4c289dd6490a2196a2635ddc274d,eaca860a9e35c1b7,
potato_pld,Training/Late_Blight/Late_Blight_814.jpg,Late_Blight_814.jpg,.jpg,9992,256,256,Late_Blight,False,df822c308826f84af1a5b121419a03cfe44877a9de037290483b0aac0744111d,abb5f510d26a9271,
potato_pld,Training/Late_Blight/Late_Blight_853.jpg,Late_Blight_853.jpg,.jpg,9263,256,256,Late_Blight,False,277019782ddbc3a87a590e2e1a3ee20b87a33ba55671de01f7f853a9220e6d17,aa43b5f3d2d4920e,
potato_pld,Training/Late_Blight/Late_Blight_735.jpg,Late_Blight_735.jpg,.jpg,9109,256,256,Late_Blight,False,b6d2c33ea5114b6e2429dca81e80bedf05afa449b7bda3aa73ecac17f6fcf2f2,bb9fb05c9168ca25,
potato_pld,Training/Late_Blight/Late_Blight_248.jpg,Late_Blight_248.jpg,.jpg,10051,256,256,Late_Blight,False,a13bdfefad33283022b36b308b7f90f32da8f5ba4caa4283aa1ed09f6a2791b3,eac0b5ead0a5d915,
potato_pld,Training/Late_Blight/Late_Blight_959.jpg,Late_Blight_959.jpg,.jpg,5932,256,256,Late_Blight,False,d3ead64c328bd762f510dc0c82cb76fd62de0e074d1b127771f4db359d31a500,ff40b0fcd000c37f,
potato_pld,Training/Late_Blight/Late_Blight_355.jpg,Late_Blight_355.jpg,.jpg,8850,256,256,Late_Blight,False,89adb1122669800e3622ba790bc05e6a91dd063ec2b9a9d84d04764ed3bfbb21,fee4a4079584dc1e,
potato_pld,Training/Late_Blight/Late_Blight_1066.jpg,Late_Blight_1066.jpg,.jpg,10078,256,256,Late_Blight,False,1158a3970f4c93653e1ba53c674749729b35241a906b46d19a61b00bf5ddbfff,ae9be1d487c3844e,
potato_pld,Training/Late_Blight/Late_Blight_676.jpg,Late_Blight_676.jpg,.jpg,9838,256,256,Late_Blight,False,a09c5ab3fda53b15e629d9f0ec5df875a0bc00632ffdc86efd1f2a687e4bf13f,fbcbf06881e983a1,
potato_pld,Training/Late_Blight/Late_Blight_1084.jpg,Late_Blight_1084.jpg,.jpg,11021,256,256,Late_Blight,False,277d81e3eae02dc8df7771587d53a9a508ba36d548e95f8d5a8c5521016214e3,ffe08e94e58b1254,
potato_pld,Training/Late_Blight/Late_Blight_228.jpg,Late_Blight_228.jpg,.jpg,8793,256,256,Late_Blight,False,8f00b80f898a7419f288aba560d38d01bdefe2331eca05b85fdb25765099a9d4,af97f4d0d2ebc001,
potato_pld,Training/Late_Blight/Late_Blight_578.jpg,Late_Blight_578.jpg,.jpg,8928,256,256,Late_Blight,False,4da7af330419fdd8ca18c64f4655fe873f479edad290634fd7f91d076902f111,ae99a4f8d560da43,
potato_pld,Training/Late_Blight/Late_Blight_697.jpg,Late_Blight_697.jpg,.jpg,9724,256,256,Late_Blight,False,73d05974c9c723bef36756b9c0de26f346f607e20dfb9d2ca54343ab1e0f64f8,bacaf82cc06dd1e4,
potato_pld,Training/Late_Blight/Late_Blight_175.jpg,Late_Blight_175.jpg,.jpg,9069,256,256,Late_Blight,False,77bcbeb49e228bfb6c80b750d777a9035738ba84f674ededf3d5cd69944cf7bd,fabc80508ac3dd67,
potato_pld,Training/Late_Blight/Late_Blight_182.jpg,Late_Blight_182.jpg,.jpg,9199,256,256,Late_Blight,False,e75515b2757812d3e9d8ca37bea0158a50756b4fdfed9c20e171edf8c2d04b3a,ab08a17dd5e1d887,
potato_pld,Training/Late_Blight/Late_Blight_1013.jpg,Late_Blight_1013.jpg,.jpg,8344,256,256,Late_Blight,False,beabef22bc93ef71f7bb68ae6727c71a25cb730a57df868ffe8607b701ff1171,bb92e4c1815b97b8,
potato_pld,Training/Late_Blight/Late_Blight_359.jpg,Late_Blight_359.jpg,.jpg,8471,256,256,Late_Blight,False,98df6044f2030b55004792af73a01baf3c4fb7a38bb1ee9254386372e511c5f6,fa45a0ab854c97ec,
potato_pld,Training/Late_Blight/Late_Blight_158.jpg,Late_Blight_158.jpg,.jpg,10222,256,256,Late_Blight,False,3f83b1923dad947fb4fc0442841f327c164948e622aefb0a20cac43b888d34b2,bfdab0e99015d2e0,
potato_pld,Training/Late_Blight/Late_Blight_907.jpg,Late_Blight_907.jpg,.jpg,6670,256,256,Late_Blight,False,0488ea29e7cb8ccd005a988f09f8daf59cc5f763f9b24c92dd9faf9638d77f23,aa1ea1b287d3d683,
potato_pld,Training/Late_Blight/Late_Blight_769.jpg,Late_Blight_769.jpg,.jpg,8757,256,256,Late_Blight,False,c45bea39b379afc6fdbc2518aa6cfdd1713aff8d0afdf163e275392e9f6b713a,ef07b53ed078c260,
potato_pld,Training/Late_Blight/Late_Blight_555.jpg,Late_Blight_555.jpg,.jpg,8758,256,256,Late_Blight,False,178b8abfc9c1ab42078923ca136b941fa3aa516b64b36d41ba5dfd4a462fd863,eb4ca1e887859c97,
potato_pld,Training/Late_Blight/Late_Blight_289.jpg,Late_Blight_289.jpg,.jpg,10010,256,256,Late_Blight,False,2321e7a75383f1b1def6bbe64ee99fdad81111318227cf6236cf8e43a8f1d75f,aac4e50281fbd71e,
potato_pld,Training/Late_Blight/Late_Blight_978.jpg,Late_Blight_978.jpg,.jpg,10433,256,256,Late_Blight,False,3776a702139305e52c397d8db72362ea2d70c642a3f94f114eb2066fed465c9e,bbadb554905a815b,
potato_pld,Training/Late_Blight/Late_Blight_894.jpg,Late_Blight_894.jpg,.jpg,8288,256,256,Late_Blight,False,980d2a835b0496a1dbdf071e14f3b648a5abf38aafd87802d69f32112e9fbfc5,aaf4b502d0cbd24f,
potato_pld,Training/Late_Blight/Late_Blight_581.jpg,Late_Blight_581.jpg,.jpg,8433,256,256,Late_Blight,False,5b3e1c6761dc31d1848f43070f8618e3fbd605a8552a2dc93306b75de91dcaf3,bec4b0c6940e9b6d,
potato_pld,Training/Late_Blight/Late_Blight_593.jpg,Late_Blight_593.jpg,.jpg,8656,256,256,Late_Blight,False,1b0d3edd89298002f8d8d494ead061c0d9f05b0fe09195caf9915868255af3af,eae0a10797ee9236,
potato_pld,Training/Late_Blight/Late_Blight_1079.jpg,Late_Blight_1079.jpg,.jpg,10300,256,256,Late_Blight,False,50f057c704ac12a5f170d814c4c16294908bb7f1a19e7503919086e08fb2b698,e8c0a6dd875e9c94,
potato_pld,Training/Late_Blight/Late_Blight_995.jpg,Late_Blight_995.jpg,.jpg,8362,256,256,Late_Blight,False,97ea9b5aab54668e4d4d05c6b0e628cc53ded39d8d7ee62eeb2d6cf029b65d6d,ea5ee0e885418f9d,
potato_pld,Training/Late_Blight/Late_Blight_1126.jpg,Late_Blight_1126.jpg,.jpg,9560,256,256,Late_Blight,False,2adb53a9ceb435333f37e9aba3e83551d57c7c63308ff1a85d2bc829e078d557,af68e124d2b38787,
potato_pld,Training/Late_Blight/Late_Blight_868.jpg,Late_Blight_868.jpg,.jpg,9635,256,256,Late_Blight,False,b6acb06030516a452a200229996d99a02187f19a6c793e2ff1aadbb610e8f7e7,fb5ae0eac02983e5,
potato_pld,Training/Late_Blight/Late_Blight_144.jpg,Late_Blight_144.jpg,.jpg,9525,256,256,Late_Blight,False,1ac7f3e0d9b7ea025be8e09c4ac8f7cfea0e6111d5f55731695f2f8b61fbde8f,ea7cb1aa85c192c7,
potato_pld,Training/Late_Blight/Late_Blight_67.jpg,Late_Blight_67.jpg,.jpg,10200,256,256,Late_Blight,False,5b69b89d5df2458cd9253cda5df2f3c45b2395b86ad33eb1e59d0a69192616a0,fee0a023859f9794,
potato_pld,Training/Late_Blight/Late_Blight_1117.jpg,Late_Blight_1117.jpg,.jpg,9275,256,256,Late_Blight,False,ad5690ffa63136bb8f652e129c609d98646ce0d420862fe5027dbe5ddd3ae07c,fa1da0fa95b895a0,
potato_pld,Training/Late_Blight/Late_Blight_383.jpg,Late_Blight_383.jpg,.jpg,9014,256,256,Late_Blight,False,8cd6ce3f863296a67984fc48a653d8b7ed2d86ef7e93a757e859a913706fc114,ea8ba1f8d7e09283,
potato_pld,Training/Late_Blight/Late_Blight_323.jpg,Late_Blight_323.jpg,.jpg,7173,256,256,Late_Blight,False,e0675e8fa49527092f233e6727c1ce9d716ec2e17edd74f241c884b9dbce8661,fb0ea37897c19270,
potato_pld,Training/Late_Blight/Late_Blight_1020.jpg,Late_Blight_1020.jpg,.jpg,9273,256,256,Late_Blight,False,f72ba78bc06baad470441928bda79301401b35d53f7e17718f70a83d900938f1,ef85f45e820a873c,
potato_pld,Training/Late_Blight/Late_Blight_670.jpg,Late_Blight_670.jpg,.jpg,9081,256,256,Late_Blight,False,1bfabfa72eb14921bfd8f218f2aa5b1b3614d9ce5db92a0076826d4070ed5bef,bb8fb1fcd0c0c292,
potato_pld,Training/Late_Blight/Late_Blight_305.jpg,Late_Blight_305.jpg,.jpg,8903,256,256,Late_Blight,False,9018f0fd6f088cfe55056f8a8ad289629d7017af4b84c4b7ecacbf84f4bfe62f,be15e1bad05083bb,
potato_pld,Training/Late_Blight/Late_Blight_805.jpg,Late_Blight_805.jpg,.jpg,9440,256,256,Late_Blight,False,5d71b80fb19cd92ca0a89770752743493dde053fc788485fdee49e8af3484a27,adb6b472c2e08ba3,
potato_pld,Training/Late_Blight/Late_Blight_975.jpg,Late_Blight_975.jpg,.jpg,7304,256,256,Late_Blight,False,69f9c663464d47559d2b396153f1efb75e07ea85b6d06225edb553fc3887c76f,aeb5e0d2831a875b,
potato_pld,Training/Late_Blight/Late_Blight_446.jpg,Late_Blight_446.jpg,.jpg,10369,256,256,Late_Blight,False,94313a31b880282a8aac445fd527a74ee7527d747228b5677315ba0e5eaf2b3a,ff4bf58d80acc184,
potato_pld,Training/Late_Blight/Late_Blight_1100.jpg,Late_Blight_1100.jpg,.jpg,8486,256,256,Late_Blight,False,2d25658ca11c08558af37b8b8ed9be06aed693f49433a2bad7a055131c6ff384,ba59e02885a5d7d5,
potato_pld,Training/Late_Blight/Late_Blight_890.jpg,Late_Blight_890.jpg,.jpg,8462,256,256,Late_Blight,False,ae5bd43c60e337fa42a43951ab9592040633926dba4c96b000041b65aa35db68,fa40e08b85bf971c,
potato_pld,Training/Late_Blight/Late_Blight_343.jpg,Late_Blight_343.jpg,.jpg,8587,256,256,Late_Blight,False,75b6a6beac318034ca11aa725fb29c47d08db409a9362c9e16958b56003bfc56,eac4a00f972e947d,
potato_pld,Training/Late_Blight/Late_Blight_478.jpg,Late_Blight_478.jpg,.jpg,8766,256,256,Late_Blight,False,97b2a0064d9ac34e79e28f57b6f505ac1290b8c95658868ed8215a6ff880f779,bbe28183d5179a1e,
potato_pld,Training/Late_Blight/Late_Blight_926.jpg,Late_Blight_926.jpg,.jpg,7004,256,256,Late_Blight,False,b3055eb09b36e15e5b59113e34983f8b1828ef8668591db8ac1be21df4173c8e,aa42a58f960d96fc,
potato_pld,Training/Late_Blight/Late_Blight_104.jpg,Late_Blight_104.jpg,.jpg,9857,256,256,Late_Blight,False,94ab5caabd48abcf8a2821997d47504f70b72014fa7c5b020474f3e3de19afbd,eb178d5fcd408c46,
potato_pld,Training/Late_Blight/Late_Blight_638.jpg,Late_Blight_638.jpg,.jpg,9045,256,256,Late_Blight,False,61f8998993834241a692fecd9e3cff105c9a5fd56cc41ae987d4f0044b4230c7,fac085eb9e2d9815,
potato_pld,Training/Late_Blight/Late_Blight_64.jpg,Late_Blight_64.jpg,.jpg,9177,256,256,Late_Blight,False,d1e389684a70dc203b692d30863fd3065fd9a71b6065774240ac750cf49f479a,ea2d95f2905682db,
potato_pld,Training/Late_Blight/Late_Blight_913.jpg,Late_Blight_913.jpg,.jpg,7995,256,256,Late_Blight,False,ba03a9813509d326c6896c2365a67e4945ff439715fb7c5bd5a76fba3d1d1289,ab4af4a9c085c5d7,
potato_pld,Training/Late_Blight/Late_Blight_373.jpg,Late_Blight_373.jpg,.jpg,8065,256,256,Late_Blight,False,cf1895560ff419de46a54751adcd298999b0b8e9deeda5821a31294f64cd3b6f,bf1f905a9a68cca4,
potato_pld,Training/Late_Blight/Late_Blight_689.jpg,Late_Blight_689.jpg,.jpg,10010,256,256,Late_Blight,False,5215d967ff351fe214d05738ac3d44063d6d71486a199c84d69c626ae5e38589,bf89b59ed018ca68,
potato_pld,Training/Late_Blight/Late_Blight_229.jpg,Late_Blight_229.jpg,.jpg,7696,256,256,Late_Blight,False,22b80da5857a97446c338804da48f7ce608f86bbfe00d0df007879c4c7251162,bbb9e1f581908693,
potato_pld,Training/Late_Blight/Late_Blight_520.jpg,Late_Blight_520.jpg,.jpg,8043,256,256,Late_Blight,False,74b7d7b5927918c73843353fa99b0ededd6d23ae9add910a6d382007f80c0bbd,afc4a4af92148e9e,
potato_pld,Training/Late_Blight/Late_Blight_819.jpg,Late_Blight_819.jpg,.jpg,9383,256,256,Late_Blight,False,49b3b255b9247baf1a1d8c22d2d581df37ec51fef15844e64bf97042ff4f6203,fe4bb063812197a7,
potato_pld,Training/Late_Blight/Late_Blight_866.jpg,Late_Blight_866.jpg,.jpg,9676,256,256,Late_Blight,False,1658a4c37368c528da319ba69e8359f04ab96b5a6876c20a7d5d6b6b5921fa29,ff42a02f952f8724,
potato_pld,Training/Late_Blight/Late_Blight_799.jpg,Late_Blight_799.jpg,.jpg,10057,256,256,Late_Blight,False,fe79e653d07b2c84637f077090407f2bebb316311a3e1ac3f10c0456d4d9180a,f33ca0f09742964f,
potato_pld,Training/Late_Blight/Late_Blight_1040.jpg,Late_Blight_1040.jpg,.jpg,10191,256,256,Late_Blight,False,f922283693c2f9b04b7fdb70aea9bef7ce901722e7d084c60f5abb1f2ee10fd1,fbade09181c9974a,
potato_pld,Training/Late_Blight/Late_Blight_215.jpg,Late_Blight_215.jpg,.jpg,9454,256,256,Late_Blight,False,b639cd3f71fce5a5cb36a491d6403ad6f1904853b3794000d80caa1e711f33a6,eab5e0d582c2d78a,
potato_pld,Training/Late_Blight/Late_Blight_839.jpg,Late_Blight_839.jpg,.jpg,6969,256,256,Late_Blight,False,c98c2ca38b1297ed75ef72b3d75d1e76b1827e1caae45dbaa7b3f6e9e53dd828,fae8e041a10fd72e,
potato_pld,Training/Late_Blight/Late_Blight_856.jpg,Late_Blight_856.jpg,.jpg,8314,256,256,Late_Blight,False,f3dface37c0d2ed1d5f55380e65e020747cd18f7e778736cb8a067c90565c30c,ee4fc1da95689071,
potato_pld,Training/Late_Blight/Late_Blight_630.jpg,Late_Blight_630.jpg,.jpg,9412,256,256,Late_Blight,False,f8d343e1d9ab15519fa49b321fde2c75900735e7e400d979a5cb8d1447a10087,ead2c042819bdf9d,
potato_pld,Training/Late_Blight/Late_Blight_977.jpg,Late_Blight_977.jpg,.jpg,9488,256,256,Late_Blight,False,203d60b2630b5bd572c3c410bbee97007c48e94428c8996bdf9f86028cfb76d6,bfb4b116d05ac32a,
potato_pld,Training/Late_Blight/Late_Blight_780.jpg,Late_Blight_780.jpg,.jpg,10499,256,256,Late_Blight,False,6754cd899df4e73a777531f1234074839edd33e8be432dd0118cdf890fac4c4b,ee37e0e884b197c1,
potato_pld,Training/Late_Blight/Late_Blight_845.jpg,Late_Blight_845.jpg,.jpg,8785,256,256,Late_Blight,False,8918c7ecef8230723fce980c671db868a0b1005326ed27e347f44a2e156fc0fe,bf99b489d0d5c06c,
potato_pld,Training/Late_Blight/Late_Blight_656.jpg,Late_Blight_656.jpg,.jpg,8287,256,256,Late_Blight,False,cbe75b359ee27f9be2612a15413e80a9f368ff601efbef6e0edcb083b0e616ce,eec1a587851e9678,
potato_pld,Training/Late_Blight/Late_Blight_810.jpg,Late_Blight_810.jpg,.jpg,11089,256,256,Late_Blight,False,dac766069b978982318ee62cd619e37dd632d8be04594cfd7a9f72fad0621d9f,beb4f050e28bc14f,
potato_pld,Training/Late_Blight/Late_Blight_421.jpg,Late_Blight_421.jpg,.jpg,8703,256,256,Late_Blight,False,05a2e34889d18afa2bfee2bb86398678ce9143d9ab22ccb6ad36282da3b56b2e,bec2b4ab8297d216,
potato_pld,Training/Late_Blight/Late_Blight_321.jpg,Late_Blight_321.jpg,.jpg,9597,256,256,Late_Blight,False,6d8c38d1b2d3ecf94f4c2ddfd73784aa53931a72c87dfbc8a8336a553dededaa,baff9440d8abca05,
potato_pld,Training/Late_Blight/Late_Blight_829.jpg,Late_Blight_829.jpg,.jpg,9973,256,256,Late_Blight,False,9b7a88e65031ded942c169f7f7917ee1e1f722f7cc4e9a9c19983e55bd9d008f,fee0a086961fc23e,
potato_pld,Training/Late_Blight/Late_Blight_1046.jpg,Late_Blight_1046.jpg,.jpg,8953,256,256,Late_Blight,False,0b4ee60c59557c832c03e9483f7a7ebd529d588ef32d0f6a8897e097fba0c7a8,bfacde96d88c804a,
potato_pld,Training/Late_Blight/Late_Blight_718.jpg,Late_Blight_718.jpg,.jpg,10602,256,256,Late_Blight,False,b99003e21c273777969f5d82912b352f0f055375d32730b5db986096af74d84e,fbcae06d80ab83a5,
potato_pld,Training/Late_Blight/Late_Blight_272.jpg,Late_Blight_272.jpg,.jpg,9162,256,256,Late_Blight,False,a45fa3b09493cd4d4b4b0f74e7f88bbdc48503df57dc9313bf08f2811b5dda86,bbd0b1819097d91f,
potato_pld,Training/Late_Blight/Late_Blight_753.jpg,Late_Blight_753.jpg,.jpg,9657,256,256,Late_Blight,False,e12c1f051b0c31abc1bf29e3d363bd6d35fe3321e5f40907f878a7403ca5bcd5,bff5b150d04bd109,
potato_pld,Training/Late_Blight/Late_Blight_1045.jpg,Late_Blight_1045.jpg,.jpg,11559,256,256,Late_Blight,False,05cf1a4bbecfbd73829da1017d34b330e426938464b173f5a1131e5043924bbe,fab3b5c490c9830f,
potato_pld,Training/Late_Blight/Late_Blight_540.jpg,Late_Blight_540.jpg,.jpg,8914,256,256,Late_Blight,False,058a8da83df91478362eb0634a5ee6440e90e0e864cda9dc9f883697c5519a89,bf17b0f8d0db8209,
potato_pld,Training/Late_Blight/Late_Blight_551.jpg,Late_Blight_551.jpg,.jpg,8518,256,256,Late_Blight,False,6ab5d5e6c5d4e095cd6dd73ceaff30b78f92675dce5b5f8aabcd65ba3ba906b9,bf3cb438d2c28ac3,
potato_pld,Training/Late_Blight/Late_Blight_1089.jpg,Late_Blight_1089.jpg,.jpg,11518,256,256,Late_Blight,False,7142a04837dbf7766c97f3dafc8f00ce0a7635f612a106bbcedffaa1ab09eaa0,ffb0e44b9685829c,
potato_pld,Training/Late_Blight/Late_Blight_441.jpg,Late_Blight_441.jpg,.jpg,10107,256,256,Late_Blight,False,1f3cce90c094b6a79353cdf8fa28ce3acfd8dca0783932736ac8fe9c34d1dd5a,bec0b5aa80a797a5,
potato_pld,Training/Late_Blight/Late_Blight_671.jpg,Late_Blight_671.jpg,.jpg,10037,256,256,Late_Blight,False,05ca05ebb035bcc7d6671c1b353d84ecf0a3ed24f5df3a58799050f7834a79f8,fb9de0fc85d08740,
potato_pld,Training/Late_Blight/Late_Blight_552.jpg,Late_Blight_552.jpg,.jpg,10321,256,256,Late_Blight,False,15b5e87788be8f49bd92ab73da679b8d7e7b519e3871e5b4c5dd313284a5f998,ab99f1d8d2c8834d,
potato_pld,Training/Late_Blight/Late_Blight_1001.jpg,Late_Blight_1001.jpg,.jpg,7597,256,256,Late_Blight,False,5a6c501b5760e9e60a3debf7ae9ad3c1e4c95e2080287f8146a3445a74f85cea,bae3b50f9cb5c012,
potato_pld,Training/Late_Blight/Late_Blight_708.jpg,Late_Blight_708.jpg,.jpg,11081,256,256,Late_Blight,False,c604f1ae1be10686482e4de353d1777591808ca08ac7dec3047b8c0f53658a1f,ffe0a8818583959f,
potato_pld,Training/Late_Blight/Late_Blight_797.jpg,Late_Blight_797.jpg,.jpg,10405,256,256,Late_Blight,False,274a03dbf34c0881116a1a710434f3bf7f88f9f5e7b850d496f01cab5e5bf780,be7ea50ab0b190f4,
potato_pld,Training/Late_Blight/Late_Blight_251.jpg,Late_Blight_251.jpg,.jpg,8197,256,256,Late_Blight,False,29a09d5a03f15073ee34b2fd70c2489ef26acba1e36fdef5508f75f50a560e1b,ac42c52fc03dd67c,
potato_pld,Training/Late_Blight/Late_Blight_120.jpg,Late_Blight_120.jpg,.jpg,8616,256,256,Late_Blight,False,da35d703943dfd7866e841709412b62f1cd30347fd878aa985936439d88b4df6,ea35a57697c298c2,
potato_pld,Training/Late_Blight/Late_Blight_223.jpg,Late_Blight_223.jpg,.jpg,8948,256,256,Late_Blight,False,b715f612c01ebe060e1cc8d1e55a227144c03cad6d503f8be2c015d4bcd86b63,bbccb1c691429ea3,
potato_pld,Training/Late_Blight/Late_Blight_299.jpg,Late_Blight_299.jpg,.jpg,7371,256,256,Late_Blight,False,6415e323d930f44dd0d9cfe9548834a557768bb70dd6a09198514e2aff41ad76,ea52e52b96719c07,
potato_pld,Training/Late_Blight/Late_Blight_1009.jpg,Late_Blight_1009.jpg,.jpg,7719,256,256,Late_Blight,False,483d2b748ec67fd958c1415e1584c6c4e2b23c60527c174aa25a056c48364fd4,af60d017c29e6dd8,
potato_pld,Training/Late_Blight/Late_Blight_1028.jpg,Late_Blight_1028.jpg,.jpg,10430,256,256,Late_Blight,False,bc271f8fb94ae3b61d9dbf761ed0fa112c517e739a5443e7062654b076cab63c,ff17b51ed0f88210,
potato_pld,Training/Late_Blight/Late_Blight_46.jpg,Late_Blight_46.jpg,.jpg,10259,256,256,Late_Blight,False,f81a340cce6046dcc04114ba3b465484be4f5d724517e51491ed7607e87d1e85,ae62dcb5e09ea10d,
potato_pld,Training/Late_Blight/Late_Blight_294.jpg,Late_Blight_294.jpg,.jpg,9190,256,256,Late_Blight,False,252edd64db5794e834b912f9a027318b29d721053326c8a27fc9f3c47a47a741,be4fb0a893d4d350,
potato_pld,Training/Late_Blight/Late_Blight_337.jpg,Late_Blight_337.jpg,.jpg,8328,256,256,Late_Blight,False,3fa15491b8b5a77170c5f4561ce9fe3683dea977ce3e1a56fcacb21b422f9182,aff0a0c1970fda86,
potato_pld,Training/Late_Blight/Late_Blight_1070.jpg,Late_Blight_1070.jpg,.jpg,10007,256,256,Late_Blight,False,da7b62c0dff127e7f1f968c0270c73216bc396cd80167c173bcd54edf14ce864,e994b54b414de6e4,
potato_pld,Training/Late_Blight/Late_Blight_324.jpg,Late_Blight_324.jpg,.jpg,9107,256,256,Late_Blight,False,d76d64d579dff9913d83a7291dc76f07f489676907063acfd85d708e59d8b8d6,ea25e5208e55dcd6,
potato_pld,Training/Late_Blight/Late_Blight_572.jpg,Late_Blight_572.jpg,.jpg,9975,256,256,Late_Blight,False,693ec1306b4b81d5ead0a0ab0deac9c2f4f698c21540f8b39293e15577aca220,be89b05995f8c334,
potato_pld,Training/Late_Blight/Late_Blight_626.jpg,Late_Blight_626.jpg,.jpg,8827,256,256,Late_Blight,False,c4bfef1429f3e6e35414cc631c143a56041690462c6e4fe43d392a4fa038fd40,aeefa061d5e482b4,
potato_pld,Training/Late_Blight/Late_Blight_738.jpg,Late_Blight_738.jpg,.jpg,10320,256,256,Late_Blight,False,3cda4aca1f57afcbc31b83be6090ec2e99168c9b7871ac3432d04178a38fc069,aaf6a08685ce9e78,
potato_pld,Training/Late_Blight/Late_Blight_707.jpg,Late_Blight_707.jpg,.jpg,9858,256,256,Late_Blight,False,67905249b3bee205e7c71addef57bfe5f7b290fdc7f09e36c7a16047703e7a8c,fae3f1658086d706,
potato_pld,Training/Late_Blight/Late_Blight_20.jpg,Late_Blight_20.jpg,.jpg,11712,256,256,Late_Blight,False,3a9c821dab5caa5e8547f690d080a7740f520d3f82f45b2ad0f839f9407d3141,bf94b45ae84dc42c,
potato_pld,Training/Late_Blight/Late_Blight_6.jpg,Late_Blight_6.jpg,.jpg,7883,256,256,Late_Blight,False,6fd8f190f03f83bffcc4ab5ca1454d7b4648457de03f4a86359f809f0d697e50,ae95e15ec16aa5b0,
potato_pld,Training/Late_Blight/Late_Blight_140.jpg,Late_Blight_140.jpg,.jpg,8599,256,256,Late_Blight,False,119e725c87c206ce4f83b8dafdccb3801ff03bebe196b429eb6e51fc25597f72,ebc8d016bd3f9032,
potato_pld,Training/Late_Blight/Late_Blight_461.jpg,Late_Blight_461.jpg,.jpg,9210,256,256,Late_Blight,False,6d6aff130beb94bdffb0f2356a50986e9708511b2134425c8cd786563cab3bf1,ef1de5e8c4c08e83,
potato_pld,Training/Late_Blight/Late_Blight_688.jpg,Late_Blight_688.jpg,.jpg,8535,256,256,Late_Blight,False,1bc9ad73e6479daa6ce1985291925d4b6efad6b6b90f563a2ddeec56537c8ad9,ea5ae03a85b19be1,
potato_pld,Training/Late_Blight/Late_Blight_809.jpg,Late_Blight_809.jpg,.jpg,10643,256,256,Late_Blight,False,e8799b372df9ed3fad456edb94fa30db711a4c000eb09a82166d960d03b893da,ffa1a0878557951a,
potato_pld,Training/Late_Blight/Late_Blight_1121.jpg,Late_Blight_1121.jpg,.jpg,8899,256,256,Late_Blight,False,00597710d3544c12ef3ee9c13fd27a2ac539f84d8fa62fcb227dba74cb90cec2,ebc8e40a90afb374,
potato_pld,Training/Late_Blight/Late_Blight_208.jpg,Late_Blight_208.jpg,.jpg,7924,256,256,Late_Blight,False,f3088ca6a68a92eea9686fc74fa5990bccf61e11a2211435ccc15dd53e3f41e7,aac8b0a5d7948fb2,
potato_pld,Training/Late_Blight/Late_Blight_68.jpg,Late_Blight_68.jpg,.jpg,8544,256,256,Late_Blight,False,978a875286d8a3c589785948f8c9f63da0fedbbbd74044768e9c00ca9ee9168c,ba6385af8695cc98,
potato_pld,Training/Late_Blight/Late_Blight_1034.jpg,Late_Blight_1034.jpg,.jpg,7419,256,256,Late_Blight,False,a46cbb404df39a647ce8fcf8a0db7fa3e78a7d153ee0a5484d0112048f59c947,bf3df0d282588743,
potato_pld,Training/Late_Blight/Late_Blight_886.jpg,Late_Blight_886.jpg,.jpg,9689,256,256,Late_Blight,False,3e3fee3f7294842242edf3e56d401ad8de0182232e15d141e98520121556bcb7,eae0a10fd72e90bc,
potato_pld,Training/Late_Blight/Late_Blight_193.jpg,Late_Blight_193.jpg,.jpg,7665,256,256,Late_Blight,False,84a00e813a6e718f2af8797ea40e79dd0fee7a8a41f589b68f4d87cd5bbc0b2a,bf6a8c2dc495c49a,
potato_pld,Training/Late_Blight/Late_Blight_192.jpg,Late_Blight_192.jpg,.jpg,8805,256,256,Late_Blight,False,bb48572b2bfd7190fabfd3c2dd1da08adb53e4869736f31e8d9433d97281f856,bee0b526c6b0c2da,
potato_pld,Training/Late_Blight/Late_Blight_982.jpg,Late_Blight_982.jpg,.jpg,11549,256,256,Late_Blight,False,7947ec6d36a90622082a92d5b6f99b76849fb0f9a576c5f6cb5bd2a3a58f1f56,fbade1c88551c38a,
potato_pld,Training/Late_Blight/Late_Blight_696.jpg,Late_Blight_696.jpg,.jpg,10020,256,256,Late_Blight,False,9a64f0645e20d5ffee76b1fc3048fd9abe61433e1dc8f354df4a3672fd1ed036,ba4ef42dc0e48fc4,
potato_pld,Training/Late_Blight/Late_Blight_443.jpg,Late_Blight_443.jpg,.jpg,8779,256,256,Late_Blight,False,8305a7c8ebe5a3fcb4e3f154d281097efacad696ee7b87859e682d569704864d,a6b4c448c3af96ce,
potato_pld,Training/Late_Blight/Late_Blight_759.jpg,Late_Blight_759.jpg,.jpg,11847,256,256,Late_Blight,False,2569ed3b2ec8cedb0946dc43412a80d0becf4073ef2730460d71e9aafb089930,afe2f4c0c007d2b7,
potato_pld,Training/Late_Blight/Late_Blight_403.jpg,Late_Blight_403.jpg,.jpg,9925,256,256,Late_Blight,False,e93944e38e461ae5e0201e9b5b3d626f8434a30abda4295cbe3b54163742b2a9,bf4291a9dab58592,
potato_pld,Training/Late_Blight/Late_Blight_949.jpg,Late_Blight_949.jpg,.jpg,8501,256,256,Late_Blight,False,15830c829b3cb2d59e14a2aada441515d4adb71f32a3e47ac0042e71f4b70664,bbd9b0a8c1b58794,
potato_pld,Training/Late_Blight/Late_Blight_966.jpg,Late_Blight_966.jpg,.jpg,8337,256,256,Late_Blight,False,3d6ba0be33f2ff5c617bda44a77f9a94281e39125c3a292fb3b84ed2314460ca,fbb0a113d75bc029,
potato_pld,Training/Late_Blight/Late_Blight_724.jpg,Late_Blight_724.jpg,.jpg,10099,256,256,Late_Blight,False,cf91ac39f7f9845bcf2aa0b24e2ed84d117f60c44fac99fe22ba206eec0e915a,eef5a08685d6961a,
potato_pld,Training/Late_Blight/Late_Blight_123.jpg,Late_Blight_123.jpg,.jpg,8687,256,256,Late_Blight,False,77640bfd23b44bdfc8dba7799c586fd2a02cc152462087f19cd345bc77eb9d4c,bac2f48582af89ae,
potato_pld,Training/Late_Blight/Late_Blight_200.jpg,Late_Blight_200.jpg,.jpg,8346,256,256,Late_Blight,False,e67c6f263edab2b8ff05ca65f0f22a45ed8132cbc8f54be06e5ebef4ebcfcc60,bfc2a1c7d0cfd208,
potato_pld,Training/Late_Blight/Late_Blight_537.jpg,Late_Blight_537.jpg,.jpg,8581,256,256,Late_Blight,False,9dd06ec1afe019e35595f8b47bc0b37c8daac4d12cf3b203049cd88cc3771c91,bbb5f051900bc74b,
potato_pld,Training/Late_Blight/Late_Blight_974.jpg,Late_Blight_974.jpg,.jpg,9603,256,256,Late_Blight,False,4ab72a90bdb55fb80f151f3f8193dc532a86eff355e6d1cbf0ab2a2a0d72f7e7,efd8b0bfd5158280,
potato_pld,Training/Late_Blight/Late_Blight_882.jpg,Late_Blight_882.jpg,.jpg,7958,256,256,Late_Blight,False,38d3ac73782ec1cd05304775bd429929ce0e0a94f5790714a4b2d413c3c835cc,fbe0a103953fd21c,
potato_pld,Training/Late_Blight/Late_Blight_405.jpg,Late_Blight_405.jpg,.jpg,9081,256,256,Late_Blight,False,aa4209ea1572c42101e53bdec309d6fc2c256fb817694af2f4c2369446d3e157,ba4ea1ae90b4d3b4,
potato_pld,Training/Late_Blight/Late_Blight_603.jpg,Late_Blight_603.jpg,.jpg,8958,256,256,Late_Blight,False,1e1451a88368feac064615df8e5aec21a9be208a35a62061aea9267ee7e2af1d,fae8a505d684dad4,
potato_pld,Training/Late_Blight/Late_Blight_328.jpg,Late_Blight_328.jpg,.jpg,9473,256,256,Late_Blight,False,c2365bf7bd4021a64fca97f068980ecbe67c1130ec8fe52fff5040960187ae1f,ae03e5bbc554c61a,
potato_pld,Training/Late_Blight/Late_Blight_654.jpg,Late_Blight_654.jpg,.jpg,8485,256,256,Late_Blight,False,982f181619912ddee60a8e33ebfaead19ea26ae07865c281ef0c79abe122718d,bf8ce0fc85e09683,
potato_pld,Training/Late_Blight/Late_Blight_710.jpg,Late_Blight_710.jpg,.jpg,7802,256,256,Late_Blight,False,cbec5bf7ed4aef3e2f6a4434261146df5204e57f99ec864bea1e85bc67a6150d,faceb0ec85a48387,
potato_pld,Training/Late_Blight/Late_Blight_869.jpg,Late_Blight_869.jpg,.jpg,8978,256,256,Late_Blight,False,2b662183bc729d11d01aa8cb9258473b5c4cfdd602e8f9ef1eb39bfcfeb388f8,fa1fe03885709763,
potato_pld,Training/Late_Blight/Late_Blight_108.jpg,Late_Blight_108.jpg,.jpg,8403,256,256,Late_Blight,False,8bd52448a460eea0bb87671c15d2fa8d8b9497f69b3f8a7d791c36e116eba955,fb94c050cb619f66,
potato_pld,Training/Late_Blight/Late_Blight_564.jpg,Late_Blight_564.jpg,.jpg,8598,256,256,Late_Blight,False,e30363810a253f814c1601e4f8e674adf741229fef396e60b797467203de57b7,bf9fb418d0e8d2c0,
potato_pld,Training/Late_Blight/Late_Blight_795.jpg,Late_Blight_795.jpg,.jpg,8554,256,256,Late_Blight,False,c1f64040aee7678c595321a671c02c218b2f941fbf9534d8fa1a8a015f3ac3f0,fe39e06185e19587,
potato_pld,Training/Late_Blight/Late_Blight_967.jpg,Late_Blight_967.jpg,.jpg,5038,256,256,Late_Blight,False,cf37d7fc6feb6f9a03defb57f666346b986c0aaf21b9361041ac1faba3165a54,afe4e4c6c28a1b95,
potato_pld,Training/Late_Blight/Late_Blight_101.jpg,Late_Blight_101.jpg,.jpg,10593,256,256,Late_Blight,False,ed5ea15e91dd8ebdc845c1f7c83d5f66abc54decba882740365f698c1d9e8963,af6df4a4c064cb0b,
potato_pld,Training/Late_Blight/Late_Blight_118.jpg,Late_Blight_118.jpg,.jpg,7854,256,256,Late_Blight,False,20ea854e488e907f1720ebbf46b762d647bffab9e91f78dcb13bc237aa060e2e,bf9f804ae760d528,
potato_pld,Training/Late_Blight/Late_Blight_224.jpg,Late_Blight_224.jpg,.jpg,9093,256,256,Late_Blight,False,6383ca24668322930b45a8cecc2d9e8575e0f1444e4e1957d1d871425e4aabd1,ff8bb4b4d002cb49,
potato_pld,Training/Late_Blight/Late_Blight_1029.jpg,Late_Blight_1029.jpg,.jpg,5975,256,256,Late_Blight,False,55dfc680cbc677a0dc86b5dc8c1d747099632950f24da959917404ee568b5ce2,ee4ea1ecd5e00a96,
potato_pld,Training/Late_Blight/Late_Blight_602.jpg,Late_Blight_602.jpg,.jpg,8224,256,256,Late_Blight,False,e93d1090ea8a3cbef984ec7ebb7daad5f25d9af5bb772b55f0156a15d6b378b1,ba1cb1f89249c9ad,
potato_pld,Training/Late_Blight/Late_Blight_310.jpg,Late_Blight_310.jpg,.jpg,8637,256,256,Late_Blight,False,47b9cf164ea7d47ca5c04601d97713d3561df92f839d5b66f25d8eb7f4e89073,ea2de1f0850394df,
potato_pld,Training/Late_Blight/Late_Blight_938.jpg,Late_Blight_938.jpg,.jpg,7982,256,256,Late_Blight,False,dc0b2744fa18a5f9fa0dee9471cde8f327b1757d94e6146b5afa83124cf85553,bac0b08e850fdcbe,
potato_pld,Training/Late_Blight/Late_Blight_616.jpg,Late_Blight_616.jpg,.jpg,8253,256,256,Late_Blight,False,e0a9f6743d2ccb27f3a2c8320574569b127176b8b92619d76158b1c17dba6f51,af9dd4da8f508843,
potato_pld,Training/Late_Blight/Late_Blight_90.jpg,Late_Blight_90.jpg,.jpg,8694,256,256,Late_Blight,False,d742dee798de54b2e0f196e602aa90d0ccfedb42ef44960028a4d04ea6966564,fac2950d98b4b137,
potato_pld,Training/Late_Blight/Late_Blight_62.jpg,Late_Blight_62.jpg,.jpg,10719,256,256,Late_Blight,False,49c7fe9d9c7a7187a63f7b9000da4d92fc8a175082d1a0ecc91b2e3d5657f73e,bfb0b4e1d083d263,
potato_pld,Training/Late_Blight/Late_Blight_918.jpg,Late_Blight_918.jpg,.jpg,8554,256,256,Late_Blight,False,5aa6c4f6362be2f0d4519be4cc06a09c3438c540b357f5506300034b6b0f097d,ffbcf056c04887c1,
potato_pld,Training/Late_Blight/Late_Blight_529.jpg,Late_Blight_529.jpg,.jpg,8098,256,256,Late_Blight,False,8ef34d78f6a76383336a5d46cde7b68e5123ceec3938e44dde929c9d4c70c18d,bae5b1479176921a,
potato_pld,Training/Late_Blight/Late_Blight_927.jpg,Late_Blight_927.jpg,.jpg,7601,256,256,Late_Blight,False,2a310dca05fa089102c1aea40eac2c727418bc263dbaf9c8dc0f84215470c018,ea1be4e8a5c19587,
potato_pld,Training/Late_Blight/Late_Blight_763.jpg,Late_Blight_763.jpg,.jpg,9458,256,256,Late_Blight,False,4de88380e2031411eb10d6590e150f59aa647a11c6b348872c2e4ed9a2985f12,fa90f191819b87d9,
potato_pld,Training/Late_Blight/Late_Blight_203.jpg,Late_Blight_203.jpg,.jpg,7926,256,256,Late_Blight,False,49cadd350aec5b301b4a664fe8dfd6350a21f60e70cde0163698c36aa639c480,bb4cb0ecc1b5cb84,
potato_pld,Training/Late_Blight/Late_Blight_1099.jpg,Late_Blight_1099.jpg,.jpg,10060,256,256,Late_Blight,False,f06d3f520ec8c0e3503e22adb0d4bf4cbbf25ddbec61abed8ea55ae78936b28f,abb7b1d4d44a8b48,
potato_pld,Training/Late_Blight/Late_Blight_623.jpg,Late_Blight_623.jpg,.jpg,8380,256,256,Late_Blight,False,682a6facceb27f4cb283d8cd8d583ea4f52cfd1338b3ebaf4fbc5598053b821b,abe5b1ead2c48a86,
potato_pld,Training/Late_Blight/Late_Blight_764.jpg,Late_Blight_764.jpg,.jpg,9644,256,256,Late_Blight,False,b0101b622e83631073c4d12d7912854d27b3fadd162f491b6a26a0fdabaf6f4d,bf04b45bd2b9c251,
potato_pld,Training/Late_Blight/Late_Blight_749.jpg,Late_Blight_749.jpg,.jpg,10087,256,256,Late_Blight,False,9ecfbe564d200021b903bcbb0353199e54f3db49b634024c606915a386cb62ac,eed6e4eac44096a6,
potato_pld,Training/Late_Blight/Late_Blight_35.jpg,Late_Blight_35.jpg,.jpg,11884,256,256,Late_Blight,False,b61a3a193d3178b955082087ad262cf16c80ac08be9593772f7f9b72406f0fd8,fe60e003916f907f,
potato_pld,Training/Late_Blight/Late_Blight_434.jpg,Late_Blight_434.jpg,.jpg,9918,256,256,Late_Blight,False,f23e3333b0ccefd735b8b2c973f00790a0e6b6778e1bdc54468e6fcef6a5269d,aec7e4c6c418963e,
potato_pld,Training/Late_Blight/Late_Blight_161.jpg,Late_Blight_161.jpg,.jpg,8826,256,256,Late_Blight,False,9120f600667ec6f7bb238cc36e3cd04cdb5a1235c2ffffe4371786f6596935d2,beb8b010d30bcbb9,
potato_pld,Training/Late_Blight/Late_Blight_881.jpg,Late_Blight_881.jpg,.jpg,10009,256,256,Late_Blight,False,75fc07dd7d82fdf678617eb050337979e4b46b2c0b8b259668a13f7424b3228b,bf42b1abd015d22e,
potato_pld,Training/Late_Blight/Late_Blight_141.jpg,Late_Blight_141.jpg,.jpg,8595,256,256,Late_Blight,False,4713cd58b8b6e0a7350d85b7d78b50a65aed320f6b1f83ca540763454d45f5e6,ebb1b150828b9b4f,
potato_pld,Training/Late_Blight/Late_Blight_636.jpg,Late_Blight_636.jpg,.jpg,8966,256,256,Late_Blight,False,90bbd89c939d5163768624d0848d139bde15b307587aaceff14fc5532ae64f26,fab0a11795dad30a,
potato_pld,Training/Late_Blight/Late_Blight_601.jpg,Late_Blight_601.jpg,.jpg,9577,256,256,Late_Blight,False,a82d998823397343457565ebc2c8b6fa9851d790bc7b2f7e4bc1b96b1d9a5abb,afe0d5a0c394879e,
potato_pld,Training/Late_Blight/Late_Blight_621.jpg,Late_Blight_621.jpg,.jpg,8777,256,256,Late_Blight,False,24dfe41802c2ea86afd8969837e3b23460aaf0b11ac409225059668f76179a85,ff1fa078d268c261,
potato_pld,Training/Late_Blight/Late_Blight_135.jpg,Late_Blight_135.jpg,.jpg,9877,256,256,Late_Blight,False,a876362528c97b0a70a2d8cfdfb26ef5e9237757102d769058a04074b2d1a5da,bbd3f1b18091c745,
potato_pld,Training/Late_Blight/Late_Blight_681.jpg,Late_Blight_681.jpg,.jpg,10740,256,256,Late_Blight,False,73b3ec32d49bf2489cb733757f1feddea031b781f3159001e96e0cda5b4442c7,bb56e18b84ad878c,
potato_pld,Training/Late_Blight/Late_Blight_106.jpg,Late_Blight_106.jpg,.jpg,10346,256,256,Late_Blight,False,02e979f79108accbec63ad103906c73bad82760d0870f469889c872e90f7d71c,afe2b545d007c29e,
potato_pld,Training/Late_Blight/Late_Blight_970.jpg,Late_Blight_970.jpg,.jpg,9906,256,256,Late_Blight,False,56c9e12ecff0bf5ea7bae61bcb7ca0a217243a543a34ce355bf5d2c92a765580,bf0cb0acd4f4d2b0,
potato_pld,Training/Late_Blight/Late_Blight_124.jpg,Late_Blight_124.jpg,.jpg,8259,256,256,Late_Blight,False,9011ce034cfef448665cfcdb00fd275b290d688a416f5d488af575d5537715c8,ba9ab1ad8344cb2e,
potato_pld,Training/Late_Blight/Late_Blight_1035.jpg,Late_Blight_1035.jpg,.jpg,11262,256,256,Late_Blight,False,e92a3b9f533d9972309a01a3b090dea618a8900de8de37e0369d7aa5133f7ee8,ffb1f4d4708282d1,
potato_pld,Training/Late_Blight/Late_Blight_833.jpg,Late_Blight_833.jpg,.jpg,9034,256,256,Late_Blight,False,88cd6f173ca72f63f5d1eff8df5e0324f1973ba9879c2961816896ea100f3800,eecce106879d962c,
potato_pld,Training/Late_Blight/Late_Blight_641.jpg,Late_Blight_641.jpg,.jpg,8125,256,256,Late_Blight,False,e7d6d2778ed6898b8e616df981267d23448f7b95094cb929d078b4784014b98e,ae9be4b8c4f19a82,
potato_pld,Training/Late_Blight/Late_Blight_121.jpg,Late_Blight_121.jpg,.jpg,9072,256,256,Late_Blight,False,8cecac7eacf16fd680922153ac5fcd4d59ba344a440291ea5f98d5b4f242edbe,ebeeb504d0a78296,
potato_pld,Training/Late_Blight/Late_Blight_179.jpg,Late_Blight_179.jpg,.jpg,11183,256,256,Late_Blight,False,522d43358fb958b40bc4c46444f8e42a1cfd4445b6c39473f81dca105ad3911f,af3ce43da45494e2,
potato_pld,Training/Late_Blight/Late_Blight_652.jpg,Late_Blight_652.jpg,.jpg,9583,256,256,Late_Blight,False,0edcdf0b5181f14e6d06300cf7c0a5cc057959ef83f83bc8d6f901b6925e8bec,ebe1b119913b9a38,
potato_pld,Training/Late_Blight/Late_Blight_38.jpg,Late_Blight_38.jpg,.jpg,14009,256,256,Late_Blight,False,6c9e49f7ee18c44612420ec2e9ee46e1327ab4036d8239ba1570395ddfeb4c4f,afecf640d8c68896,
potato_pld,Training/Late_Blight/Late_Blight_777.jpg,Late_Blight_777.jpg,.jpg,8587,256,256,Late_Blight,False,2725c2cb0d83a0ed6e7c3ddd40738f202778b84d44ec89cc17e97fa216916da6,ee69a4a086c65e9e,
potato_pld,Training/Late_Blight/Late_Blight_1116.jpg,Late_Blight_1116.jpg,.jpg,9025,256,256,Late_Blight,False,c392298399528c1be9c027b052ef35e252d7dd8a968909212809fb3ac1a1f732,ae97c1d2cbe0cc61,
potato_pld,Training/Late_Blight/Late_Blight_528.jpg,Late_Blight_528.jpg,.jpg,7420,256,256,Late_Blight,False,19f1cd4286c6d990f20b832e9ddbde052cd93e1a66dc84d4ae2e92165abdb310,aa12a5ab9655de49,
potato_pld,Training/Late_Blight/Late_Blight_1023.jpg,Late_Blight_1023.jpg,.jpg,8765,256,256,Late_Blight,False,deca3d7170a1af6ee913b072c2f68269dc5c8770c1f436e6c54ed0003c959565,be4ae03d85858f95,
potato_pld,Training/Late_Blight/Late_Blight_679.jpg,Late_Blight_679.jpg,.jpg,9758,256,256,Late_Blight,False,05b9b723d7e3790c44a9fa1371dbc3f5a4be34bac573434b69828c1dfaf98020,abb5f454c0de870a,
potato_pld,Training/Late_Blight/Late_Blight_435.jpg,Late_Blight_435.jpg,.jpg,8808,256,256,Late_Blight,False,3c255c2b3ab0bbef088b17a44beb445dfcac730635eb261b9bc176a5456fd80b,ea359ed49acac249,
potato_pld,Training/Late_Blight/Late_Blight_1130.jpg,Late_Blight_1130.jpg,.jpg,10743,256,256,Late_Blight,False,d96474ad413967a448d9c52dd2d54cad14c923c82495495c070b07a4781e31e2,ee39a5fcd68092c1,
potato_pld,Training/Late_Blight/Late_Blight_87.jpg,Late_Blight_87.jpg,.jpg,11300,256,256,Late_Blight,False,3d9ed7e50a89b4bb812c811cb986679a0d86aee31c96c789b192a993a1dd21f6,ebf8e10fc70ccc18,
potato_pld,Training/Late_Blight/Late_Blight_353.jpg,Late_Blight_353.jpg,.jpg,8366,256,256,Late_Blight,False,5c5936fd545bd8eaf3d17a2b5fed0dad5ca6d36e52c038f8c56c178e69e37a3d,afdab4adc09485e8,
potato_pld,Training/Late_Blight/Late_Blight_756.jpg,Late_Blight_756.jpg,.jpg,9028,256,256,Late_Blight,False,69e7938ce40677e1bf81fff11386dcbb8dd490f9b800f508c01d7ec3905d457e,fa07872ee0e0c5f4,
potato_pld,Training/Late_Blight/Late_Blight_1106.jpg,Late_Blight_1106.jpg,.jpg,8555,256,256,Late_Blight,False,ba2854c66f1635a9851fe59ab2f8afc58c16f3b8df2b322bd82ecc4c8652836d,bfe8b0a1d287d116,
potato_pld,Training/Late_Blight/Late_Blight_1049.jpg,Late_Blight_1049.jpg,.jpg,9095,256,256,Late_Blight,False,3f59100eeab03753ae1bcee2c82a2ef6a72a59ba6bdeacc9fee188857b8d952f,ef86a48fd4c4d2c4,
potato_pld,Training/Late_Blight/Late_Blight_855.jpg,Late_Blight_855.jpg,.jpg,7016,256,256,Late_Blight,False,b4566a8f2b7303876b8fc9971d08b337ade1e9def2d5dce1db15757e3acb823b,aa87e19685569e9a,
potato_pld,Training/Late_Blight/Late_Blight_1127.jpg,Late_Blight_1127.jpg,.jpg,7907,256,256,Late_Blight,False,de11635274b093018ee887b9bd2159c805a6652fcb0802130427c3715ca9b90e,ae1f976a7a8d2190,
potato_pld,Training/Late_Blight/Late_Blight_622.jpg,Late_Blight_622.jpg,.jpg,8755,256,256,Late_Blight,False,ca1cf8eb5f693efc26e48f75d0560dfd5880d8502e4a1d8a1b99d4c7a213cf1f,faca880b9537b227,
potato_pld,Training/Late_Blight/Late_Blight_433.jpg,Late_Blight_433.jpg,.jpg,9158,256,256,Late_Blight,False,a25a3b9dd7e1ab8f5ff78786fde01dac9097e9e996a14e339f46aa180a6d2c5b,faaaf574944292c3,
potato_pld,Training/Late_Blight/Late_Blight_392.jpg,Late_Blight_392.jpg,.jpg,8785,256,256,Late_Blight,False,4bf9e457205d9df0ef102d03c0c1f50b2f6bf176dfbe38b6e03d8938345aaf74,afe4e5c6d40a8a0f,
potato_pld,Training/Late_Blight/Late_Blight_189.jpg,Late_Blight_189.jpg,.jpg,8877,256,256,Late_Blight,False,d13d19d495e75a77e13546dc97fae338fc934bf0ab837aac3c871b8336e0ae90,fbb1b0c3970b9a48,
potato_pld,Training/Late_Blight/Late_Blight_999.jpg,Late_Blight_999.jpg,.jpg,8151,256,256,Late_Blight,False,ab5f6edeeb1f005905dfc6b8c8b3a7374faeb37d871353d51bd4dde4d129e618,bb64b165853784ba,
potato_pld,Training/Late_Blight/Late_Blight_893.jpg,Late_Blight_893.jpg,.jpg,7882,256,256,Late_Blight,False,c6015c9dbb846fc1b124881d67c06593d68eb5bab9209576b6b242c14cdda313,ea36a5f08707965a,
potato_pld,Training/Late_Blight/Late_Blight_699.jpg,Late_Blight_699.jpg,.jpg,9932,256,256,Late_Blight,False,146807900797e297cee82959a040aec3163a28f472754371a5aa0908fd559f5e,bfe4e00185df964a,
potato_pld,Training/Late_Blight/Late_Blight_785.jpg,Late_Blight_785.jpg,.jpg,9745,256,256,Late_Blight,False,706f298895a096a6fe7e8068c6db5798e16af418907a44ba416d9a779e401953,ab00b5dbd2698ae5,
potato_pld,Training/Late_Blight/Late_Blight_744.jpg,Late_Blight_744.jpg,.jpg,9832,256,256,Late_Blight,False,4745feedfbd40c8d75a4aa97100e8bf5a1b047738a625d82edb8d2e650f9a718,bef8b0a18097d5d2,
potato_pld,Training/Late_Blight/Late_Blight_556.jpg,Late_Blight_556.jpg,.jpg,9473,256,256,Late_Blight,False,4e0be6f0533bc7ecbaa307b80dc081f225a5a2eaa92a57a5e955a9d6dc9f8050,bb4cb1b4c2c2ce8e,
potato_pld,Training/Late_Blight/Late_Blight_865.jpg,Late_Blight_865.jpg,.jpg,7556,256,256,Late_Blight,False,930d43616543b7fcf5be85fcb3cd44ace11d990e17bff465821d4dc5ad294ce7,fad2e00585ffc702,
potato_pld,Training/Late_Blight/Late_Blight_946.jpg,Late_Blight_946.jpg,.jpg,9370,256,256,Late_Blight,False,11babbbc1dce283fd95d8d98c39717eb971f69e3ded18cf7427a9a9fc25958ec,ff81b43fd4b89018,
potato_pld,Training/Late_Blight/Late_Blight_1043.jpg,Late_Blight_1043.jpg,.jpg,9310,256,256,Late_Blight,False,f75f29774abe30421f364ee642a61b88b6f5a475294e593eac4cb77174bc34b9,eb3ce0f584528557,
potato_pld,Training/Late_Blight/Late_Blight_234.jpg,Late_Blight_234.jpg,.jpg,8715,256,256,Late_Blight,False,d7a98ff8b987fa55c4c971857f2faa3b2278d22fbec12f539ad509e94e8f31d8,abc1a50bdd5bb029,
potato_pld,Training/Late_Blight/Late_Blight_295.jpg,Late_Blight_295.jpg,.jpg,8359,256,256,Late_Blight,False,09ffd7400c15ea0dda3661090bf3b30f44bb985ce8c243a4dc2facb8f5d77f16,ba46a1ae9755c60e,
potato_pld,Training/Late_Blight/Late_Blight_240.jpg,Late_Blight_240.jpg,.jpg,8868,256,256,Late_Blight,False,f551f08b3b573d116a0c0bdab515d42b1eecec6b04e198762bb38e7d5060876c,ee9ca4b984c196c7,
potato_pld,Training/Late_Blight/Late_Blight_608.jpg,Late_Blight_608.jpg,.jpg,8733,256,256,Late_Blight,False,ca99f7e96ac7bd0f1eb5b537ddb7aa509ffb7248231e24a36f1d920738f15c9c,ff37b05292f89a01,
potato_pld,Training/Late_Blight/Late_Blight_127.jpg,Late_Blight_127.jpg,.jpg,8085,256,256,Late_Blight,False,acae1950d37e2a0067768451ac5060b4ad8916c578ea8cc47695a0f440414f5f,fec2e075a54e8784,
potato_pld,Training/Late_Blight/Late_Blight_19.jpg,Late_Blight_19.jpg,.jpg,10146,256,256,Late_Blight,False,ec4c3390a3c02a8cd8fe4aca7c3d22f4c5995c696dd7b4aceda8f7b2e1f34114,bb0eb5fcd000caf8,
potato_pld,Training/Late_Blight/Late_Blight_165.jpg,Late_Blight_165.jpg,.jpg,7848,256,256,Late_Blight,False,21a24a8257ca9cf980fe7518bf8e69317f2b35499c079493c32ab93cb757abb0,fae1b553d20ad20d,
potato_pld,Training/Late_Blight/Late_Blight_452.jpg,Late_Blight_452.jpg,.jpg,8069,256,256,Late_Blight,False,5963e7c345b8f7e7f2d7492c4546b9fd6a9539ac6eb60a3c12b75744f88b3e2d,ee97a4fac5c092c1,
potato_pld,Training/Late_Blight/Late_Blight_690.jpg,Late_Blight_690.jpg,.jpg,9514,256,256,Late_Blight,False,75082bc1f30c51ff2704855435000d9dd8d300d0f0a2d2a6074463df2c8765f9,fe07b0fed0a8d051,
potato_pld,Training/Late_Blight/Late_Blight_1059.jpg,Late_Blight_1059.jpg,.jpg,8448,256,256,Late_Blight,False,c96f8eb3f1b0a30f1ef407744bb926098fc1bacc44d54ec6388567dc6f3c6e18,bf668483d484da5e,
potato_pld,Training/Late_Blight/Late_Blight_448.jpg,Late_Blight_448.jpg,.jpg,8475,256,256,Late_Blight,False,999287c747999c392101fa54949f3c7c787131a87f58977f8ea77a49e7745d4c,efe0a447d70e823c,
potato_pld,Training/Late_Blight/Late_Blight_665.jpg,Late_Blight_665.jpg,.jpg,8224,256,256,Late_Blight,False,e47b1f5b3106ea24b570cb81c7bc2f8aa9ba4d63da4af6d2fda9286f87986127,afe4a504d43eda70,
potato_pld,Training/Late_Blight/Late_Blight_283.jpg,Late_Blight_283.jpg,.jpg,9178,256,256,Late_Blight,False,1cdad8bbbfc32245a7314befbef91a2d3d208cc18981c0cb745e60cbafae8118,be68f1a4c913c49b,
potato_pld,Training/Late_Blight/Late_Blight_236.jpg,Late_Blight_236.jpg,.jpg,8715,256,256,Late_Blight,False,c3b4cb5d04eacd6527a06266c55b14c0f73ffd43bdf1c0c91678c6dc1721b99c,af1ae5a896e4d0c6,
potato_pld,Training/Late_Blight/Late_Blight_269.jpg,Late_Blight_269.jpg,.jpg,9001,256,256,Late_Blight,False,76f825dc8330160fe7b1d77a749c3e1823fc48f68a4178693d16c46ac5a53466,eaec812f87b5c194,
potato_pld,Training/Late_Blight/Late_Blight_908.jpg,Late_Blight_908.jpg,.jpg,7417,256,256,Late_Blight,False,5e958cef725d883533b19d61bb81be1d742b992a02467beca15fc0c6a531bd1e,ef3fa0f094c3d203,
potato_pld,Training/Late_Blight/Late_Blight_252.jpg,Late_Blight_252.jpg,.jpg,10541,256,256,Late_Blight,False,5fe9016f135af5445f90d877e7fcc86f325a58a5f8d6068176881224d21e788d,aa6fb128d3f48307,
potato_pld,Training/Late_Blight/Late_Blight_695.jpg,Late_Blight_695.jpg,.jpg,10447,256,256,Late_Blight,False,64e462499273693605c31698a4412f27a9c6f728f8071b6581edc24a247a4eca,eb1fec3880f085f1,
potato_pld,Training/Late_Blight/Late_Blight_115.jpg,Late_Blight_115.jpg,.jpg,8195,256,256,Late_Blight,False,a5ac61dc3e24ed98d8b177b501115ea7a4560334d070619381cdbe7a6b362158,ea17a5b88553d643,
potato_pld,Training/Late_Blight/Late_Blight_1123.jpg,Late_Blight_1123.jpg,.jpg,7326,256,256,Late_Blight,False,9758b617a0ab4e4bb623025a92f4639057378518d78899878cfb5f7813baddd4,bef799c0cc21cc0d,
potato_pld,Training/Late_Blight/Late_Blight_178.jpg,Late_Blight_178.jpg,.jpg,9418,256,256,Late_Blight,False,c3104f4278ae95d2a78478febba7affc0469db8e9b2011a1d224fcd397d228d2,bbd3b16091a793a4,
potato_pld,Training/Late_Blight/Late_Blight_381.jpg,Late_Blight_381.jpg,.jpg,9469,256,256,Late_Blight,False,8bb25975f6686b8945819e011ce155f784e3fa6d580c8a779eeb93d537ba529b,aae4e4a4d586c65e,
potato_pld,Training/Late_Blight/Late_Blight_319.jpg,Late_Blight_319.jpg,.jpg,7928,256,256,Late_Blight,False,3e7154216ef6d51ffd19dadfc7eff238f7226381854121e635d4495cc10f1e2c,bae2b117830adb59,
potato_pld,Training/Late_Blight/Late_Blight_969.jpg,Late_Blight_969.jpg,.jpg,7831,256,256,Late_Blight,False,07252d4bc514c8dbc0bddefd05ba2a9bc68d10f8e7f0dcb58dd8cf67373b4572,bfe2b0a4c2878597,
potato_pld,Training/Late_Blight/Late_Blight_660.jpg,Late_Blight_660.jpg,.jpg,8635,256,256,Late_Blight,False,39dddd56f22dfe321017bdaf784ada634db70873ea446a4f73c8a9107488c582,af96e4bec4e0cb40,
potato_pld,Training/Late_Blight/Late_Blight_419.jpg,Late_Blight_419.jpg,.jpg,8658,256,256,Late_Blight,False,df4e0d122150f9b34b256836f3c06dae78f506ed0ef1ddce60056dafff71bf48,ef4ae4ad82e185a5,
potato_pld,Training/Late_Blight/Late_Blight_92.jpg,Late_Blight_92.jpg,.jpg,8220,256,256,Late_Blight,False,3c9ee7b2e7bce70776e21b20ad180aed2520485980f45c5aa499ac95894f7697,bf94e038c3608f73,
potato_pld,Training/Late_Blight/Late_Blight_511.jpg,Late_Blight_511.jpg,.jpg,8957,256,256,Late_Blight,False,7d6a4802a58f4d44e732733be4c355d5d64b1daa23d248edab09adb557d23a76,af0bb064d2a4d9d6,
potato_pld,Training/Late_Blight/Late_Blight_1003.jpg,Late_Blight_1003.jpg,.jpg,8859,256,256,Late_Blight,False,c8453e4576faf0384bd6caf669935bb124ee4434990542ab0d556d02d4ff7241,eb9ca5a695c2964a,
potato_pld,Training/Late_Blight/Late_Blight_1067.jpg,Late_Blight_1067.jpg,.jpg,10339,256,256,Late_Blight,False,9fb4aac0af4a27e2ba0cdcbab3f2b3796c0c3742510c8c4027acb5ebfa874f67,ebb0e4e69146c798,
potato_pld,Training/Late_Blight/Late_Blight_27.jpg,Late_Blight_27.jpg,.jpg,11547,256,256,Late_Blight,False,15a59cb78f445b2c2ca8e04937a9cf9009bbab2f813a330bed435ac73672c6d9,bf8da0b28fd18c43,
potato_pld,Training/Late_Blight/Late_Blight_28.jpg,Late_Blight_28.jpg,.jpg,13077,256,256,Late_Blight,False,64556deeb55032a98242b8393238d6ee5defff30768715071729777df9161364,faaad286849d8f38,
potato_pld,Training/Late_Blight/Late_Blight_1109.jpg,Late_Blight_1109.jpg,.jpg,11312,256,256,Late_Blight,False,9efe32c272f3ab426c08be4933e1c544e45ccccb7dda611ad798d4fe0244d84e,bac5996a9d32462d,
potato_pld,Training/Late_Blight/Late_Blight_947.jpg,Late_Blight_947.jpg,.jpg,9768,256,256,Late_Blight,False,77c73559447097a63d089e9aa55afc48b34c17d2e292d1101f29c851e4bc7dcd,fa8fa0dc95c097c4,
potato_pld,Training/Late_Blight/Late_Blight_245.jpg,Late_Blight_245.jpg,.jpg,9976,256,256,Late_Blight,False,59f9966efd5d587792e1cd93f26721c9a304684261b019aa4e2da301a711918b,ba47e00e817f9764,
potato_pld,Training/Late_Blight/Late_Blight_338.jpg,Late_Blight_338.jpg,.jpg,9423,256,256,Late_Blight,False,62416d8bcf1574bee8d34603650969bacfaa810147f2728b059614157e98e121,ba85b1fa9145d22e,
potato_pld,Training/Late_Blight/Late_Blight_436.jpg,Late_Blight_436.jpg,.jpg,9068,256,256,Late_Blight,False,a27926fa87103146192061bb1b525f2c62e0870b7165f537a17b5368478ffb3f,ea608737cab6a48b,
potato_pld,Training/Late_Blight/Late_Blight_773.jpg,Late_Blight_773.jpg,.jpg,9835,256,256,Late_Blight,False,cf3a1b32e8409052ebf4a860d17cabaa4c80e7cf76410445015ee1a9d822a035,bee3b4b5d090c392,
potato_pld,Training/Late_Blight/Late_Blight_996.jpg,Late_Blight_996.jpg,.jpg,9233,256,256,Late_Blight,False,5221a404a42816f16348e5cdc109bef7bc2c1c73f845e081311cf6883924a294,eae8a105c7ae94b5,
potato_pld,Training/Late_Blight/Late_Blight_172.jpg,Late_Blight_172.jpg,.jpg,8135,256,256,Late_Blight,False,a312d3ddd70634251ca6495017d0b1b84cd8877d8c2a9d4f17b053d9689830dd,ebc28e29ca35d994,
potato_pld,Training/Late_Blight/Late_Blight_1052.jpg,Late_Blight_1052.jpg,.jpg,10101,256,256,Late_Blight,False,a9c05468eec613e56b05415917aa3681f1fe08fb42912bf68fc397e99a6dec26,aab5d4da87488d4b,
potato_pld,Training/Late_Blight/Late_Blight_583.jpg,Late_Blight_583.jpg,.jpg,8212,256,256,Late_Blight,False,ae6400eee7d06361c2beb2d55168601c9f5bf84a66756cefc555525739c90b54,af95d0dac3c0cdc1,
potato_pld,Training/Late_Blight/Late_Blight_84.jpg,Late_Blight_84.jpg,.jpg,9591,256,256,Late_Blight,False,34e35f8aa9e21c18f6a03a8408f2e3644dc925edf73c107500f5ac1aebc7960c,edc8929f9036876c,
potato_pld,Training/Late_Blight/Late_Blight_326.jpg,Late_Blight_326.jpg,.jpg,7555,256,256,Late_Blight,False,4e60e75e46743912e3b2a67c0de4f5885ce4d84c1a117f757a14ac81b20257cf,ef03e0efc5c48782,
potato_pld,Training/Late_Blight/Late_Blight_447.jpg,Late_Blight_447.jpg,.jpg,9805,256,256,Late_Blight,False,c888c7831a51676d25841ebc674e3748b0c9267531938753c7a24d4c677b0680,eaeac10f959e98b0,
potato_pld,Training/Late_Blight/Late_Blight_52.jpg,Late_Blight_52.jpg,.jpg,10945,256,256,Late_Blight,False,a8868487498a109beb6c0821f291cdd7dc78e473b4fd5e192e771336b91d0a62,bf95f0da81598549,
potato_pld,Training/Late_Blight/Late_Blight_164.jpg,Late_Blight_164.jpg,.jpg,9637,256,256,Late_Blight,False,26f17eba14b44e08570e26bcadd7392b70df2bfdeebcd3f9d0d3d08590b6a612,becbd0a1818f9794,
potato_pld,Training/Late_Blight/Late_Blight_287.jpg,Late_Blight_287.jpg,.jpg,9313,256,256,Late_Blight,False,589aa296ca135c84e925d87d61a0233ef4294fd1ca6873c56df159e7d5d48c7a,b51bd25dc9acc644,
potato_pld,Training/Late_Blight/Late_Blight_898.jpg,Late_Blight_898.jpg,.jpg,8284,256,256,Late_Blight,False,959a3c90c9516a2c10bdaa200b9e3b8fa768e21b80731a4244aa44c1acd77564,eba1e05687069e7a,
potato_pld,Training/Late_Blight/Late_Blight_505.jpg,Late_Blight_505.jpg,.jpg,7748,256,256,Late_Blight,False,553c69f7b8796b8ccac411fd1f535ecaae6a834962f6b25aae6d8739aa1f645c,bfb8b0d5d01a827a,
potato_pld,Training/Late_Blight/Late_Blight_651.jpg,Late_Blight_651.jpg,.jpg,8839,256,256,Late_Blight,False,460f2a8e9442e83cf7b856faa8630e2245748643ed9a1f319f85f2af47ad6f4c,be37e452c24a8763,
potato_pld,Training/Late_Blight/Late_Blight_580.jpg,Late_Blight_580.jpg,.jpg,9049,256,256,Late_Blight,False,fdd5b1f6880a4b7a1948e7d84443e620fd50538e42d33f55f2e55a6130e68a72,fec8a0ab80afccb4,
potato_pld,Training/Late_Blight/Late_Blight_944.jpg,Late_Blight_944.jpg,.jpg,7379,256,256,Late_Blight,False,f002400e87c3874472dc55ea56738c94c38403cc9e63d97822a292ff5b0d12f7,fea5e442c15ac729,
potato_pld,Training/Late_Blight/Late_Blight_691.jpg,Late_Blight_691.jpg,.jpg,10058,256,256,Late_Blight,False,8ac254daf2f99d1f22cc9301d55d5907a41f0e8756590a832e4dd274ea0fede5,be5bf0bcc2b089e0,
potato_pld,Training/Late_Blight/Late_Blight_247.jpg,Late_Blight_247.jpg,.jpg,8102,256,256,Late_Blight,False,fed3c7f42122939524947d879ca1a09f01c3f202c650dc1af65e3c5bbc41c5ee,ae99a4d8c6ca8e8b,
potato_pld,Training/Late_Blight/Late_Blight_15.jpg,Late_Blight_15.jpg,.jpg,9698,256,256,Late_Blight,False,0c9de97489a4635694680dd8382bb9042548733c0f73b7a7e45ecbcbb3df6547,efb3c25a883d8558,
potato_pld,Training/Late_Blight/Late_Blight_69.jpg,Late_Blight_69.jpg,.jpg,12470,256,256,Late_Blight,False,720f9c4328a5a2d51a05d38d693023e55be14d97481c2933afd1ec127ff9e08a,ff99b09fc2488568,
potato_pld,Training/Late_Blight/Late_Blight_404.jpg,Late_Blight_404.jpg,.jpg,8012,256,256,Late_Blight,False,172f601085e2651d6aac7ec2000ea1ebbe9dddff435930c5df7652cc9d675d79,ee1fa87a85e094e1,
potato_pld,Training/Late_Blight/Late_Blight_454.jpg,Late_Blight_454.jpg,.jpg,7750,256,256,Late_Blight,False,74b73b984d8b40980526a84af93e3fd1878dce923d17a98566169f44bac28478,ae9ae4f285e096c3,
potato_pld,Training/Late_Blight/Late_Blight_138.jpg,Late_Blight_138.jpg,.jpg,8650,256,256,Late_Blight,False,15ee7407af2bc8bbb76e759261a3cf4c83d27dec66cc8580740be4bccd56cbb9,fae0a10fdc0c953d,
potato_pld,Training/Late_Blight/Late_Blight_205.jpg,Late_Blight_205.jpg,.jpg,7984,256,256,Late_Blight,False,d43fd980a617fffce9ec647fd089436c3db1da16a07bf7c4aa402e0b7c1bb73f,aa17e5f8940386eb,
potato_pld,Training/Late_Blight/Late_Blight_356.jpg,Late_Blight_356.jpg,.jpg,8870,256,256,Late_Blight,False,98a213591700f2c020be45a261073ef6140828974f9602baa69573e6bfc11d46,bbb3c1c3c38e1f08,
potato_pld,Training/Late_Blight/Late_Blight_606.jpg,Late_Blight_606.jpg,.jpg,8856,256,256,Late_Blight,False,f68122c91601fffae9f2433a3480efcdb920d887ab534b6b51dce59f2992f2d8,bd95d25a854b834d,
potato_pld,Training/Late_Blight/Late_Blight_414.jpg,Late_Blight_414.jpg,.jpg,7736,256,256,Late_Blight,False,1a2a78a090385192da96a5844c9fae39b96e4df67941322fd85911a01724b141,ee5ae0f985a19887,
potato_pld,Training/Late_Blight/Late_Blight_1125.jpg,Late_Blight_1125.jpg,.jpg,9223,256,256,Late_Blight,False,b8526a7ab9cc9353a8b5f8ad09be375188e77fed812ee684bb9d0d5b0732d8b5,ea63a50f9cb58654,
potato_pld,Training/Late_Blight/Late_Blight_275.jpg,Late_Blight_275.jpg,.jpg,9645,256,256,Late_Blight,False,512a4374cf2c6e803f59f44ab4d181bdf84890cfe4d1ac84b35b1e82434f18a5,eb89b0fc95a08795,
potato_pld,Training/Late_Blight/Late_Blight_867.jpg,Late_Blight_867.jpg,.jpg,8910,256,256,Late_Blight,False,8574da7bc852f24d41b0a2de76e26647039d32dffc42e1f421877f12fae0c4d7,fb68f44580acd3e4,
potato_pld,Training/Late_Blight/Late_Blight_988.jpg,Late_Blight_988.jpg,.jpg,10127,256,256,Late_Blight,False,de2f70a1bde82fd523b43d9d335702caa52ae978544be7f8964c5bec169b8d63,bf8ea51d9408d0fc,
potato_pld,Training/Late_Blight/Late_Blight_1011.jpg,Late_Blight_1011.jpg,.jpg,8270,256,256,Late_Blight,False,2e7359a4b56705504f530782e5c795c319333be170fa13174397a66f0a86281b,ba48e10bd7ad82bc,
potato_pld,Training/Late_Blight/Late_Blight_770.jpg,Late_Blight_770.jpg,.jpg,10318,256,256,Late_Blight,False,594ef8694ad1d9e6eb242a57c5a1b1a1b2a64d49bdf7f3a3dbddd3345be32f38,bf9cb091d47a9249,
potato_pld,Training/Late_Blight/Late_Blight_609.jpg,Late_Blight_609.jpg,.jpg,9591,256,256,Late_Blight,False,842840d45bffb22d10de2feff99b533cbdd0cdee091ebb9e0b80dd015bd7fc13,eac2d541d08fca3e,
potato_pld,Training/Late_Blight/Late_Blight_491.jpg,Late_Blight_491.jpg,.jpg,7973,256,256,Late_Blight,False,31dc7c80a8a48ff39c716f7013395744d18aadc9fd0c5af179ab711b585f2c62,aac2d48bd0959b3e,
potato_pld,Training/Late_Blight/Late_Blight_972.jpg,Late_Blight_972.jpg,.jpg,8283,256,256,Late_Blight,False,b4aca5764a7f08120df6ffef006079394e486dd2814507ebec06354507ec8f7f,bb6eb0a091b19f92,
potato_pld,Training/Late_Blight/Late_Blight_280.jpg,Late_Blight_280.jpg,.jpg,8499,256,256,Late_Blight,False,d70f419c92c6cea39fdaa5e22e947fb12fea0e75e77c1fcad1161be1df6609b3,f848a5a987ddd684,
potato_pld,Training/Late_Blight/Late_Blight_962.jpg,Late_Blight_962.jpg,.jpg,9517,256,256,Late_Blight,False,6a42e93d5886e5612b9ae555aae0feeab0f4a41693670d52c62459a6a1256d4c,fec9a059818b979c,
potato_pld,Training/Late_Blight/Late_Blight_449.jpg,Late_Blight_449.jpg,.jpg,10289,256,256,Late_Blight,False,ad17bf743956379e82ed1f50570ea4d8ebd1073a6d2ee177809dce8a325a04d5,fe87a0ea95a5d0a4,
potato_pld,Training/Late_Blight/Late_Blight_45.jpg,Late_Blight_45.jpg,.jpg,10204,256,256,Late_Blight,False,1041f364d9623825f12015622b313130348ca9e0002cf35441d8a4b1c2db4fad,ab9e85f8dc48ca25,
potato_pld,Training/Late_Blight/Late_Blight_335.jpg,Late_Blight_335.jpg,.jpg,7095,256,256,Late_Blight,False,f9605de5d42035ff70eea62922a06f37e327b92081b1d50339c0818e447e00fb,ab33e53294d393a2,
potato_pld,Training/Late_Blight/Late_Blight_842.jpg,Late_Blight_842.jpg,.jpg,9637,256,256,Late_Blight,False,0c55782e9f73f0c0fa08ec86844b1255f62139af33084001d55d46495c70ddde,f3b0f187801fda38,
potato_pld,Training/Late_Blight/Late_Blight_4.jpg,Late_Blight_4.jpg,.jpg,9962,256,256,Late_Blight,False,68854a854a0fe450a8ed3f72893290ffd84805665cd4935711f844af5817b3a0,eb94e1d6d4b2c289,
potato_pld,Training/Late_Blight/Late_Blight_1024.jpg,Late_Blight_1024.jpg,.jpg,9235,256,256,Late_Blight,False,59cb0049a4c7b13d4635ac7a40d8bae4d8e41fd05e6c62b5e230c065802ec747,eec8b087d65e82ca,
potato_pld,Training/Late_Blight/Late_Blight_162.jpg,Late_Blight_162.jpg,.jpg,8906,256,256,Late_Blight,False,27f09773a1898b0523c51154c5de826634214a0e7740366fcab3811801a53b92,bbb1b0d1c04bc96d,
potato_pld,Training/Late_Blight/Late_Blight_37.jpg,Late_Blight_37.jpg,.jpg,10561,256,256,Late_Blight,False,c3f0d295834c270978f83d6ac7d14d15e8c2e05d46eb4b9e94d6dd9f865a7782,bfc0c027879f8f84,
potato_pld,Training/Late_Blight/Late_Blight_81.jpg,Late_Blight_81.jpg,.jpg,10935,256,256,Late_Blight,False,d7ce85cdd4892a3608e39062b65bd4896c6a9502980a7fc9b8ff7d1209f59ba3,bbb4b1d0c34b8d0d,
potato_pld,Training/Late_Blight/Late_Blight_713.jpg,Late_Blight_713.jpg,.jpg,8654,256,256,Late_Blight,False,13aff3de154811ff75a96fdbd99d4592498a768d2cf6709f772eceb2a4ef6184,bb8da1fc95e094e0,
potato_pld,Training/Late_Blight/Late_Blight_1112.jpg,Late_Blight_1112.jpg,.jpg,11718,256,256,Late_Blight,False,660ccb78f2b440924518c8c88be6df92ec3a0a41c45c174367eeaeb836abe0a2,eae1e06bc1c6871e,
potato_pld,Training/Late_Blight/Late_Blight_413.jpg,Late_Blight_413.jpg,.jpg,8378,256,256,Late_Blight,False,a770bb5f6618d684000d4e4be167f042e9301ac1434e0d9e573c80bc631cdb47,bf97805acbe58446,
potato_pld,Training/Late_Blight/Late_Blight_1063.jpg,Late_Blight_1063.jpg,.jpg,11299,256,256,Late_Blight,False,29d2166e3b80ea516a65db2027459d03be080459bf0c84664d9386c456789920,efb9f4f08002c3cb,
potato_pld,Training/Late_Blight/Late_Blight_1015.jpg,Late_Blight_1015.jpg,.jpg,8704,256,256,Late_Blight,False,69aaaea79a6579972e94e2f61931ce5a8cddb2b13fb1a54ad22ba64ddd5fa917,bf93b07ac131c2e1,
potato_pld,Training/Late_Blight/Late_Blight_358.jpg,Late_Blight_358.jpg,.jpg,6357,256,256,Late_Blight,False,17f00346aa627b9fbc02afead06c1cf189a5baa5584a97db58ceba0700d18f14,b898a017d66e4e6b,
potato_pld,Training/Late_Blight/Late_Blight_808.jpg,Late_Blight_808.jpg,.jpg,10944,256,256,Late_Blight,False,c3720bf9fba48f95a33d8cd9d07a9affc5a8f51eff9a444a4a76e218f349443d,eab0e11787f69c82,
potato_pld,Training/Late_Blight/Late_Blight_1031.jpg,Late_Blight_1031.jpg,.jpg,11288,256,256,Late_Blight,False,946b1c01511ba213432ca817d2a58fc9f993a3e4c9e15fb99d755a449beecde9,ef8bb535b0e4c0e0,
potato_pld,Training/Late_Blight/Late_Blight_330.jpg,Late_Blight_330.jpg,.jpg,7481,256,256,Late_Blight,False,25a8841032cff05bcef39e54da4d3f410fe8aeb375efa937f6871459e87e0b85,ffc0a0c7d40e8e9c,
potato_pld,Training/Late_Blight/Late_Blight_33.jpg,Late_Blight_33.jpg,.jpg,11768,256,256,Late_Blight,False,b7de9121eadde4100aa7cf729f74839137b0fc675674c3e42303368709ea1475,aea4f0d28197d2ce,
potato_pld,Training/Late_Blight/Late_Blight_849.jpg,Late_Blight_849.jpg,.jpg,8466,256,256,Late_Blight,False,87ca0f23dba04a14ffd717609b2797972ca2091c0740b370f6de08f0a20529d6,aec2e5d7d486829a,
potato_pld,Training/Late_Blight/Late_Blight_171.jpg,Late_Blight_171.jpg,.jpg,7584,256,256,Late_Blight,False,e195aa3fc63ed2ae87bb5413c721c719e61a28525e52a0d66e46eb622b4c1b1e,ea9fa5e8d6454a48,
potato_pld,Training/Late_Blight/Late_Blight_475.jpg,Late_Blight_475.jpg,.jpg,8080,256,256,Late_Blight,False,30b51a70170b5ae0ae9e8cccb6f6c6e40a24801cbc75c5241d83ae60bc7d42b1,ead8c00a85bd9fb4,
potato_pld,Training/Late_Blight/Late_Blight_376.jpg,Late_Blight_376.jpg,.jpg,8905,256,256,Late_Blight,False,d08adafba410be0de329337cc6f1d75681858e9a19c4acaef0d01ad1789f9add,bf8db450d22ad03d,
potato_pld,Training/Late_Blight/Late_Blight_263.jpg,Late_Blight_263.jpg,.jpg,8840,256,256,Late_Blight,False,61ac12075bbbbc00a75d2dd682fe87acc99f1c9e5b09658368620a1cf83b677e,bfccb0a4c197c51a,
potato_pld,Training/Late_Blight/Late_Blight_273.jpg,Late_Blight_273.jpg,.jpg,9065,256,256,Late_Blight,False,c14b98610079e5c6ec456e9ae1cc557b93b00b4f25aeec7813b9b5a88f8856ad,ee8da15897a8d625,
potato_pld,Training/Late_Blight/Late_Blight_979.jpg,Late_Blight_979.jpg,.jpg,9160,256,256,Late_Blight,False,32bb879d762bb475e0b987fc9e24a25116bf5fc2306c9ce975fde43ce553a86d,ba54bdaab075d016,
potato_pld,Training/Late_Blight/Late_Blight_1002.jpg,Late_Blight_1002.jpg,.jpg,9942,256,256,Late_Blight,False,cf631cf6e77da82493acadd7da2ad506b057557319001c72983d83fcab21a20a,eacae0c982af9734,
potato_pld,Training/Late_Blight/Late_Blight_786.jpg,Late_Blight_786.jpg,.jpg,10560,256,256,Late_Blight,False,7794eec5b02513cc1e54c1c721b622d162b07e42a8334effbe64a583afe09fc9,ab9af17e90e083a5,
potato_pld,Training/Late_Blight/Late_Blight_1086.jpg,Late_Blight_1086.jpg,.jpg,9051,256,256,Late_Blight,False,a2b5bfa21d334f1fdc28734a7fd8ae2022e65338d4b57c463f55e06ec451bd4f,ebc3b4cc9085878f,
potato_pld,Training/Late_Blight/Late_Blight_1051.jpg,Late_Blight_1051.jpg,.jpg,8906,256,256,Late_Blight,False,94d68269132dd40059d51bdf46c8ccc03339a518e68613d2459ae0c5f3ee3e7c,ebcba14091ef93a4,
potato_pld,Training/Late_Blight/Late_Blight_1050.jpg,Late_Blight_1050.jpg,.jpg,10870,256,256,Late_Blight,False,5ec5ab460588d16ee4d46fc13cfc849298c5e73ecf934c9c01ca3c4895440533,aa8eb5f9c530d0e4,
potato_pld,Training/Late_Blight/Late_Blight_574.jpg,Late_Blight_574.jpg,.jpg,9316,256,256,Late_Blight,False,29c204acdae6af088f9ab453821ca37aef26697fde35ac2292f6ad66df5daa45,ae82e4dec2094f3d,
potato_pld,Training/Late_Blight/Late_Blight_737.jpg,Late_Blight_737.jpg,.jpg,10449,256,256,Late_Blight,False,88c7c594151dbf95619c02c6cc093a6c4d2f3322bdbe2a4136c97bdef5375738,be1eb588d05dc86c,
potato_pld,Training/Late_Blight/Late_Blight_296.jpg,Late_Blight_296.jpg,.jpg,7992,256,256,Late_Blight,False,dfe8d659144964dc019490392b62b17e8dedbdb034ad87a3ac6a0c345843baa8,ba4fb0a0d3d4839e,
potato_pld,Training/Late_Blight/Late_Blight_277.jpg,Late_Blight_277.jpg,.jpg,9902,256,256,Late_Blight,False,d32739974fc6b38c349cfb1722234a736de5a2fdbd8f6d826df67b9450351798,ab0ff03c9578c721,
potato_pld,Training/Late_Blight/Late_Blight_640.jpg,Late_Blight_640.jpg,.jpg,7985,256,256,Late_Blight,False,1f57efcdd9bc8325b26a68b0391f2af2198381a1b56c9d56543ed9a0f35177d2,abcce1acc0b58f92,
potato_pld,Training/Late_Blight/Late_Blight_95.jpg,Late_Blight_95.jpg,.jpg,7834,256,256,Late_Blight,False,29186ce92acab04b02827255c9661c3b57268bab8d1e81f48f3b374cffd4edb6,ea8fa540d6ad8e15,
potato_pld,Training/Late_Blight/Late_Blight_259.jpg,Late_Blight_259.jpg,.jpg,8636,256,256,Late_Blight,False,ddb5aa4b69681b8a2aea04e0fea2ceee1588d046f91f656d811d3f46019a2141,eec3b1ccd180929f,
potato_pld,Training/Late_Blight/Late_Blight_427.jpg,Late_Blight_427.jpg,.jpg,8509,256,256,Late_Blight,False,8b790cee0bf0d4c16e1542dd5c53ed9218cb038b4c3ee2dfbc3d7ce3c9a67a48,eaca810b9e1dd1b3,
potato_pld,Training/Late_Blight/Late_Blight_332.jpg,Late_Blight_332.jpg,.jpg,8326,256,256,Late_Blight,False,a563e4ad675cbcbf802d9050982907613faade62272edde9de2f763062f71988,ea3ce1a385f79c02,
potato_pld,Training/Late_Blight/Late_Blight_576.jpg,Late_Blight_576.jpg,.jpg,9417,256,256,Late_Blight,False,67292f5212f27b34c04b37355f1733c7f0522ee62a80c916d3e471124a50041a,ab9fb4e89258d258,
potato_pld,Training/Late_Blight/Late_Blight_700.jpg,Late_Blight_700.jpg,.jpg,8694,256,256,Late_Blight,False,149e46a7b93246ce0313bc368fb1e26b82537df9520d5161a2dcf6252c4c999c,bbc0f18291958b7e,
potato_pld,Training/Late_Blight/Late_Blight_378.jpg,Late_Blight_378.jpg,.jpg,8107,256,256,Late_Blight,False,7a04c92fb1da1d11fa26a3767a38f6f359c491830e72055d3f5df469d27bf3fa,aef4a446c44bcb39,
potato_pld,Training/Late_Blight/Late_Blight_136.jpg,Late_Blight_136.jpg,.jpg,8501,256,256,Late_Blight,False,1ab5edbd8023e89abf0c7ae663e4036e2e51ee83af43c5973b403853bb6e107f,facae08983db9f10,
potato_pld,Training/Late_Blight/Late_Blight_43.jpg,Late_Blight_43.jpg,.jpg,10622,256,256,Late_Blight,False,1e074f69a47ce6f48e346b75fe1881d89f2117b1f3134b3443914091142e4456,ebd2a5d2d50b0a6c,
potato_pld,Training/Late_Blight/Late_Blight_342.jpg,Late_Blight_342.jpg,.jpg,8331,256,256,Late_Blight,False,072a4e8206ec314a6203147998661108e06e61570346248192a2e152087fde02,aee4e487845e8f38,
potato_pld,Training/Late_Blight/Late_Blight_329.jpg,Late_Blight_329.jpg,.jpg,8749,256,256,Late_Blight,False,6edbfe78ae7e692250f6293f5de011b36018f052eaf0568c272a074013f949bd,bf4eb40cd06cc2f4,
potato_pld,Training/Late_Blight/Late_Blight_260.jpg,Late_Blight_260.jpg,.jpg,9651,256,256,Late_Blight,False,0c13710cba1f5d083b1beaaf9343d76853b99dc281aae42814c5dbd5a1dfbbdb,ef4ae4a9c2e085a7,
potato_pld,Training/Late_Blight/Late_Blight_549.jpg,Late_Blight_549.jpg,.jpg,9365,256,256,Late_Blight,False,0c003436d51a0e8a47abe99aee0deb805704bafd68beaa9bf79782467e45fba8,aa37e582c47b86a3,
potato_pld,Training/Late_Blight/Late_Blight_1025.jpg,Late_Blight_1025.jpg,.jpg,9113,256,256,Late_Blight,False,764ede56290a0f6df2a42199ac678e2bd03735c31daa716f2e58b1f354c3e00a,fff2b4a09085c396,
potato_pld,Training/Late_Blight/Late_Blight_12.jpg,Late_Blight_12.jpg,.jpg,9096,256,256,Late_Blight,False,8c7a6d87038a8a309c79235be19afa968d38e0835fca4f588d81bdcf8c48b073,aedae4a8c0f587d0,
potato_pld,Training/Late_Blight/Late_Blight_250.jpg,Late_Blight_250.jpg,.jpg,10217,256,256,Late_Blight,False,4ded3ee0a156ddf3da1398b6d25598d1a2cd29050a86c8133ec1a1e453d73d96,ab5efc2a80cfc02d,
potato_pld,Training/Late_Blight/Late_Blight_745.jpg,Late_Blight_745.jpg,.jpg,10107,256,256,Late_Blight,False,a305114937662b66b54c0cd39cad6b3f60c0b2b37ab947e13b948a355b3ab38b,ebb5f556808ac6d0,
potato_pld,Training/Late_Blight/Late_Blight_958.jpg,Late_Blight_958.jpg,.jpg,8515,256,256,Late_Blight,False,725e683c81ec79569b1bd7ec3b063312ca95f6c106a2f78ac542f670756bfbfc,ae39e47094e29ac7,
potato_pld,Training/Late_Blight/Late_Blight_145.jpg,Late_Blight_145.jpg,.jpg,9195,256,256,Late_Blight,False,eb5f603acfc489400c94eb5df07f85f78ded1c02eed7e20a4bd81fad738cd5f3,ff03a5fc950ad00b,
potato_pld,Training/Late_Blight/Late_Blight_312.jpg,Late_Blight_312.jpg,.jpg,7492,256,256,Late_Blight,False,b04a6f9cccde13fa9db215985b0dbbcd5a1551a82fde845973a811badf8e892d,aa19e570c5c29ec7,
potato_pld,Training/Late_Blight/Late_Blight_1083.jpg,Late_Blight_1083.jpg,.jpg,9887,256,256,Late_Blight,False,1d14ff8e7434689298098a10345287401c51f08ce3327c58fa6d0dfb63189c19,efccb130918d9336,
potato_pld,Training/Late_Blight/Late_Blight_648.jpg,Late_Blight_648.jpg,.jpg,8416,256,256,Late_Blight,False,5ea64b39cba7dd69961d5b0b9889edf81783b130a63f20881567153ff34ced35,bee690e6d2020adf,
potato_pld,Training/Late_Blight/Late_Blight_961.jpg,Late_Blight_961.jpg,.jpg,8515,256,256,Late_Blight,False,9cf82793fa1349c504fa6563a0b91474a2765a642435c362a7fc765bb0610b70,fae0b12f9374d302,
potato_pld,Training/Late_Blight/Late_Blight_465.jpg,Late_Blight_465.jpg,.jpg,8691,256,256,Late_Blight,False,70d67c7f8f025279f6ec92d2906ebbf8cfe2e4925d39698c6ff82e57819db57c,bfc0b5f39101da0b,
potato_pld,Training/Late_Blight/Late_Blight_632.jpg,Late_Blight_632.jpg,.jpg,8564,256,256,Late_Blight,False,f66521feb0990b174963ee438d804dc0bdcdf3e322c309756cf85bf0186c436d,fa4bc2f1e8e28c83,
potato_pld,Training/Late_Blight/Late_Blight_1107.jpg,Late_Blight_1107.jpg,.jpg,8660,256,256,Late_Blight,False,026e577f339a7cedd706028abc1097e65ee740402bb9ab0d2eeee5ce05ccbff9,af6ab521d255c22e,
potato_pld,Training/Late_Blight/Late_Blight_743.jpg,Late_Blight_743.jpg,.jpg,9663,256,256,Late_Blight,False,87c252593dfabb27248144ba16d74f5b9340f52116fb3bb82adefb903f8b24c5,eb85a88c81dfd1d8,
potato_pld,Training/Late_Blight/Late_Blight_415.jpg,Late_Blight_415.jpg,.jpg,8525,256,256,Late_Blight,False,f4f6bcc1bc0eafa02c3165b23335c1e91bb52261874b2262b5816cff6f203d83,bfe0a12383b5cd94,
potato_pld,Training/Late_Blight/Late_Blight_1131.jpg,Late_Blight_1131.jpg,.jpg,9523,256,256,Late_Blight,False,b9092856baf6387bc67ee253d3f4a405deeaa05c27c2dcfe1b33943cb8cd6eec,afc3e4e7c00cc61e,
potato_pld,Training/Late_Blight/Late_Blight_1101.jpg,Late_Blight_1101.jpg,.jpg,8117,256,256,Late_Blight,False,07c248dbed9fe70bcc77500dae11a1258abb73eecfc9390b00300cad4a7d1272,eae4e586851e9e1a,
potato_pld,Training/Late_Blight/Late_Blight_401.jpg,Late_Blight_401.jpg,.jpg,9403,256,256,Late_Blight,False,3f2c1c54b3eb13398adbf7b3fef43223434b5c4b0076a51d3efd29b4848de74c,ae5af4a9c2958599,
potato_pld,Training/Late_Blight/Late_Blight_563.jpg,Late_Blight_563.jpg,.jpg,8111,256,256,Late_Blight,False,bdca6b3246081ab9123ceaa9aaead6233eff9a281e427a766bdb9570046ef4ad,bfc8a0ad83848fda,
potato_pld,Training/Late_Blight/Late_Blight_201.jpg,Late_Blight_201.jpg,.jpg,7610,256,256,Late_Blight,False,16f7f1fdb8364107ac5069b2b5606983cc4256d21b8f2bfdedba461488d7cef2,ea3b9dc695c2d0c8,
potato_pld,Training/Late_Blight/Late_Blight_1082.jpg,Late_Blight_1082.jpg,.jpg,9981,256,256,Late_Blight,False,d705337558b2b90dac68c9fff5a20e8d7040b6b8e735f2e94fc27596596acf7c,fde9e2c6ce944091,
potato_pld,Training/Late_Blight/Late_Blight_678.jpg,Late_Blight_678.jpg,.jpg,8761,256,256,Late_Blight,False,e6ba3bcdb748515e45457c55aeb8b85cf7ff1f210abcc8b8665c2da3a00f29dc,aecce56dd42482b5,
potato_pld,Training/Late_Blight/Late_Blight_94.jpg,Late_Blight_94.jpg,.jpg,9241,256,256,Late_Blight,False,d56c050268d657976a8db5abf6b37f887e8cd83e1d6bcfd1c770bbdc74468dd5,fb72b02387d78a82,
potato_pld,Training/Late_Blight/Late_Blight_177.jpg,Late_Blight_177.jpg,.jpg,8082,256,256,Late_Blight,False,560cf66b7834908b59d482e77ee12e84620383bc78e8ee2b9e40a648b2833ea7,ebc09d3d9db0ca12,
potato_pld,Training/Late_Blight/Late_Blight_209.jpg,Late_Blight_209.jpg,.jpg,8533,256,256,Late_Blight,False,acc1f6383e3df200772725ea9996262d5facf1a32af4ce47a0fa46b599cc8159,aaeab125d3b5c216,
potato_pld,Training/Late_Blight/Late_Blight_832.jpg,Late_Blight_832.jpg,.jpg,8430,256,256,Late_Blight,False,a81b509ac801cd150f9a2173137ea55344f78d0ec32e1f3b6e4e63fc16d49807,eac4e48f855e9a38,
potato_pld,Training/Late_Blight/Late_Blight_322.jpg,Late_Blight_322.jpg,.jpg,8036,256,256,Late_Blight,False,6b4a01a390222cc372ca66a1fc6f16cae8f6315ac935768acc8ff04ace29b235,ba9fb1ecd584c2c0,
potato_pld,Training/Late_Blight/Late_Blight_543.jpg,Late_Blight_543.jpg,.jpg,9048,256,256,Late_Blight,False,0cf5eab8f4d3066b7a6b31b365871926a1a68e901e21dfea68de861de0ff9b6b,ea16e4d285308f6f,
potato_pld,Training/Late_Blight/Late_Blight_562.jpg,Late_Blight_562.jpg,.jpg,8346,256,256,Late_Blight,False,741476783248faa050937ac11572152fb52d6a6ff1445877fe7138a711ccf139,eae0a186974e9a6e,
potato_pld,Training/Late_Blight/Late_Blight_173.jpg,Late_Blight_173.jpg,.jpg,8502,256,256,Late_Blight,False,32823c7838ead9420da4297d9e2ca7205cc9927b387a6e9fb9edda2e824aec94,be63f0d890a1c39b,
potato_pld,Training/Late_Blight/Late_Blight_266.jpg,Late_Blight_266.jpg,.jpg,9950,256,256,Late_Blight,False,6097def565f0df98b416a2983d35f4a2f1cf167980d01b6d74118c934b1908ec,ffe2b4a0d055c38a,
potato_pld,Training/Late_Blight/Late_Blight_566.jpg,Late_Blight_566.jpg,.jpg,8456,256,256,Late_Blight,False,7bca4cc9f55c8cfc79f5777f1d09e4c3a9b5b38fc7b940ead123a2bb99ea18b7,bf1ab0a9c348cba9,
potato_pld,Training/Late_Blight/Late_Blight_389.jpg,Late_Blight_389.jpg,.jpg,8672,256,256,Late_Blight,False,2b8b8c545b341cabad3c359b3a02c786a22a03a2d110e1c23d5b0fca9a489f0c,ee1fa5f0d4c38283,
potato_pld,Training/Late_Blight/Late_Blight_516.jpg,Late_Blight_516.jpg,.jpg,8306,256,256,Late_Blight,False,fc5fa03d3ba4e5d121713bc45924282142095d85ee6cb4130e2be6b2c81ec4a2,eab5e0f485809fc6,
potato_pld,Training/Late_Blight/Late_Blight_1016.jpg,Late_Blight_1016.jpg,.jpg,9716,256,256,Late_Blight,False,3d8b755a3148371ce8f8f18696dc9d09b838498f604c4b8922ea5aa7df5a23ea,fad0e02ac50b9f99,
potato_pld,Training/Late_Blight/Late_Blight_971.jpg,Late_Blight_971.jpg,.jpg,9169,256,256,Late_Blight,False,6c91ceeae44bbbf72874bdcd63de37b27ac4a3181c693ff15035722b1202e9f3,aa5ef5ba8050c7b1,
potato_pld,Training/Late_Blight/Late_Blight_836.jpg,Late_Blight_836.jpg,.jpg,10656,256,256,Late_Blight,False,6989ebafb3c4549d48e37c91704dc0def16c406326bad74dd3359b6fa78935af,be26a4d4d4a2d44f,
potato_pld,Training/Late_Blight/Late_Blight_1061.jpg,Late_Blight_1061.jpg,.jpg,8639,256,256,Late_Blight,False,55ff81f4a11ea681b8a8f7b7288733269dfd0a70e49a6530c18eaf3ad022dff5,eea5b05a834ac3e9,
potato_pld,Training/Late_Blight/Late_Blight_82.jpg,Late_Blight_82.jpg,.jpg,8784,256,256,Late_Blight,False,9ec17f551ae01e7b765282af09cf3e43fa216eb64bdb9518bd035d487c37a389,fe42a4efc08583b6,
potato_pld,Training/Late_Blight/Late_Blight_130.jpg,Late_Blight_130.jpg,.jpg,8379,256,256,Late_Blight,False,43d085ba7cdb34349d822f05a3f3b8bad157af6cc18683435f454fbfd2f985f5,ea1ccae18906b5fc,
potato_pld,Training/Late_Blight/Late_Blight_125.jpg,Late_Blight_125.jpg,.jpg,8217,256,256,Late_Blight,False,135da43c9ce6f9d3f293fa4b4867cdf5ddab822d2c31d8a570d63b4df0cbfa09,bb60a511c29ed29f,
potato_pld,Training/Late_Blight/Late_Blight_1027.jpg,Late_Blight_1027.jpg,.jpg,9261,256,256,Late_Blight,False,98f7cca14bc5727b3264c0c24f99ae1ce9db831974d96748d5e543c2a723991d,fe5ec1e8c7818c83,
potato_pld,Training/Late_Blight/Late_Blight_271.jpg,Late_Blight_271.jpg,.jpg,9867,256,256,Late_Blight,False,b00bb56fde193bede3175d65a2202e50735aa7fdecb2882f9daec54dfd54c518,bd40f0af8245d5d6,
potato_pld,Training/Late_Blight/Late_Blight_351.jpg,Late_Blight_351.jpg,.jpg,8023,256,256,Late_Blight,False,3a3b6f48345aa84c2336970fded088a52429337bc57593deec4b29b9a2b3eb75,bbc2e00ec61dd63c,
potato_pld,Training/Late_Blight/Late_Blight_613.jpg,Late_Blight_613.jpg,.jpg,9354,256,256,Late_Blight,False,8a2801db3dcf447ef78d7b7be0f0e7dd026c43f6b7bd163573900a530f781a2a,fa95c0d0ca628f6d,
potato_pld,Training/Late_Blight/Late_Blight_703.jpg,Late_Blight_703.jpg,.jpg,8818,256,256,Late_Blight,False,2d2fcfbcbf9db41144af21b5af09496bc1e23a82271433baf23b161842da9245,bb97b458d2a9ca41,
potato_pld,Training/Late_Blight/Late_Blight_51.jpg,Late_Blight_51.jpg,.jpg,10801,256,256,Late_Blight,False,f84d00c2a0dd86716f11fb790c863d8b6b14fd5656bf79b802dc2a8285d89214,ea32e1b385f196c2,
potato_pld,Training/Late_Blight/Late_Blight_91.jpg,Late_Blight_91.jpg,.jpg,10046,256,256,Late_Blight,False,681f70336d9147d229f9cb5a1bd90f8957c61235c6075cb8fc249015a21202c8,fa62e0bdc5848796,
potato_pld,Training/Late_Blight/Late_Blight_646.jpg,Late_Blight_646.jpg,.jpg,10126,256,256,Late_Blight,False,4dae915ed491a95031b98e4858da308dcbc7ae177a2623b1680c1e7124a78a93,bf9bb0bcd1a0c2d0,
potato_pld,Training/Late_Blight/Late_Blight_17.jpg,Late_Blight_17.jpg,.jpg,9593,256,256,Late_Blight,False,ff32abaf2e1311a77fa50969e62b4a594b7650e72a8dc62a75b2387ad93bcd81,ba03f5579192836b,
potato_pld,Training/Late_Blight/Late_Blight_994.jpg,Late_Blight_994.jpg,.jpg,9847,256,256,Late_Blight,False,b2d3815fbccd17d3f5a152beeabd795cd6d2bd7b0a9b74eb92014e540bd88303,ead8e00d85fd9e24,
potato_pld,Training/Late_Blight/Late_Blight_143.jpg,Late_Blight_143.jpg,.jpg,9223,256,256,Late_Blight,False,1ef352c9581deb32f7e75bbe24f5affedc7708a42000b575841efe2bc5a67c8e,bbe3b0b1d2920a9b,
potato_pld,Training/Late_Blight/Late_Blight_231.jpg,Late_Blight_231.jpg,.jpg,8361,256,256,Late_Blight,False,07586f01ecd5c3c4e9ccd8d16c56710949a49458300ef1713885caf2856bd804,aa1ee5f88621d2a7,
potato_pld,Training/Late_Blight/Late_Blight_661.jpg,Late_Blight_661.jpg,.jpg,10007,256,256,Late_Blight,False,fb5094fcfabb5a99ccdcf0e19644ace0a8238735aa2635ac96e2d639fe499c17,badcb101d5d8dac8,
potato_pld,Training/Late_Blight/Late_Blight_154.jpg,Late_Blight_154.jpg,.jpg,9731,256,256,Late_Blight,False,176aa1567e836302080cb00682d9f7e268026f2c1233991f1a75578b389d581a,b8c3948fdaf00b6a,
potato_pld,Training/Late_Blight/Late_Blight_160.jpg,Late_Blight_160.jpg,.jpg,9082,256,256,Late_Blight,False,eb7399f0b50c2189ce5c60505c7c36ea45a2ba49ce2c7f0a4954c0cf4fcdf13e,facee0ea80858f95,
potato_pld,Training/Late_Blight/Late_Blight_129.jpg,Late_Blight_129.jpg,.jpg,9262,256,256,Late_Blight,False,9010d39c14ed6c314d8cd1cbe6e7fb39f4fcfde379652f2f2f19a10af0019fc3,fae2a00f979e80dc,
potato_pld,Training/Late_Blight/Late_Blight_519.jpg,Late_Blight_519.jpg,.jpg,8141,256,256,Late_Blight,False,801b301c0a5d47a7463729a3ea6360c448cd002ba1ac8f7ee44c3802ac6f1e63,ee97e0ba84e186c3,
potato_pld,Training/Late_Blight/Late_Blight_885.jpg,Late_Blight_885.jpg,.jpg,7431,256,256,Late_Blight,False,6ea021cfad775f808cae83be886f2bfb767462761af6cfde59078491e95a56ee,efc9a04e900e9f3c,
potato_pld,Training/Late_Blight/Late_Blight_235.jpg,Late_Blight_235.jpg,.jpg,9061,256,256,Late_Blight,False,443a48332a9805eb2e9882491e02b64cc22dd04867bf21bf5ee89c673af1d06f,ae94e452874a9f8b,
potato_pld,Training/Late_Blight/Late_Blight_344.jpg,Late_Blight_344.jpg,.jpg,10290,256,256,Late_Blight,False,dc9e0d8833c9eb790a2601e596dcfcaa8ffa3b2c25006d74f2836a26fe77edf8,aae5b4d0d6e2d2c1,
potato_pld,Training/Late_Blight/Late_Blight_98.jpg,Late_Blight_98.jpg,.jpg,9450,256,256,Late_Blight,False,d58f6386ae690e99ae8f54f932ceda012fd4d89d9ec188dde2834220a3e67a3b,ba48b0dcc4b7c237,
potato_pld,Training/Late_Blight/Late_Blight_431.jpg,Late_Blight_431.jpg,.jpg,9065,256,256,Late_Blight,False,79f0bae8a8aaa7a1984017ccf2316cba1ba342d80d1004acf408598a9f70a5bd,aacae18a828f9fac,
potato_pld,Training/Late_Blight/Late_Blight_612.jpg,Late_Blight_612.jpg,.jpg,9268,256,256,Late_Blight,False,0539a39ebca9539d318ae3b810b3c76402e639b3f0312624dbd77c14592bafdb,bac3b0fcd580d2c6,
potato_pld,Training/Late_Blight/Late_Blight_41.jpg,Late_Blight_41.jpg,.jpg,12624,256,256,Late_Blight,False,a7e6a28e68e2caecf237eb47a6bdf4534e6febd0df45da129061029e4bd8f34e,af9fe572c0d28261,
potato_pld,Training/Late_Blight/Late_Blight_349.jpg,Late_Blight_349.jpg,.jpg,9169,256,256,Late_Blight,False,5d3489a1f260701775d1e9e807d0241187b8704662b5467875c0487a4b607d47,eee2e487841e961e,
potato_pld,Training/Late_Blight/Late_Blight_871.jpg,Late_Blight_871.jpg,.jpg,9060,256,256,Late_Blight,False,9dfa4ab0809e43c9371c2d2f4962f3a7e0c12dc9220d00077639930364dcc833,ebf0a116c714c6ea,
potato_pld,Training/Late_Blight/Late_Blight_895.jpg,Late_Blight_895.jpg,.jpg,8321,256,256,Late_Blight,False,de9def849e66041fc44bf03d1bc2b4f1d1ae9635122ea47054eff9e80c8deacd,aa1de1b487d296c3,
potato_pld,Training/Late_Blight/Late_Blight_5.jpg,Late_Blight_5.jpg,.jpg,8622,256,256,Late_Blight,False,5e13e0f3a37a7cf7c7830fa8acfc7e8d8db60c3839d8d1886d21a90736a43d51,aee9e069c435c791,
potato_pld,Training/Late_Blight/Late_Blight_438.jpg,Late_Blight_438.jpg,.jpg,7803,256,256,Late_Blight,False,4d4c9ea5220e37635dc2ce12e69952ee924814a963cea1de1eb67cdada845b2a,ae5aa0e8c7e5c784,
potato_pld,Training/Late_Blight/Late_Blight_212.jpg,Late_Blight_212.jpg,.jpg,8108,256,256,Late_Blight,False,2acc0604eff47f2eb30e5d61acad58ec9cce0d6863ceddcd8dffdd2d556608cb,bb95d007aa3de834,
potato_pld,Training/Late_Blight/Late_Blight_55.jpg,Late_Blight_55.jpg,.jpg,9611,256,256,Late_Blight,False,fc02dfd3f5d54d0310fef11262688bacdfcaebc8400a534608c4d0240105b43d,abf8816b8627dc07,
potato_pld,Training/Late_Blight/Late_Blight_313.jpg,Late_Blight_313.jpg,.jpg,9080,256,256,Late_Blight,False,7630aedc8820701763f3ff5a0e5c9597a66588e1e098952103a84fc9c7a5b4f1,bba4a146d70e86b9,
potato_pld,Training/Late_Blight/Late_Blight_980.jpg,Late_Blight_980.jpg,.jpg,10055,256,256,Late_Blight,False,d0386c100c30b9324d50e8c4afb2931859b9c419dceab36e3049fc05a60db92c,ab0eb0ad8bd4d594,
potato_pld,Training/Late_Blight/Late_Blight_93.jpg,Late_Blight_93.jpg,.jpg,11382,256,256,Late_Blight,False,fcd5662016f6cab18221c7aa6346041fadb9f4900f367def5fad4925eaefc49f,ef1780d4dfc88847,
potato_pld,Training/Late_Blight/Late_Blight_831.jpg,Late_Blight_831.jpg,.jpg,9507,256,256,Late_Blight,False,079afac563148f80ce4c4ea78ccf5512b4c0649426f0223173c08ace058c5e7e,aec8e0a187f596a6,
potato_pld,Training/Late_Blight/Late_Blight_89.jpg,Late_Blight_89.jpg,.jpg,9803,256,256,Late_Blight,False,844d0708f4032de5f37ffbebe9e83cdb51989376be15e229c8aece95ff5f8ded,ff4ab0adc095c196,
potato_pld,Training/Late_Blight/Late_Blight_667.jpg,Late_Blight_667.jpg,.jpg,9365,256,256,Late_Blight,False,340090134f0e3e482c6a768cfb37df0e2aee377057b7d55c9b22ce245f6a3990,aee5e4c58c1e9839,
potato_pld,Training/Late_Blight/Late_Blight_518.jpg,Late_Blight_518.jpg,.jpg,6741,256,256,Late_Blight,False,eca44436f113a06edbde15a3eb430c69040212eb22e0aea6d69164d76f72547c,aa40f1a78785d6b6,
potato_pld,Training/Late_Blight/Late_Blight_655.jpg,Late_Blight_655.jpg,.jpg,8862,256,256,Late_Blight,False,fc5200eaf1c17794e93f6926464f8606c1f183d9ae8237c75d4d6a6469718cbe,bf92d059c30987e6,
potato_pld,Training/Late_Blight/Late_Blight_379.jpg,Late_Blight_379.jpg,.jpg,10838,256,256,Late_Blight,False,d22d9889269d78c45ee81ac0c04a2ae4454056783039c5d8a8509b46b441c206,ab6af0add0f08da1,
potato_pld,Training/Late_Blight/Late_Blight_442.jpg,Late_Blight_442.jpg,.jpg,7505,256,256,Late_Blight,False,fe9c1a2cc299fa9a50ec02177110646579cb15a8ccf307b4170fd19f1322d2c3,eb18e1e997819617,
potato_pld,Training/Late_Blight/Late_Blight_481.jpg,Late_Blight_481.jpg,.jpg,7965,256,256,Late_Blight,False,973c917b12af8949ab2383ca94b1aa11faaacb8056c2e6b2d28e4c7a27b6df4a,eaa5e45486889f4f,
potato_pld,Training/Late_Blight/Late_Blight_391.jpg,Late_Blight_391.jpg,.jpg,9913,256,256,Late_Blight,False,c58b95629b6838443ed1214fb3e0df5b772f063e0d988d735039ff558493c676,afe0b5a0c256c75a,
potato_pld,Training/Late_Blight/Late_Blight_1036.jpg,Late_Blight_1036.jpg,.jpg,8352,256,256,Late_Blight,False,1550fb8986b0bc439b89f3c41cffcd94d8dbcf95e801a6c6f4a22e06f29d9800,be37e0d2d349c381,
potato_pld,Training/Late_Blight/Late_Blight_933.jpg,Late_Blight_933.jpg,.jpg,8126,256,256,Late_Blight,False,f4a85a5bbdc5c75febacde72f519435e5520a66f9d78915446b33028d0cc69fb,bfeca074c7a04e52,
potato_pld,Training/Late_Blight/Late_Blight_1118.jpg,Late_Blight_1118.jpg,.jpg,7411,256,256,Late_Blight,False,d502a8cfb65549895ee3c3857635b4c9b632acf0ceb7d5c4015a484c4c7fe31e,facea53497b05826,
potato_pld,Training/Late_Blight/Late_Blight_916.jpg,Late_Blight_916.jpg,.jpg,8249,256,256,Late_Blight,False,9a157e09671faa82dc13902403fbda70885596289a50b4d985d0e170424b4343,ff68a0ec85841f96,
potato_pld,Training/Late_Blight/Late_Blight_1056.jpg,Late_Blight_1056.jpg,.jpg,8186,256,256,Late_Blight,False,3d6bd71b5eeb9dac990ddcde9c04192d01de8b1f08b1892da8577a273e6cbf10,afcce03c87489e27,
potato_pld,Training/Late_Blight/Late_Blight_238.jpg,Late_Blight_238.jpg,.jpg,8921,256,256,Late_Blight,False,be33147d629d46c269d2c2929d216d6132349d9a22f491ce07340c64da0e315b,ea95b514c939c63a,
potato_pld,Training/Late_Blight/Late_Blight_32.jpg,Late_Blight_32.jpg,.jpg,10676,256,256,Late_Blight,False,64c6371cad51dde920608a070db783676f8c0cc01f5b1a28bcfa8808568e5af0,ffabe437c0708350,
potato_pld,Training/Late_Blight/Late_Blight_956.jpg,Late_Blight_956.jpg,.jpg,10369,256,256,Late_Blight,False,7ea133816a90ec536b5878ee84e165991c220c22536826a64fadc41a02e2163a,eeb0a031853f96e3,
potato_pld,Training/Late_Blight/Late_Blight_345.jpg,Late_Blight_345.jpg,.jpg,9993,256,256,Late_Blight,False,3a61aabf7621991eb57291e6c68729de52457636b04cf8d06e7758eda8b3917f,bac3e10a852f873d,
potato_pld,Training/Late_Blight/Late_Blight_78.jpg,Late_Blight_78.jpg,.jpg,9772,256,256,Late_Blight,False,562453ecf7625adbd68d5ca8cbebb0e05b532fc5b9c46449702fd3b3139742c6,bf99b15ad048ca6c,
potato_pld,Training/Late_Blight/Late_Blight_530.jpg,Late_Blight_530.jpg,.jpg,7341,256,256,Late_Blight,False,5ca7f683a17c80d0942157ce355151af69a7e86be1a5cd145b1f348e1915c30c,ea3ca5f0d4d3960a,
potato_pld,Training/Late_Blight/Late_Blight_585.jpg,Late_Blight_585.jpg,.jpg,8486,256,256,Late_Blight,False,79f58a9655e2de4fa6ef160d13f375eafe37d5b7caf719af0ff695b6e8b1b414,bbb8b17891a09ac7,
potato_pld,Training/Late_Blight/Late_Blight_341.jpg,Late_Blight_341.jpg,.jpg,11214,256,256,Late_Blight,False,6bc067f54ccee03f576e39c3f39f4d5375c3d9ca362e6ae19b26058390e52f57,aaeeb500d405d69f,
potato_pld,Training/Late_Blight/Late_Blight_876.jpg,Late_Blight_876.jpg,.jpg,9243,256,256,Late_Blight,False,31f896120c1481e759e301c47f994534189aee10dbdfd39f0160a66ee2baf592,ee36e075c52085e7,
potato_pld,Training/Late_Blight/Late_Blight_984.jpg,Late_Blight_984.jpg,.jpg,9942,256,256,Late_Blight,False,16b357a4cff654e2e12ff0488ccc2b8da5c97e6d3473527fbdc7259d83bcb46a,ba46f0aec0b78d92,
potato_pld,Training/Late_Blight/Late_Blight_103.jpg,Late_Blight_103.jpg,.jpg,8129,256,256,Late_Blight,False,11f14e918e82c203fd77f06965f1d6fee96c00355a26c9bdf9485458092357b8,ba91c0dec768c762,
potato_pld,Training/Late_Blight/Late_Blight_418.jpg,Late_Blight_418.jpg,.jpg,9028,256,256,Late_Blight,False,c826eebf70805e07733552d5308049b3046286ded1bdfe103aee081795d1172a,aee1a5a1c585ca9e,
potato_pld,Training/Late_Blight/Late_Blight_514.jpg,Late_Blight_514.jpg,.jpg,9004,256,256,Late_Blight,False,a3216a62cc5af58bd59d0b0bfd19fbf452279c54be8390c693612aa317226a6c,bbdef0a882b583c4,
potato_pld,Training/Late_Blight/Late_Blight_892.jpg,Late_Blight_892.jpg,.jpg,9274,256,256,Late_Blight,False,954b2fa35730894c22474c9411c2fa34b6a9e817ef3807f246fee765455ea2ab,ae46e4ee85c585b8,
potato_pld,Training/Late_Blight/Late_Blight_387.jpg,Late_Blight_387.jpg,.jpg,9085,256,256,Late_Blight,False,a81191d83cda309eafce9c5c4b87152093dc4a78e95908fbbc35411efe632fa6,be4af0a581b685b5,
potato_pld,Training/Late_Blight/Late_Blight_560.jpg,Late_Blight_560.jpg,.jpg,7521,256,256,Late_Blight,False,f897e225f59b5d345e8ee938d7f4f08fd5a3408089f7064d8f362733c7387038,be6ab4adc094c5d2,
potato_pld,Training/Late_Blight/Late_Blight_24.jpg,Late_Blight_24.jpg,.jpg,9723,256,256,Late_Blight,False,0a6d7628450b634b56edff56ec2930dd19d959363ed72c99d008c19f773c75c4,ea4a858ef45117e3,
potato_pld,Training/Late_Blight/Late_Blight_662.jpg,Late_Blight_662.jpg,.jpg,8778,256,256,Late_Blight,False,ae16f8eb76934f0805ad3cac18d133133b7cf489d177f05d35a3d2941bc996ef,bec2a42f90a5d734,
potato_pld,Training/Late_Blight/Late_Blight_509.jpg,Late_Blight_509.jpg,.jpg,7802,256,256,Late_Blight,False,1576f05f3925e844399de83bc569e96d32b3d0d7a60d3945fdebcfd2421474c4,af68d025cd97c41d,
potato_pld,Training/Late_Blight/Late_Blight_315.jpg,Late_Blight_315.jpg,.jpg,6806,256,256,Late_Blight,False,7cb9df58422371795daeb2e35921726a6ee5cd2e24a3bfa606db8a5405b3608e,aaf6b5f8d8ccc880,
potato_pld,Training/Late_Blight/Late_Blight_453.jpg,Late_Blight_453.jpg,.jpg,7203,256,256,Late_Blight,False,2c47f2f903d14c5301b2ea9f73ac215db3e38ce6545cb5b6f1caab106ded35bb,ba65e046878ed74c,
potato_pld,Training/Late_Blight/Late_Blight_86.jpg,Late_Blight_86.jpg,.jpg,9531,256,256,Late_Blight,False,00f7668f1ddca1d97b4bd1a52fe19356451363b6afcc25dd8920c68fdaab9685,fa3ea4f0c643ca0b,
potato_pld,Training/Late_Blight/Late_Blight_397.jpg,Late_Blight_397.jpg,.jpg,9744,256,256,Late_Blight,False,d6a2b4a5e54f7979b1aa2b581124ad6c63d92a76bca960fcd377b07b9b04c102,bec2b4aa90a5c397,
potato_pld,Training/Late_Blight/Late_Blight_1081.jpg,Late_Blight_1081.jpg,.jpg,10832,256,256,Late_Blight,False,59a78ddce6c36d0a71ca51ad565243829caff6cd4ed395cd0ec5a48b241a5e80,ff8de0d481ca9691,
potato_pld,Training/Late_Blight/Late_Blight_903.jpg,Late_Blight_903.jpg,.jpg,8697,256,256,Late_Blight,False,377fd15df9ff72cb83794c091825b75319ba9d48df675b244b959c7cf7b893f4,afa5f442c24b971c,
potato_pld,Training/Late_Blight/Late_Blight_241.jpg,Late_Blight_241.jpg,.jpg,7692,256,256,Late_Blight,False,bea16942b945c1aa9a0fddf3f7254fde018d4626511926591bcb293845ac4370,af78f08187df860c,
potato_pld,Training/Late_Blight/Late_Blight_605.jpg,Late_Blight_605.jpg,.jpg,8783,256,256,Late_Blight,False,9417f573f6f6bc54cff661f7cd1f6f83ebef6160d77454429eb80a4ca20c1ac4,aecaa00fd8b59936,
potato_pld,Training/Late_Blight/Late_Blight_70.jpg,Late_Blight_70.jpg,.jpg,9053,256,256,Late_Blight,False,9ca87159d73fa565a07e4f836c62f73e78f359f0e188ddd2570ab4a5c468c719,bfc0a487d616d89a,
potato_pld,Training/Late_Blight/Late_Blight_306.jpg,Late_Blight_306.jpg,.jpg,6995,256,256,Late_Blight,False,0f289ff3a22c0e9f3efe7b182aa2b70707241a0030599c96d845b575892db271,b843a5a9970dd2ec,
potato_pld,Training/Late_Blight/Late_Blight_1122.jpg,Late_Blight_1122.jpg,.jpg,7900,256,256,Late_Blight,False,98a025e634344767ea39a7c5d370cee24cfa860d4977ed72cd773f17de3c6fdc,fa2d81f09cc7b05c,
potato_pld,Training/Late_Blight/Late_Blight_258.jpg,Late_Blight_258.jpg,.jpg,9061,256,256,Late_Blight,False,e87c12aee9ea03e24cf49cbb22cb80f02a2ed658da0997211f71716176873733,ea34e1b085a597a7,
potato_pld,Training/Late_Blight/Late_Blight_61.jpg,Late_Blight_61.jpg,.jpg,9706,256,256,Late_Blight,False,cb371e4d1acd189e9e572c41ffd3a25e44205a8ba53bdd1734f6b022c5a4fc41,bfb4d2098dce84c6,
potato_pld,Training/Late_Blight/Late_Blight_1124.jpg,Late_Blight_1124.jpg,.jpg,10040,256,256,Late_Blight,False,23c7a2b666008643c27fa102d647135879fc9e2b8689e5ad66a948c0b512f29c,ea9f81908573c47b,
potato_pld,Training/Late_Blight/Late_Blight_531.jpg,Late_Blight_531.jpg,.jpg,9515,256,256,Late_Blight,False,587ddc4ababf8d1bb2afa84a030b05deb4d41b465a225dce09f329361596cf10,aeb5b114d1ca836b,
potato_pld,Training/Late_Blight/Late_Blight_198.jpg,Late_Blight_198.jpg,.jpg,6658,256,256,Late_Blight,False,d2ff5a0c3053708b0acb4ed534c44d47f7feedc3444f669074a42431f3ea0765,bfb09c4ac86cf446,
potato_pld,Training/Late_Blight/Late_Blight_824.jpg,Late_Blight_824.jpg,.jpg,9835,256,256,Late_Blight,False,3e1262840e71a77fc5f1c8a8c8ac446eb24e6c4222a2a3b92df7d442451849f2,ef62b0a980a5d796,
potato_pld,Training/Late_Blight/Late_Blight_850.jpg,Late_Blight_850.jpg,.jpg,8798,256,256,Late_Blight,False,ac908a9412ac58a4a8803701d40458d9e70264f8d4ec27c9a00397dfc8d18508,ba37b074dbe048c5,
potato_pld,Training/Late_Blight/Late_Blight_493.jpg,Late_Blight_493.jpg,.jpg,8045,256,256,Late_Blight,False,78278056dfbe44cd357636b6a89e3f0cdaefb06eb40bb60a976e96bf4de36e16,bf95d09ac158c9c9,
potato_pld,Training/Late_Blight/Late_Blight_402.jpg,Late_Blight_402.jpg,.jpg,8753,256,256,Late_Blight,False,a5e072cc6144c449484e1ed85811412bf8d3ba985b9317f27cb119a88abecc40,aaca948d9a14f937,
potato_pld,Training/Late_Blight/Late_Blight_197.jpg,Late_Blight_197.jpg,.jpg,8194,256,256,Late_Blight,False,fbd6b663ba417195859d8c254fded99615b44dca4b371b8563993999b7c7e734,efb4b052d2aa9361,
potato_pld,Training/Late_Blight/Late_Blight_877.jpg,Late_Blight_877.jpg,.jpg,8239,256,256,Late_Blight,False,9a56678fc6f124bc8247e0debfda8bafba291d8d1194f773fdf96827dcfb547f,ef6ae4a180bdc714,
potato_pld,Training/Late_Blight/Late_Blight_793.jpg,Late_Blight_793.jpg,.jpg,10260,256,256,Late_Blight,False,62e90150842d8b34e618c6daecd8359a9a65897386889f6889a8bc42b4860b2e,eee2a006978fc6b4,
potato_pld,Training/Late_Blight/Late_Blight_815.jpg,Late_Blight_815.jpg,.jpg,9750,256,256,Late_Blight,False,cde75e97efd2c14eddc1448c8064365d8d2d1a4577cfd25f0e118fbfe5f5b0a8,fe54e06a83e9cf01,
potato_pld,Training/Late_Blight/Late_Blight_506.jpg,Late_Blight_506.jpg,.jpg,8797,256,256,Late_Blight,False,fb87f25ce6a58147e2de64498976a1791b68cbcf5802b251484e538078273246,aa4ee4ecc4ad9711,
potato_pld,Training/Late_Blight/Late_Blight_997.jpg,Late_Blight_997.jpg,.jpg,8223,256,256,Late_Blight,False,a966b6e70b7a8aaf6838ab95d0e5eeab46b0d73c416a573519b42d1900261ce1,bf60f1a880a5cd97,
potato_pld,Training/Late_Blight/Late_Blight_374.jpg,Late_Blight_374.jpg,.jpg,9366,256,256,Late_Blight,False,1aad41f518c5b8e7e2c769190e6a0e4053989ec98ca40c98e11c703cf9a7672c,aea4a5d2c0cacf4d,
potato_pld,Training/Late_Blight/Late_Blight_375.jpg,Late_Blight_375.jpg,.jpg,8972,256,256,Late_Blight,False,0a32c299d9d2e33e68d618252b0e49b32516ca2316c248d944e6a4aa66278959,eacae1c2858f8aae,
potato_pld,Training/Late_Blight/Late_Blight_174.jpg,Late_Blight_174.jpg,.jpg,8667,256,256,Late_Blight,False,b33ab7c2265ff0605cc70c57b1bb7f1e52b3931b08415b9d6bcfaf87b956b181,af1af5b9d0f0c848,
potato_pld,Training/Late_Blight/Late_Blight_1005.jpg,Late_Blight_1005.jpg,.jpg,8727,256,256,Late_Blight,False,5aade010ac0ceb89f30d1dc689177adf6fada5b92b603658f014ff719b97d4fa,fa3fe0f09a528853,
potato_pld,Training/Late_Blight/Late_Blight_534.jpg,Late_Blight_534.jpg,.jpg,9562,256,256,Late_Blight,False,a883935ae0e3742220a58e7c4d11e80f80b41316f19e9017128f8ac0fcb882e5,aa37e4f2807387e2,
potato_pld,Training/Late_Blight/Late_Blight_1095.jpg,Late_Blight_1095.jpg,.jpg,10325,256,256,Late_Blight,False,583548daea93eab51a55ca6084c8d385fad1d31f1b2265b202107d5bb06cf177,ea91a54b966b909d,
potato_pld,Training/Late_Blight/Late_Blight_1032.jpg,Late_Blight_1032.jpg,.jpg,10995,256,256,Late_Blight,False,c01e02a9e922991bd434d37f33e2b897684c0b3510129e0ed1708cb034a46b82,ff80f4e4c082cf8b,
potato_pld,Training/Late_Blight/Late_Blight_264.jpg,Late_Blight_264.jpg,.jpg,12099,256,256,Late_Blight,False,85a192574cb6edb8da0a0cf1211adb9c69e715cb447e6c56d18316debf142954,eae0a107e50ed53e,
potato_pld,Training/Late_Blight/Late_Blight_820.jpg,Late_Blight_820.jpg,.jpg,9786,256,256,Late_Blight,False,dc13113bfefd573f659327e8f17ad9450f968e9d9cdcbfd33d7cfc5d2795060a,fe33e0388561c763,
potato_pld,Training/Late_Blight/Late_Blight_1097.jpg,Late_Blight_1097.jpg,.jpg,8268,256,256,Late_Blight,False,390c4bed2d3e94f7c5f72f173c0695270c5fec69e437def278e2bb9270a04c8c,eac1b53ef1cc9221,
potato_pld,Training/Late_Blight/Late_Blight_802.jpg,Late_Blight_802.jpg,.jpg,10691,256,256,Late_Blight,False,a520725125aeb7bb14a848bb441d54df37c2be177b8318f4bd22062797272155,ff4ee0ee81a48135,
potato_pld,Training/Late_Blight/Late_Blight_771.jpg,Late_Blight_771.jpg,.jpg,10503,256,256,Late_Blight,False,8a976f3ae6260d358de24a083d0210935d8a5244a6bcc6e67fac2682ab3773b4,eec4a48f944f961c,
potato_pld,Training/Late_Blight/Late_Blight_14.jpg,Late_Blight_14.jpg,.jpg,7190,256,256,Late_Blight,False,165cb4a5b1e9adc7361a221303c02f5d18e1a8e207bcde2de0ccbec6de3f6d38,babdd46a8ce4b412,
potato_pld,Training/Late_Blight/Late_Blight_787.jpg,Late_Blight_787.jpg,.jpg,9433,256,256,Late_Blight,False,1d804059f1e53389e8f21c418a47716bf0bc455ad735a7304093a198ad9fec3c,bae0b083d70fca9c,
potato_pld,Training/Late_Blight/Late_Blight_673.jpg,Late_Blight_673.jpg,.jpg,9517,256,256,Late_Blight,False,a5f697521bb93592bc4327f4f0673508c5472fbe783b455b236290e8f61695dd,bbe4a100f177c327,
potato_pld,Training/Late_Blight/Late_Blight_860.jpg,Late_Blight_860.jpg,.jpg,9631,256,256,Late_Blight,False,22ad3c90c47a8dfd6d6f5a9a72897cafaa5fe10d01f3f4618b33139dfff85edf,bfb0b1c0904bd34f,
potato_pld,Training/Late_Blight/Late_Blight_147.jpg,Late_Blight_147.jpg,.jpg,9680,256,256,Late_Blight,False,faaf418bb01c9d9a57274179ed3b8a53e30dc33eebf997806442a973f8d9fa08,fab0b117d3ca8949,
potato_pld,Training/Late_Blight/Late_Blight_456.jpg,Late_Blight_456.jpg,.jpg,8876,256,256,Late_Blight,False,38e7c3bd27d4748e7959a1654d0cbf0234bff2540715cac57b7235617ab94eb2,fec6a48486dec21e,
potato_pld,Training/Late_Blight/Late_Blight_22.jpg,Late_Blight_22.jpg,.jpg,11876,256,256,Late_Blight,False,b117ac997cabeb96df610e59c1fb8bc07707873ae651c06386379f1cbbe30f59,ba6af5a5d2d69082,
potato_pld,Training/Late_Blight/Late_Blight_604.jpg,Late_Blight_604.jpg,.jpg,7596,256,256,Late_Blight,False,9f821cc6ec37709b4524b897fa1d3576bd0f473c075720bbc45ae5a5cce0a1c2,ad68d2a485b7879a,
potato_pld,Training/Late_Blight/Late_Blight_942.jpg,Late_Blight_942.jpg,.jpg,8036,256,256,Late_Blight,False,617a8d79e120dee4aa56dc953d0cb7a8bd8eab62626e26245faa042841aea044,aef4a4aac4258677,
potato_pld,Training/Late_Blight/Late_Blight_992.jpg,Late_Blight_992.jpg,.jpg,10109,256,256,Late_Blight,False,df71ebb248560c29d1c57c793e9d57d73791291f769f15c670fd41801dff52b1,eacae42b84958ebc,
potato_pld,Training/Late_Blight/Late_Blight_1022.jpg,Late_Blight_1022.jpg,.jpg,9300,256,256,Late_Blight,False,9b899a0e82bb00b80edbe2eca3cf5fde74163954a13bf3d5e9b7fef5171e58dd,bef9b080d02dc39d,
potato_pld,Training/Late_Blight/Late_Blight_1044.jpg,Late_Blight_1044.jpg,.jpg,9972,256,256,Late_Blight,False,01a01b0903cec5ec78206e600c89082482f065e9e3f12d11beaabc123269dc7d,af4afca9f0c59083,
potato_pld,Training/Late_Blight/Late_Blight_888.jpg,Late_Blight_888.jpg,.jpg,7263,256,256,Late_Blight,False,874f88bc4150ab1f04c0b25a5d16033a33af84633bc683cd40dc4cf580c12760,bff4b190d052d24b,
potato_pld,Training/Late_Blight/Late_Blight_30.jpg,Late_Blight_30.jpg,.jpg,10472,256,256,Late_Blight,False,fc9b2dc70472050101e91128097464999f20d8ac4493cb3234c86c519647c722,e83787c2b14e87c3,
potato_pld,Training/Late_Blight/Late_Blight_1007.jpg,Late_Blight_1007.jpg,.jpg,8521,256,256,Late_Blight,False,492bb985355062eb9f10c4359ab8804b5a405a7d372cb47da504c766039a4d6a,ab14b1ab95d9d350,
potato_pld,Training/Late_Blight/Late_Blight_631.jpg,Late_Blight_631.jpg,.jpg,9129,256,256,Late_Blight,False,2f06844cfa7d7299a4aa42c75b328d8f7c3992168b7bf733bddba5503b8fd0c4,aae5a505d48fca9c,
potato_pld,Training/Late_Blight/Late_Blight_615.jpg,Late_Blight_615.jpg,.jpg,8405,256,256,Late_Blight,False,023af8ebe5cf0250be44dbdc3ac0dadc281046dc7c5d98284376f1d83e95207f,af39b43cd230cab8,
potato_pld,Training/Late_Blight/Late_Blight_650.jpg,Late_Blight_650.jpg,.jpg,8262,256,256,Late_Blight,False,1fac9278f657d4c8d9569127c760716ccd21d3485827cbf27336d95364e4ec55,e8e5b152938a969e,
potato_pld,Training/Late_Blight/Late_Blight_594.jpg,Late_Blight_594.jpg,.jpg,8572,256,256,Late_Blight,False,d1cdf7e6c1dea4e2016c15c3f9bcdcc8660338fb0578902f65cd3e3292692457,af73e4b9c1b08d82,
potato_pld,Training/Late_Blight/Late_Blight_755.jpg,Late_Blight_755.jpg,.jpg,5822,256,256,Late_Blight,False,a986c656e3a73d0a4e415cf5abefd711db82c18a568287ed041e611504bb30f5,bedea10f91f4c0b0,
potato_pld,Training/Late_Blight/Late_Blight_110.jpg,Late_Blight_110.jpg,.jpg,10210,256,256,Late_Blight,False,425b205e69cebb7b3fc1886d7284f4b3ca84687735eb7325903ec027dcf501b0,ab91b1d2c1ca8f4d,
potato_pld,Training/Late_Blight/Late_Blight_445.jpg,Late_Blight_445.jpg,.jpg,12379,256,256,Late_Blight,False,bf6470cc00d0039854233c95b51f075473fe3a43ddd3ddf7d13273d0b779808f,aacaa1e8d50fd30d,
potato_pld,Training/Late_Blight/Late_Blight_991.jpg,Late_Blight_991.jpg,.jpg,10090,256,256,Late_Blight,False,385a837c44f2d60ddc326f190497c53146521d5994e7ac1c5f7a9d9566606cd9,afc895e8c2a5c1d5,
potato_pld,Training/Late_Blight/Late_Blight_227.jpg,Late_Blight_227.jpg,.jpg,7787,256,256,Late_Blight,False,7211ff37bdaf9e1f9734a0fb99ae13dcb4a3bfdbe73aa9877cf856db759924f3,aab5e152834ad56b,
potato_pld,Training/Late_Blight/Late_Blight_1006.jpg,Late_Blight_1006.jpg,.jpg,8270,256,256,Late_Blight,False,c09de96e39c001a02b8b34d4c6ddd10db5d12785f23f4369c6e1a3129f738aa0,fa35e03581548f57,
potato_pld,Training/Late_Blight/Late_Blight_352.jpg,Late_Blight_352.jpg,.jpg,7434,256,256,Late_Blight,False,0efc306d90a9fbafee3f7ee74922d6744c0f24fdcf4bd8bc38558caf80ac286f,ea3f85f094d2d0e2,
potato_pld,Training/Late_Blight/Late_Blight_1026.jpg,Late_Blight_1026.jpg,.jpg,9436,256,256,Late_Blight,False,bd499a678d3194457af71e98ec921d8fe3ddc3dae73b78d9c10fbadad62733a6,ffa4e096c412c37a,
potato_pld,Training/Late_Blight/Late_Blight_31.jpg,Late_Blight_31.jpg,.jpg,11557,256,256,Late_Blight,False,5afb36ec095d21687de6bbab30b1093a313d8161c5d709ec4d7a2f22c2c7fe99,ea4cc9fc95719c11,
potato_pld,Training/Late_Blight/Late_Blight_462.jpg,Late_Blight_462.jpg,.jpg,8194,256,256,Late_Blight,False,ab028d3c1b787252e20abbc31181af9c34aaad4c40426ee5ff0e97af13270059,fa8aa1558792ced2,
potato_pld,Training/Late_Blight/Late_Blight_501.jpg,Late_Blight_501.jpg,.jpg,8174,256,256,Late_Blight,False,ab8f0f8cd9e85cd2a197b9b4a6a669dc6a4a16549031aad595adf6007fa40b75,efc8850bda35b036,
potato_pld,Training/Late_Blight/Late_Blight_302.jpg,Late_Blight_302.jpg,.jpg,9406,256,256,Late_Blight,False,2e399d9ec8a3e0939145c3b30728e66e7902d7caa262e4f065aa69e61cfc700b,af02e4abc0d5d731,
potato_pld,Training/Late_Blight/Late_Blight_361.jpg,Late_Blight_361.jpg,.jpg,7360,256,256,Late_Blight,False,9fd06e0093de587b400b8b97921d82257afcb310691c5555abdd4c878e801d93,bf4b90ad83b4c3d0,
potato_pld,Training/Late_Blight/Late_Blight_1080.jpg,Late_Blight_1080.jpg,.jpg,9539,256,256,Late_Blight,False,ac280624ae65d0fe1bdd5a626b766ab9920e62cc9767920798c4a456a7dd9c16,fe96a14326769698,
potato_pld,Training/Late_Blight/Late_Blight_157.jpg,Late_Blight_157.jpg,.jpg,8882,256,256,Late_Blight,False,7e75ee77719120e55d9de3c7aa78da02b5b5ae1dd5c2b948d04b96ae56f31fd2,bed4e4aa84958795,
potato_pld,Training/Late_Blight/Late_Blight_257.jpg,Late_Blight_257.jpg,.jpg,9662,256,256,Late_Blight,False,3a9363f7f55f37e5aa158b88f53d2ee08c22220950c18521d5f088201f65bcf7,eab5e17485e29e0a,
potato_pld,Training/Late_Blight/Late_Blight_458.jpg,Late_Blight_458.jpg,.jpg,8783,256,256,Late_Blight,False,f684ee2834ad3f898ebd155cc1136b9204543a5ce6bf78f81348b91537796d07,ab99f0d0d2a81b3d,
potato_pld,Training/Late_Blight/Late_Blight_1093.jpg,Late_Blight_1093.jpg,.jpg,12623,256,256,Late_Blight,False,babcdc62abf9cb7f1fa9287609d291bd15962ac690a705fa8e243d4818d9715e,ffa3e891244b9664,
potato_pld,Training/Late_Blight/Late_Blight_333.jpg,Late_Blight_333.jpg,.jpg,11085,256,256,Late_Blight,False,f3da56b1da6763a2f3b35389cf07d57cb70cd6a472fa04999a1f9751fa6bb0d5,fef0a190f503d643,
potato_pld,Training/Late_Blight/Late_Blight_590.jpg,Late_Blight_590.jpg,.jpg,9262,256,256,Late_Blight,False,0d2261861665f8590bdfe5eaa3cdaa4211988acf6cf3c102c631a83bd9ef931f,becdb0b8c0d1cb92,
potato_pld,Training/Late_Blight/Late_Blight_828.jpg,Late_Blight_828.jpg,.jpg,9508,256,256,Late_Blight,False,09f4a2e7f0b845c87fe83e4830e6ee9d8cb6e803306ac421cc8c0f0ba804b7bf,fe96b07a806ac761,
potato_pld,Training/Late_Blight/Late_Blight_11.jpg,Late_Blight_11.jpg,.jpg,6518,256,256,Late_Blight,False,b04810a98b4fdf0965064035713e05b047ce9f784e362358fd034a1551444211,abcaa40bde05da3c,
potato_pld,Training/Late_Blight/Late_Blight_170.jpg,Late_Blight_170.jpg,.jpg,9077,256,256,Late_Blight,False,00da37888410b68eec677ef9e2fc0d9134b703b4d074b3716004292b3934c09b,fac1b083953d9674,
potato_pld,Training/Late_Blight/Late_Blight_206.jpg,Late_Blight_206.jpg,.jpg,8369,256,256,Late_Blight,False,6982d34fb4d466e81a425cbb4082197b0cf4caee4f7dc078099350d3f5d431c8,aedce4c4914e9b2c,
potato_pld,Training/Late_Blight/Late_Blight_919.jpg,Late_Blight_919.jpg,.jpg,7222,256,256,Late_Blight,False,6ead285064ad0b2cf6b55ad6fd30f76535a82e0a2896b1a868e86feb78b6a04d,fe1ce0b885e097e1,
potato_pld,Training/Late_Blight/Late_Blight_1102.jpg,Late_Blight_1102.jpg,.jpg,8971,256,256,Late_Blight,False,8ae2f9898cfc99112be7dc9660af4a390ef4112c3b4cf78b1b09ae6a020fe593,eae4e5c4840ed65e,
potato_pld,Training/Late_Blight/Late_Blight_279.jpg,Late_Blight_279.jpg,.jpg,9800,256,256,Late_Blight,False,5f21d1b1614c04e2bae1a8137f77df29dd923b6469bf67dff7bcc28abc6e0923,aa9b95a38289d55d,
potato_pld,Training/Late_Blight/Late_Blight_21.jpg,Late_Blight_21.jpg,.jpg,12643,256,256,Late_Blight,False,ae5233a452d3aeae7672124e0dd48df3aa1de88d89a00555bbeb98f463ad10f0,bf33e07d85088567,
potato_pld,Training/Late_Blight/Late_Blight_726.jpg,Late_Blight_726.jpg,.jpg,9420,256,256,Late_Blight,False,4a0ec77a24bd8997f72eb14efe50f77c37ab3e565e1c6d809df44dde584a4db9,fee8b441d2afc304,
potato_pld,Training/Late_Blight/Late_Blight_128.jpg,Late_Blight_128.jpg,.jpg,9384,256,256,Late_Blight,False,fbba2d1d55f4e5c1ba4ef412ac1efc791014287d3d621ae6d6259b96f17a0d4e,fae0a047975ed60a,
potato_pld,Training/Late_Blight/Late_Blight_645.jpg,Late_Blight_645.jpg,.jpg,8581,256,256,Late_Blight,False,fa7b3e5596e16586792c847f51d5ccc37c0a56f2b830c2ffa5dc0935deeeed32,eac3a1cc870cd6bc,
potato_pld,Training/Late_Blight/Late_Blight_420.jpg,Late_Blight_420.jpg,.jpg,8907,256,256,Late_Blight,False,4de029fbc175deaa93e4dc81dde12500c0cdfd882e325970308c8dfd866f22c8,aacea1e897c19a87,
potato_pld,Training/Late_Blight/Late_Blight_740.jpg,Late_Blight_740.jpg,.jpg,8958,256,256,Late_Blight,False,8ff1af1aca5c6a40355d9ebdc0616c6cb55cb22d7180eef65e3db2e7e4d421c6,efa4e0d4845a8f3a,
potato_pld,Training/Late_Blight/Late_Blight_1075.jpg,Late_Blight_1075.jpg,.jpg,9483,256,256,Late_Blight,False,a36936278940e91dcc4cfff1b2d6a240cc314e2c2bebfea795d45ebca95c8463,eeb2a4e5958598ca,
potato_pld,Training/Late_Blight/Late_Blight_922.jpg,Late_Blight_922.jpg,.jpg,7289,256,256,Late_Blight,False,363a80203b6124717562ca8a1c83934dfe330c02185eb172527f7347718dec7a,af4eb5a0d0c5d296,
potato_pld,Training/Late_Blight/Late_Blight_204.jpg,Late_Blight_204.jpg,.jpg,8687,256,256,Late_Blight,False,5f4e113dfba661c92e0b09fe0d42b311bcd1f773491f6e696ac029c720122535,febae8b4c0528752,
potato_pld,Training/Late_Blight/Late_Blight_73.jpg,Late_Blight_73.jpg,.jpg,11096,256,256,Late_Blight,False,d7b18c5c4e30e964ad250c9d7b1e74e9ea1bc64bf464ce93001d5f33f6638bef,efc4e485841ede38,
potato_pld,Training/Late_Blight/Late_Blight_1053.jpg,Late_Blight_1053.jpg,.jpg,10908,256,256,Late_Blight,False,6a8d6cadb4ed97ede459e0d82b1deee63cf809c4d8f92e4e83a14120891d0e47,aee6b5e0b4c1d486,
potato_pld,Training/Late_Blight/Late_Blight_792.jpg,Late_Blight_792.jpg,.jpg,9479,256,256,Late_Blight,False,4dbc892874b3170d4ff762cdf58244bf2fbd0eac34abda417a787869ea77c4cd,bef1b003c23fca68,
potato_pld,Training/Late_Blight/Late_Blight_840.jpg,Late_Blight_840.jpg,.jpg,10400,256,256,Late_Blight,False,7db691a6ff63e80d1015db5e3587e4b3edf3d24235bf4d60effad6161ccf3107,ff8ab09d8442d3e8,
potato_pld,Training/Late_Blight/Late_Blight_139.jpg,Late_Blight_139.jpg,.jpg,7905,256,256,Late_Blight,False,8c6c41b2462e198076626dabe24fb4ef746fdec971d4b0dbe0eea5bb1b2f3404,eacd851d91b4eb12,
potato_pld,Training/Late_Blight/Late_Blight_1094.jpg,Late_Blight_1094.jpg,.jpg,10672,256,256,Late_Blight,False,39d6a7d5a537a3474dd2c3c4cf5d3e3d1e9bdbbcc40591ba35d60905296158d1,ebc8b017f5e89425,
potato_pld,Training/Late_Blight/Late_Blight_1062.jpg,Late_Blight_1062.jpg,.jpg,8752,256,256,Late_Blight,False,bcd7354602a6ae70c03a1f69d86957d0d042bd7cd377905f46631a9de99c694d,beceb46cd0e4ca82,
potato_pld,Training/Late_Blight/Late_Blight_409.jpg,Late_Blight_409.jpg,.jpg,8093,256,256,Late_Blight,False,e5fa7657c15931b8b1edf547c2bf6e913dab0fa51108092b5f6bdbb9f812566b,af12a0a8d4f59ee2,
potato_pld,Training/Late_Blight/Late_Blight_704.jpg,Late_Blight_704.jpg,.jpg,10070,256,256,Late_Blight,False,227ca3f3f01d856d004a5d723639d2753f6aede69e697ae6fd7209015472239f,af1ea1bdc4b094b2,
potato_pld,Training/Late_Blight/Late_Blight_784.jpg,Late_Blight_784.jpg,.jpg,9799,256,256,Late_Blight,False,7044093a5b98f1cf8feea2515dd793db5980ca182916b1e21de62cc38984f9fd,bff0b040d183d29f,
potato_pld,Training/Late_Blight/Late_Blight_460.jpg,Late_Blight_460.jpg,.jpg,9459,256,256,Late_Blight,False,96c8ef4337d7483776db5e08d6b368dea5327b9a3197fe1bcc0c14c5d51c44b4,fe48a02fc5a583f4,
potato_pld,Training/Late_Blight/Late_Blight_472.jpg,Late_Blight_472.jpg,.jpg,8537,256,256,Late_Blight,False,6373c47c7d15ead64e3a47e40ec240b3196dc4ab8500d59d90acf55e4bc9f694,eaeae105951e9a3c,
potato_pld,Training/Late_Blight/Late_Blight_292.jpg,Late_Blight_292.jpg,.jpg,9056,256,256,Late_Blight,False,aa1a96093c6c5dd924487b05d07ee1cb4bf990a138d9994f486202a48fb3cdf7,eae0e545852fd52c,
potato_pld,Training/Late_Blight/Late_Blight_521.jpg,Late_Blight_521.jpg,.jpg,8931,256,256,Late_Blight,False,838dd63316cfce861ab276e4ee4cfd8931227f28212898235dc243e359808adb,aa1ae5fd87a19603,
potato_pld,Training/Late_Blight/Late_Blight_985.jpg,Late_Blight_985.jpg,.jpg,9278,256,256,Late_Blight,False,4888f37f8866b32172324112cf8902eb2e59eefb26a1b62cf622b753d38c64c9,ea3da5f1d4c28253,
potato_pld,Training/Late_Blight/Late_Blight_928.jpg,Late_Blight_928.jpg,.jpg,8775,256,256,Late_Blight,False,e1a49d1a5a658558070c871b1d370ce31fa0590fca2c7c51eb4210dcac59aa64,fa93b0998169cb69,
potato_pld,Training/Late_Blight/Late_Blight_554.jpg,Late_Blight_554.jpg,.jpg,7851,256,256,Late_Blight,False,ec41222acc0074e6086f5a947374b20c0575fa78f53a247a76cfbf2c2c28818a,aaf9a07195a5ce85,
potato_pld,Training/Late_Blight/Late_Blight_579.jpg,Late_Blight_579.jpg,.jpg,8137,256,256,Late_Blight,False,e1a69e571467f7d6cc28c14b9a0df07084dd5c419e9462a883c11092521bb830,fac2d00796bf5c30,
potato_pld,Training/Late_Blight/Late_Blight_1085.jpg,Late_Blight_1085.jpg,.jpg,10849,256,256,Late_Blight,False,d12688b4de7c0df8779f95e8394497e0a91abf59caf563c1765f2e959542344b,f22ce9c685169e9c,
potato_pld,Training/Late_Blight/Late_Blight_806.jpg,Late_Blight_806.jpg,.jpg,10012,256,256,Late_Blight,False,8bdfc157f3a44fdc052f3eeab4feb2bf22ecf014434001d8f3e9b21fa7a2cab8,eaa5e40686df86d8,
potato_pld,Training/Late_Blight/Late_Blight_782.jpg,Late_Blight_782.jpg,.jpg,9622,256,256,Late_Blight,False,5b86f243131a9e779d960a5207161d9f38fec0ebe9cd60755b896f3b8aee1951,fbe1a507961e921c,
potato_pld,Training/Late_Blight/Late_Blight_522.jpg,Late_Blight_522.jpg,.jpg,8278,256,256,Late_Blight,False,6835208ef398034597e6a137116f5df16c6844230dbefa021ee063fe97b42642,ba39f195815ad70a,
potato_pld,Training/Late_Blight/Late_Blight_644.jpg,Late_Blight_644.jpg,.jpg,8557,256,256,Late_Blight,False,9ff349554e2d5b22d6a3152d30d88ae95e2a2e17d7ca674ab554ef1e5ffa48c2,bf8fa00cd1b4cad2,
potato_pld,Training/Late_Blight/Late_Blight_533.jpg,Late_Blight_533.jpg,.jpg,9933,256,256,Late_Blight,False,60d9c0fbc2883c3cfa1a2c51bd9f7182393aa94b68b544f606b876eab793819f,ba1fa05c85f8d469,
potato_pld,Training/Late_Blight/Late_Blight_940.jpg,Late_Blight_940.jpg,.jpg,9558,256,256,Late_Blight,False,33f715dba731a2a6dfaf86317075161050c1eebcb23ad9c090e1ad5a19576f26,fbc4a184854fd70e,
potato_pld,Training/Late_Blight/Late_Blight_304.jpg,Late_Blight_304.jpg,.jpg,7778,256,256,Late_Blight,False,d5c0c6554ea8c99247e213167727497e13a967800db7b78d03f1fe6783c43bba,ba36a1d0d7338273,
potato_pld,Training/Late_Blight/Late_Blight_424.jpg,Late_Blight_424.jpg,.jpg,9688,256,256,Late_Blight,False,3e4326c37aad2d42b7fd1e4d0525458aca18cc24fc59439d0350a5d63a4a1b73,afe2b4add20088ef,
potato_pld,Training/Late_Blight/Late_Blight_237.jpg,Late_Blight_237.jpg,.jpg,9075,256,256,Late_Blight,False,5c967feedabd375c04a32c0ad4c421325e812c106656c9bab97e7f60eaf89677,bee0b08791879397,
potato_pld,Training/Late_Blight/Late_Blight_716.jpg,Late_Blight_716.jpg,.jpg,10447,256,256,Late_Blight,False,f5e676b00d492ffed1621eb6366869cde2d67e0a96f19967b771902e631f96cd,bbb2b117d152c24b,
potato_pld,Training/Late_Blight/Late_Blight_968.jpg,Late_Blight_968.jpg,.jpg,8780,256,256,Late_Blight,False,e17d3849f306cbecf936c4c71da9e375f4780ee3699be82f0de2dfd28108e284,afc2b4afd0c581c6,
potato_pld,Training/Late_Blight/Late_Blight_538.jpg,Late_Blight_538.jpg,.jpg,9421,256,256,Late_Blight,False,26ab5bd08cc07f15bdf8751864747adbb6a1120336704be13031d0891abe7882,af1db429d2d1c2b2,
potato_pld,Training/Late_Blight/Late_Blight_920.jpg,Late_Blight_920.jpg,.jpg,8706,256,256,Late_Blight,False,6ff5e1909466cf3a04a681ec87fe1862149e7c913321e83261f0bb53d861f71c,bfb1f153825b850c,
potato_pld,Training/Late_Blight/Late_Blight_553.jpg,Late_Blight_553.jpg,.jpg,8894,256,256,Late_Blight,False,0cb7787539171373ee7bcca37ec06f5c538ee49464e2d73b15a2e176ed3cea61,aee4e442c22ecfb4,
potato_pld,Training/Late_Blight/Late_Blight_838.jpg,Late_Blight_838.jpg,.jpg,11115,256,256,Late_Blight,False,c3b2381813e6a8e98a7e85b951b080091e7b510c3eaff21fb32768814ab5dcfb,bba1b552e07ac079,
potato_pld,Training/Late_Blight/Late_Blight_218.jpg,Late_Blight_218.jpg,.jpg,7421,256,256,Late_Blight,False,7738ac7faa5df5373b2e2e54cc0584b37da1eb0786fd9687e61d95328682db13,aae4a59494d2dada,
potato_pld,Training/Late_Blight/Late_Blight_589.jpg,Late_Blight_589.jpg,.jpg,8293,256,256,Late_Blight,False,c36618dbadf9ab764721ca5adfb8eae65dfa6d9521e7f138d45d32c4e779e0be,aa5ee58885e59e85,
potato_pld,Training/Late_Blight/Late_Blight_331.jpg,Late_Blight_331.jpg,.jpg,9975,256,256,Late_Blight,False,8b1924688e38c6306cef8c9c69fc825017af5db7578a79b47b326132f2e9331c,aa55e42aa0cdd58f,
potato_pld,Training/Late_Blight/Late_Blight_939.jpg,Late_Blight_939.jpg,.jpg,7306,256,256,Late_Blight,False,894d2bb7d131e5a66fad85518a355b39886492d3e047c627b596ff898938d963,eee2e10b852dd83c,
potato_pld,Training/Late_Blight/Late_Blight_1077.jpg,Late_Blight_1077.jpg,.jpg,10542,256,256,Late_Blight,False,04dd7de5976d76797abc9895eca5ecb071eb877f33957d8fcc6d5bfb78d14833,aeeaa770949192cb,
potato_pld,Training/Late_Blight/Late_Blight_599.jpg,Late_Blight_599.jpg,.jpg,8676,256,256,Late_Blight,False,15fbbc2ef66bdfd83a42b4c2e2b29be0c71183f00f200cb2237823889a5f2bd4,aab5f0f6825087e3,
potato_pld,Training/Late_Blight/Late_Blight_365.jpg,Late_Blight_365.jpg,.jpg,9041,256,256,Late_Blight,False,1f34c228e1dcac57de34e8f6904c9a8e21f624d4de52c4f0edce697f6de4aec7,abe0a506d71e9a3c,
potato_pld,Training/Late_Blight/Late_Blight_71.jpg,Late_Blight_71.jpg,.jpg,10947,256,256,Late_Blight,False,83f8a8bc5505fd5df0ddf2f50fee0cc403d008970627f1829a99b92fb9564dd8,afc4b44ed2398b15,
potato_pld,Training/Late_Blight/Late_Blight_357.jpg,Late_Blight_357.jpg,.jpg,7831,256,256,Late_Blight,False,87703e34f8e6493394d2f62195f28bc4faa4ef8f44388b8f64294a09d5604691,eae1e5c6869e944a,
potato_pld,Training/Late_Blight/Late_Blight_150.jpg,Late_Blight_150.jpg,.jpg,11199,256,256,Late_Blight,False,80a547ac301953a08b70aa7c3986025e0a3b70cd3ed468f41137fe9d88c39c70,bfdbf42980f0c311,
potato_pld,Training/Late_Blight/Late_Blight_117.jpg,Late_Blight_117.jpg,.jpg,10107,256,256,Late_Blight,False,ca0de423b4f0f1b9d66cfa2c2f8c19b1fc58066d36422b3e656ad3c0ce0b2d6e,ba4ab48dd0d5c966,
potato_pld,Training/Late_Blight/Late_Blight_1041.jpg,Late_Blight_1041.jpg,.jpg,10321,256,256,Late_Blight,False,7510ecd69198c0dfa135d184d6b83967145d3cc450c4ae57e6ec03616cbcd457,aa0fe974853b8578,
potato_pld,Training/Late_Blight/Late_Blight_195.jpg,Late_Blight_195.jpg,.jpg,7694,256,256,Late_Blight,False,ed587a06b5c24acfb887c9590e838fa9764b1d597b2d31446e07eb463b126f22,facee08c81859f5c,
potato_pld,Training/Late_Blight/Late_Blight_989.jpg,Late_Blight_989.jpg,.jpg,8589,256,256,Late_Blight,False,a8bc61ef341b4c9bc9c7e64bdc6a9eebfb58a37e345d71ce47a577e898a56e66,bb99b1d991489399,
potato_pld,Training/Late_Blight/Late_Blight_587.jpg,Late_Blight_587.jpg,.jpg,9126,256,256,Late_Blight,False,f83cdc0c4531aa5e686ebb70df7de14b600404ca06f59c893a197c0b4fa8a305,be9de4dc80d8c6c8,
potato_pld,Training/Late_Blight/Late_Blight_1014.jpg,Late_Blight_1014.jpg,.jpg,9520,256,256,Late_Blight,False,89dedcff1777a2460db633b4948142c954b5ebf4ce9823cbedf1cbb454d979d6,eab4e516854e9e4a,
potato_pld,Training/Late_Blight/Late_Blight_1073.jpg,Late_Blight_1073.jpg,.jpg,10567,256,256,Late_Blight,False,17cc2611988b8fa8e4d043ef427c7b8b80d3b70a9fd952e4d77afe7e2b90fb5f,fac4a58b933e9c90,
potato_pld,Training/Late_Blight/Late_Blight_993.jpg,Late_Blight_993.jpg,.jpg,9853,256,256,Late_Blight,False,8d9966c63a7ff0cff4d3fa6154b68a451be754fd17a225f2293d78b5726983ac,bfdab0a0caa78986,
potato_pld,Training/Late_Blight/Late_Blight_207.jpg,Late_Blight_207.jpg,.jpg,7883,256,256,Late_Blight,False,912cfdf5c56ea0cd22bc5a9932eb4d4c28048aa1712b6fe8d47361f358cb9123,f8e0b1a79c35c893,
potato_pld,Training/Late_Blight/Late_Blight_834.jpg,Late_Blight_834.jpg,.jpg,7698,256,256,Late_Blight,False,3aed3e0f3dfccc78704107e7832643ba3fbb4b64fd336e02d7c66b69b29cbc39,aa1ab4f59280dbd3,
potato_pld,Training/Late_Blight/Late_Blight_597.jpg,Late_Blight_597.jpg,.jpg,8008,256,256,Late_Blight,False,9136437fedefe75527f8e5e10b2cb54072a627e6fbdf12c2ce5a5a28ad0dbbfa,ee4ca4acc3858f87,
potato_pld,Training/Late_Blight/Late_Blight_417.jpg,Late_Blight_417.jpg,.jpg,8251,256,256,Late_Blight,False,fbe14a7334edb45a7d1353a64adc54e96c106c094cb9371898c183457b535e80,bfe9b4d4d282c143,
potato_pld,Training/Late_Blight/Late_Blight_600.jpg,Late_Blight_600.jpg,.jpg,8615,256,256,Late_Blight,False,0be523a73e129bdbb6abed934c9255dcaba22a919bc220fd0ece8e4b049ccb32,bfcca0acc5c49696,
potato_pld,Training/Late_Blight/Late_Blight_63.jpg,Late_Blight_63.jpg,.jpg,9199,256,256,Late_Blight,False,a0d0c2ce921a04fbfbbec283f11dc5c6b73435f839862b30a1efee5c6e852d84,ea87c4f4c6728c6a,
potato_pld,Training/Late_Blight/Late_Blight_765.jpg,Late_Blight_765.jpg,.jpg,9639,256,256,Late_Blight,False,7f389caa2aa0ac2189fb595356d2988bdf99e9719764edbdb29dbea8db4804dd,fac0f082955f965a,
potato_pld,Training/Late_Blight/Late_Blight_953.jpg,Late_Blight_953.jpg,.jpg,8877,256,256,Late_Blight,False,5cad10e08ca535483501f4bdcfd290425e79c37f6c91cf72db69dae94120dbfe,ae31b521d0738a3f,
potato_pld,Training/Late_Blight/Late_Blight_256.jpg,Late_Blight_256.jpg,.jpg,7981,256,256,Late_Blight,False,40eeb1424932c43f11e69e2bdc5a742dc0e96ea9ad7dbc8af68a6cb22e8dd2a4,bf94e0cc076c1f31,
potato_pld,Training/Late_Blight/Late_Blight_741.jpg,Late_Blight_741.jpg,.jpg,8451,256,256,Late_Blight,False,9b73419e844aebbd14b44074afb51f23adfa29d8470b8318c03b7a6cc42e574e,abe2b5c7800e974e,
potato_pld,Training/Late_Blight/Late_Blight_683.jpg,Late_Blight_683.jpg,.jpg,11284,256,256,Late_Blight,False,c4e0fbda0f7106a720c9cf26256052680549ec3cc1d911f7d017af541a5efeba,bfcfb828d0e5c0a4,
potato_pld,Training/Late_Blight/Late_Blight_111.jpg,Late_Blight_111.jpg,.jpg,8955,256,256,Late_Blight,False,30ff21d39dbbe3dc4480121db7433bbd668ae03b08f26406aab9662aec54ec4c,bf1f8407caf028c7,
potato_pld,Training/Late_Blight/Late_Blight_706.jpg,Late_Blight_706.jpg,.jpg,9823,256,256,Late_Blight,False,71b14747850f96b5d64ae5bd48964e0ff20fa6820d5d5bef40fc663c481c8091,ea36c1f08d4695ce,
potato_pld,Training/Late_Blight/Late_Blight_657.jpg,Late_Blight_657.jpg,.jpg,9140,256,256,Late_Blight,False,7300de92291d360a9f9ccf0b9e22ad151d646c02b087ac0d3e86b2ee51090cc9,fab0b053914bda69,
potato_pld,Training/Late_Blight/Late_Blight_142.jpg,Late_Blight_142.jpg,.jpg,8934,256,256,Late_Blight,False,8f7faa9ba7b3072bac4d6bc1e0814ae46aa546ba07c963493d05501a48cfb2a6,afb4d042832fdd38,
potato_pld,Training/Late_Blight/Late_Blight_911.jpg,Late_Blight_911.jpg,.jpg,8872,256,256,Late_Blight,False,cbc91a225d8a383aaa867e3e7961df73886c8620147cc75f7090b1def95a3863,eaa5e495c61e861e,
potato_pld,Training/Late_Blight/Late_Blight_39.jpg,Late_Blight_39.jpg,.jpg,11446,256,256,Late_Blight,False,a2a92312fa9d209bd04c432f41b363c4f9c442b24040f786626cb467e3bb3fe1,bb58f48d98acca26,
potato_pld,Training/Late_Blight/Late_Blight_457.jpg,Late_Blight_457.jpg,.jpg,9048,256,256,Late_Blight,False,ac7bcdf2a242ce0329db055ad572c4cd6e59fffc449b2adf7c9aa7884a008fd2,aa6af10197fd8274,
potato_pld,Training/Late_Blight/Late_Blight_233.jpg,Late_Blight_233.jpg,.jpg,10171,256,256,Late_Blight,False,521e21732d9657e1cd0d80b59028e02ed9daf350b593c8fa3522f299b672c35c,ba96fdca946d9024,
potato_pld,Training/Late_Blight/Late_Blight_526.jpg,Late_Blight_526.jpg,.jpg,8359,256,256,Late_Blight,False,089435bf15cc92357943058a73b3b03b1f6301e3adf72f01ebcc25aae2db136a,bfbdb04ac1a541a6,
potato_pld,Training/Late_Blight/Late_Blight_565.jpg,Late_Blight_565.jpg,.jpg,10346,256,256,Late_Blight,False,be62cb0127570f9684ff47e0ed2d1a6da8ad39b55d05ca8e1ae4058f5d26480f,ea3ce11187e3861f,
potato_pld,Training/Late_Blight/Late_Blight_596.jpg,Late_Blight_596.jpg,.jpg,9272,256,256,Late_Blight,False,83940a3b1dd9980e8b3d06cfa6ece715646c16762a7b1d00b27eed9850e1f816,bee881a7cf14dc90,
potato_pld,Training/Late_Blight/Late_Blight_781.jpg,Late_Blight_781.jpg,.jpg,10762,256,256,Late_Blight,False,86c2b377b26310cf715bf346004fa02c957e1bf9ecb738ce17856bba28b1fd64,eed1a06a85a1d735,
potato_pld,Training/Late_Blight/Late_Blight_923.jpg,Late_Blight_923.jpg,.jpg,8906,256,256,Late_Blight,False,0b949b9de98dab9c356eddd9f31a07cdd7380b1e82ef6cc6e3c6fc3f0bde007a,aae6f5c6a003d22f,
potato_pld,Training/Late_Blight/Late_Blight_1055.jpg,Late_Blight_1055.jpg,.jpg,10670,256,256,Late_Blight,False,eadac8ba9e688bc2298a5d5e5e6979850233913f8433d7047d7386da8b7309e7,efbcb4c09013c379,
potato_pld,Training/Late_Blight/Late_Blight_364.jpg,Late_Blight_364.jpg,.jpg,7230,256,256,Late_Blight,False,3376c80bacc365d31b793b784d5c79645292ff1b5c0e2ae58fb40b8cfa9756ea,be60a1879616da3e,
potato_pld,Training/Late_Blight/Late_Blight_954.jpg,Late_Blight_954.jpg,.jpg,6043,256,256,Late_Blight,False,c3fe401c433ebf5990a725970b8f23c546a05fd277d712c9cdd566c9fa4f74c1,fae0e00f873c94f8,
potato_pld,Training/Late_Blight/Late_Blight_484.jpg,Late_Blight_484.jpg,.jpg,7387,256,256,Late_Blight,False,2d35c25ec6feb088d2ceb535f8510aea05f2951c3308dc9f3858c8ebcef8370f,aacad4ab82a59f94,
potato_pld,Training/Late_Blight/Late_Blight_527.jpg,Late_Blight_527.jpg,.jpg,8638,256,256,Late_Blight,False,31297366dc38daa364d039132748e3b315e284f89f1ef3e322d5e08d086a06f6,aa3de53084f297e2,
potato_pld,Training/Late_Blight/Late_Blight_303.jpg,Late_Blight_303.jpg,.jpg,7350,256,256,Late_Blight,False,1b752a704bf4d311971c92c9addaeb66abc23acb9190a3b7c1110a1641998265,bf9ce052c2bbc311,
potato_pld,Training/Late_Blight/Late_Blight_779.jpg,Late_Blight_779.jpg,.jpg,10869,256,256,Late_Blight,False,ad3c2d069ff230d455f8bed1f16ff6a9788dc8aa25c17ba6be64c8c448f3db8d,fab1e0a881d58f27,
potato_pld,Training/Late_Blight/Late_Blight_380.jpg,Late_Blight_380.jpg,.jpg,8809,256,256,Late_Blight,False,1aec72a806abe777a83d8315a7bab093dd1a36ecd8608be2d3a9df0f0dffc575,ae9da4f8c4414ea7,
potato_pld,Training/Late_Blight/Late_Blight_925.jpg,Late_Blight_925.jpg,.jpg,6670,256,256,Late_Blight,False,ed38971a00bafdaf037ee854b0b0224bcb44d0e41170198293df2f1452b092c4,ab85f5ded0ae8214,
potato_pld,Training/Late_Blight/Late_Blight_44.jpg,Late_Blight_44.jpg,.jpg,9871,256,256,Late_Blight,False,83cf0c826edc328dd2dd389a38f73752006da9d61b041120d4a9cb2b4c4f38cd,fab1b1d0934a8f29,
potato_pld,Training/Late_Blight/Late_Blight_498.jpg,Late_Blight_498.jpg,.jpg,8441,256,256,Late_Blight,False,3d05a5d37fc577340c9fab6b9688461040aa97445e7bcab3b057fed860d6503b,bfcfb484d085c296,
potato_pld,Training/Late_Blight/Late_Blight_727.jpg,Late_Blight_727.jpg,.jpg,10254,256,256,Late_Blight,False,901d8c23c41d074d07d4258af4099cf33c786e5441594c28b29acee2cafa3763,fa3de0b087d29e03,
potato_pld,Training/Late_Blight/Late_Blight_917.jpg,Late_Blight_917.jpg,.jpg,7602,256,256,Late_Blight,False,e829cdd6b6c0feca84adfa25cce364f67555b1bcd0235e05df5d36b71edb0e69,ffe0b4a58285d316,
potato_pld,Training/Late_Blight/Late_Blight_715.jpg,Late_Blight_715.jpg,.jpg,7936,256,256,Late_Blight,False,9c32a1315f8b4cb201d5bab3c50f59b1a8871f1370993179164fa13e4fd94765,ea9ff17881709721,
potato_pld,Training/Late_Blight/Late_Blight_395.jpg,Late_Blight_395.jpg,.jpg,7530,256,256,Late_Blight,False,f5a2e559680e233c42d25561b14305ff0dbb413092d699e5f6f56707ca14a2e9,af6d85e4d494ca86,
potato_pld,Training/Late_Blight/Late_Blight_952.jpg,Late_Blight_952.jpg,.jpg,8948,256,256,Late_Blight,False,8c46113f71fb2ccf21d2f1b551a52521b67cd658a8b606500a12bea203e9f0ab,bf35a012d15ad74a,
potato_pld,Training/Late_Blight/Late_Blight_65.jpg,Late_Blight_65.jpg,.jpg,10780,256,256,Late_Blight,False,217bdab5b0975429bfaec649686dc43b179fcc0d69e4d50fadbaa9cda27a29e5,ffe0a0279257d262,
potato_pld,Training/Late_Blight/Late_Blight_714.jpg,Late_Blight_714.jpg,.jpg,9540,256,256,Late_Blight,False,4d3ecfa103c74a4286e27fcd637a8ca6d0e3df2383ef5209ec224cb2ecbdb4a1,aee3a483c697ca1a,
potato_pld,Training/Late_Blight/Late_Blight_736.jpg,Late_Blight_736.jpg,.jpg,9649,256,256,Late_Blight,False,fe1bea0cfef213c73cb10173993ea534b50d742187b0f3fe48ff27115b8c3932,afe3a512943ad869,
potato_pld,Training/Late_Blight/Late_Blight_262.jpg,Late_Blight_262.jpg,.jpg,9361,256,256,Late_Blight,False,b3bd629cec51899d7ab79112fc17f0b148b38154496adbc17930f0de206cb1b5,beceb09ed194c2e0,
potato_pld,Training/Late_Blight/Late_Blight_7.jpg,Late_Blight_7.jpg,.jpg,7392,256,256,Late_Blight,False,b2107052220a0f4a731b4215a246549050508bf047e5999f761f067efaf94f37,ba9db15ac068c56d,
potato_pld,Training/Late_Blight/Late_Blight_721.jpg,Late_Blight_721.jpg,.jpg,9458,256,256,Late_Blight,False,150e06748074c958a1d26f709684c98b567d6fadfd2583f2b9a044a4f8c5054e,aec1b482d60fca1f,
potato_pld,Training/Late_Blight/Late_Blight_843.jpg,Late_Blight_843.jpg,.jpg,7980,256,256,Late_Blight,False,fa3f32f999701d4583cfe9e6a2af0398d78d07081738cc55795ec56538a2466c,eac5e58e947c902b,
potato_pld,Training/Late_Blight/Late_Blight_852.jpg,Late_Blight_852.jpg,.jpg,7790,256,256,Late_Blight,False,c3c28395253f065944e8b2b9b5757994f8c1dc7071a3389fca05cb9fa39bc56f,ab14f40ac27bce69,
potato_pld,Training/Late_Blight/Late_Blight_149.jpg,Late_Blight_149.jpg,.jpg,10376,256,256,Late_Blight,False,2c4bca5b05c152e68d96cffc553868f0eb82e0c95feb848d07f0f861e6ebccd9,ead9a5aba081c59d,
potato_pld,Training/Late_Blight/Late_Blight_473.jpg,Late_Blight_473.jpg,.jpg,9728,256,256,Late_Blight,False,8b1de86c40705cedc68c0258ec2fdff1533aeafd0b6c7ca0e51d325a235d900f,af89e1d9d5b09261,
potato_pld,Training/Late_Blight/Late_Blight_827.jpg,Late_Blight_827.jpg,.jpg,10785,256,256,Late_Blight,False,8f5813b6b0884a2dbaaa5b1ce69e2fd12beffcc913fc07e577e7d2d7d5e610f5,fa1ae04887eb97c1,
potato_pld,Training/Late_Blight/Late_Blight_618.jpg,Late_Blight_618.jpg,.jpg,8465,256,256,Late_Blight,False,6eda508eaf75d09ae0a0fe54c858899a074c51ef71f4ed72d552612f79eacf08,bbc8f0a9c2958f92,
potato_pld,Training/Late_Blight/Late_Blight_76.jpg,Late_Blight_76.jpg,.jpg,9735,256,256,Late_Blight,False,b3245519c5c66acb2ee3ecc72d2aaa77dfeb2aed11c4e17f01503c023790d3a5,af97d2da8d588849,
potato_pld,Training/Late_Blight/Late_Blight_1057.jpg,Late_Blight_1057.jpg,.jpg,11836,256,256,Late_Blight,False,b4c61e24767250f93993d3e1ae748077f0ce8dc97e3298c1ace040d0078d7c25,ffb59490d03ad04b,
potato_pld,Training/Late_Blight/Late_Blight_548.jpg,Late_Blight_548.jpg,.jpg,8654,256,256,Late_Blight,False,eafe2825aa9a363c619878e620eea7fc36d46adaecde6bf691efae54479f6455,bf91f45a8379c029,
potato_pld,Training/Late_Blight/Late_Blight_166.jpg,Late_Blight_166.jpg,.jpg,9299,256,256,Late_Blight,False,1906e4f97316be2359fb8002d65db88cff80d7aa7f019cc0d25455da1e27b867,bacee1eb80859395,
potato_pld,Training/Late_Blight/Late_Blight_546.jpg,Late_Blight_546.jpg,.jpg,8049,256,256,Late_Blight,False,c83fe00273cbc77db60a9c5823e5bd0df7b7115a58cdbfcd55b3c90fb71460c7,aa34a5e2d6439aab,
potato_pld,Training/Late_Blight/Late_Blight_803.jpg,Late_Blight_803.jpg,.jpg,11790,256,256,Late_Blight,False,74b48c1e35b059cd56dcd252f576539c107641f08b73325acdf9a20db7dbeb47,ff88b0eed141c169,
potato_pld,Training/Late_Blight/Late_Blight_60.jpg,Late_Blight_60.jpg,.jpg,7811,256,256,Late_Blight,False,ebed0246087f288fadb70d5dd3ce192b214fa7ddff634234de378ee6d9f505d0,ae33b4b9c2618be1,
potato_pld,Training/Late_Blight/Late_Blight_955.jpg,Late_Blight_955.jpg,.jpg,8675,256,256,Late_Blight,False,64fc25e10737731b0ff1d561e68e3fd37203520a2e1e1b91782cc201d151b893,be9ea1ded4d88248,
potato_pld,Training/Late_Blight/Late_Blight_550.jpg,Late_Blight_550.jpg,.jpg,8028,256,256,Late_Blight,False,7de0834536f20bb1c558dc747fd499fe81c5105b6dbd82cc12cce95baddcd7c6,be48f0add255c386,
potato_pld,Training/Late_Blight/Late_Blight_677.jpg,Late_Blight_677.jpg,.jpg,10313,256,256,Late_Blight,False,ff14d2a2c8783a14075d2644cf569f532d86d7a5056c3b7a99a679388d7be4d6,bf47b8be9084d294,
potato_pld,Training/Late_Blight/Late_Blight_297.jpg,Late_Blight_297.jpg,.jpg,8352,256,256,Late_Blight,False,58ae31beb423393a0675a393461efd4f14b45f1c1eeb3dccbafbe85698a70479,be1aa4b9c2d18f0b,
potato_pld,Training/Late_Blight/Late_Blight_515.jpg,Late_Blight_515.jpg,.jpg,9856,256,256,Late_Blight,False,739f14d63d6c15e4c5b74cebacb12ddafe9aee5e4125e3522f6f3b960be4ecdd,afc7b188d0d5da18,
potato_pld,Training/Late_Blight/Late_Blight_837.jpg,Late_Blight_837.jpg,.jpg,10043,256,256,Late_Blight,False,40afd9b7f9521d96312d0d9c5bad0ffa0b1c3c2c75191b82cdfe8e11cbb0cda8,ba58f42681bdd730,
potato_pld,Training/Late_Blight/Late_Blight_137.jpg,Late_Blight_137.jpg,.jpg,9288,256,256,Late_Blight,False,8f2baf91a4b0162c9d68aaf8579e450d5308a899dbade9f87c2651b2022312eb,ea1da5b095d394d2,
potato_pld,Training/Late_Blight/Late_Blight_775.jpg,Late_Blight_775.jpg,.jpg,10039,256,256,Late_Blight,False,2b87251102a0a86bfe5009fbdb710b4d3ca74ce59d3b986f582788e730c54664,eac2e0ca818f9f5c,
potato_pld,Training/Late_Blight/Late_Blight_1076.jpg,Late_Blight_1076.jpg,.jpg,9214,256,256,Late_Blight,False,d053968ef349bdc62113b59743f07a0ea62c6bfc3e6319436495c5b348d853de,e2e2a58e94bdd870,
potato_pld,Training/Late_Blight/Late_Blight_804.jpg,Late_Blight_804.jpg,.jpg,8952,256,256,Late_Blight,False,946bddbee3469012ebd2d197c67f5e2bcd992b895b6857909b884664f12d2aff,fa0b812cd03d9ff0,
potato_pld,Training/Late_Blight/Late_Blight_370.jpg,Late_Blight_370.jpg,.jpg,8570,256,256,Late_Blight,False,b7a660dcc645a26b4c14c73f63be34ca84f9c220975f147bf48e061b9023be67,bf9bb458d2a0c361,
potato_pld,Training/Late_Blight/Late_Blight_59.jpg,Late_Blight_59.jpg,.jpg,8154,256,256,Late_Blight,False,960c397dc028f33d7120ea655807423533f9a4c4810708316b1733d41344d156,ed3281a5d7c292ce,
potato_pld,Training/Late_Blight/Late_Blight_951.jpg,Late_Blight_951.jpg,.jpg,8753,256,256,Late_Blight,False,0a19e602182e43464bafef306beadeec5bc6cbb34fdedc5355063fe000cbebcf,bee8b501d507c29e,
potato_pld,Training/Late_Blight/Late_Blight_58.jpg,Late_Blight_58.jpg,.jpg,10482,256,256,Late_Blight,False,b417eaaebbaa79449e6d45306872dbd4d902f64da6b5f0e7b934c47f3b8f0ef5,fa9ae05985b097b1,
potato_pld,Training/Late_Blight/Late_Blight_466.jpg,Late_Blight_466.jpg,.jpg,8956,256,256,Late_Blight,False,3907ce702b9a17cd4d3a7bf9cea067fb1332e9ec8f653db6572ac0dc430b243c,bad8f0a983958fd0,
potato_pld,Training/Late_Blight/Late_Blight_346.jpg,Late_Blight_346.jpg,.jpg,7662,256,256,Late_Blight,False,005a3710a700f8a5d01ad44c11992f0ffad23ce08b884a31cc32eed88eb0c7e7,ba99b141d2ebc22d,
potato_pld,Training/Late_Blight/Late_Blight_702.jpg,Late_Blight_702.jpg,.jpg,9584,256,256,Late_Blight,False,a65df6ff1c1863834174dffe9df23124b221b1295b974ee7fd4b9bf1692bff5a,ab1fb57096eac241,
potato_pld,Training/Late_Blight/Late_Blight_1060.jpg,Late_Blight_1060.jpg,.jpg,9031,256,256,Late_Blight,False,449969c67b81d27626ed6e4522545f528385806c903c3eb55b907836bfb3de4c,fab5a1d0c78287c3,
potato_pld,Training/Late_Blight/Late_Blight_544.jpg,Late_Blight_544.jpg,.jpg,9276,256,256,Late_Blight,False,1c965bc370eb733bd38dbfb7c5e85a94680614a6388b7305ff638529a87e0a26,bb43b4f095e0ca65,
potato_pld,Training/Late_Blight/Late_Blight_1113.jpg,Late_Blight_1113.jpg,.jpg,8753,256,256,Late_Blight,False,5c8a51c9ceba3f4d350eca14e14afa22de05960c152b79cada19547e49292887,aa87a5f5d5f092c0,
potato_pld,Training/Late_Blight/Late_Blight_270.jpg,Late_Blight_270.jpg,.jpg,9006,256,256,Late_Blight,False,7088f2c3b92f44e656d2d22a87339e2fdcf67eaa8fa98aa6a0aca13c22616804,aa15e1ea878097ed,
potato_pld,Training/Late_Blight/Late_Blight_159.jpg,Late_Blight_159.jpg,.jpg,8605,256,256,Late_Blight,False,fbe67973b186de157413429d107940ffb36fff459875c028002bfbdd5eac9c6b,bf95c45ec8e8c560,
potato_pld,Training/Late_Blight/Late_Blight_398.jpg,Late_Blight_398.jpg,.jpg,9092,256,256,Late_Blight,False,bdba2b0cc78ad39e0abd85841847e5ff2f8d877c92c240b0f9ca2e8dd95f60a2,bfb5f0da8048c54d,
potato_pld,Training/Late_Blight/Late_Blight_186.jpg,Late_Blight_186.jpg,.jpg,7845,256,256,Late_Blight,False,9fa046c5e65a34c95e20e63d209c888c07fc8f06a5e50ee4d04d0c5c6640236d,bbe08b96fc318d11,
potato_pld,Training/Late_Blight/Late_Blight_558.jpg,Late_Blight_558.jpg,.jpg,8389,256,256,Late_Blight,False,5cb96a4b10e32c57780718cc1fbff2dc8c2495efcb5a12276069786eb3e809c2,bacea17d95e0d260,
potato_pld,Training/Late_Blight/Late_Blight_990.jpg,Late_Blight_990.jpg,.jpg,8319,256,256,Late_Blight,False,c2794d5bc4223906c41d2cf7c7b327808a1c3e3d8fc2a2612491b622bc70b0c7,be19e479d2e0cac1,
potato_pld,Training/Late_Blight/Late_Blight_440.jpg,Late_Blight_440.jpg,.jpg,8678,256,256,Late_Blight,False,60d30abffd42c4aefd1e8d778f3a7e9ad85f5d842fafe4bd0e69f0c6ca93d291,fa63c0ab829caf98,
potato_pld,Training/Late_Blight/Late_Blight_666.jpg,Late_Blight_666.jpg,.jpg,8820,256,256,Late_Blight,False,771e8462c48b8364ed578f3b2ceb95e1b847150336be9d543ff98d785253126e,aad8b01987fadae0,
potato_pld,Training/Late_Blight/Late_Blight_760.jpg,Late_Blight_760.jpg,.jpg,10219,256,256,Late_Blight,False,b13bd8cedf0fe7b414efb48fcf6febda8a80b829c526837eeaf6287e0085b008,abb4e1d2830ad31f,
potato_pld,Training/Late_Blight/Late_Blight_542.jpg,Late_Blight_542.jpg,.jpg,9394,256,256,Late_Blight,False,31f94092cb66fa10fcb87ec09ffb1246afb7e928e7d6fd1d0ebaf376ce36ab18,aa95e47ed5b08352,
potato_pld,Training/Late_Blight/Late_Blight_400.jpg,Late_Blight_400.jpg,.jpg,8197,256,256,Late_Blight,False,2079f2cb546b6301f23211f24f1aab7142cb7fefe6434b0cc22f0090f6966937,af9da5f0d4c08a87,
potato_pld,Training/Late_Blight/Late_Blight_1105.jpg,Late_Blight_1105.jpg,.jpg,7960,256,256,Late_Blight,False,ea38e26a43c7d47479231f42811e8896fc509bfbae8f66e0f76b025bd2c62f8e,eac6e08e871c9f58,
potato_pld,Validation/Early_Blight/Early_Blight_155.jpg,Early_Blight_155.jpg,.jpg,6665,256,256,Early_Blight,False,44168dd2cafd45ed5726d3a660b2f1b288e7ef4d1b52f6a9eb7aea3ff3875b84,ea3ae5f095859287,
potato_pld,Validation/Early_Blight/Early_Blight_96.jpg,Early_Blight_96.jpg,.jpg,7657,256,256,Early_Blight,False,beb2833ef66acdf735868fc8d4d2fe5a190e19452993af4dfd10c9a40badd2e3,af97b45ad2a9c304,
potato_pld,Validation/Early_Blight/Early_Blight_78.jpg,Early_Blight_78.jpg,.jpg,12141,256,256,Early_Blight,False,d9cb9c59de2b78d2f190ae538fb45f258ab5fdefe52d81beaeb6a78195682340,ab1eb498d2618b2f,
potato_pld,Validation/Early_Blight/Early_Blight_61.jpg,Early_Blight_61.jpg,.jpg,14481,256,256,Early_Blight,False,e5dfe784ae28e267991acbf8eb5bcc18ab1038948ec4dbfea8e2cd38a3e57c80,bbb4b512d24a816f,
potato_pld,Validation/Early_Blight/Early_Blight_28.jpg,Early_Blight_28.jpg,.jpg,8691,256,256,Early_Blight,False,0730c78ad103edf1ca7fcdfa27595e04cf4edd5bed0362ccb2898afffa4084a2,afc3b444922edb15,
potato_pld,Validation/Early_Blight/Early_Blight_58.jpg,Early_Blight_58.jpg,.jpg,9409,256,256,Early_Blight,False,7d23a8380e0efa2d522ae70db3c02475eb0e1305d2c40bd48a5172756b0504c3,afa5b556825ac329,
potato_pld,Validation/Early_Blight/Early_Blight_129.jpg,Early_Blight_129.jpg,.jpg,8179,256,256,Early_Blight,False,333331d3eca3d5ed1ea71db700eb99303917bf4da3f159524ea737bec7373f77,aa4ae0c887adce5d,
potato_pld,Validation/Early_Blight/Early_Blight_150.jpg,Early_Blight_150.jpg,.jpg,8340,256,256,Early_Blight,False,a18b35e3e596ed2b016c28c588b961cfc6f72a9e28adc62d32a583bc39792cfa,abc9f57dd4609260,
potato_pld,Validation/Early_Blight/Early_Blight_163.jpg,Early_Blight_163.jpg,.jpg,9058,256,256,Early_Blight,False,f204718456a5d763f620459c13b43b34c8da59aa4f3e2407eb81c0a5bd1c0dba,ee9ba0f894c19ac3,
potato_pld,Validation/Early_Blight/Early_Blight_132.jpg,Early_Blight_132.jpg,.jpg,5064,256,256,Early_Blight,False,3c807693c739afac48e72a182698d70234caeba464375dc76a1402292fc6ddd5,ee9ba4a9c0f18f82,
potato_pld,Validation/Early_Blight/Early_Blight_75.jpg,Early_Blight_75.jpg,.jpg,10025,256,256,Early_Blight,False,a7f73ec4bf7e1bf041b01caff3a4080749649af0e9f81cd5364dc2360c533321,ffa5e0d6c2a68314,
potato_pld,Validation/Early_Blight/Early_Blight_120.jpg,Early_Blight_120.jpg,.jpg,10514,256,256,Early_Blight,False,66bed22fbfec4f835cdcfedee0948f56fa929ce8f11c1e89b49aa92653b12a55,eacea068d5a5c6a5,
potato_pld,Validation/Early_Blight/Early_Blight_91.jpg,Early_Blight_91.jpg,.jpg,10143,256,256,Early_Blight,False,462c5b0743a6da7947c4e1c4c05b850a3259f3906baba8edafa358ba3d178e69,a9d3b103d23f1a78,
potato_pld,Validation/Early_Blight/Early_Blight_63.jpg,Early_Blight_63.jpg,.jpg,10942,256,256,Early_Blight,False,ab827c562951968ac1e6eb390bb5e1c2d52bc9f59bd7911c3b1155daa76d2837,ba17a1f8d741c269,
potato_pld,Validation/Early_Blight/Early_Blight_146.jpg,Early_Blight_146.jpg,.jpg,8321,256,256,Early_Blight,False,160352edabc328f7d0c558b6c471ac0762d9e6f94e0f48fc711f11eaddbe0044,ab5af0298375d724,
potato_pld,Validation/Early_Blight/Early_Blight_133.jpg,Early_Blight_133.jpg,.jpg,6055,256,256,Early_Blight,False,4ba959d938b3ba0eb66f7efac6195a582f44b72540a1b095d25e3e6b04789675,ff99a0d083eb4e05,
potato_pld,Validation/Early_Blight/Early_Blight_11.jpg,Early_Blight_11.jpg,.jpg,10196,256,256,Early_Blight,False,a47972360a67bef17e5dc6b8f653c79fe12288d67b2bc0c4e0dfb361a2eba00d,ebe8a585951fd038,
potato_pld,Validation/Early_Blight/Early_Blight_134.jpg,Early_Blight_134.jpg,.jpg,7855,256,256,Early_Blight,False,881baf68d08281a60f43638ad6ab375195b407a1c838dd0541729d6d7c6eee70,af99b4bdc2d0cac0,
potato_pld,Validation/Early_Blight/Early_Blight_110.jpg,Early_Blight_110.jpg,.jpg,8192,256,256,Early_Blight,False,d4eae1df85b065d8c70cdba333d57da5649b003cedf863f487e9d9fe66250086,aae5a506d6aa8a7c,
potato_pld,Validation/Early_Blight/Early_Blight_119.jpg,Early_Blight_119.jpg,.jpg,8364,256,256,Early_Blight,False,2d8ca2c2899142f271d8b2d65f1af07f1e825b208274d8672c4fd97183fdcf70,fec9b02dd2cd8330,
potato_pld,Validation/Early_Blight/Early_Blight_34.jpg,Early_Blight_34.jpg,.jpg,8906,256,256,Early_Blight,False,1deaefc3a1a975867d500276e35ea12fe17b19625789b9e4b119b7efc7d26180,ffbfd0f0885088c3,
potato_pld,Validation/Early_Blight/Early_Blight_70.jpg,Early_Blight_70.jpg,.jpg,11946,256,256,Early_Blight,False,1efa9a2e51119387036fb9d04d97450a89344a037fd07c9398a63e186d6ea4f0,eadae00a87ef8e05,
potato_pld,Validation/Early_Blight/Early_Blight_152.jpg,Early_Blight_152.jpg,.jpg,9921,256,256,Early_Blight,False,b0c3c1c654c3c15d95040cba46a2dae20db4cbcbae51c1d684900471164f6e71,be8ca45ef4aa8495,
potato_pld,Validation/Early_Blight/Early_Blight_83.jpg,Early_Blight_83.jpg,.jpg,9616,256,256,Early_Blight,False,e1f39f8ae2ef56699b87ae7bec50c18b78be24c950e6a2ed6dad8f82a74a5949,fbcd81ccd72c4a30,
potato_pld,Validation/Early_Blight/Early_Blight_31.jpg,Early_Blight_31.jpg,.jpg,9686,256,256,Early_Blight,False,60e34a39097e26f6d5ef85f09039052825cec3406572964630bd93237ff170a7,bf31b052c06bcf25,
potato_pld,Validation/Early_Blight/Early_Blight_52.jpg,Early_Blight_52.jpg,.jpg,10249,256,256,Early_Blight,False,dfb42dd0145ceff8022c3846cadd3ee94f5de4f0e7a5c433c6917e88d781831e,bf25b41ad2e88b45,
potato_pld,Validation/Early_Blight/Early_Blight_66.jpg,Early_Blight_66.jpg,.jpg,9989,256,256,Early_Blight,False,6ba105589e297b74573d3783c14f9aa31064b7fb39716b953f07c33effc7f550,aadae4a985818f97,
potato_pld,Validation/Early_Blight/Early_Blight_35.jpg,Early_Blight_35.jpg,.jpg,8061,256,256,Early_Blight,False,dcf5cf3b93d321d2afc8f49f64591354a35956d4fc2978c6ea8eb455e68952a2,fac4a446967e5a31,
potato_pld,Validation/Early_Blight/Early_Blight_111.jpg,Early_Blight_111.jpg,.jpg,9854,256,256,Early_Blight,False,78464e609f057c89424daa4270db2b4c8356c3bea0aa3da6b74eb191ac9eb12a,aa99a4d495c0d6cf,
potato_pld,Validation/Early_Blight/Early_Blight_62.jpg,Early_Blight_62.jpg,.jpg,11170,256,256,Early_Blight,False,b9892c99b649d8b9141e92af5781f25a29b3bff3fb9c8eb8359620bd603ca37b,becab0eb908dc394,
potato_pld,Validation/Early_Blight/Early_Blight_2.jpg,Early_Blight_2.jpg,.jpg,9339,256,256,Early_Blight,False,b2774367eeb1bbbf287b879e4a1fc4a5419a95252408c8b330fc7aef450bd63f,aae4b58e941e9a3a,
potato_pld,Validation/Early_Blight/Early_Blight_130.jpg,Early_Blight_130.jpg,.jpg,11480,256,256,Early_Blight,False,55340ec1e30ee0fb98d82c745f86a6fc44f26765f87266113060fdc2d759f8b2,ba9de0f8a51185e3,
potato_pld,Validation/Early_Blight/Early_Blight_156.jpg,Early_Blight_156.jpg,.jpg,9974,256,256,Early_Blight,False,260b350a60d69f2afc734faba9ddc8cd9edc587950ee7b9ac7d0f8fa43248e83,eafce52085479726,
potato_pld,Validation/Early_Blight/Early_Blight_43.jpg,Early_Blight_43.jpg,.jpg,10988,256,256,Early_Blight,False,8a434d234be6e0608f226db523f10658389711ea69c3db83d627468d2d0d21b5,aae5e555c40e962e,
potato_pld,Validation/Early_Blight/Early_Blight_141.jpg,Early_Blight_141.jpg,.jpg,6729,256,256,Early_Blight,False,0fbcace486c298b688f65394f75baae08de7b4c8d0a7f9aa970472d18eb5871c,bb81f1c3834e8f2c,
potato_pld,Validation/Early_Blight/Early_Blight_42.jpg,Early_Blight_42.jpg,.jpg,10112,256,256,Early_Blight,False,965c1748edbaa8e8b7242549aa96a68b0815cc1e6c30ad3c08f56c57fe126f5f,ea95e1f0858394de,
potato_pld,Validation/Early_Blight/Early_Blight_47.jpg,Early_Blight_47.jpg,.jpg,11485,256,256,Early_Blight,False,7f0f0e56649a150b81b427a76515b4703707fba03879c0a56b99724199fe4b3c,be43b5afd055d022,
potato_pld,Validation/Early_Blight/Early_Blight_1.jpg,Early_Blight_1.jpg,.jpg,8617,256,256,Early_Blight,False,7db964f688176e85c351748c510b7fc8c3ede24108ecca0367b806bab85bca21,bebcb050d07acb29,
potato_pld,Validation/Early_Blight/Early_Blight_80.jpg,Early_Blight_80.jpg,.jpg,9077,256,256,Early_Blight,False,9f366612d3aeb5bba60ff348155c514a2f360b8705b1bc81e0f87cb41144950b,ff9fb0b8d2d08288,
potato_pld,Validation/Early_Blight/Early_Blight_97.jpg,Early_Blight_97.jpg,.jpg,11095,256,256,Early_Blight,False,71e89d1fc635847974e64753c9cf86ef267eaa25d90e7e39a97ec6b083bd26ae,ffa5f554d0aa9240,
potato_pld,Validation/Early_Blight/Early_Blight_71.jpg,Early_Blight_71.jpg,.jpg,11237,256,256,Early_Blight,False,9094ba6571f642281896da62ae90b059f3545a96cae721d3f85e7268501e3b58,ffb4d0da81418f43,
potato_pld,Validation/Early_Blight/Early_Blight_124.jpg,Early_Blight_124.jpg,.jpg,8779,256,256,Early_Blight,False,5392d3684418cd9521c29be6286cf154f8aff8264ab9477c0a2d91ff45631395,bf98b598d219c2c9,
potato_pld,Validation/Early_Blight/Early_Blight_38.jpg,Early_Blight_38.jpg,.jpg,10267,256,256,Early_Blight,False,051e06af236fae449d6869960ed103f11c8584a518ebb5a69862740b197cbf52,fec084ab9e95f190,
potato_pld,Validation/Early_Blight/Early_Blight_64.jpg,Early_Blight_64.jpg,.jpg,10489,256,256,Early_Blight,False,7668bae703597dcd031f0eff167760f4ff6352620eb136441fe6733a8ae09f36,ae9ab4b8c4e1cac3,
potato_pld,Validation/Early_Blight/Early_Blight_46.jpg,Early_Blight_46.jpg,.jpg,10006,256,256,Early_Blight,False,7cca626857ce3dc913c7fafa3339dd7c02ac26b403bd122a1a492873b8947087,bfb4b440d08bc35d,
potato_pld,Validation/Early_Blight/Early_Blight_147.jpg,Early_Blight_147.jpg,.jpg,8472,256,256,Early_Blight,False,0d83881776faf3ec0841c5b46a1108a95c6658c50ed0f3b097c1379cfcfe22ba,bac1f467c0a5ca96,
potato_pld,Validation/Early_Blight/Early_Blight_112.jpg,Early_Blight_112.jpg,.jpg,9687,256,256,Early_Blight,False,4c408f7d26e49f072ab55bd60fdd1b950a4d80fa0743b512587c68dd20f473ea,aae1e587855fc618,
potato_pld,Validation/Early_Blight/Early_Blight_88.jpg,Early_Blight_88.jpg,.jpg,11239,256,256,Early_Blight,False,0ff6f7a254057cc401bf58c64a31ca0c5e4d01de91ff2859acb7cad8d47e82e3,ae91b543961b1c6d,
potato_pld,Validation/Early_Blight/Early_Blight_121.jpg,Early_Blight_121.jpg,.jpg,9744,256,256,Early_Blight,False,a33149e2d55a4da8598ae6815e550d7fefd8f50cb1777c310b527007590081ca,eedba46894e18aa5,
potato_pld,Validation/Early_Blight/Early_Blight_50.jpg,Early_Blight_50.jpg,.jpg,11035,256,256,Early_Blight,False,d49b22498e8453d03f7547a7028604098606d5a58387f00d21168ac8657d061a,ab4cb1b887e59784,
potato_pld,Validation/Early_Blight/Early_Blight_139.jpg,Early_Blight_139.jpg,.jpg,6920,256,256,Early_Blight,False,895b11985cc4c4b9d46808ec7b02b8a849d0d3c41f09323fda666fc243b29316,afbbe4f084d09e82,
potato_pld,Validation/Early_Blight/Early_Blight_5.jpg,Early_Blight_5.jpg,.jpg,10117,256,256,Early_Blight,False,10e2ed22cf1a06be1665123ce5bf4323f0549c35c3a706c2b21b66a78d9e6066,bf95f05a89598568,
potato_pld,Validation/Early_Blight/Early_Blight_115.jpg,Early_Blight_115.jpg,.jpg,9790,256,256,Early_Blight,False,9ba3e4299ded7fb61dc397d4b9be6605075f6e35dfa9912ae19bc0fd852a1997,abceb1acd1f48982,
potato_pld,Validation/Early_Blight/Early_Blight_59.jpg,Early_Blight_59.jpg,.jpg,10172,256,256,Early_Blight,False,fd69fd8aebe3bee0aa4f76841d7a4491c4bcfb6f5455a575d224181cd09f2b20,bbcfb51c909cc2d0,
potato_pld,Validation/Early_Blight/Early_Blight_73.jpg,Early_Blight_73.jpg,.jpg,10137,256,256,Early_Blight,False,c7639ad4b3fe0a223cfc3b4f08268e821e1ee9087b043912200e99f08f934bee,ae17b57ac269c321,
potato_pld,Validation/Early_Blight/Early_Blight_131.jpg,Early_Blight_131.jpg,.jpg,6766,256,256,Early_Blight,False,ecf71f445bbbc0a2a2f170527862ad953691685500c281cd00009fed78b19c72,aa9be1f097819a17,
potato_pld,Validation/Early_Blight/Early_Blight_162.jpg,Early_Blight_162.jpg,.jpg,8487,256,256,Early_Blight,False,16478a5ca4e6d1eaf2c1f4fbbfc1ff62abced5fd1b67d0a38992195eec5a4e46,adf0f401d21f82be,
potato_pld,Validation/Early_Blight/Early_Blight_148.jpg,Early_Blight_148.jpg,.jpg,7760,256,256,Early_Blight,False,82a3041a56c528ebefaa6337a3aff732cfe85dd48694ffbc92c1e71c38dce1ec,ea1ae57a85e0d4e1,
potato_pld,Validation/Early_Blight/Early_Blight_4.jpg,Early_Blight_4.jpg,.jpg,8946,256,256,Early_Blight,False,bf922d8a86a6042648eee64c01f4a25d9ea65908e485b9c0c3ec8ee1b1d61570,fa31e09583539753,
potato_pld,Validation/Early_Blight/Early_Blight_74.jpg,Early_Blight_74.jpg,.jpg,9912,256,256,Early_Blight,False,c20cdf9cf071e2f7a4986efc39cdca276d48c6db0b8acaae68dbd0df4cf67f8a,baf1f140d34b8a8d,
potato_pld,Validation/Early_Blight/Early_Blight_106.jpg,Early_Blight_106.jpg,.jpg,8970,256,256,Early_Blight,False,008a14b2ba893c41f57ca8c3f5afe61cea5df24e6a04e502c42c21b048efa6d3,bb1cb1fcd0e0ca61,
potato_pld,Validation/Early_Blight/Early_Blight_14.jpg,Early_Blight_14.jpg,.jpg,9779,256,256,Early_Blight,False,3b48374be0504068d0dc7db6ceb5af80ecd5a7070c9dd6d7841798ddfe777fbd,eac9e089859d9e35,
potato_pld,Validation/Early_Blight/Early_Blight_123.jpg,Early_Blight_123.jpg,.jpg,10185,256,256,Early_Blight,False,ca74a6b140945f7968bebcc5993025dacd8e2edcf5f0e2c68c08ab6da25c9473,ff24e0fdc7008713,
potato_pld,Validation/Early_Blight/Early_Blight_94.jpg,Early_Blight_94.jpg,.jpg,12568,256,256,Early_Blight,False,df15807f633127d0c58d2dd9df89c73f47bf8787f02fc4a25cea418260545c50,ab9ba53a95f094c2,
potato_pld,Validation/Early_Blight/Early_Blight_82.jpg,Early_Blight_82.jpg,.jpg,10470,256,256,Early_Blight,False,f845d6897f5a107e3d7fece0f901fd362d035c9005d652fccfc138779b5e2d51,fa84e19587929e9a,
potato_pld,Validation/Early_Blight/Early_Blight_145.jpg,Early_Blight_145.jpg,.jpg,7495,256,256,Early_Blight,False,c302beb16b2830789bedf053fc133b8d7ebc5f5779f7fe791a7cb341a93690bc,ea39e0f487039c5e,
potato_pld,Validation/Early_Blight/Early_Blight_68.jpg,Early_Blight_68.jpg,.jpg,10881,256,256,Early_Blight,False,e8eed5aa9c7fa77ae1412f91fda5fa2adbd39bcab8fa5e1f7da0442701012489,bfa0f452820bcf3c,
potato_pld,Validation/Early_Blight/Early_Blight_116.jpg,Early_Blight_116.jpg,.jpg,8989,256,256,Early_Blight,False,2f6bcbb0248fc93773cf9e94450a969c7caf69f933707301731a68cf5c40f4ed,eacaf5edc0858784,
potato_pld,Validation/Early_Blight/Early_Blight_48.jpg,Early_Blight_48.jpg,.jpg,10132,256,256,Early_Blight,False,5e7be5978c50a9e2e060fd3c919d1b26a75090847e26976f98a59c83adb21246,ab58b5e9d0c4d296,
potato_pld,Validation/Early_Blight/Early_Blight_72.jpg,Early_Blight_72.jpg,.jpg,9812,256,256,Early_Blight,False,55e4bedd7779be8db7ae3961dfcf36e4123b574e098ea1746fd5d3eab4ba6c66,aa60a507967eda3a,
potato_pld,Validation/Early_Blight/Early_Blight_158.jpg,Early_Blight_158.jpg,.jpg,9485,256,256,Early_Blight,False,f10c1cce513884297e82b1d08a1431e1262c734653be71bb1427ff9b4c65bef6,ba6af1a8c0b5c3b4,
potato_pld,Validation/Early_Blight/Early_Blight_142.jpg,Early_Blight_142.jpg,.jpg,6708,256,256,Early_Blight,False,8187a55fef13ac379020cf2f13b664c41b4491df8b5b1d3770b5dfd793696126,bb99a1f897211a2d,
potato_pld,Validation/Early_Blight/Early_Blight_10.jpg,Early_Blight_10.jpg,.jpg,7904,256,256,Early_Blight,False,545ddf2f26eb79c88013aaeb1c2c9a9a02d07cb1bd33c27ed484cad420a305a3,aab5f452824ac7e9,
potato_pld,Validation/Early_Blight/Early_Blight_127.jpg,Early_Blight_127.jpg,.jpg,12340,256,256,Early_Blight,False,5c88da4a6891d3be6585b5643ba4fbbbe5355a813b5754ecc9168d7b496acb70,fe42a0ebd4e580e5,
potato_pld,Validation/Early_Blight/Early_Blight_103.jpg,Early_Blight_103.jpg,.jpg,8526,256,256,Early_Blight,False,d5edeff9a57b8be867bf379177e1ab39fc5ff129cffa7a9c1d1623860aee6cc9,afa5b452c2aa8f15,
potato_pld,Validation/Early_Blight/Early_Blight_32.jpg,Early_Blight_32.jpg,.jpg,9282,256,256,Early_Blight,False,d32a5068d45133ff054055224190b176b20654e225ff07cff51f4583c67e8d4b,aaa5e5d28702979b,
potato_pld,Validation/Early_Blight/Early_Blight_122.jpg,Early_Blight_122.jpg,.jpg,9338,256,256,Early_Blight,False,7c8bf3707e75c8f4f3de2153fc0479b73c339885b17c8910d931d6ef63d4c0fe,bb9ae1bd93c0c2c1,
potato_pld,Validation/Early_Blight/Early_Blight_33.jpg,Early_Blight_33.jpg,.jpg,9178,256,256,Early_Blight,False,f33bbf92d55a8e24c3f735323c3cbd061b65736328e7f2e83104f4772a40e4db,fa9fa150870ad2cd,
potato_pld,Validation/Early_Blight/Early_Blight_144.jpg,Early_Blight_144.jpg,.jpg,6885,256,256,Early_Blight,False,74887efd5ca5f7035659f6be3616ae9a09470a177d77e932994592430f289f04,bab4e11387f6dc02,
potato_pld,Validation/Early_Blight/Early_Blight_93.jpg,Early_Blight_93.jpg,.jpg,9925,256,256,Early_Blight,False,0c5cce0699b4c342fa216f43267c533d3b9b7644ad902494d7b616210ad62fc0,ffe8b4a58096c516,
potato_pld,Validation/Early_Blight/Early_Blight_45.jpg,Early_Blight_45.jpg,.jpg,12461,256,256,Early_Blight,False,26c30bebe49b8c8f69c24c188a4099b23b3d0fe99d7a3d3305ea007d11d23d3c,aecab5a9d495d290,
potato_pld,Validation/Early_Blight/Early_Blight_135.jpg,Early_Blight_135.jpg,.jpg,7619,256,256,Early_Blight,False,017d12725a788a314d3ac662c647879eb23f8b0572e672d7499d677ec037fd20,af84f45682a9c34f,
potato_pld,Validation/Early_Blight/Early_Blight_154.jpg,Early_Blight_154.jpg,.jpg,6962,256,256,Early_Blight,False,b4d0a675f96b9361063a2cddc742879aab8f96121900ae836fab2f56f78c360a,aee4b1c5d216cb1a,
potato_pld,Validation/Early_Blight/Early_Blight_128.jpg,Early_Blight_128.jpg,.jpg,9666,256,256,Early_Blight,False,76102c830462e841d0864ecf43c16a12f79336b2a23c1578d7cfd8e1958b2594,af1da470d6f086c3,
potato_pld,Validation/Early_Blight/Early_Blight_84.jpg,Early_Blight_84.jpg,.jpg,8848,256,256,Early_Blight,False,50e45cf42d9ec2bf566146ee4c98a6f9286c90ef688dbdb7d61fb396b1eeffdf,aa1ca5f097019eeb,
potato_pld,Validation/Early_Blight/Early_Blight_40.jpg,Early_Blight_40.jpg,.jpg,10310,256,256,Early_Blight,False,014e93cbc62c400858798ca2bef18c099100506e3021c027fc525dbbece9af6b,aa78e101d51f86de,
potato_pld,Validation/Early_Blight/Early_Blight_53.jpg,Early_Blight_53.jpg,.jpg,10359,256,256,Early_Blight,False,6754e1b2970ded246ce3eef6d3611d7d229fa2528635d1702da13f6589dd9401,bebcb090905bd35a,
potato_pld,Validation/Early_Blight/Early_Blight_107.jpg,Early_Blight_107.jpg,.jpg,11691,256,256,Early_Blight,False,528d83d079becd0abcc034f5885ac137764e733c3515fbf505d62845d919c81a,aae0a587959e969a,
potato_pld,Validation/Early_Blight/Early_Blight_16.jpg,Early_Blight_16.jpg,.jpg,8908,256,256,Early_Blight,False,6552747342f05311d5bdc7c6fd8bba35f0d676a85b24adcd588aacae914eb7e9,ab4cf5afd244822e,
potato_pld,Validation/Early_Blight/Early_Blight_57.jpg,Early_Blight_57.jpg,.jpg,11206,256,256,Early_Blight,False,e025ae21c52620686c0d87f989b2a575184c817e85f118901ae55cea175531bd,af4ab4a5d2048bbe,
potato_pld,Validation/Early_Blight/Early_Blight_7.jpg,Early_Blight_7.jpg,.jpg,8978,256,256,Early_Blight,False,9287e8ae02eef01d6d1f4b03495656258cf456d6a7804e779c904cc31f9773ac,efeca084d4c78aca,
potato_pld,Validation/Early_Blight/Early_Blight_160.jpg,Early_Blight_160.jpg,.jpg,9217,256,256,Early_Blight,False,66693150e2515f3b4545443cb5572f54b1141d5cbecc27de608c2c19b314ceb1,bf1ab4d8d248c2ad,
potato_pld,Validation/Early_Blight/Early_Blight_108.jpg,Early_Blight_108.jpg,.jpg,10147,256,256,Early_Blight,False,d916a75962375d1f9a2cf808e8a81044195861979ab1d334a057ad17a13c04c0,ff39a0748022d779,
potato_pld,Validation/Early_Blight/Early_Blight_25.jpg,Early_Blight_25.jpg,.jpg,9281,256,256,Early_Blight,False,50982c47aa130b8bd41f6a41d1490c9e869c9ddf44fb613a17620588e9ba0a0e,ff63b4a1d035c912,
potato_pld,Validation/Early_Blight/Early_Blight_51.jpg,Early_Blight_51.jpg,.jpg,9321,256,256,Early_Blight,False,7ea22c3dbc285e7064b82e4630a8c95312c090016ec3ada0952e726b2c0a448f,bf34b502d26bc349,
potato_pld,Validation/Early_Blight/Early_Blight_104.jpg,Early_Blight_104.jpg,.jpg,10254,256,256,Early_Blight,False,c91c305f20f5e72eb72d6ec16a5d759e5c0f565dcc845e416a55e6a330310b14,fa38e05385a997d1,
potato_pld,Validation/Early_Blight/Early_Blight_60.jpg,Early_Blight_60.jpg,.jpg,11601,256,256,Early_Blight,False,4df653a0233922635b71767cd2dc453245e4c7c5c2ebfc241e430d5409dea8c0,fa90e07c8510d7af,
potato_pld,Validation/Early_Blight/Early_Blight_37.jpg,Early_Blight_37.jpg,.jpg,9833,256,256,Early_Blight,False,be20fcdedde7974f7949e6f4173047e6a7ab28f599209c27436de2f26c594a59,f8daa30fd6290e68,
potato_pld,Validation/Early_Blight/Early_Blight_161.jpg,Early_Blight_161.jpg,.jpg,8730,256,256,Early_Blight,False,c748ca497a2ab5458eab822cf879d1b02d11f878aeec36969cd9cb3f9bce79f8,fa918597977a1a21,
potato_pld,Validation/Early_Blight/Early_Blight_55.jpg,Early_Blight_55.jpg,.jpg,12463,256,256,Early_Blight,False,3a8e77bad9f57f97a330b1040c6e387395e1aaa36bb9548021dbfe3de5627afb,af13b45ad2e9c905,
potato_pld,Validation/Early_Blight/Early_Blight_90.jpg,Early_Blight_90.jpg,.jpg,10303,256,256,Early_Blight,False,8b4f4cbc4bf515a20963437f3488c97bb10d66393ac139d281d9ab0d9bbe224c,ffe0b4a5d016d382,
potato_pld,Validation/Early_Blight/Early_Blight_69.jpg,Early_Blight_69.jpg,.jpg,10907,256,256,Early_Blight,False,a80c0df05747a679a9997e123c20a2d46b2dd10a12d49a103e16887c0f89697a,aa9c95da92cac2cd,
potato_pld,Validation/Early_Blight/Early_Blight_118.jpg,Early_Blight_118.jpg,.jpg,11057,256,256,Early_Blight,False,64031b7482f86885e2a56c2794406c4a2347c618512c17d9ec5dd20b0287e1f9,abdae5fa95818485,
potato_pld,Validation/Early_Blight/Early_Blight_29.jpg,Early_Blight_29.jpg,.jpg,9074,256,256,Early_Blight,False,df35de2d38a7c33b10adbce884515a9c68905a8c298ab0bfea5d3e59cd44b8ac,afe8e407de0cd81c,
potato_pld,Validation/Early_Blight/Early_Blight_26.jpg,Early_Blight_26.jpg,.jpg,9291,256,256,Early_Blight,False,47c9633b64c42894d1b5d3f0078df3b1b65391dad769d52de3b596034822afc0,fa76a500d7d5868a,
potato_pld,Validation/Early_Blight/Early_Blight_12.jpg,Early_Blight_12.jpg,.jpg,7912,256,256,Early_Blight,False,2cbb39a9581b653aac4e994b963e336722eee3a20cf2a804c20dcbc581efc46c,af12a0bad5f19683,
potato_pld,Validation/Early_Blight/Early_Blight_138.jpg,Early_Blight_138.jpg,.jpg,7959,256,256,Early_Blight,False,e548db3688a4e0db47f4ff6a7148c34149ab1dab901d061f30d370dfc25523f0,ae9ee4eac4c19a83,
potato_pld,Validation/Early_Blight/Early_Blight_125.jpg,Early_Blight_125.jpg,.jpg,8088,256,256,Early_Blight,False,356a20669bd1f5a21122838322cab9fcff3ee076b7414e7b6ad985c47d18ce1a,aeb6b546960ada38,
potato_pld,Validation/Early_Blight/Early_Blight_79.jpg,Early_Blight_79.jpg,.jpg,10691,256,256,Early_Blight,False,9c5811946287a41cf413b5f61396c04795794851833da55adaf2ae7405131ffb,eaeca18a853dc5e4,
potato_pld,Validation/Early_Blight/Early_Blight_98.jpg,Early_Blight_98.jpg,.jpg,12313,256,256,Early_Blight,False,d4d1ca4afcb97f4e8c9cb1818e60c109686596b0a00e7e7fe93b295acab78df7,eb60b5a792878336,
potato_pld,Validation/Early_Blight/Early_Blight_30.jpg,Early_Blight_30.jpg,.jpg,8020,256,256,Early_Blight,False,7aec243e26aec2aaa2e1736a889f4ee9c043ca3556e3d2c695b0e610fc082287,bfe2b4a5d202cbc2,
potato_pld,Validation/Early_Blight/Early_Blight_101.jpg,Early_Blight_101.jpg,.jpg,8921,256,256,Early_Blight,False,53d168cfcce54a4d3221567feb8579005f432c10f9828a9c44621623653d7ec4,be19b4f9d2418ae1,
potato_pld,Validation/Early_Blight/Early_Blight_19.jpg,Early_Blight_19.jpg,.jpg,8716,256,256,Early_Blight,False,8446b91ebdebe8f374761ade0c8c6af0993dd891f9b731c39c683bd39c312084,bbc0b183d315ca3e,
potato_pld,Validation/Early_Blight/Early_Blight_18.jpg,Early_Blight_18.jpg,.jpg,7536,256,256,Early_Blight,False,f231d1003ed002400ca5cc38e1d6423e447939d8a350c576da3ec1e451d1edf7,eac2c50f9ebc90b4,
potato_pld,Validation/Early_Blight/Early_Blight_89.jpg,Early_Blight_89.jpg,.jpg,7813,256,256,Early_Blight,False,3136d23f5666209585a2eb43b1f8d1ee902e1a4e9969339f53ba6b4026528961,eb95c4d28f3a3c60,
potato_pld,Validation/Early_Blight/Early_Blight_17.jpg,Early_Blight_17.jpg,.jpg,10518,256,256,Early_Blight,False,3cf59f89d3a7f2d0d740adaf08ea8cbc118014301bbe9370b08452d195767009,aeadf5d58050876a,
potato_pld,Validation/Early_Blight/Early_Blight_126.jpg,Early_Blight_126.jpg,.jpg,7106,256,256,Early_Blight,False,cdddf2eeb2b2b6894749c5e4c9a1c24c49d50ef0ef9b9222a8337b162d4b4c4c,aee0a582d41fda9a,
potato_pld,Validation/Early_Blight/Early_Blight_100.jpg,Early_Blight_100.jpg,.jpg,13041,256,256,Early_Blight,False,46bd706aced92f69f3614d8de9079ea06fa836f9396b56c50fb352990f6b86d4,eb69e44885bd9625,
potato_pld,Validation/Early_Blight/Early_Blight_41.jpg,Early_Blight_41.jpg,.jpg,8434,256,256,Early_Blight,False,92ef8f3ebe326d2e659b46a0b14b06d187db5c8083587c6a6244b4336a855407,eae9e40d851d9e98,
potato_pld,Validation/Early_Blight/Early_Blight_102.jpg,Early_Blight_102.jpg,.jpg,13050,256,256,Early_Blight,False,e3a68a9f04f928b034d7602293b3af6af7b0c440f0988644095f197f1dd8417d,bba49442d32b1bb5,
potato_pld,Validation/Early_Blight/Early_Blight_77.jpg,Early_Blight_77.jpg,.jpg,9980,256,256,Early_Blight,False,dea2de172692506a8c8e52dc0dd4f4f1cb1cd8c1413d3dc0aedca1d647d4778e,ab918dd2d36a096d,
potato_pld,Validation/Early_Blight/Early_Blight_140.jpg,Early_Blight_140.jpg,.jpg,7107,256,256,Early_Blight,False,26815c81b3a064c569cdf649a191e4e7467f2d3630349ecaa3e877ffb099fc35,bedbe0e884a18ec5,
potato_pld,Validation/Early_Blight/Early_Blight_92.jpg,Early_Blight_92.jpg,.jpg,11123,256,256,Early_Blight,False,50b66a695184ad4e125edfe72252aa0409945cecd228e76e4ec17aca721c915e,bbe3b052c20bcb2d,
potato_pld,Validation/Early_Blight/Early_Blight_3.jpg,Early_Blight_3.jpg,.jpg,8906,256,256,Early_Blight,False,1dd1f7ec4231bb562da92142834b6037b415a219cdecbb79cb5a684cdb6ad631,af5af4a9c2a58784,
potato_pld,Validation/Early_Blight/Early_Blight_20.jpg,Early_Blight_20.jpg,.jpg,8980,256,256,Early_Blight,False,e286948f8aa5e76ad8995c8d36b831906decb40bfea3d19b5b1ec94370271be8,aff1f403823fc710,
potato_pld,Validation/Early_Blight/Early_Blight_114.jpg,Early_Blight_114.jpg,.jpg,10613,256,256,Early_Blight,False,88f0fe76f20fa6f344820fa2770ba0119627a7cd6c8562200a6e75147fb33e74,eb89b1cdd290cb62,
potato_pld,Validation/Early_Blight/Early_Blight_21.jpg,Early_Blight_21.jpg,.jpg,8916,256,256,Early_Blight,False,83bdb1337d9559e68b4dd96b713e21a58ee32768d91cbe3da35b1db0412401df,aa1fe1a0c5f59607,
potato_pld,Validation/Early_Blight/Early_Blight_36.jpg,Early_Blight_36.jpg,.jpg,9745,256,256,Early_Blight,False,d019223afb015afecf58472a7908ad2351a65f908a6c04e5d935b66e3804fb10,ffcce0cc850c9e2c,
potato_pld,Validation/Early_Blight/Early_Blight_143.jpg,Early_Blight_143.jpg,.jpg,10646,256,256,Early_Blight,False,5a23547bbf6ba6a77dc0002db4c7913c1a731b30825c93f690d64b21abb7bd72,ab1cb55ed2f882d0,
potato_pld,Validation/Early_Blight/Early_Blight_44.jpg,Early_Blight_44.jpg,.jpg,8777,256,256,Early_Blight,False,fdb3286c4c3b0cf83b73c7d08075800ff09e24d6390dfe86c644bfb66c1eeb37,afb5e452866b9e01,
potato_pld,Validation/Early_Blight/Early_Blight_99.jpg,Early_Blight_99.jpg,.jpg,8672,256,256,Early_Blight,False,2d8b7b7f9934902198d1b2c893974e3045f6bdddca221b2258684c922418fcc4,eaede14585ee9604,
potato_pld,Validation/Early_Blight/Early_Blight_49.jpg,Early_Blight_49.jpg,.jpg,10011,256,256,Early_Blight,False,0c62aa4b30c8f6247128d642461c577a9a23c8b115ac6c334dab271041fde48b,bfc8a1bd90f0cac2,
potato_pld,Validation/Early_Blight/Early_Blight_113.jpg,Early_Blight_113.jpg,.jpg,9954,256,256,Early_Blight,False,484ed9423486ae28289aba6d9a19219b2fdaef2cd4c162d4abd24fec5502a0a5,ff9bb440d2918a87,
potato_pld,Validation/Early_Blight/Early_Blight_95.jpg,Early_Blight_95.jpg,.jpg,9702,256,256,Early_Blight,False,4e06461d35d9ca34327b9ec5a0852c29aa0f057d87ee4b1b6d5ff8fa1a205f36,aaceb0ac83b58f92,
potato_pld,Validation/Early_Blight/Early_Blight_151.jpg,Early_Blight_151.jpg,.jpg,6722,256,256,Early_Blight,False,215ad5cac8c40ffca7ffd38db76eea9c047394a9ad838e7522c05c262195497b,aae9b5fcd2c0c286,
potato_pld,Validation/Early_Blight/Early_Blight_105.jpg,Early_Blight_105.jpg,.jpg,11044,256,256,Early_Blight,False,fdb4a00141efd4294c6c070e45ff4f164a0393badc093842fa071ab938856859,fe99f091c44a8e4d,
potato_pld,Validation/Early_Blight/Early_Blight_67.jpg,Early_Blight_67.jpg,.jpg,9867,256,256,Early_Blight,False,af9d3d64f52e0775d25a61135f3b37e0feb063d5f6328b6697d8d11531b3a07b,af4ab42dd254c3aa,
potato_pld,Validation/Early_Blight/Early_Blight_109.jpg,Early_Blight_109.jpg,.jpg,9140,256,256,Early_Blight,False,7c74af54d75de74fc33c21f09275e6f655ddecea8174c2305c5bbbf421434ac5,aaf9a4a38095df92,
potato_pld,Validation/Early_Blight/Early_Blight_9.jpg,Early_Blight_9.jpg,.jpg,8475,256,256,Early_Blight,False,b43d43033a09789fbe79a32aa57f92ec9eb28e333d74054fd7859677a7baa176,abb2b142d10bcb6d,
potato_pld,Validation/Early_Blight/Early_Blight_54.jpg,Early_Blight_54.jpg,.jpg,9525,256,256,Early_Blight,False,b1fbfc75f8ddcd08e08c613d8e07c62a4957e7067511de0a900bd235862b7f28,eab0e51687be9e10,
potato_pld,Validation/Early_Blight/Early_Blight_22.jpg,Early_Blight_22.jpg,.jpg,8034,256,256,Early_Blight,False,fa9f26e17419b3cb7df39ee464b35a2749702025e9d4507521c00282a07220f5,af4ab4add284c356,
potato_pld,Validation/Early_Blight/Early_Blight_56.jpg,Early_Blight_56.jpg,.jpg,9412,256,256,Early_Blight,False,9d8f9c66f794582a9c4528f4db533bbdb05f7092c62151b31e78834a9d8f6853,bfb4f452814bc12b,
potato_pld,Validation/Early_Blight/Early_Blight_6.jpg,Early_Blight_6.jpg,.jpg,9196,256,256,Early_Blight,False,6ab00e714e6b1a94b36d0a6dad2baeb507ddac64feea16e37c8bd1bf3f506d9d,afd9a4cb85819297,
potato_pld,Validation/Early_Blight/Early_Blight_39.jpg,Early_Blight_39.jpg,.jpg,8516,256,256,Early_Blight,False,f0158464d8ab54ec3804746b166dd5924a86d437744ea5cbebd7a1d85ec5e50b,ebc8a12985bdde90,
potato_pld,Validation/Early_Blight/Early_Blight_157.jpg,Early_Blight_157.jpg,.jpg,9658,256,256,Early_Blight,False,918dcc0c2448d2776ff190d97ef69c66daab08aa4aa9e4a39cc832f9afac0494,bf28a4add2348bb2,
potato_pld,Validation/Early_Blight/Early_Blight_8.jpg,Early_Blight_8.jpg,.jpg,10510,256,256,Early_Blight,False,4c7aa6b9809fddc68d77bf9321bcee860b0e5119461f61829c7ac93e70457038,ebeac0298b9d8d98,
potato_pld,Validation/Early_Blight/Early_Blight_85.jpg,Early_Blight_85.jpg,.jpg,10171,256,256,Early_Blight,False,c2431ec68f21246d0b8065e16c1d0ed2c445b5e078b0bce6cbb1a6f6596aa52a,bfe3d0a58092d656,
potato_pld,Validation/Early_Blight/Early_Blight_87.jpg,Early_Blight_87.jpg,.jpg,11299,256,256,Early_Blight,False,9d0c70bd5b463f8dc1a0dc0981a21ff0fe65675f51d9beb48638e29e577e7121,aacce5ac84e587d4,
potato_pld,Validation/Early_Blight/Early_Blight_117.jpg,Early_Blight_117.jpg,.jpg,9354,256,256,Early_Blight,False,3b6d471c0490c31cf03ea78730301dc51b2aeb1b28e1e83cfeb2e68e40d7f7b9,ab8eb1acd0d4d2d2,
potato_pld,Validation/Early_Blight/Early_Blight_153.jpg,Early_Blight_153.jpg,.jpg,9322,256,256,Early_Blight,False,c12b05ae7d14570991eb7d272c9e0e830a957fe542cb66f1f24ebbc9ccbfff55,aa8bb5bdd4e08ac2,
potato_pld,Validation/Early_Blight/Early_Blight_23.jpg,Early_Blight_23.jpg,.jpg,7914,256,256,Early_Blight,False,b7b8840c5b2b0e6f4423bb8886a7b82a108839a826aa7c472b9d90d82a0b6d8f,afe0f007d69c82bc,
potato_pld,Validation/Early_Blight/Early_Blight_27.jpg,Early_Blight_27.jpg,.jpg,8899,256,256,Early_Blight,False,6b0d797d81f2eaa69ea05867b966f2a1ed429ef2a88240c4183156dea7f78481,ff1fb0588288d3c9,
potato_pld,Validation/Early_Blight/Early_Blight_159.jpg,Early_Blight_159.jpg,.jpg,9920,256,256,Early_Blight,False,925dcce394a1fb0721250aa9c5932ef1194aadf534becad0c595c0c11c7b5222,ab92e59ac551ce62,
potato_pld,Validation/Early_Blight/Early_Blight_86.jpg,Early_Blight_86.jpg,.jpg,9514,256,256,Early_Blight,False,cd40fc323c9bd5641589ada51c136fa1bba3ada5e5d81c7fa3119a68b7cbef1c,baa6a5d2974a9a0d,
potato_pld,Validation/Early_Blight/Early_Blight_136.jpg,Early_Blight_136.jpg,.jpg,5885,256,256,Early_Blight,False,ff1df2f46f976fc30d2b898aecd40b7439f9f59e5ca7576e8807f7651634d176,bfeab0a1d095c392,
potato_pld,Validation/Early_Blight/Early_Blight_15.jpg,Early_Blight_15.jpg,.jpg,9684,256,256,Early_Blight,False,b205a610209251537deaa28e1fe3d34acfdeca0f279c62bff2db637f254e5e4b,aae4f54682ae9e98,
potato_pld,Validation/Early_Blight/Early_Blight_137.jpg,Early_Blight_137.jpg,.jpg,8444,256,256,Early_Blight,False,1516fdc3bb3593cd197b16b40bc4fea9dc5636f0e8920777d18177228ba8a1b6,bfcec0a5c0b48796,
potato_pld,Validation/Early_Blight/Early_Blight_149.jpg,Early_Blight_149.jpg,.jpg,7027,256,256,Early_Blight,False,0b561e7e5bdc59815bb946500a12462d679cbe5d3f915f0fec43a4dabc88efdd,afcaf5a1d045d186,
potato_pld,Validation/Early_Blight/Early_Blight_24.jpg,Early_Blight_24.jpg,.jpg,8032,256,256,Early_Blight,False,15ec18f9ca5ea6aaeb9312ff459ccd7d339b2348783fef2ee15ef5588746563f,feb5f052825983c9,
potato_pld,Validation/Early_Blight/Early_Blight_81.jpg,Early_Blight_81.jpg,.jpg,9595,256,256,Early_Blight,False,0529fb76f02cfa670b22cf29b093daa3b4de15e938eb7dd35de318cf2832fa9b,ffa6b156d0aac211,
potato_pld,Validation/Early_Blight/Early_Blight_65.jpg,Early_Blight_65.jpg,.jpg,9186,256,256,Early_Blight,False,eb85a0833f84b8d19dd48d61d7907eb1d6f708afb003adda318ea2246c557f71,fee0e48fc25e8a88,
potato_pld,Validation/Early_Blight/Early_Blight_76.jpg,Early_Blight_76.jpg,.jpg,8585,256,256,Early_Blight,False,08184c64b2a4afce9a4ce6125c950e63811cd2564b05f37df2829f244b55b853,ebc8a10d953d9a3c,
potato_pld,Validation/Early_Blight/Early_Blight_13.jpg,Early_Blight_13.jpg,.jpg,8230,256,256,Early_Blight,False,efeca21c8d462f76ff60b78512c780bb468fb0e11a4c867e0c05b36957f440f3,aa95b0dcd5e8da41,
potato_pld,Validation/Healthy/Healthy_2.jpg,Healthy_2.jpg,.jpg,10511,256,256,Healthy,False,c985f08ce12590f4181beacb9e5c7344b89509fe5bf6b9860ebc0377cb013352,ab3de4f097438263,
potato_pld,Validation/Healthy/Healthy_42.jpg,Healthy_42.jpg,.jpg,11161,256,256,Healthy,False,feded78966e8eeb4486691e07d83c7c08cdfd94678777cd2df69bacf5c2d7cb6,aa93b5a2c24adb69,
potato_pld,Validation/Healthy/Healthy_74.jpg,Healthy_74.jpg,.jpg,8051,256,256,Healthy,False,9bb6e6243d8a1896ba6f6c953d73c00cec4bbe37271c260e16ee8dfc21607cc4,ef4fa4ad95958290,
potato_pld,Validation/Healthy/Healthy_73.jpg,Healthy_73.jpg,.jpg,7307,256,256,Healthy,False,5846dac02c67b01e680b9e2a869dc502d8dee270a69f347fb701585aac4edfd2,ee32a4b095c59ad6,
potato_pld,Validation/Healthy/Healthy_77.jpg,Healthy_77.jpg,.jpg,8679,256,256,Healthy,False,b1c483dd747fdf5941a2455fe552476dfbffdef6f92b591b9d969d830a03ff09,ea9ba451825b8f3a,
potato_pld,Validation/Healthy/Healthy_61.jpg,Healthy_61.jpg,.jpg,12686,256,256,Healthy,False,24f4341a2a783ef430a072b59ab64be2bfad7bb2b19d483e71ec699559d9a3c7,fad0e18f858d8aac,
potato_pld,Validation/Healthy/Healthy_14.jpg,Healthy_14.jpg,.jpg,8506,256,256,Healthy,False,2d528ac3660c32ad1c5245ca4d7150f7751b65e4516f0a4bdb2db4bc2484d194,aa42e1ad817dd734,
potato_pld,Validation/Healthy/Healthy_53.jpg,Healthy_53.jpg,.jpg,11828,256,256,Healthy,False,822b1d699b9163a1b2c1eebca036a91050c29efa0e016e2e4a6793ed817e0462,aabd95d2c06a8d65,
potato_pld,Validation/Healthy/Healthy_19.jpg,Healthy_19.jpg,.jpg,10769,256,256,Healthy,False,0816073d936eb7ff4cb54f97326400b3d274225925f08152e546347de6caaefc,bf31f8d6b002d1ca,
potato_pld,Validation/Healthy/Healthy_34.jpg,Healthy_34.jpg,.jpg,9890,256,256,Healthy,False,bb72c9951351c7d5b4a35123820f3b7748567b92036f1793c5aafcf29a5a6e18,fa9ae44c85e187c5,
potato_pld,Validation/Healthy/Healthy_8.jpg,Healthy_8.jpg,.jpg,6765,256,256,Healthy,False,f0a59834c68bf0c8098ca49e9b64dd920d6c73a34bdb0980b843a3722fadb8ee,ea37e0fc850087d7,
potato_pld,Validation/Healthy/Healthy_30.jpg,Healthy_30.jpg,.jpg,9781,256,256,Healthy,False,1e2e29fb2a966dd64f92fdff5c40ad94860e6360668a7d277f35101d6c86875d,ee4ee08a813d9739,
potato_pld,Validation/Healthy/Healthy_36.jpg,Healthy_36.jpg,.jpg,11033,256,256,Healthy,False,61d5b03fa6d53b3e383eccd2f09eed3c82f66d1bff963b5d84ae565409af33e1,fff0e081c19f825c,
potato_pld,Validation/Healthy/Healthy_12.jpg,Healthy_12.jpg,.jpg,8221,256,256,Healthy,False,03fbf1733de2c2094831e83f9ce2965783ae27105e55bbb828b54ae6b66d4cbb,afc0b5e7d282ca92,
potato_pld,Validation/Healthy/Healthy_13.jpg,Healthy_13.jpg,.jpg,8711,256,256,Healthy,False,35fd0117558064f6936e474c3433127bfcee0d0dc9734c02d8208f83e60c7e3c,ead2e00785bf9784,
potato_pld,Validation/Healthy/Healthy_98.jpg,Healthy_98.jpg,.jpg,9035,256,256,Healthy,False,40febb80177808aa0f4241c5f5ba114b1c476db0b8795a6ead7bcde79cec97aa,aa16a57a9561d2ad,
potato_pld,Validation/Healthy/Healthy_59.jpg,Healthy_59.jpg,.jpg,11106,256,256,Healthy,False,3470bf765e003560c9b8f6a136885da1f241fd69d3a36fc76613dbf7ca9b9968,ff17a130cb588d61,
potato_pld,Validation/Healthy/Healthy_102.jpg,Healthy_102.jpg,.jpg,8169,256,256,Healthy,False,f7e3492dd969f2eddb7a8a3469d65961bed625a3e1be0039447fea3b112b549c,eecce11183bede80,
potato_pld,Validation/Healthy/Healthy_55.jpg,Healthy_55.jpg,.jpg,12442,256,256,Healthy,False,a9d0f1ee6b7df18d44eab23b9b6bdb7af79cfd88e98605b0dc90596f10ab81f5,efb2b0f980828f8b,
potato_pld,Validation/Healthy/Healthy_50.jpg,Healthy_50.jpg,.jpg,10890,256,256,Healthy,False,23cba26ba773fb966a0db674aea81e329e30291999f2ffb40fa560e8b1ac0c51,abb5f41ac0798d70,
potato_pld,Validation/Healthy/Healthy_82.jpg,Healthy_82.jpg,.jpg,6333,256,256,Healthy,False,abaf4b2bd8cc6948d13b5ebf7fe22bf21d07697c3973cd1e9449dd27f250cff1,af1db45ad22bc905,
potato_pld,Validation/Healthy/Healthy_24.jpg,Healthy_24.jpg,.jpg,9502,256,256,Healthy,False,f869b3c24e11c316ff707c2739fd1a85da1ce074da331d692f3a704d2897af37,bfb5b457904ad148,
potato_pld,Validation/Healthy/Healthy_6.jpg,Healthy_6.jpg,.jpg,9825,256,256,Healthy,False,502dee39373af2c6429b0d83c1745ee179c4de87892c8a288c86cc4fe154b324,afb1e490c4dac2cb,
potato_pld,Validation/Healthy/Healthy_31.jpg,Healthy_31.jpg,.jpg,11221,256,256,Healthy,False,69fa726bc316090518ce8288c98ef49aa4bddd957cce68d8084823f93f92258f,bf69e05681a2c7d2,
potato_pld,Validation/Healthy/Healthy_66.jpg,Healthy_66.jpg,.jpg,11832,256,256,Healthy,False,60746fdc274b8e2c630bb6272f3aa8aca9210c1c34c090b1ae6533059d8f1c95,ea31f0b490cacf4b,
potato_pld,Validation/Healthy/Healthy_40.jpg,Healthy_40.jpg,.jpg,11802,256,256,Healthy,False,b8d1b9d498f0fdc34a48d4ee920ce8b80b4f03b5bac2058f8da0b5114731a77f,ea15c53ac330dc73,
potato_pld,Validation/Healthy/Healthy_33.jpg,Healthy_33.jpg,.jpg,10538,256,256,Healthy,False,e0a7e5ba6dff029795feea69fcbbcd3e64d7876306d00a9fd39cd82a7ae893bb,aeb0b489d2d4cb9a,
potato_pld,Validation/Healthy/Healthy_76.jpg,Healthy_76.jpg,.jpg,7614,256,256,Healthy,False,594fdc9939457f140d2a897b5c1ae54cf379b438223ace77541d208a49330c48,eaa4e497841ed71a,
potato_pld,Validation/Healthy/Healthy_32.jpg,Healthy_32.jpg,.jpg,9172,256,256,Healthy,False,53830d8f5a91379511ca36989b56e0e6a88500f0edfa9f0b1bb2bf1fc46b8a60,fec0a087879fde10,
potato_pld,Validation/Healthy/Healthy_84.jpg,Healthy_84.jpg,.jpg,6975,256,256,Healthy,False,6a919e3e2cd994aba3a5d18efb52d7850d3155785b0c546ceff883a6b88928a7,ea0fe1fe85c0870d,
potato_pld,Validation/Healthy/Healthy_75.jpg,Healthy_75.jpg,.jpg,8042,256,256,Healthy,False,d77240083e981fdcd5d357a178c3ecf4f398a7dfa21e71441a368bde1295d580,fbceb52082a4c7b4,
potato_pld,Validation/Healthy/Healthy_63.jpg,Healthy_63.jpg,.jpg,13759,256,256,Healthy,False,0579a4b69af3e41a89690e93a1fd54cb0c574f97ddeeb251c4a8dddcee4a40aa,fabda1b0c1429763,
potato_pld,Validation/Healthy/Healthy_49.jpg,Healthy_49.jpg,.jpg,11489,256,256,Healthy,False,570a8a53cdffe29b7dd42ae5f0752f908c0d98e5bac3ccc3b27bd2f586d76c00,bed8a86ad1658327,
potato_pld,Validation/Healthy/Healthy_86.jpg,Healthy_86.jpg,.jpg,7150,256,256,Healthy,False,32c72a0b0ca0571980aa22ea12eeb53a02fae95a21838a7f05ec61ff6ca04dae,bf44b42fd2d4c09a,
potato_pld,Validation/Healthy/Healthy_47.jpg,Healthy_47.jpg,.jpg,13708,256,256,Healthy,False,c3a24f35c01eb26a04023fff8c936b03aa1eb1ef63b59e9bdae267a156e9bae3,af48b52df035d132,
potato_pld,Validation/Healthy/Healthy_57.jpg,Healthy_57.jpg,.jpg,12995,256,256,Healthy,False,8c00e19dab9aa3464afe5bda52b13a039d0f1279a0aef534297a78f8f1212da6,bf87905fd20ac9c8,
potato_pld,Validation/Healthy/Healthy_69.jpg,Healthy_69.jpg,.jpg,11860,256,256,Healthy,False,13d9840fdc2a9e11e8b4ae08e268516ad53669952cec255a929940c0f7adefad,eb3791d894cac0cb,
potato_pld,Validation/Healthy/Healthy_85.jpg,Healthy_85.jpg,.jpg,7328,256,256,Healthy,False,262aaa6f3a199650d073df586d8887e742d28b6aa27b217f26d36dea6ed157b6,fe1fe0f0ad519442,
potato_pld,Validation/Healthy/Healthy_72.jpg,Healthy_72.jpg,.jpg,10363,256,256,Healthy,False,3f3716abd77f73d16e4e34a773d6cf448209fcf70fa280ab51b313d30d694723,eaf1b1c29503da0f,
potato_pld,Validation/Healthy/Healthy_48.jpg,Healthy_48.jpg,.jpg,11553,256,256,Healthy,False,de8b4855bf3c39bf2c4cd8b71c5f16da0b710938826a8a4b00741b8eac3ae9ef,eab5bd1a845ac8e8,
potato_pld,Validation/Healthy/Healthy_71.jpg,Healthy_71.jpg,.jpg,10276,256,256,Healthy,False,6f2fed1d55b3aef176d40eb548cc5d79fea922c48cdd091f185a3122a580fd76,aa94b5dad04bcb29,
potato_pld,Validation/Healthy/Healthy_26.jpg,Healthy_26.jpg,.jpg,9804,256,256,Healthy,False,13cd96f4a21e96261f24f4a666b0bf2125994d7f08af2067b9764c862691cb3d,fae6e087859e9618,
potato_pld,Validation/Healthy/Healthy_95.jpg,Healthy_95.jpg,.jpg,9372,256,256,Healthy,False,3d7cc3595457645d174b8b73bef52f36d234d3b868c15c9082632548e3705d27,aae5b546848e979a,
potato_pld,Validation/Healthy/Healthy_5.jpg,Healthy_5.jpg,.jpg,9013,256,256,Healthy,False,503d1e91d88ff1dc1abd6ae24f2d4a6cfdc8e657285b44cf114f5071b2e6d96a,be81b4ded04ac84f,
potato_pld,Validation/Healthy/Healthy_39.jpg,Healthy_39.jpg,.jpg,11629,256,256,Healthy,False,af81a2393ef43bfbbdec9297cb26e53b01a4fe5be934ed17af8f49358306f751,bf4cb42dd034d932,
potato_pld,Validation/Healthy/Healthy_94.jpg,Healthy_94.jpg,.jpg,11451,256,256,Healthy,False,dd919fa6ec551b0a70809735b952f1de5797021907c92d5fb93fe81570bbc0e0,ba4ae12a813dc73d,
potato_pld,Validation/Healthy/Healthy_79.jpg,Healthy_79.jpg,.jpg,5145,256,256,Healthy,False,b2bdd73f5e85435ab16a06ba3ad77fe1533ea34dcc7e660b6c42b0dbb24d4b11,ae1a85f996c5d0c6,
potato_pld,Validation/Healthy/Healthy_101.jpg,Healthy_101.jpg,.jpg,9199,256,256,Healthy,False,5cb7c89a4c6a1c9e042098dc9fcb2f127beafcbf31d07e2f296a06e980c95f8a,aac4b58cd217da1b,
potato_pld,Validation/Healthy/Healthy_7.jpg,Healthy_7.jpg,.jpg,9482,256,256,Healthy,False,5d0b15826d3192cce1dd5430d9a4d970c3ce008874df073cbaa28a634f9495a4,ff0ba0fed1c0c381,
potato_pld,Validation/Healthy/Healthy_4.jpg,Healthy_4.jpg,.jpg,8484,256,256,Healthy,False,377608702fe7ee47da7f45a934f29ec9368b3c37c5ebee5cee312d386d9e0a42,ff9eb05ad068c264,
potato_pld,Validation/Healthy/Healthy_68.jpg,Healthy_68.jpg,.jpg,11807,256,256,Healthy,False,fab1e026f9e7ef14b35ef5975d9c5c46fa36639e3d5123b485a5622d9d41e56c,eac2858a97bd9a31,
potato_pld,Validation/Healthy/Healthy_23.jpg,Healthy_23.jpg,.jpg,11820,256,256,Healthy,False,d24d4e460dd2f80b9a1e588f2d8ade416edcf93da3deea72ffcec5e88a70fc9c,bfd2e0cab585950c,
potato_pld,Validation/Healthy/Healthy_87.jpg,Healthy_87.jpg,.jpg,7285,256,256,Healthy,False,58ceb89c2cb3c977870ee6347a66af774405812c77d7cb3881828aed91931d93,af15e05ac67b8f01,
potato_pld,Validation/Healthy/Healthy_21.jpg,Healthy_21.jpg,.jpg,9704,256,256,Healthy,False,0624e749c28b0bdf5e56fa4bb68d93ad70570599facf10f4668ea435dd24cba0,fab085cb669568ca,
potato_pld,Validation/Healthy/Healthy_15.jpg,Healthy_15.jpg,.jpg,9674,256,256,Healthy,False,266f72703b630570fab467a49e2d7589c2f9cb5d8b052346ae8695adffc5dc56,ae63b166d0b28b93,
potato_pld,Validation/Healthy/Healthy_41.jpg,Healthy_41.jpg,.jpg,10997,256,256,Healthy,False,568b98e6cb748fea86870702b119ffe791b8da6a68744f9d68094cafdf2db57a,ee96b0d2d0d889e9,
potato_pld,Validation/Healthy/Healthy_92.jpg,Healthy_92.jpg,.jpg,13852,256,256,Healthy,False,aabd7ea3bebe9e42bb4620eb61c435c426b8700d0582bac2617dc71a5ca32b2a,eab4b1d2c2cbc90d,
potato_pld,Validation/Healthy/Healthy_11.jpg,Healthy_11.jpg,.jpg,7513,256,256,Healthy,False,cfdf24c6a535469c65748736c85b0dc8f4d2aac3cb9ae56a520eb82e13d731f1,feb3b0d0814acf49,
potato_pld,Validation/Healthy/Healthy_54.jpg,Healthy_54.jpg,.jpg,11945,256,256,Healthy,False,7302c82d22c0283eb6edf05424a062e977a3499421c57e8e0b73436aedd18e8c,ba5ab125c374c533,
potato_pld,Validation/Healthy/Healthy_78.jpg,Healthy_78.jpg,.jpg,5637,256,256,Healthy,False,b4f59bf47f5af334ff834d0c705d4e0f220427e96bef7bd4c8dc9c38d6ff928f,ef8fa5f0c6808a17,
potato_pld,Validation/Healthy/Healthy_90.jpg,Healthy_90.jpg,.jpg,6996,256,256,Healthy,False,21f1dca5d4bb8bc6c44b328c551f729185b5d68568db5d9fd2adb0bb572f9069,bab1b012d35b8b69,
potato_pld,Validation/Healthy/Healthy_25.jpg,Healthy_25.jpg,.jpg,8789,256,256,Healthy,False,4c566219f3e28abe340b53059539c127f783cb85a19d51d4bce8a8d9eef63df0,afc2a48d961ccb3c,
potato_pld,Validation/Healthy/Healthy_28.jpg,Healthy_28.jpg,.jpg,11513,256,256,Healthy,False,57cd6df10ba27af2386d773d3b8b9295ce9574ecb7a4129228135e96db3c9fe8,bb9fe0d981d0d682,
potato_pld,Validation/Healthy/Healthy_67.jpg,Healthy_67.jpg,.jpg,12476,256,256,Healthy,False,fc4428693befcbe0c0291baf7a761a78fd99d1628ae1ca3013e09391796addab,ea87a1f4970a965a,
potato_pld,Validation/Healthy/Healthy_65.jpg,Healthy_65.jpg,.jpg,14721,256,256,Healthy,False,f009c365098ef4beb7b88f470c5936617336c7c9fb3ee093c5bf8ffe61fc5a01,aaa5d5974198c7c9,
potato_pld,Validation/Healthy/Healthy_80.jpg,Healthy_80.jpg,.jpg,6417,256,256,Healthy,False,f59170dd4bc8cfcc5d0258227292d2e4a12b735a108df5225309019639c0bdcf,be9c955ac84ac52d,
potato_pld,Validation/Healthy/Healthy_99.jpg,Healthy_99.jpg,.jpg,11482,256,256,Healthy,False,9e28ddf6661a9a52f9dd5d5cba996f6d9940e81ff4b66362794311950bc8c4b5,aa39e16a852b9e65,
potato_pld,Validation/Healthy/Healthy_58.jpg,Healthy_58.jpg,.jpg,12646,256,256,Healthy,False,185dec53b53847abb6c4e77abbda7a2250f99ca60e0563e32541b3a754453214,efc0e04b858f96d8,
potato_pld,Validation/Healthy/Healthy_93.jpg,Healthy_93.jpg,.jpg,13532,256,256,Healthy,False,9fed64c411d65d18f344f10dea53c637b39b2ceb84e8a1c72198b61472898264,abe3e192d25a8b38,
potato_pld,Validation/Healthy/Healthy_100.jpg,Healthy_100.jpg,.jpg,8999,256,256,Healthy,False,9ed339447398d34e39a10bcf08f9867a1b615f782a3bf431bb45c302b66d41fa,aaa5b59c87d2ccc2,
potato_pld,Validation/Healthy/Healthy_91.jpg,Healthy_91.jpg,.jpg,15174,256,256,Healthy,False,54610faeef031e77b0acdef2684d88d6653dbae05d02cd2fb148d58c97cb672d,aa1aa1f8d5619667,
potato_pld,Validation/Healthy/Healthy_20.jpg,Healthy_20.jpg,.jpg,9969,256,256,Healthy,False,cd16f92dd25195e9499ad59f930ad465e9db0f3825b283fb8fe68671431ac74c,fee1e083859cd784,
potato_pld,Validation/Healthy/Healthy_83.jpg,Healthy_83.jpg,.jpg,6195,256,256,Healthy,False,03170995dd1f8dfc7bd4df91d75925cfd8a90b53ca4da6b703e9149472fd5cca,bf10b5d8d0caca65,
potato_pld,Validation/Healthy/Healthy_97.jpg,Healthy_97.jpg,.jpg,11824,256,256,Healthy,False,22ebcb72bd88046065241f47e112c946e633b9d77b408786d2d46ba56901e712,abb194cac2c9cbc5,
potato_pld,Validation/Healthy/Healthy_62.jpg,Healthy_62.jpg,.jpg,12159,256,256,Healthy,False,39b57d8ead9c35dbd98a2e76bd4cb47aab05b937c7e2be14838e91f765b781ba,ef1e8570986e93c8,
potato_pld,Validation/Healthy/Healthy_16.jpg,Healthy_16.jpg,.jpg,9552,256,256,Healthy,False,9b9a6e50d2af0caf7b3d7bda48b3b48e828d3389e8cf64b4c1c64fde18844298,ba5eb128d52dd225,
potato_pld,Validation/Healthy/Healthy_96.jpg,Healthy_96.jpg,.jpg,13548,256,256,Healthy,False,aac3282903df768c69773ec239ebd1f909e8dbe5a5e180994d116851408deff7,aac4d50fc2bcda38,
potato_pld,Validation/Healthy/Healthy_52.jpg,Healthy_52.jpg,.jpg,11632,256,256,Healthy,False,92aef503b5aec0b78b4d1d2ad7a32d4ca2fbffb82d7df4e5cd853142a4ec99a8,aa3caded94f0d0c2,
potato_pld,Validation/Healthy/Healthy_60.jpg,Healthy_60.jpg,.jpg,12164,256,256,Healthy,False,d2550ed05c3f74ba50ca317832ed798ee0f63badd718e1975fda01d07ca8f859,eab5e09e815887cb,
potato_pld,Validation/Healthy/Healthy_3.jpg,Healthy_3.jpg,.jpg,9806,256,256,Healthy,False,75ce6daa3e4c7f1c8b25539187c92b3f578d8625d97aa035335ca64a1bc59a39,af1ee038d5ba8651,
potato_pld,Validation/Healthy/Healthy_1.jpg,Healthy_1.jpg,.jpg,11324,256,256,Healthy,False,6ffd6edcf6f555ad9824fd7778a9781c71e3df93671e138d2f987ae989ea93fa,ef1eadf095c290c2,
potato_pld,Validation/Healthy/Healthy_9.jpg,Healthy_9.jpg,.jpg,7831,256,256,Healthy,False,014eecb57ec2a1882d2219c29b929710c597059f5d599e2e286580fca04ab756,bfe2b0c7900e923e,
potato_pld,Validation/Healthy/Healthy_46.jpg,Healthy_46.jpg,.jpg,11578,256,256,Healthy,False,cbab375a1d9fedea1c6edf8b7963a7bbfacd6872d26117d807725e780f2f66cd,aa15a1b5d7629c4b,
potato_pld,Validation/Healthy/Healthy_89.jpg,Healthy_89.jpg,.jpg,6175,256,256,Healthy,False,bfc579edee55981b60d52f90f9efedaff45c972a6546a5392571f9af5a7b9bea,eac1c51b853a95b9,
potato_pld,Validation/Healthy/Healthy_18.jpg,Healthy_18.jpg,.jpg,8281,256,256,Healthy,False,d89c28f190b1bb57db87fd7ba278ac15144dc0fe438115bb08722ef3248212ef,aff0e002d79686ce,
potato_pld,Validation/Healthy/Healthy_70.jpg,Healthy_70.jpg,.jpg,11354,256,256,Healthy,False,47fc5f45d8269c4c3cc011d0689ab63e1dfbc6b8351d8d80a7ee60b90c808f4d,baceb0ec81b48796,
potato_pld,Validation/Healthy/Healthy_45.jpg,Healthy_45.jpg,.jpg,9382,256,256,Healthy,False,c8090faa7d3e5649f6da1a76739ebfdef1bed4932d10ad2d15b1e12ba6967248,fe15c0f58f700c63,
potato_pld,Validation/Healthy/Healthy_64.jpg,Healthy_64.jpg,.jpg,15001,256,256,Healthy,False,981d40546b6f470c04cace237284a490e183967407cdf5b5c8802fb2afa523aa,afd0a52bd241d237,
potato_pld,Validation/Healthy/Healthy_81.jpg,Healthy_81.jpg,.jpg,6596,256,256,Healthy,False,021d86f5ef950da5d260b56a050c1054f23c717691aff79f37c361678c67cf4c,bacab0a9d1a5d097,
potato_pld,Validation/Healthy/Healthy_29.jpg,Healthy_29.jpg,.jpg,12425,256,256,Healthy,False,4cf8c07dfa18ffc51279b695c7a4c32cc70510cf631d1f541a2016e101eed77a,bbdab1a8938583c6,
potato_pld,Validation/Healthy/Healthy_17.jpg,Healthy_17.jpg,.jpg,9891,256,256,Healthy,False,8c16e682904585ad4914bdb0ae9efefa6d06a28d948a2b02be75f3bda1360a87,ff70e002856f870f,
potato_pld,Validation/Healthy/Healthy_22.jpg,Healthy_22.jpg,.jpg,9607,256,256,Healthy,False,6bb6edbcfa8b8ac4919bb18b9651e927774ecb5e5b088790b325336fbab020bf,fec7a09cc780c69c,
potato_pld,Validation/Healthy/Healthy_35.jpg,Healthy_35.jpg,.jpg,8265,256,256,Healthy,False,b411f43d2fe6d2bf31a9a9432e1b9692f3310d03fdca350d178d34c465e092fb,bfe090a18f879c96,
potato_pld,Validation/Healthy/Healthy_10.jpg,Healthy_10.jpg,.jpg,8429,256,256,Healthy,False,a5896928fbcc3964646de2d0b7a2be883ad6dd1cc75458659dac00f72e6017ef,eab3e09585b28793,
potato_pld,Validation/Healthy/Healthy_37.jpg,Healthy_37.jpg,.jpg,10434,256,256,Healthy,False,98bfeb7a32951dca1e43755fd2851684953998b2ee1d51978123196e0b61667c,af93b590c293cb89,
potato_pld,Validation/Healthy/Healthy_56.jpg,Healthy_56.jpg,.jpg,13444,256,256,Healthy,False,4040fa9581825d84c421271cc3293ffb70bf91fd4bdea583f61f780ae126f90b,bab1b1d0930bc32f,
potato_pld,Validation/Healthy/Healthy_38.jpg,Healthy_38.jpg,.jpg,12627,256,256,Healthy,False,d11405a0d8a77a9f1203a9a6265e8229650d1490a824476f1cd03b3c415156bf,aec2b555944ac2af,
potato_pld,Validation/Healthy/Healthy_44.jpg,Healthy_44.jpg,.jpg,10701,256,256,Healthy,False,fc8fe459ab3666d7bb9242d51249c38aa829b28b92646c0105a1a54f15474f27,bf08f11fd03dc234,
potato_pld,Validation/Healthy/Healthy_51.jpg,Healthy_51.jpg,.jpg,13015,256,256,Healthy,False,df1bc8dad063cade9044c0ee7628fe3dcb188d3af9dd4269741b545e36ed39cc,aa6ad08384afd9b5,
potato_pld,Validation/Healthy/Healthy_27.jpg,Healthy_27.jpg,.jpg,9646,256,256,Healthy,False,a79d4aab19ce416a46abccef7f3f0dc49fa2db106607ae46e76fb3e8472d4090,bbe0a0838797ce9a,
potato_pld,Validation/Healthy/Healthy_88.jpg,Healthy_88.jpg,.jpg,5696,256,256,Healthy,False,965e20449a998d5694c5edb5a31d25597005f393db5e7267bc7bbafde4591a95,eac89db99337d024,
potato_pld,Validation/Healthy/Healthy_43.jpg,Healthy_43.jpg,.jpg,11319,256,256,Healthy,False,a3488e5613f01a429cbb20f56d23c61bf89c2f5aae5f39e98e28549b49d66bf6,efb5d0fa8bc0c0c1,
potato_pld,Validation/Late_Blight/Late_Blight_77.jpg,Late_Blight_77.jpg,.jpg,9202,256,256,Late_Blight,False,096e6fcdb0f6176c665e017e26e0f1f2fbfbba6d408d72cb49dc16b2b2215de9,ea99e07085119fbb,
potato_pld,Validation/Late_Blight/Late_Blight_100.jpg,Late_Blight_100.jpg,.jpg,10557,256,256,Late_Blight,False,e64208388bfe92ff1356c46399f683e51893b8b0ba00c0bbf1637030573e236d,ffe4b512d0cad00b,
potato_pld,Validation/Late_Blight/Late_Blight_54.jpg,Late_Blight_54.jpg,.jpg,10376,256,256,Late_Blight,False,b052d9c3beb49d593de2d0805e9a1cfc00e81839f5d495fffb16509b5be96411,eec0f50b903d9a33,
potato_pld,Validation/Late_Blight/Late_Blight_102.jpg,Late_Blight_102.jpg,.jpg,10450,256,256,Late_Blight,False,287f5a46cd89eb078eff2006bb8d13b8720997062bf02c7838eaa3e2beace9e8,afb0b5d1d090d25b,
potato_pld,Validation/Late_Blight/Late_Blight_132.jpg,Late_Blight_132.jpg,.jpg,7270,256,256,Late_Blight,False,9103109dac4eead7a4c96df4af1459fb0c5e765a997be28bcb307c2c0667deba,ae4eb1ecd0e4c386,
potato_pld,Validation/Late_Blight/Late_Blight_116.jpg,Late_Blight_116.jpg,.jpg,8197,256,256,Late_Blight,False,93b0f0456f7c4e9b73d4cc69d537064595be9ebc091cdc5d10ff63686756bd25,ee86e0ffc5808655,
potato_pld,Validation/Late_Blight/Late_Blight_57.jpg,Late_Blight_57.jpg,.jpg,6368,256,256,Late_Blight,False,408ea1c22a0bae429f5215467edda3cbd156fd40fffeb68faf57d62d4828d168,eadea5e885a886a5,
potato_pld,Validation/Late_Blight/Late_Blight_113.jpg,Late_Blight_113.jpg,.jpg,7622,256,256,Late_Blight,False,7484567938a6dd523faca71947478dde77fd1434b294187f3279a1b3ad0ba828,ea38e59185c79e86,
potato_pld,Validation/Late_Blight/Late_Blight_48.jpg,Late_Blight_48.jpg,.jpg,7892,256,256,Late_Blight,False,760bf64875f30abd9e31ca240461011029beb1e18c7e472172fe3abcd37a3b34,abceb8a0d59792b0,
potato_pld,Validation/Late_Blight/Late_Blight_88.jpg,Late_Blight_88.jpg,.jpg,5849,256,256,Late_Blight,False,a2f9ebc414b4dddccf43b33c6fce39e38326466e69c2f094b6fac9c01e1c0863,aec8e4a984c59dc7,
potato_pld,Validation/Late_Blight/Late_Blight_122.jpg,Late_Blight_122.jpg,.jpg,8316,256,256,Late_Blight,False,d4a6bf0bb959fb00588a2d56ac39ec8049e11551cd4c5432d14c6c6b5d8843f3,abbda1d082d295cb,
potato_pld,Validation/Late_Blight/Late_Blight_10.jpg,Late_Blight_10.jpg,.jpg,10950,256,256,Late_Blight,False,55316af9e3557c5a94b34e97c922a78a9f4a9571ce79702c973ced48a2da13c0,baca90a893359f36,
potato_pld,Validation/Late_Blight/Late_Blight_42.jpg,Late_Blight_42.jpg,.jpg,8401,256,256,Late_Blight,False,d34a4ebdbdf633b16d95e497356b9f533d74fa43e30b25562666954d16be0c20,ff60a0a19507d796,
potato_pld,Validation/Late_Blight/Late_Blight_74.jpg,Late_Blight_74.jpg,.jpg,9434,256,256,Late_Blight,False,2e8192fbba19273600e21d307517b2eb2b536ca7cbb7314413d39ba5d8f774f4,bfc3f4a780959d10,
potato_pld,Validation/Late_Blight/Late_Blight_37(1).jpg,Late_Blight_37(1).jpg,.jpg,9184,256,256,Late_Blight,False,d93bae3f8d952be145ee8d51eb5f6bc7b6b9d2da513c96e5fd3d64673d4bd7dd,ea54c5139d82bde4,
potato_pld,Validation/Late_Blight/Late_Blight_56.jpg,Late_Blight_56.jpg,.jpg,8494,256,256,Late_Blight,False,87693053e7360f2ec3854c782837607777c872e48ec97ae779f15b06268b1528,afb1f452c22bc315,
potato_pld,Validation/Late_Blight/Late_Blight_42(1).jpg,Late_Blight_42(1).jpg,.jpg,8401,256,256,Late_Blight,False,d34a4ebdbdf633b16d95e497356b9f533d74fa43e30b25562666954d16be0c20,ff60a0a19507d796,
potato_pld,Validation/Late_Blight/Late_Blight_36.jpg,Late_Blight_36.jpg,.jpg,9360,256,256,Late_Blight,False,58b4a69ae443c0262569de52bbaa31856c1b34226ecd4b43655322ca220bb472,eae087ab83a59cb4,
potato_pld,Validation/Late_Blight/Late_Blight_50.jpg,Late_Blight_50.jpg,.jpg,9642,256,256,Late_Blight,False,80016c73fdc88134ea0e3a7408ae8c79061e6e806f5cb0a53b24214def3c0d7a,aaf1e113c71ac87a,
potato_pld,Validation/Late_Blight/Late_Blight_47.jpg,Late_Blight_47.jpg,.jpg,9304,256,256,Late_Blight,False,0e459ad506431ad147df3e6ac4f9a241cdab4714a82dc219f31dfd19a5abf2ef,be9e91acda14893a,
potato_pld,Validation/Late_Blight/Late_Blight_4(1).jpg,Late_Blight_4(1).jpg,.jpg,11711,256,256,Late_Blight,False,396f200b3fffc197e403534ffa681959fd34d1df0863dbb9a6d57bc0c2c6cca7,aa4ae4af82b4d794,
potato_pld,Validation/Late_Blight/Late_Blight_1.jpg,Late_Blight_1.jpg,.jpg,8965,256,256,Late_Blight,False,d2fbfb027b5c3e42bc6ff1ad71ab43ba78787eb4c767e3f1be83e6a46b56b2db,aa8ee1d485c2d78e,
potato_pld,Validation/Late_Blight/Late_Blight_119.jpg,Late_Blight_119.jpg,.jpg,9639,256,256,Late_Blight,False,991861d7912be666b92e031693af90a04c01523f6ce431eed1b17c730e4b31f2,aa03a47fd530c27d,
potato_pld,Validation/Late_Blight/Late_Blight_133.jpg,Late_Blight_133.jpg,.jpg,9288,256,256,Late_Blight,False,6accd79f5bdc204121a330369185dc45b5e7ab1944c556750d3a700d7bd372e0,dd95e168afc1900f,
potato_pld,Validation/Late_Blight/Late_Blight_9.jpg,Late_Blight_9.jpg,.jpg,11209,256,256,Late_Blight,False,baa7fcadf01a50fef3f1048ff091fa65e8dd630c22c47d9c3b5f91d5f2c2bcd4,ff5ae0c883c98f81,
potato_pld,Validation/Late_Blight/Late_Blight_114.jpg,Late_Blight_114.jpg,.jpg,8328,256,256,Late_Blight,False,8cffd700f80888b766614d63f5e6b83b3edf87d56fef4fd561a160aea07fc0c6,bac6b0c6d30eca1e,
potato_pld,Validation/Late_Blight/Late_Blight_72.jpg,Late_Blight_72.jpg,.jpg,7201,256,256,Late_Blight,False,2be41cfbf2ec82cd9c703af848ae589fabe87ca282b2fcece286e4f13917a4b1,ffa5a0d4c516c70a,
potato_pld,Validation/Late_Blight/Late_Blight_23.jpg,Late_Blight_23.jpg,.jpg,9742,256,256,Late_Blight,False,daab95e7246fe699953155c6a97cef7915225f49568db7598f029ae7c9091948,bfccb005d00ec3cf,
potato_pld,Validation/Late_Blight/Late_Blight_16.jpg,Late_Blight_16.jpg,.jpg,9218,256,256,Late_Blight,False,4b974c672cc5acdf2dbfcc9c87e2381185d6fbecdb61a090eb51e80b5ebfd71b,ae81bc5e8762d06d,
potato_pld,Validation/Late_Blight/Late_Blight_36(1).jpg,Late_Blight_36(1).jpg,.jpg,9360,256,256,Late_Blight,False,58b4a69ae443c0262569de52bbaa31856c1b34226ecd4b43655322ca220bb472,eae087ab83a59cb4,
potato_pld,Validation/Late_Blight/Late_Blight_26.jpg,Late_Blight_26.jpg,.jpg,8972,256,256,Late_Blight,False,49f0d1a51ac95699ed62cfffc1525e7b9a9d09906d938cca9ffe2555f14faf4b,aea4b552d2ea9349,
potato_pld,Validation/Late_Blight/Late_Blight_18.jpg,Late_Blight_18.jpg,.jpg,8819,256,256,Late_Blight,False,2439f4ccd61e7fad79d4062495dcd680cf1d98dac4c99df810c7c540156c849d,efcad481d2179836,
potato_pld,Validation/Late_Blight/Late_Blight_34.jpg,Late_Blight_34.jpg,.jpg,9279,256,256,Late_Blight,False,a196682c59105856fbecf2df2347bec91cb65da101daa89de9b723c0ece54547,ea75f1eaa0e1c161,
potato_pld,Validation/Late_Blight/Late_Blight_8.jpg,Late_Blight_8.jpg,.jpg,12220,256,256,Late_Blight,False,4437cd3e3c4d82b2dd870f2b71f90c49dfffacaa01272f7d4e425625ce128293,fb91e0f4e7c0870a,
potato_pld,Validation/Late_Blight/Late_Blight_29.jpg,Late_Blight_29.jpg,.jpg,9345,256,256,Late_Blight,False,0143fd8a937195885be3837085ee0a7a8c2b2a26315e8e9e3d1bf85a47d6abae,eae8e105c7bc9694,
potato_pld,Validation/Late_Blight/Late_Blight_79.jpg,Late_Blight_79.jpg,.jpg,9154,256,256,Late_Blight,False,a59f6c0ec557e49e30ec49efccd5787af5717563fde20bd2c7b3344512c78621,ffc1a081859f9738,
potato_pld,Validation/Late_Blight/Late_Blight_13.jpg,Late_Blight_13.jpg,.jpg,9437,256,256,Late_Blight,False,c1b35259f724a9dfc7fdd75e5ed07ef2f45456a926cc09a68864f0a60fb4abfd,fac0e98b9d1d9431,
potato_pld,Validation/Late_Blight/Late_Blight_53.jpg,Late_Blight_53.jpg,.jpg,9912,256,256,Late_Blight,False,9724bb16e4b7935a17c619e8dfcad9517d7992d513bbdfa75cedba4f24afbd8b,ab5af4ad80259735,
potato_pld,Validation/Late_Blight/Late_Blight_96.jpg,Late_Blight_96.jpg,.jpg,10160,256,256,Late_Blight,False,f329f78bc42df6cd1df72ebaecf8cfe150b1f20894edc806bb9d06a2cf5b0350,eab3e01483dacf58,
potato_pld,Validation/Late_Blight/Late_Blight_85.jpg,Late_Blight_85.jpg,.jpg,8111,256,256,Late_Blight,False,5d45925c34c0013e73110e79a39877f9c86e7480182a9c389c5730ef6ba8ba8e,eec8a18b9d3d9033,
potato_pld,Validation/Late_Blight/Late_Blight_40.jpg,Late_Blight_40.jpg,.jpg,10468,256,256,Late_Blight,False,5db4754e5f09eb6066d424f137b8e99b27a735cbb9cc94f1eb264c72f9072a6d,bfc0b9699025d8b5,
potato_pld,Validation/Late_Blight/Late_Blight_126.jpg,Late_Blight_126.jpg,.jpg,9121,256,256,Late_Blight,False,05b63ab3de98abb6fa10005f9fdee98c3cf6aeffceaa6c7d64751cc080c76974,aec6f184c1dec349,
potato_pld,Validation/Late_Blight/Late_Blight_83.jpg,Late_Blight_83.jpg,.jpg,7397,256,256,Late_Blight,False,5ffc15d3a435db7600e3fff90b0f1f546b6555012ed54c5ac97fc84cb3af75e9,ebf0b11cd5c1c21b,
potato_pld,Validation/Late_Blight/Late_Blight_97.jpg,Late_Blight_97.jpg,.jpg,10138,256,256,Late_Blight,False,8b1dc15535bb592c18b95bb8ab6c61d0ce8a7025c9f15fd131ae56efe135e09d,bec3a4cbc41f8a2c,
potato_pld,Validation/Late_Blight/Late_Blight_112.jpg,Late_Blight_112.jpg,.jpg,7521,256,256,Late_Blight,False,40d2aa4f19556c95a64cded2359a6b96cef201e231bbd9a9b3919f205a055131,aa2fe5d4858286cf,
potato_pld,Validation/Late_Blight/Late_Blight_105.jpg,Late_Blight_105.jpg,.jpg,9180,256,256,Late_Blight,False,8a56e77ead0c4406d54fb54f03b655597e6c793d8896ac8ee679df4f8cf31930,aa17e1f487108f57,
potato_pld,Validation/Late_Blight/Late_Blight_75.jpg,Late_Blight_75.jpg,.jpg,7386,256,256,Late_Blight,False,3897ae94464fe19082f9dee38fc688be7239289397eff0989e604dca45eec58c,af9ba4b1d4b08ad1,
potato_pld,Validation/Late_Blight/Late_Blight_66.jpg,Late_Blight_66.jpg,.jpg,8076,256,256,Late_Blight,False,d0e4febc85666b3ed110561d4138f76353495af06bede484ffdfd129535207a1,ae96a5f2c550cac3,
potato_pld,Validation/Late_Blight/Late_Blight_131.jpg,Late_Blight_131.jpg,.jpg,10380,256,256,Late_Blight,False,d0a1a38f6b8630a84de99012234db15856dbf2cf2dd861ca6546c280b9f97c7a,fbd2b5a0d0dd5282,
potato_pld,Validation/Late_Blight/Late_Blight_107.jpg,Late_Blight_107.jpg,.jpg,7618,256,256,Late_Blight,False,6be98a3ee162703038caa877869aa3c0610a479df957f2526198614e933fed45,fa52e02a877cdf08,
potato_pld,Validation/Late_Blight/Late_Blight_109.jpg,Late_Blight_109.jpg,.jpg,9355,256,256,Late_Blight,False,8a7ababf7d5f1252485db2c5c6f0385b41b465d84f16e5204d05b6f1cc1a8c28,ee36a09d85b0c733,
potato_pld,Validation/Late_Blight/Late_Blight_3.jpg,Late_Blight_3.jpg,.jpg,9383,256,256,Late_Blight,False,1b19a349ed3aa70e90249d688873d034a7a785cc4026b56f92a4704744830492,eac2e1ab872596b4,
potato_pld,Validation/Late_Blight/Late_Blight_99.jpg,Late_Blight_99.jpg,.jpg,11003,256,256,Late_Blight,False,a052615dda26dddceffcefe4bd289b46e916e4c4d5c7b49040da389cb4d54893,ff02b87f908892f1,
potato_pld,Validation/Late_Blight/Late_Blight_38(1).jpg,Late_Blight_38(1).jpg,.jpg,9442,256,256,Late_Blight,False,c7ae9843647f48918cd86a5b872de30ae3768e71b0f6ae5c768ee13fd8117699,ea3ae47984e1d487,
potato_pld,Validation/Late_Blight/Late_Blight_2.jpg,Late_Blight_2.jpg,.jpg,8191,256,256,Late_Blight,False,1445c85834c4200d055c0fc89809e37a331ad931d7303fcafa3aa08fb7038970,ab96d2b581a19ae3,
potato_pld,Validation/Late_Blight/Late_Blight_80.jpg,Late_Blight_80.jpg,.jpg,8454,256,256,Late_Blight,False,ce198651daab51351fcae6239dedb886339606c506e9f90cfd14772a007c47ac,bf4ab4a5d095ca1a,
potato_pld,Validation/Late_Blight/Late_Blight_49.jpg,Late_Blight_49.jpg,.jpg,8416,256,256,Late_Blight,False,88b434c2cc9a81ccbb214e29ebe3ad5a95cf98bb11cc7bdd81aa638d1f7d5c50,fecae0ad83859594,
potato_pld,Validation/Late_Blight/Late_Blight_134.jpg,Late_Blight_134.jpg,.jpg,11199,256,256,Late_Blight,False,13d7025a6c59f8692f5588665452cc410c5709253485bc4b82007a790049f5c3,a910b649d2bbcb6c,
potato_pld,Validation/Late_Blight/Late_Blight_25.jpg,Late_Blight_25.jpg,.jpg,9480,256,256,Late_Blight,False,f6a4941f696cda55de904ae4cef7b1fa813f48e750ca7f45fffc10c11c5f9d05,bf97d07acd608c60,
potato_pld,Validation/Late_Blight/Late_Blight_67.jpg,Late_Blight_67.jpg,.jpg,9157,256,256,Late_Blight,False,15f99959e83f04de327a5c08106be1b02a8e2ce47a602f1c78f4321cc69b30a7,ffc6a0eed554820a,
potato_pld,Validation/Late_Blight/Late_Blight_104.jpg,Late_Blight_104.jpg,.jpg,9746,256,256,Late_Blight,False,61d39d3674b5f1dea7145f8fe3ddf682266ff375dc03a2f5ea82601bd360a217,ff70a031d436c26e,
potato_pld,Validation/Late_Blight/Late_Blight_64.jpg,Late_Blight_64.jpg,.jpg,7593,256,256,Late_Blight,False,165c485ec6a56ee8c5029153db2669347a7874220d0001a38ce1fcdf49262a46,ab91915e97286b65,
potato_pld,Validation/Late_Blight/Late_Blight_120.jpg,Late_Blight_120.jpg,.jpg,7469,256,256,Late_Blight,False,32072d4b0c61d549bb14f73e7ae9fba30a4d132b5b0914f38709fc61f33e5cdc,becfb0ccd4948a0e,
potato_pld,Validation/Late_Blight/Late_Blight_46.jpg,Late_Blight_46.jpg,.jpg,7860,256,256,Late_Blight,False,ba0a93fb918e70d3242e5dc54aff2b71b4897a2e20e546cb1f6af7b67edadf77,eba5b41482da9f83,
potato_pld,Validation/Late_Blight/Late_Blight_20.jpg,Late_Blight_20.jpg,.jpg,9969,256,256,Late_Blight,False,6067e746f2b15ccaeb217fc3bb4ae7eef83ded8ba260c57a538d315168fbce58,fe23e0fb81808757,
potato_pld,Validation/Late_Blight/Late_Blight_6.jpg,Late_Blight_6.jpg,.jpg,12527,256,256,Late_Blight,False,b0b610e906e95bfe4befbfe41e5bf5033920cbaf35c29207fdda43e5835b7ea5,af4af0a4e30ec0ed,
potato_pld,Validation/Late_Blight/Late_Blight_140.jpg,Late_Blight_140.jpg,.jpg,7430,256,256,Late_Blight,False,112b61f9e55e431798c49b13ca464095e7197a33660af72c8a942f417c0d06be,b985f09883019fdf,
potato_pld,Validation/Late_Blight/Late_Blight_68.jpg,Late_Blight_68.jpg,.jpg,7444,256,256,Late_Blight,False,0d6e2e5832d521fa43304fec71facdd27077d9dece05cf377b94021b217e6f8a,eabca8b495b095d2,
potato_pld,Validation/Late_Blight/Late_Blight_123.jpg,Late_Blight_123.jpg,.jpg,8284,256,256,Late_Blight,False,5ffe12d8d4f1334216d0e003f0082e54ed62ba511792a13faac923a5fd6fce25,ba68b07fd5258236,
potato_pld,Validation/Late_Blight/Late_Blight_108.jpg,Late_Blight_108.jpg,.jpg,9284,256,256,Late_Blight,False,e701015facfab5b87404cf3830a6aef294c2e6877a974cf41976086d31b4c2f2,ab6ee082c50fd61e,
potato_pld,Validation/Late_Blight/Late_Blight_101.jpg,Late_Blight_101.jpg,.jpg,9214,256,256,Late_Blight,False,e78a0b0ca3f5a04dcb08a8c3854d612d2610f39f33035b8b4806266ea7f13b7f,fa99e0f895f190c1,
potato_pld,Validation/Late_Blight/Late_Blight_118.jpg,Late_Blight_118.jpg,.jpg,6584,256,256,Late_Blight,False,31c8e1e3112c97d7f2124aa164b63ae95c528acbd51922987a1a654a62d5dc15,ab9db45484ead661,
potato_pld,Validation/Late_Blight/Late_Blight_90.jpg,Late_Blight_90.jpg,.jpg,9441,256,256,Late_Blight,False,dcba9911aac19ce46c562c6f25dbd0ce3b0e1061c34f7e103c93949771d88aa9,ffe0c023cf1584bc,
potato_pld,Validation/Late_Blight/Late_Blight_62.jpg,Late_Blight_62.jpg,.jpg,8659,256,256,Late_Blight,False,7a1fe33e5060c9f0dc271f65210d1c108fa3d052f08cfc39e22b47ab18de2e74,bf9fa0ba959092d0,
potato_pld,Validation/Late_Blight/Late_Blight_35.jpg,Late_Blight_35.jpg,.jpg,9402,256,256,Late_Blight,False,3043cc41429379dafc2e9869931218657a9c1f105932773609372793ebef0909,fbb8b0c1914fd388,
potato_pld,Validation/Late_Blight/Late_Blight_141.jpg,Late_Blight_141.jpg,.jpg,9563,256,256,Late_Blight,False,cb57c969dbecae0f058b2af25b03fe058ab187df7389d5b32a8bb1276acd0dd3,ebc29e0ed01599b3,
potato_pld,Validation/Late_Blight/Late_Blight_135.jpg,Late_Blight_135.jpg,.jpg,9078,256,256,Late_Blight,False,713d2d2d6b7d3fb47bc96d0466e4d52aa61d838259c405245dc5e80b97e1c7f6,ae0cb4acd0f4cfd0,
potato_pld,Validation/Late_Blight/Late_Blight_106.jpg,Late_Blight_106.jpg,.jpg,10557,256,256,Late_Blight,False,9c939eba1a81671d3c2c02f732e7e740ce88ddc2704701e4b1709197cfbe5b65,feacb1c19137c20e,
potato_pld,Validation/Late_Blight/Late_Blight_124.jpg,Late_Blight_124.jpg,.jpg,8678,256,256,Late_Blight,False,136d1205d5c9db07b11c144a3e70d2d3bc8dfc9621054cbb8795c484cca1ce05,aa0cf47c8680def5,
potato_pld,Validation/Late_Blight/Late_Blight_121.jpg,Late_Blight_121.jpg,.jpg,7724,256,256,Late_Blight,False,7712001d6fe781de19d39a0c17ac1086c9fd206d087264a95b202c80a86d2c98,bfd2b443d20b8b0d,
potato_pld,Validation/Late_Blight/Late_Blight_38.jpg,Late_Blight_38.jpg,.jpg,9442,256,256,Late_Blight,False,c7ae9843647f48918cd86a5b872de30ae3768e71b0f6ae5c768ee13fd8117699,ea3ae47984e1d487,
potato_pld,Validation/Late_Blight/Late_Blight_87.jpg,Late_Blight_87.jpg,.jpg,9080,256,256,Late_Blight,False,07f2ad585d1588c37b502edb49c84c8bb17faa0338a56a8c4c88c2c2e3819058,fbf1a117941e9078,
potato_pld,Validation/Late_Blight/Late_Blight_39(1).jpg,Late_Blight_39(1).jpg,.jpg,10349,256,256,Late_Blight,False,65fa6aaf92ef928aefbf44e8da6955f602f6a077df3e5fce6f835d304305fba8,eecae0ed81058f1e,
potato_pld,Validation/Late_Blight/Late_Blight_127.jpg,Late_Blight_127.jpg,.jpg,9029,256,256,Late_Blight,False,0f6ffe673222ddbc81641e19681fc654bad5c42d3bfd6254037988710aa818dd,ab27f4d68242c76a,
potato_pld,Validation/Late_Blight/Late_Blight_19.jpg,Late_Blight_19.jpg,.jpg,9758,256,256,Late_Blight,False,4528145baa8af17b8e3655b33d7b6e3f60d3f7dfd70de636719306147c58d724,bf1a80a9c6798f91,
potato_pld,Validation/Late_Blight/Late_Blight_115.jpg,Late_Blight_115.jpg,.jpg,7540,256,256,Late_Blight,False,39991fbf3a5e17afe6c08135fd2daf7aa1a19b170b0477979df5cc9b7a3b652b,feb8b053d02ac32d,
potato_pld,Validation/Late_Blight/Late_Blight_92.jpg,Late_Blight_92.jpg,.jpg,9523,256,256,Late_Blight,False,d861bfc261bab3c04ce00db60a1bb5aeda6c1461ef37c652d1c4cfa90dcaaf99,ebe6a087851e9678,
potato_pld,Validation/Late_Blight/Late_Blight_27.jpg,Late_Blight_27.jpg,.jpg,9821,256,256,Late_Blight,False,7edbbc6146733e5b458dc6265ef22ab77a46a90ccc90d34f37715305356b794e,fedae03881b197c1,
potato_pld,Validation/Late_Blight/Late_Blight_28.jpg,Late_Blight_28.jpg,.jpg,8891,256,256,Late_Blight,False,9102e6c24bf7b3bd4d558a0a40244b9dde636c488baec9d2c7273d74d5ce1142,bed0b00bd64dca2d,
potato_pld,Validation/Late_Blight/Late_Blight_84.jpg,Late_Blight_84.jpg,.jpg,8554,256,256,Late_Blight,False,01265527538940eb68d3be456d6b6271fd72167e64bb15bc28f4952dcdfc11f4,bfe0e083c48587af,
potato_pld,Validation/Late_Blight/Late_Blight_52.jpg,Late_Blight_52.jpg,.jpg,8998,256,256,Late_Blight,False,73d97fe84fdfa369c9435cae61346120c962ee33cbf89896c9d295709d4e28f1,aa4bb1adc1b48f92,
potato_pld,Validation/Late_Blight/Late_Blight_15.jpg,Late_Blight_15.jpg,.jpg,9414,256,256,Late_Blight,False,6d2d268413ecfd25f85b06ec3e287f7f32996417e969db1a4f0537b1fedf6593,bbb4e00b8778de28,
potato_pld,Validation/Late_Blight/Late_Blight_69.jpg,Late_Blight_69.jpg,.jpg,8930,256,256,Late_Blight,False,1f33c31d81ed0a8ed4324873420a8270e94eba39e16f10f066305d6db5a88d70,eaca96a99a1393b2,
potato_pld,Validation/Late_Blight/Late_Blight_138.jpg,Late_Blight_138.jpg,.jpg,10837,256,256,Late_Blight,False,f41d2011277444d5194230897abafc20bfaf8f4f18f1444477d34db984a0e7ad,bfe4b403d0ebc285,
potato_pld,Validation/Late_Blight/Late_Blight_45.jpg,Late_Blight_45.jpg,.jpg,7578,256,256,Late_Blight,False,25fc3108b89cc3762f924d224499d8afe083bb84566bf46d447cb92a0f3d6719,be94d859c1f8c661,
potato_pld,Validation/Late_Blight/Late_Blight_4.jpg,Late_Blight_4.jpg,.jpg,11711,256,256,Late_Blight,False,396f200b3fffc197e403534ffa681959fd34d1df0863dbb9a6d57bc0c2c6cca7,aa4ae4af82b4d794,
potato_pld,Validation/Late_Blight/Late_Blight_37.jpg,Late_Blight_37.jpg,.jpg,9184,256,256,Late_Blight,False,d93bae3f8d952be145ee8d51eb5f6bc7b6b9d2da513c96e5fd3d64673d4bd7dd,ea54c5139d82bde4,
potato_pld,Validation/Late_Blight/Late_Blight_81.jpg,Late_Blight_81.jpg,.jpg,9023,256,256,Late_Blight,False,c23a24c82b9bef14173a8a92fefc4a1fb3de7430f3efc2cc60f76cbbc0a666fb,beebd08485a78a96,
potato_pld,Validation/Late_Blight/Late_Blight_33.jpg,Late_Blight_33.jpg,.jpg,6717,256,256,Late_Blight,False,3da6ba818b2659aa0d758495b2ea0577cad5870b22d0104d96fdd1c973365af1,eea4e447cf4a881e,
potato_pld,Validation/Late_Blight/Late_Blight_95.jpg,Late_Blight_95.jpg,.jpg,9839,256,256,Late_Blight,False,45a41e0c64fd4cbacbf48bd4dba7d1c8acf4c796639ff224120ce72ddd1e187d,eef4a586940ed60e,
potato_pld,Validation/Late_Blight/Late_Blight_136.jpg,Late_Blight_136.jpg,.jpg,6530,256,256,Late_Blight,False,e552d17c1b9acffab5ccb96dced654c2929f4e92d7e6251ed0930337a347668b,bf27d27283c0cbc1,
potato_pld,Validation/Late_Blight/Late_Blight_43.jpg,Late_Blight_43.jpg,.jpg,7867,256,256,Late_Blight,False,2da019dfd7d582ce1775933e6ce16414a8ca5cdfe2690a9f0f509358fdcf3d7e,bf60b4a0c253cf8b,
potato_pld,Validation/Late_Blight/Late_Blight_12.jpg,Late_Blight_12.jpg,.jpg,10651,256,256,Late_Blight,False,85d8c8f1708dbc5d1f9a39e44211f0ed69fdb5a6e815c2992ae7dcaa18ce6ccf,ea8ee1dc85a89571,
potato_pld,Validation/Late_Blight/Late_Blight_41(1).jpg,Late_Blight_41(1).jpg,.jpg,8140,256,256,Late_Blight,False,33ae9cfb72e7900b2ac24807e507ac17c13ac5235879aca6b2432cfaf854424b,ba06b57ed26ac245,
potato_pld,Validation/Late_Blight/Late_Blight_94.jpg,Late_Blight_94.jpg,.jpg,8258,256,256,Late_Blight,False,b07185c4a41f593c2adf1610413b5ca91405fa20840edee6c39bb9d1574f85c7,facca1ec97005aba,
potato_pld,Validation/Late_Blight/Late_Blight_82.jpg,Late_Blight_82.jpg,.jpg,5502,256,256,Late_Blight,False,8e956411b9db8c106307cfebc6b9c5d8a6a37fb3d28eb75e237df479635cdbff,e8ce850df43193f2,
potato_pld,Validation/Late_Blight/Late_Blight_130.jpg,Late_Blight_130.jpg,.jpg,10829,256,256,Late_Blight,False,e31cb9a5275428c547a4d9f90815e1616ef87cb28223b0648631b38a54cca167,fbb0e0e1b590c197,
potato_pld,Validation/Late_Blight/Late_Blight_125.jpg,Late_Blight_125.jpg,.jpg,9806,256,256,Late_Blight,False,68cf3d590465486f46d5b03b602ff3df88d86aea38f0b8642c1c024d5ea8211d,ba0fa1ecd5e4d0a4,
potato_pld,Validation/Late_Blight/Late_Blight_51.jpg,Late_Blight_51.jpg,.jpg,9002,256,256,Late_Blight,False,5cbde32583bf1b53668287909975a9c7f95dd91a88671975e566cb1f1b8bb18f,ad19f0fa93c3c283,
potato_pld,Validation/Late_Blight/Late_Blight_91.jpg,Late_Blight_91.jpg,.jpg,8931,256,256,Late_Blight,False,c7f30258ac4d60752a8b8f86ece436138df04f8b467d89c9918799c8fbba3779,bacab1a9c0958d9e,
potato_pld,Validation/Late_Blight/Late_Blight_17.jpg,Late_Blight_17.jpg,.jpg,9736,256,256,Late_Blight,False,0fe057337dcb51d6e5a2d308a11bcada9bbd0e5ac93b379cd34b60fd2e239d98,ee16e4e885c9d60b,
potato_pld,Validation/Late_Blight/Late_Blight_129.jpg,Late_Blight_129.jpg,.jpg,11374,256,256,Late_Blight,False,6357e04014f991d0f3c668ce3a25b28762fa38dcadbcc9a1a3e282d291311288,ffa0e0c5a05697ca,
potato_pld,Validation/Late_Blight/Late_Blight_98.jpg,Late_Blight_98.jpg,.jpg,9763,256,256,Late_Blight,False,d95105b5a1762290b56961a5de0295db0657e169ea26da913de14a27e52f0bdb,eff4a086855e945a,
potato_pld,Validation/Late_Blight/Late_Blight_41.jpg,Late_Blight_41.jpg,.jpg,8140,256,256,Late_Blight,False,33ae9cfb72e7900b2ac24807e507ac17c13ac5235879aca6b2432cfaf854424b,ba06b57ed26ac245,
potato_pld,Validation/Late_Blight/Late_Blight_5.jpg,Late_Blight_5.jpg,.jpg,10818,256,256,Late_Blight,False,73558773f4ee22bf06b445b348d116c444d8e51c59183c49b2f31e6ed912c880,eaa6a14597479656,
potato_pld,Validation/Late_Blight/Late_Blight_55.jpg,Late_Blight_55.jpg,.jpg,9047,256,256,Late_Blight,False,1da1f27193ecee8dd2861611cd349100b147fc4c9324ba019c61404eb920678b,bae1a047871e966e,
potato_pld,Validation/Late_Blight/Late_Blight_93.jpg,Late_Blight_93.jpg,.jpg,10323,256,256,Late_Blight,False,bce3fe27980822eef265b657cfab76fa64c98af28cd38570f13a3a4018cdcc31,aecab42bc0a78b36,
potato_pld,Validation/Late_Blight/Late_Blight_89.jpg,Late_Blight_89.jpg,.jpg,9695,256,256,Late_Blight,False,b194a11c20c16a182259a96c39a88c9ae3478bbf4f8b6301e8ded6e1d24efbae,baeaf06181a58f96,
potato_pld,Validation/Late_Blight/Late_Blight_32.jpg,Late_Blight_32.jpg,.jpg,9256,256,256,Late_Blight,False,61b7d17405e415e8b1b944a98db4523841060163ce6ac2e6c26dda25ffba676a,fbb2a002c57e8e66,
potato_pld,Validation/Late_Blight/Late_Blight_78.jpg,Late_Blight_78.jpg,.jpg,9667,256,256,Late_Blight,False,7ce7ccc8bb42e83fb1034053787b31319f03cb850e7b017b425501f8f0d0f6c8,bbd3b033913182bb,
potato_pld,Validation/Late_Blight/Late_Blight_103.jpg,Late_Blight_103.jpg,.jpg,8889,256,256,Late_Blight,False,95e33cdec6da51c9850141ef7fe150f448fa3b62f17bd1b7caa336c0c58f6eb1,ef38e02385c795c6,
potato_pld,Validation/Late_Blight/Late_Blight_35(1).jpg,Late_Blight_35(1).jpg,.jpg,9402,256,256,Late_Blight,False,3043cc41429379dafc2e9869931218657a9c1f105932773609372793ebef0909,fbb8b0c1914fd388,
potato_pld,Validation/Late_Blight/Late_Blight_24.jpg,Late_Blight_24.jpg,.jpg,8983,256,256,Late_Blight,False,afbd6b08b43a6e418b057937b4b505bda423d5141838da2ce93e3f2f3ac6e96b,ae8d945e824ad56b,
potato_pld,Validation/Late_Blight/Late_Blight_43(1).jpg,Late_Blight_43(1).jpg,.jpg,7867,256,256,Late_Blight,False,2da019dfd7d582ce1775933e6ce16414a8ca5cdfe2690a9f0f509358fdcf3d7e,bf60b4a0c253cf8b,
potato_pld,Validation/Late_Blight/Late_Blight_86.jpg,Late_Blight_86.jpg,.jpg,9256,256,256,Late_Blight,False,cf05fb292276cea72d6ae24b72077e3935dcf2c8391ab15fb9d193d446772d0e,af1bb518d0fdc218,
potato_pld,Validation/Late_Blight/Late_Blight_70.jpg,Late_Blight_70.jpg,.jpg,7949,256,256,Late_Blight,False,cc8b814f9621558f1b5baf82b17e5af46a548bfe714f56c1811614bd69f54cf4,ea95e1b885909f87,
potato_pld,Validation/Late_Blight/Late_Blight_61.jpg,Late_Blight_61.jpg,.jpg,8063,256,256,Late_Blight,False,1d2e8dd43837a71052b4ae1aad98837b2ec51650cf926216832a0553a76187ff,aa6287a7ce1ce499,
potato_pld,Validation/Late_Blight/Late_Blight_14.jpg,Late_Blight_14.jpg,.jpg,8607,256,256,Late_Blight,False,b31df6b0eb558506241e1642e3e5f0a8ad44eab8808bbc12caec203999d34f78,bf609511d29bc959,
potato_pld,Validation/Late_Blight/Late_Blight_22.jpg,Late_Blight_22.jpg,.jpg,8059,256,256,Late_Blight,False,469a37259486de900d602578ef7d5d974e7789ba44452dc5b9c0de5ba341f7b0,bf60b021d737c496,
potato_pld,Validation/Late_Blight/Late_Blight_30.jpg,Late_Blight_30.jpg,.jpg,10008,256,256,Late_Blight,False,3a0f22209fdd3a82c405f2d9de246af0a844886ec5f80d2c3df4f113afe4ed99,faf2e29780928787,
potato_pld,Validation/Late_Blight/Late_Blight_110.jpg,Late_Blight_110.jpg,.jpg,7824,256,256,Late_Blight,False,a983d6fb06b017b5427c8f5ad846e8f7f248ae907e08a675b2ee0f92caa9b9db,eac3a02f873cda34,
potato_pld,Validation/Late_Blight/Late_Blight_31.jpg,Late_Blight_31.jpg,.jpg,9132,256,256,Late_Blight,False,a99d36b5d7a1ecd2f3c79675cd50b9b2c4dee53e461dbf6f9214a563d92a95ce,af4ab4a99235d516,
potato_pld,Validation/Late_Blight/Late_Blight_11.jpg,Late_Blight_11.jpg,.jpg,7561,256,256,Late_Blight,False,014a7532ed2f0a7c2d609e5206593605962c405dfc7a69f0edec75b7f5b31bb6,bfe4b190d382cb0b,
potato_pld,Validation/Late_Blight/Late_Blight_40(1).jpg,Late_Blight_40(1).jpg,.jpg,10468,256,256,Late_Blight,False,5db4754e5f09eb6066d424f137b8e99b27a735cbb9cc94f1eb264c72f9072a6d,bfc0b9699025d8b5,
potato_pld,Validation/Late_Blight/Late_Blight_21.jpg,Late_Blight_21.jpg,.jpg,9552,256,256,Late_Blight,False,c50b271af1def7bff02dd7e20a0e750585042b425791b95383a8cf836db9d8fe,fe87c0cac3019ebc,
potato_pld,Validation/Late_Blight/Late_Blight_128.jpg,Late_Blight_128.jpg,.jpg,9154,256,256,Late_Blight,False,509307a823408914bdf45511fa7717d0b6e0ecfb26a04d67a3fc7aa2141675f4,ffb0f0d2c00ac38f,
potato_pld,Validation/Late_Blight/Late_Blight_73.jpg,Late_Blight_73.jpg,.jpg,7642,256,256,Late_Blight,False,43de988361b916d2b053b18b420f4ecc528c535464593247f0bdc97ad9b5424d,bab2b073d061cbe1,
potato_pld,Validation/Late_Blight/Late_Blight_139.jpg,Late_Blight_139.jpg,.jpg,8274,256,256,Late_Blight,False,56c6072d0d05519ea05fb40330e35f7abc6ee93cf9757d6f226c0a2593b3b789,fe09a0bd97909cd1,
potato_pld,Validation/Late_Blight/Late_Blight_71.jpg,Late_Blight_71.jpg,.jpg,9353,256,256,Late_Blight,False,e50cebe2b74cfe6e7d2c84f22efdffb4e9dd5fe0e3c20497716c947e39fcaf3e,bb5ab0bd9094d174,
potato_pld,Validation/Late_Blight/Late_Blight_117.jpg,Late_Blight_117.jpg,.jpg,8440,256,256,Late_Blight,False,e28aa87aceb6cdef4ab10a3f0c7547301dd1d377c51921eded2da2a98cd2ff4e,bfb4a5d0d41ad01b,
potato_pld,Validation/Late_Blight/Late_Blight_63.jpg,Late_Blight_63.jpg,.jpg,8984,256,256,Late_Blight,False,88f5e7ad45fc69beddb5272696412a8bcb2efc51113f925356c04fc6efe59d58,eadae08a859d969c,
potato_pld,Validation/Late_Blight/Late_Blight_111.jpg,Late_Blight_111.jpg,.jpg,10018,256,256,Late_Blight,False,8455642a08dd3bd7d590ed0357e8758a81eea53a851a16e49c629b10063be156,fae0a003b70f94bd,
potato_pld,Validation/Late_Blight/Late_Blight_39.jpg,Late_Blight_39.jpg,.jpg,10349,256,256,Late_Blight,False,65fa6aaf92ef928aefbf44e8da6955f602f6a077df3e5fce6f835d304305fba8,eecae0ed81058f1e,
potato_pld,Validation/Late_Blight/Late_Blight_44.jpg,Late_Blight_44.jpg,.jpg,8862,256,256,Late_Blight,False,6c8f7e178bd03337be06c1c6197ce68b7b5b90d48d28855fcaf372b4922f0605,becaf4efc0e48184,
potato_pld,Validation/Late_Blight/Late_Blight_65.jpg,Late_Blight_65.jpg,.jpg,9937,256,256,Late_Blight,False,aa9bea01818ee9fb230908bd4d09fa8b66326fbd489386d078548948291fe26b,eacaa0cad70f8a9c,
potato_pld,Validation/Late_Blight/Late_Blight_7.jpg,Late_Blight_7.jpg,.jpg,11435,256,256,Late_Blight,False,7c0266aeb60c80bfdc223ae08801dc8a55cb0bcbe133bb43681b430fe1621a87,faf0a18381ff82a3,
potato_pld,Validation/Late_Blight/Late_Blight_76.jpg,Late_Blight_76.jpg,.jpg,8665,256,256,Late_Blight,False,ed65512324032b524daee2e269ae5be5fb4bbb004ec0d4106b397b887ac08015,ead8a58a87c71ec1,
potato_pld,Validation/Late_Blight/Late_Blight_60.jpg,Late_Blight_60.jpg,.jpg,9139,256,256,Late_Blight,False,7f562be10c5b35b4d891c821babfafbefe6f1839551452439c484dee814382f2,ea17e5f48580943f,
potato_pld,Validation/Late_Blight/Late_Blight_137.jpg,Late_Blight_137.jpg,.jpg,9810,256,256,Late_Blight,False,6b8dd4df46f321d3439ea36495b46bba9443edfc7dab761d88fa1d60df79a913,ae95a55e864a8b69,
potato_pld,Validation/Late_Blight/Late_Blight_59.jpg,Late_Blight_59.jpg,.jpg,9105,256,256,Late_Blight,False,cf70928ef0345580a55025ba08c5de59fa078bee51a5e8cf4ed84c55ebd7a8e3,af9ee470c4b0c663,
potato_pld,Validation/Late_Blight/Late_Blight_58.jpg,Late_Blight_58.jpg,.jpg,7843,256,256,Late_Blight,False,8b2f72d83e65bdfd7f6e178c11ab59e226b4cf2336fa03eacc9b85c86bfdaf76,ba2ea5a5d6548aaa,
